"Tank št.","Čas per hour","Povprečna vrednost (m3)"
"Trzic-Tank1","2026-05-27 16:00","0.282"
"Trzic-Tank1","2026-05-27 17:00","0.282"
"Trzic-Tank1","2026-05-27 18:00","0.282"
"Trzic-Tank1","2026-05-27 19:00","0.282"
"Trzic-Tank1","2026-05-27 20:00","0.282"
"Trzic-Tank1","2026-05-27 21:00","0.281"
"Trzic-Tank1","2026-05-27 22:00","0.281"
"Trzic-Tank1","2026-05-27 23:00","0.281"
"Trzic-Tank1","2026-05-28 00:00","0.281"
"Trzic-Tank1","2026-05-28 01:00","0.28"
"Trzic-Tank1","2026-05-28 02:00","0.28"
"Trzic-Tank1","2026-05-28 03:00","0.28"
"Trzic-Tank1","2026-05-28 04:00","0.28"
"Trzic-Tank1","2026-05-28 05:00","0.28"
"Trzic-Tank1","2026-05-28 06:00","0.28"
"Trzic-Tank1","2026-05-28 07:00","0.28"
"Trzic-Tank1","2026-05-28 08:00","0.28"
"Trzic-Tank1","2026-05-28 09:00","0.28"
"Trzic-Tank1","2026-05-28 10:00","0.28"
"Trzic-Tank1","2026-05-28 11:00","0.28"
"Trzic-Tank1","2026-05-28 12:00","0.281"
"Trzic-Tank1","2026-05-28 13:00","0.281"
"Trzic-Tank1","2026-05-28 14:00","0.28"
"Trzic-Tank1","2026-05-28 15:00","0.281"
"Trzic-Tank1","2026-05-28 16:00","0.28"
"Trzic-Tank1","2026-05-28 17:00","0.28"
"Trzic-Tank1","2026-05-28 18:00","0.28"
"Trzic-Tank1","2026-05-28 19:00","0.28"
"Trzic-Tank1","2026-05-28 20:00","0.28"
"Trzic-Tank1","2026-05-28 21:00","0.28"
"Trzic-Tank1","2026-05-28 22:00","0.279"
"Trzic-Tank1","2026-05-28 23:00","0.279"
"Trzic-Tank1","2026-05-29 00:00","0.279"
"Trzic-Tank1","2026-05-29 01:00","0.279"
"Trzic-Tank1","2026-05-29 02:00","0.279"
"Trzic-Tank1","2026-05-29 03:00","0.279"
"Trzic-Tank1","2026-05-29 04:00","0.279"
"Trzic-Tank1","2026-05-29 05:00","0.278"
"Trzic-Tank1","2026-05-29 06:00","0.278"
"Trzic-Tank1","2026-05-29 07:00","0.278"
"Trzic-Tank1","2026-05-29 08:00","0.278"
"Trzic-Tank1","2026-05-29 09:00","0.278"
"Trzic-Tank1","2026-05-29 10:00","0.278"
"Trzic-Tank1","2026-05-29 11:00","0.278"
"Trzic-Tank1","2026-05-29 12:00","0.278"
"Trzic-Tank1","2026-05-29 13:00","0.278"
"Trzic-Tank1","2026-05-29 14:00","0.278"
"Trzic-Tank1","2026-05-29 15:00","0.278"
"Trzic-Tank1","2026-05-29 16:00","0.278"
"Trzic-Tank1","2026-05-29 17:00","0.278"
"Trzic-Tank1","2026-05-29 18:00","0.278"
"Trzic-Tank1","2026-05-29 19:00","0.277"
"Trzic-Tank1","2026-05-29 20:00","0.277"
"Trzic-Tank1","2026-05-29 21:00","0.277"
"Trzic-Tank1","2026-05-29 22:00","0.277"
"Trzic-Tank1","2026-05-29 23:00","0.276"
"Trzic-Tank1","2026-05-30 00:00","0.276"
"Trzic-Tank1","2026-05-30 01:00","0.276"
"Trzic-Tank1","2026-05-30 02:00","0.276"
"Trzic-Tank1","2026-05-30 03:00","0.276"
"Trzic-Tank1","2026-05-30 04:00","0.276"
"Trzic-Tank1","2026-05-30 05:00","0.276"
"Trzic-Tank1","2026-05-30 06:00","0.277"
"Trzic-Tank1","2026-05-30 07:00","0.277"
"Trzic-Tank1","2026-05-30 08:00","0.277"
"Trzic-Tank1","2026-05-30 09:00","0.277"
"Trzic-Tank1","2026-05-30 10:00","0.277"
"Trzic-Tank1","2026-05-30 11:00","0.277"
"Trzic-Tank1","2026-05-30 12:00","0.278"
"Trzic-Tank1","2026-05-30 13:00","0.278"
"Trzic-Tank1","2026-05-30 14:00","0.278"
"Trzic-Tank1","2026-05-30 15:00","0.278"
"Trzic-Tank1","2026-05-30 16:00","0.278"
"Trzic-Tank1","2026-05-30 17:00","0.278"
"Trzic-Tank1","2026-05-30 18:00","0.278"
"Trzic-Tank1","2026-05-30 19:00","0.278"
"Trzic-Tank1","2026-05-30 20:00","0.278"
"Trzic-Tank1","2026-05-30 21:00","0.278"
"Trzic-Tank1","2026-05-30 22:00","0.278"
"Trzic-Tank1","2026-05-30 23:00","0.278"
"Trzic-Tank1","2026-05-31 00:00","0.278"
"Trzic-Tank1","2026-05-31 01:00","0.277"
"Trzic-Tank1","2026-05-31 02:00","0.277"
"Trzic-Tank1","2026-05-31 03:00","0.277"
"Trzic-Tank1","2026-05-31 04:00","0.277"
"Trzic-Tank1","2026-05-31 05:00","0.277"
"Trzic-Tank1","2026-05-31 06:00","0.277"
"Trzic-Tank1","2026-05-31 07:00","0.277"
"Trzic-Tank1","2026-05-31 08:00","0.277"
"Trzic-Tank1","2026-05-31 09:00","0.278"
"Trzic-Tank1","2026-05-31 10:00","0.278"
"Trzic-Tank1","2026-05-31 11:00","0.278"
"Trzic-Tank1","2026-05-31 12:00","0.278"
"Trzic-Tank1","2026-05-31 13:00","0.278"
"Trzic-Tank1","2026-05-31 14:00","0.278"
"Trzic-Tank1","2026-05-31 15:00","0.278"
"Trzic-Tank1","2026-05-31 16:00","0.278"
"Trzic-Tank1","2026-05-31 17:00","0.278"
"Trzic-Tank1","2026-05-31 18:00","0.278"
"Trzic-Tank1","2026-05-31 19:00","0.278"
"Trzic-Tank1","2026-05-31 20:00","0.279"
"Trzic-Tank1","2026-05-31 21:00","0.282"
"Trzic-Tank1","2026-05-31 22:00","0.283"
"Trzic-Tank1","2026-05-31 23:00","0.285"
"Trzic-Tank1","2026-06-01 00:00","0.285"
"Trzic-Tank1","2026-06-01 01:00","0.288"
"Trzic-Tank1","2026-06-01 02:00","0.288"
"Trzic-Tank1","2026-06-01 03:00","0.288"
"Trzic-Tank1","2026-06-01 04:00","0.288"
"Trzic-Tank1","2026-06-01 05:00","0.293"
"Trzic-Tank1","2026-06-01 06:00","0.293"
"Trzic-Tank1","2026-06-01 07:00","0.295"
"Trzic-Tank1","2026-06-01 08:00","0.296"
"Trzic-Tank1","2026-06-01 09:00","0.297"
"Trzic-Tank1","2026-06-01 10:00","0.298"
"Trzic-Tank1","2026-06-01 11:00","0.299"
"Trzic-Tank1","2026-06-01 12:00","0.3"
"Trzic-Tank1","2026-06-01 13:00","0.3"
"Trzic-Tank1","2026-06-01 14:00","0.301"
"Trzic-Tank1","2026-06-01 15:00","0.302"
"Trzic-Tank1","2026-06-01 16:00","0.302"
"Trzic-Tank1","2026-06-01 17:00","0.302"
"Trzic-Tank1","2026-06-01 18:00","0.302"
"Trzic-Tank1","2026-06-01 19:00","0.302"
"Trzic-Tank1","2026-06-01 20:00","0.302"
"Trzic-Tank1","2026-06-01 21:00","0.302"
"Trzic-Tank1","2026-06-01 22:00","0.302"
"Trzic-Tank1","2026-06-01 23:00","0.302"
"Trzic-Tank1","2026-06-02 00:00","0.302"
"Trzic-Tank1","2026-06-02 01:00","0.301"
"Trzic-Tank1","2026-06-02 02:00","0.301"
"Trzic-Tank1","2026-06-02 03:00","0.301"
"Trzic-Tank1","2026-06-02 04:00","0.301"
"Trzic-Tank1","2026-06-02 05:00","0.301"
"Trzic-Tank1","2026-06-02 06:00","0.302"
"Trzic-Tank1","2026-06-02 07:00","0.302"
"Trzic-Tank1","2026-06-02 08:00","0.302"
"Trzic-Tank1","2026-06-02 09:00","0.302"
"Trzic-Tank1","2026-06-02 10:00","0.302"
"Trzic-Tank1","2026-06-02 11:00","0.302"
"Trzic-Tank1","2026-06-02 12:00","0.302"
"Trzic-Tank1","2026-06-02 13:00","0.302"
"Trzic-Tank1","2026-06-02 14:00","0.302"
"Trzic-Tank1","2026-06-02 15:00","0.302"
"Trzic-Tank1","2026-06-02 16:00","0.302"
"Trzic-Tank1","2026-06-02 17:00","0.302"
"Trzic-Tank1","2026-06-02 18:00","0.302"
"Trzic-Tank1","2026-06-02 19:00","0.301"
"Trzic-Tank1","2026-06-02 20:00","0.301"
"Trzic-Tank1","2026-06-02 21:00","0.301"
"Trzic-Tank1","2026-06-02 22:00","0.301"
"Trzic-Tank1","2026-06-02 23:00","0.301"
"Trzic-Tank1","2026-06-03 00:00","0.301"
"Trzic-Tank1","2026-06-03 01:00","0.3"
"Trzic-Tank1","2026-06-03 02:00","0.3"
"Trzic-Tank1","2026-06-03 03:00","0.3"
"Trzic-Tank1","2026-06-03 04:00","0.3"
"Trzic-Tank1","2026-06-03 05:00","0.3"
"Trzic-Tank1","2026-06-03 06:00","0.3"
"Trzic-Tank1","2026-06-03 07:00","0.302"
"Trzic-Tank1","2026-06-03 08:00","0.322"
"Trzic-Tank1","2026-06-03 09:00","0.329"
"Trzic-Tank1","2026-06-03 10:00","0.329"
"Trzic-Tank1","2026-06-03 11:00","0.328"
"Trzic-Tank1","2026-06-03 12:00","0.327"
"Trzic-Tank1","2026-06-03 13:00","0.325"
"Trzic-Tank1","2026-06-03 14:00","0.324"
"Trzic-Tank1","2026-06-03 15:00","0.323"
"Trzic-Tank1","2026-06-03 16:00","0.322"
"Trzic-Tank1","2026-06-03 17:00","0.322"
"Trzic-Tank1","2026-06-03 18:00","0.321"
"Trzic-Tank1","2026-06-03 19:00","0.321"
"Trzic-Tank1","2026-06-03 20:00","0.32"
"Trzic-Tank1","2026-06-03 21:00","0.32"
"Trzic-Tank1","2026-06-03 22:00","0.319"
"Trzic-Tank1","2026-06-03 23:00","0.319"
"Trzic-Tank1","2026-06-04 00:00","0.319"
"Trzic-Tank1","2026-06-04 01:00","0.318"
"Trzic-Tank1","2026-06-04 02:00","0.318"
"Trzic-Tank1","2026-06-04 03:00","0.318"
"Trzic-Tank1","2026-06-04 04:00","0.318"
"Trzic-Tank1","2026-06-04 05:00","0.318"
"Trzic-Tank1","2026-06-04 06:00","0.318"
"Trzic-Tank1","2026-06-04 07:00","0.318"
"Trzic-Tank1","2026-06-04 08:00","0.317"
"Trzic-Tank1","2026-06-04 09:00","0.317"
"Trzic-Tank1","2026-06-04 10:00","0.317"
"Trzic-Tank1","2026-06-04 11:00","0.318"
"Trzic-Tank1","2026-06-04 12:00","0.317"
"Trzic-Tank1","2026-06-04 13:00","0.317"
"Trzic-Tank1","2026-06-04 14:00","0.318"
"Trzic-Tank1","2026-06-04 15:00","0.317"
"Trzic-Tank1","2026-06-04 16:00","0.317"
"Trzic-Tank1","2026-06-04 17:00","0.317"
"Trzic-Tank1","2026-06-04 18:00","0.317"
"Trzic-Tank1","2026-06-04 19:00","0.316"
"Trzic-Tank1","2026-06-04 20:00","0.316"
"Trzic-Tank1","2026-06-04 21:00","0.316"
"Trzic-Tank1","2026-06-04 22:00","0.315"
"Trzic-Tank1","2026-06-04 23:00","0.315"
"Trzic-Tank1","2026-06-05 00:00","0.315"
"Trzic-Tank1","2026-06-05 01:00","0.314"
"Trzic-Tank1","2026-06-05 02:00","0.314"
"Trzic-Tank1","2026-06-05 03:00","0.314"
"Trzic-Tank1","2026-06-05 04:00","0.314"
"Trzic-Tank1","2026-06-05 05:00","0.313"
"Trzic-Tank1","2026-06-05 06:00","0.313"
"Trzic-Tank1","2026-06-05 07:00","0.313"
"Trzic-Tank1","2026-06-05 08:00","0.313"
"Trzic-Tank1","2026-06-05 09:00","0.313"
"Trzic-Tank1","2026-06-05 10:00","0.313"
"Trzic-Tank1","2026-06-05 11:00","0.312"
"Trzic-Tank1","2026-06-05 12:00","0.313"
"Trzic-Tank1","2026-06-05 13:00","0.313"
"Trzic-Tank1","2026-06-05 14:00","0.314"
"Trzic-Tank1","2026-06-05 15:00","0.317"
"Trzic-Tank1","2026-06-05 16:00","0.321"
"Trzic-Tank1","2026-06-05 17:00","0.322"
"Trzic-Tank1","2026-06-05 18:00","0.323"
"Trzic-Tank1","2026-06-05 19:00","0.323"
"Trzic-Tank1","2026-06-05 20:00","0.323"
"Trzic-Tank1","2026-06-05 21:00","0.323"
"Trzic-Tank1","2026-06-05 22:00","0.323"
"Trzic-Tank1","2026-06-05 23:00","0.323"
"Trzic-Tank1","2026-06-06 00:00","0.323"
"Trzic-Tank1","2026-06-06 01:00","0.323"
"Trzic-Tank1","2026-06-06 02:00","0.323"
"Trzic-Tank1","2026-06-06 03:00","0.323"
"Trzic-Tank1","2026-06-06 04:00","0.323"
"Trzic-Tank1","2026-06-06 05:00","0.322"
"Trzic-Tank1","2026-06-06 06:00","0.322"
"Trzic-Tank1","2026-06-06 07:00","0.322"
"Trzic-Tank1","2026-06-06 08:00","0.322"
"Trzic-Tank1","2026-06-06 09:00","0.322"
"Trzic-Tank1","2026-06-06 10:00","0.321"
"Trzic-Tank1","2026-06-06 11:00","0.321"
"Trzic-Tank1","2026-06-06 12:00","0.321"
"Trzic-Tank1","2026-06-06 13:00","0.321"
"Trzic-Tank1","2026-06-06 14:00","0.321"
"Trzic-Tank1","2026-06-06 15:00","0.321"
"Trzic-Tank1","2026-06-06 16:00","0.321"
"Trzic-Tank1","2026-06-06 17:00","0.321"
"Trzic-Tank1","2026-06-06 18:00","0.32"
"Trzic-Tank1","2026-06-06 19:00","0.32"
"Trzic-Tank1","2026-06-06 20:00","0.32"
"Trzic-Tank1","2026-06-06 21:00","0.319"
"Trzic-Tank1","2026-06-06 22:00","0.319"
"Trzic-Tank1","2026-06-06 23:00","0.319"
"Trzic-Tank1","2026-06-07 00:00","0.319"
"Trzic-Tank1","2026-06-07 01:00","0.318"
"Trzic-Tank1","2026-06-07 02:00","0.318"
"Trzic-Tank1","2026-06-07 03:00","0.318"
"Trzic-Tank1","2026-06-07 04:00","0.318"
"Trzic-Tank1","2026-06-07 05:00","0.317"
"Trzic-Tank1","2026-06-07 06:00","0.317"
"Trzic-Tank1","2026-06-07 07:00","0.317"
"Trzic-Tank1","2026-06-07 08:00","0.317"
"Trzic-Tank1","2026-06-07 09:00","0.317"
"Trzic-Tank1","2026-06-07 10:00","0.316"
"Trzic-Tank1","2026-06-07 11:00","0.316"
"Trzic-Tank1","2026-06-07 12:00","0.316"
"Trzic-Tank1","2026-06-07 13:00","0.316"
"Trzic-Tank1","2026-06-07 14:00","0.316"
"Trzic-Tank1","2026-06-07 15:00","0.316"
"Trzic-Tank1","2026-06-07 16:00","0.316"
"Trzic-Tank1","2026-06-07 17:00","0.316"
"Trzic-Tank1","2026-06-07 18:00","0.316"
"Trzic-Tank1","2026-06-07 19:00","0.316"
"Trzic-Tank1","2026-06-07 20:00","0.315"
"Trzic-Tank1","2026-06-07 21:00","0.315"
"Trzic-Tank1","2026-06-07 22:00","0.315"
"Trzic-Tank1","2026-06-07 23:00","0.314"
"Trzic-Tank1","2026-06-08 00:00","0.314"
"Trzic-Tank1","2026-06-08 01:00","0.314"
"Trzic-Tank1","2026-06-08 02:00","0.314"
"Trzic-Tank1","2026-06-08 03:00","0.314"
"Trzic-Tank1","2026-06-08 04:00","0.314"
"Trzic-Tank1","2026-06-08 05:00","0.313"
"Trzic-Tank1","2026-06-08 06:00","0.313"
"Trzic-Tank1","2026-06-08 07:00","0.313"
"Trzic-Tank1","2026-06-08 08:00","0.312"
"Trzic-Tank1","2026-06-08 09:00","0.312"
"Trzic-Tank1","2026-06-08 10:00","0.312"
"Trzic-Tank1","2026-06-08 11:00","0.312"
"Trzic-Tank1","2026-06-08 12:00","0.312"
"Trzic-Tank1","2026-06-08 13:00","0.312"
"Trzic-Tank1","2026-06-08 14:00","0.312"
"Trzic-Tank1","2026-06-08 15:00","0.312"
"Trzic-Tank1","2026-06-08 16:00","0.312"
"Trzic-Tank1","2026-06-08 17:00","0.312"
"Trzic-Tank1","2026-06-08 18:00","0.312"
"Trzic-Tank1","2026-06-08 19:00","0.311"
"Trzic-Tank1","2026-06-08 20:00","0.311"
"Trzic-Tank1","2026-06-08 21:00","0.311"
"Trzic-Tank1","2026-06-08 22:00","0.31"
"Trzic-Tank1","2026-06-08 23:00","0.31"
"Trzic-Tank1","2026-06-09 00:00","0.31"
"Trzic-Tank1","2026-06-09 01:00","0.31"
"Trzic-Tank1","2026-06-09 02:00","0.31"
"Trzic-Tank1","2026-06-09 03:00","0.31"
"Trzic-Tank1","2026-06-09 04:00","0.31"
"Trzic-Tank1","2026-06-09 05:00","0.309"
"Trzic-Tank1","2026-06-09 06:00","0.309"
"Trzic-Tank1","2026-06-09 07:00","0.309"
"Trzic-Tank1","2026-06-09 08:00","0.309"
"Trzic-Tank1","2026-06-09 09:00","0.308"
"Trzic-Tank1","2026-06-09 10:00","0.308"
"Trzic-Tank1","2026-06-09 11:00","0.308"
"Trzic-Tank1","2026-06-09 12:00","0.308"
"Trzic-Tank1","2026-06-09 13:00","0.308"
"Trzic-Tank1","2026-06-09 14:00","0.308"
"Trzic-Tank1","2026-06-09 15:00","0.308"
"Trzic-Tank1","2026-06-09 16:00","0.308"
"Trzic-Tank1","2026-06-09 17:00","0.308"
"Trzic-Tank1","2026-06-09 18:00","0.308"
"Trzic-Tank1","2026-06-09 19:00","0.308"
"Trzic-Tank1","2026-06-09 20:00","0.308"
"Trzic-Tank1","2026-06-09 21:00","0.308"
"Trzic-Tank1","2026-06-09 22:00","0.307"
"Trzic-Tank1","2026-06-09 23:00","0.307"
"Trzic-Tank1","2026-06-10 00:00","0.307"
"Trzic-Tank1","2026-06-10 01:00","0.307"
"Trzic-Tank1","2026-06-10 02:00","0.307"
"Trzic-Tank1","2026-06-10 03:00","0.307"
"Trzic-Tank1","2026-06-10 04:00","0.307"
"Trzic-Tank1","2026-06-10 05:00","0.306"
"Trzic-Tank1","2026-06-10 06:00","0.306"
"Trzic-Tank1","2026-06-10 07:00","0.306"
"Trzic-Tank1","2026-06-10 08:00","0.306"
"Trzic-Tank1","2026-06-10 09:00","0.307"
"Trzic-Tank1","2026-06-10 10:00","0.319"
"Trzic-Tank1","2026-06-10 11:00","0.322"
"Trzic-Tank1","2026-06-10 12:00","0.323"
"Trzic-Tank1","2026-06-10 13:00","0.323"
"Trzic-Tank1","2026-06-10 14:00","0.323"
"Trzic-Tank1","2026-06-10 15:00","0.323"
"Trzic-Tank1","2026-06-10 16:00","0.323"
"Trzic-Tank1","2026-06-10 17:00","0.323"
"Trzic-Tank1","2026-06-10 18:00","0.323"
"Trzic-Tank1","2026-06-10 19:00","0.322"
"Trzic-Tank1","2026-06-10 20:00","0.323"
"Trzic-Tank1","2026-06-10 21:00","0.324"
"Trzic-Tank1","2026-06-10 22:00","0.351"
"Trzic-Tank1","2026-06-10 23:00","0.343"
"Trzic-Tank1","2026-06-11 00:00","0.343"
"Trzic-Tank1","2026-06-11 01:00","0.34"
"Trzic-Tank1","2026-06-11 02:00","0.34"
"Trzic-Tank1","2026-06-11 03:00","0.34"
"Trzic-Tank1","2026-06-11 04:00","0.34"
"Trzic-Tank1","2026-06-11 05:00","0.335"
"Trzic-Tank1","2026-06-11 06:00","0.334"
"Trzic-Tank1","2026-06-11 07:00","0.333"
"Trzic-Tank1","2026-06-11 08:00","0.333"
"Trzic-Tank1","2026-06-11 09:00","0.332"
"Trzic-Tank1","2026-06-11 10:00","0.332"
"Trzic-Tank1","2026-06-11 11:00","0.332"
"Trzic-Tank1","2026-06-11 12:00","0.332"
"Trzic-Tank1","2026-06-11 13:00","0.331"
"Trzic-Tank1","2026-06-11 14:00","0.331"
"Trzic-Tank1","2026-06-11 15:00","0.331"
"Trzic-Tank1","2026-06-11 16:00","0.331"
"Trzic-Tank1","2026-06-11 17:00","0.331"
"Trzic-Tank1","2026-06-11 18:00","0.33"
"Trzic-Tank1","2026-06-11 19:00","0.33"
"Trzic-Tank1","2026-06-11 20:00","0.329"
"Trzic-Tank1","2026-06-11 21:00","0.329"
"Trzic-Tank1","2026-06-11 22:00","0.329"
"Trzic-Tank1","2026-06-11 23:00","0.328"
"Trzic-Tank1","2026-06-12 00:00","0.328"
"Trzic-Tank1","2026-06-12 01:00","0.327"
"Trzic-Tank1","2026-06-12 02:00","0.327"
"Trzic-Tank1","2026-06-12 03:00","0.327"
"Trzic-Tank1","2026-06-12 04:00","0.327"
"Trzic-Tank1","2026-06-12 05:00","0.327"
"Trzic-Tank1","2026-06-12 06:00","0.326"
"Trzic-Tank1","2026-06-12 07:00","0.326"
"Trzic-Tank1","2026-06-12 08:00","0.326"
"Trzic-Tank1","2026-06-12 09:00","0.326"
"Trzic-Tank1","2026-06-12 10:00","0.326"
"Trzic-Tank1","2026-06-12 11:00","0.326"
"Trzic-Tank1","2026-06-12 12:00","0.326"
"Trzic-Tank1","2026-06-12 13:00","0.326"
"Trzic-Tank1","2026-06-12 14:00","0.326"
"Trzic-Tank1","2026-06-12 15:00","0.326"
"Trzic-Tank1","2026-06-12 16:00","0.326"
"Trzic-Tank1","2026-06-12 17:00","0.326"
"Trzic-Tank1","2026-06-12 18:00","0.325"
"Trzic-Tank1","2026-06-12 19:00","0.325"
"Trzic-Tank1","2026-06-12 20:00","0.325"
"Trzic-Tank1","2026-06-12 21:00","0.325"
"Trzic-Tank1","2026-06-12 22:00","0.324"
"Trzic-Tank1","2026-06-12 23:00","0.324"
"Trzic-Tank1","2026-06-13 00:00","0.324"
"Trzic-Tank1","2026-06-13 01:00","0.323"
"Trzic-Tank1","2026-06-13 02:00","0.323"
"Trzic-Tank1","2026-06-13 03:00","0.323"
"Trzic-Tank1","2026-06-13 04:00","0.323"
"Trzic-Tank1","2026-06-13 05:00","0.322"
"Trzic-Tank1","2026-06-13 06:00","0.322"
"Trzic-Tank1","2026-06-13 07:00","0.322"
"Trzic-Tank1","2026-06-13 08:00","0.322"
"Trzic-Tank1","2026-06-13 09:00","0.322"
"Trzic-Tank1","2026-06-13 10:00","0.322"
"Trzic-Tank1","2026-06-13 11:00","0.322"
"Trzic-Tank1","2026-06-13 12:00","0.321"
"Trzic-Tank1","2026-06-13 13:00","0.321"
"Trzic-Tank1","2026-06-13 14:00","0.321"
"Trzic-Tank1","2026-06-13 15:00","0.321"
"Trzic-Tank1","2026-06-13 16:00","0.321"
"Trzic-Tank1","2026-06-13 17:00","0.321"
"Trzic-Tank1","2026-06-13 18:00","0.321"
"Trzic-Tank1","2026-06-13 19:00","0.32"
"Trzic-Tank1","2026-06-13 20:00","0.32"
"Trzic-Tank1","2026-06-13 21:00","0.32"
"Trzic-Tank1","2026-06-13 22:00","0.319"
"Trzic-Tank1","2026-06-13 23:00","0.319"
"Trzic-Tank1","2026-06-14 00:00","0.319"
"Trzic-Tank1","2026-06-14 01:00","0.318"
"Trzic-Tank1","2026-06-14 02:00","0.318"
"Trzic-Tank1","2026-06-14 03:00","0.318"
"Trzic-Tank1","2026-06-14 04:00","0.318"
"Trzic-Tank1","2026-06-14 05:00","0.317"
"Trzic-Tank1","2026-06-14 06:00","0.317"
"Trzic-Tank1","2026-06-14 07:00","0.317"
"Trzic-Tank1","2026-06-14 08:00","0.317"
"Trzic-Tank1","2026-06-14 09:00","0.317"
"Trzic-Tank1","2026-06-14 10:00","0.317"
"Trzic-Tank1","2026-06-14 11:00","0.317"
"Trzic-Tank1","2026-06-14 12:00","0.317"
"Trzic-Tank1","2026-06-14 13:00","0.317"
"Trzic-Tank1","2026-06-14 14:00","0.317"
"Trzic-Tank1","2026-06-14 15:00","0.316"
"Trzic-Tank1","2026-06-14 16:00","0.316"
"Trzic-Tank1","2026-06-14 17:00","0.316"
"Trzic-Tank1","2026-06-14 18:00","0.316"
"Trzic-Tank1","2026-06-14 19:00","0.316"
"Trzic-Tank1","2026-06-14 20:00","0.315"
"Trzic-Tank1","2026-06-14 21:00","0.315"
"Trzic-Tank1","2026-06-14 22:00","0.315"
"Trzic-Tank1","2026-06-14 23:00","0.314"
"Trzic-Tank1","2026-06-15 00:00","0.314"
"Trzic-Tank1","2026-06-15 01:00","0.314"
"Trzic-Tank1","2026-06-15 02:00","0.314"
"Trzic-Tank1","2026-06-15 03:00","0.314"
"Trzic-Tank1","2026-06-15 04:00","0.314"
"Trzic-Tank1","2026-06-15 05:00","0.313"
"Trzic-Tank1","2026-06-15 06:00","0.313"
"Trzic-Tank1","2026-06-15 07:00","0.313"
"Trzic-Tank1","2026-06-15 08:00","0.313"
"Trzic-Tank1","2026-06-15 09:00","0.313"
"Trzic-Tank1","2026-06-15 10:00","0.313"
"Trzic-Tank1","2026-06-15 11:00","0.312"
"Trzic-Tank1","2026-06-15 12:00","0.312"
"Trzic-Tank1","2026-06-15 13:00","0.312"
"Trzic-Tank1","2026-06-15 14:00","0.312"
"Trzic-Tank1","2026-06-15 15:00","0.312"
"Trzic-Tank1","2026-06-15 16:00","0.312"
"Trzic-Tank1","2026-06-15 17:00","0.312"
"Trzic-Tank1","2026-06-15 18:00","0.312"
"Trzic-Tank1","2026-06-15 19:00","0.312"
"Trzic-Tank1","2026-06-15 20:00","0.312"
"Trzic-Tank1","2026-06-15 21:00","0.312"
"Trzic-Tank1","2026-06-15 22:00","0.312"
"Trzic-Tank1","2026-06-15 23:00","0.312"
"Trzic-Tank1","2026-06-16 00:00","0.312"
"Trzic-Tank1","2026-06-16 01:00","0.311"
"Trzic-Tank1","2026-06-16 02:00","0.311"
"Trzic-Tank1","2026-06-16 03:00","0.311"
"Trzic-Tank1","2026-06-16 04:00","0.311"
"Trzic-Tank1","2026-06-16 05:00","0.311"
"Trzic-Tank1","2026-06-16 06:00","0.311"
"Trzic-Tank1","2026-06-16 07:00","0.311"
"Trzic-Tank1","2026-06-16 08:00","0.311"
"Trzic-Tank1","2026-06-16 09:00","0.311"
"Trzic-Tank1","2026-06-16 10:00","0.311"
"Trzic-Tank1","2026-06-16 11:00","0.311"
"Trzic-Tank1","2026-06-16 12:00","0.311"
"Trzic-Tank1","2026-06-16 13:00","0.311"
"Trzic-Tank1","2026-06-16 14:00","0.311"
"Trzic-Tank1","2026-06-16 15:00","0.311"
"Trzic-Tank1","2026-06-16 16:00","0.311"
"Trzic-Tank1","2026-06-16 17:00","0.311"
"Trzic-Tank1","2026-06-16 18:00","0.311"
"Trzic-Tank1","2026-06-16 19:00","0.31"
"Trzic-Tank1","2026-06-16 20:00","0.31"
"Trzic-Tank1","2026-06-16 21:00","0.31"
"Trzic-Tank1","2026-06-16 22:00","0.309"
"Trzic-Tank1","2026-06-16 23:00","0.309"
"Trzic-Tank1","2026-06-17 00:00","0.309"
"Trzic-Tank1","2026-06-17 01:00","0.308"
"Trzic-Tank1","2026-06-17 02:00","0.308"
"Trzic-Tank1","2026-06-17 03:00","0.308"
"Trzic-Tank1","2026-06-17 04:00","0.308"
"Trzic-Tank1","2026-06-17 05:00","0.308"
"Trzic-Tank1","2026-06-17 06:00","0.308"
"Trzic-Tank1","2026-06-17 07:00","0.308"
"Trzic-Tank1","2026-06-17 08:00","0.307"
"Trzic-Tank1","2026-06-17 09:00","0.307"
"Trzic-Tank1","2026-06-17 10:00","0.308"
"Trzic-Tank1","2026-06-17 11:00","0.307"
"Trzic-Tank1","2026-06-17 12:00","0.307"
"Trzic-Tank1","2026-06-17 13:00","0.307"
"Trzic-Tank1","2026-06-17 14:00","0.307"
"Trzic-Tank1","2026-06-17 15:00","0.307"
"Trzic-Tank1","2026-06-17 16:00","0.307"
"Trzic-Tank1","2026-06-17 17:00","0.307"
"Trzic-Tank1","2026-06-17 18:00","0.307"
"Trzic-Tank1","2026-06-17 19:00","0.307"
"Trzic-Tank1","2026-06-17 20:00","0.307"
"Trzic-Tank1","2026-06-17 21:00","0.307"
"Trzic-Tank1","2026-06-17 22:00","0.306"
"Trzic-Tank1","2026-06-17 23:00","0.306"
"Trzic-Tank1","2026-06-18 00:00","0.306"
"Trzic-Tank1","2026-06-18 01:00","0.306"
"Trzic-Tank1","2026-06-18 02:00","0.306"
"Trzic-Tank1","2026-06-18 03:00","0.306"
"Trzic-Tank1","2026-06-18 04:00","0.306"
"Trzic-Tank1","2026-06-18 05:00","0.305"
"Trzic-Tank1","2026-06-18 06:00","0.305"
"Trzic-Tank1","2026-06-18 07:00","0.305"
"Trzic-Tank1","2026-06-18 08:00","0.305"
"Trzic-Tank1","2026-06-18 09:00","0.305"
"Trzic-Tank1","2026-06-18 10:00","0.305"
"Trzic-Tank1","2026-06-18 11:00","0.305"
"Trzic-Tank1","2026-06-18 12:00","0.305"
"Trzic-Tank1","2026-06-18 13:00","0.305"
"Trzic-Tank1","2026-06-18 14:00","0.305"
"Trzic-Tank1","2026-06-18 15:00","0.305"
"Trzic-Tank1","2026-06-18 16:00","0.305"
"Trzic-Tank1","2026-06-18 17:00","0.305"
"Trzic-Tank1","2026-06-18 18:00","0.305"
"Trzic-Tank1","2026-06-18 19:00","0.305"
"Trzic-Tank1","2026-06-18 20:00","0.304"
"Trzic-Tank1","2026-06-18 21:00","0.304"
"Trzic-Tank1","2026-06-18 22:00","0.304"
"Trzic-Tank1","2026-06-18 23:00","0.303"
"Trzic-Tank1","2026-06-19 00:00","0.303"
"Trzic-Tank1","2026-06-19 01:00","0.303"
"Trzic-Tank1","2026-06-19 02:00","0.303"
"Trzic-Tank1","2026-06-19 03:00","0.303"
"Trzic-Tank1","2026-06-19 04:00","0.303"
"Trzic-Tank1","2026-06-19 05:00","0.303"
"Trzic-Tank1","2026-06-19 06:00","0.303"
"Trzic-Tank1","2026-06-19 07:00","0.303"
"Trzic-Tank1","2026-06-19 08:00","0.303"
"Trzic-Tank1","2026-06-19 09:00","0.303"
"Trzic-Tank1","2026-06-19 10:00","0.303"
"Trzic-Tank1","2026-06-19 11:00","0.303"
"Trzic-Tank1","2026-06-19 12:00","0.302"
"Trzic-Tank1","2026-06-19 13:00","0.303"
"Trzic-Tank1","2026-06-19 14:00","0.303"
"Trzic-Tank1","2026-06-19 15:00","0.303"
"Trzic-Tank1","2026-06-19 16:00","0.302"
"Trzic-Tank1","2026-06-19 17:00","0.302"
"Trzic-Tank1","2026-06-19 18:00","0.302"
"Trzic-Tank1","2026-06-19 19:00","0.302"
"Trzic-Tank1","2026-06-19 20:00","0.302"
"Trzic-Tank1","2026-06-19 21:00","0.301"
"Trzic-Tank1","2026-06-19 22:00","0.301"
"Trzic-Tank1","2026-06-19 23:00","0.301"
"Trzic-Tank1","2026-06-20 00:00","0.301"
"Trzic-Tank1","2026-06-20 01:00","0.3"
"Trzic-Tank1","2026-06-20 02:00","0.3"
"Trzic-Tank1","2026-06-20 03:00","0.3"
"Trzic-Tank1","2026-06-20 04:00","0.3"
"Trzic-Tank1","2026-06-20 05:00","0.3"
"Trzic-Tank1","2026-06-20 06:00","0.299"
"Trzic-Tank1","2026-06-20 07:00","0.299"
"Trzic-Tank1","2026-06-20 08:00","0.299"
"Trzic-Tank1","2026-06-20 09:00","0.299"
"Trzic-Tank1","2026-06-20 10:00","0.299"
"Trzic-Tank1","2026-06-20 11:00","0.299"
"Trzic-Tank1","2026-06-20 12:00","0.299"
"Trzic-Tank1","2026-06-20 13:00","0.298"
"Trzic-Tank1","2026-06-20 14:00","0.298"
"Trzic-Tank1","2026-06-20 15:00","0.299"
"Trzic-Tank1","2026-06-20 16:00","0.299"
"Trzic-Tank1","2026-06-20 17:00","0.299"
"Trzic-Tank1","2026-06-20 18:00","0.299"
"Trzic-Tank1","2026-06-20 19:00","0.298"
"Trzic-Tank1","2026-06-20 20:00","0.31"
"Trzic-Tank1","2026-06-20 21:00","0.344"
"Trzic-Tank1","2026-06-20 22:00","0.337"
"Trzic-Tank1","2026-06-20 23:00","0.334"
"Trzic-Tank1","2026-06-21 00:00","0.334"
"Trzic-Tank1","2026-06-21 01:00","0.33"
"Trzic-Tank1","2026-06-21 02:00","0.33"
"Trzic-Tank1","2026-06-21 03:00","0.33"
"Trzic-Tank1","2026-06-21 04:00","0.33"
"Trzic-Tank1","2026-06-21 05:00","0.327"
"Trzic-Tank1","2026-06-21 06:00","0.327"
"Trzic-Tank1","2026-06-21 07:00","0.327"
"Trzic-Tank1","2026-06-21 08:00","0.326"
"Trzic-Tank1","2026-06-21 09:00","0.326"
"Trzic-Tank1","2026-06-21 10:00","0.326"
"Trzic-Tank1","2026-06-21 11:00","0.326"
"Trzic-Tank1","2026-06-21 12:00","0.325"
"Trzic-Tank1","2026-06-21 13:00","0.325"
"Trzic-Tank1","2026-06-21 14:00","0.325"
"Trzic-Tank1","2026-06-21 15:00","0.325"
"Trzic-Tank1","2026-06-21 16:00","0.324"
"Trzic-Tank1","2026-06-21 17:00","0.324"
"Trzic-Tank1","2026-06-21 18:00","0.324"
"Trzic-Tank1","2026-06-21 19:00","0.323"
"Trzic-Tank1","2026-06-21 20:00","0.323"
"Trzic-Tank1","2026-06-21 21:00","0.323"
"Trzic-Tank1","2026-06-21 22:00","0.322"
"Trzic-Tank1","2026-06-21 23:00","0.322"
"Trzic-Tank1","2026-06-22 00:00","0.322"
"Trzic-Tank1","2026-06-22 01:00","0.321"
"Trzic-Tank1","2026-06-22 02:00","0.321"
"Trzic-Tank1","2026-06-22 03:00","0.321"
"Trzic-Tank1","2026-06-22 04:00","0.321"
"Trzic-Tank1","2026-06-22 05:00","0.32"
"Trzic-Tank1","2026-06-22 06:00","0.32"
"Trzic-Tank1","2026-06-22 07:00","0.32"
"Trzic-Tank1","2026-06-22 08:00","0.319"
"Trzic-Tank1","2026-06-22 09:00","0.319"
"Trzic-Tank1","2026-06-22 10:00","0.319"
"Trzic-Tank1","2026-06-22 11:00","0.319"
"Trzic-Tank1","2026-06-22 12:00","0.319"
"Trzic-Tank1","2026-06-22 13:00","0.319"
"Trzic-Tank1","2026-06-22 14:00","0.319"
"Trzic-Tank1","2026-06-22 15:00","0.318"
"Trzic-Tank1","2026-06-22 16:00","0.318"
"Trzic-Tank1","2026-06-22 17:00","0.318"
"Trzic-Tank1","2026-06-22 18:00","0.318"
"Trzic-Tank1","2026-06-22 19:00","0.318"
"Trzic-Tank1","2026-06-22 20:00","0.317"
"Trzic-Tank1","2026-06-22 21:00","0.317"
"Trzic-Tank1","2026-06-22 22:00","0.317"
"Trzic-Tank1","2026-06-22 23:00","0.316"
"Trzic-Tank1","2026-06-23 00:00","0.316"
"Trzic-Tank1","2026-06-23 01:00","0.316"
"Trzic-Tank1","2026-06-23 02:00","0.316"
"Trzic-Tank1","2026-06-23 03:00","0.316"
"Trzic-Tank1","2026-06-23 04:00","0.316"
"Trzic-Tank1","2026-06-23 05:00","0.315"
"Trzic-Tank1","2026-06-23 06:00","0.315"
"Trzic-Tank1","2026-06-23 07:00","0.315"
"Trzic-Tank1","2026-06-23 08:00","0.315"
"Trzic-Tank1","2026-06-23 09:00","0.315"
"Trzic-Tank1","2026-06-23 10:00","0.315"
"Trzic-Tank1","2026-06-23 11:00","0.315"
"Trzic-Tank1","2026-06-23 12:00","0.315"
"Trzic-Tank1","2026-06-23 13:00","0.314"
"Trzic-Tank1","2026-06-23 14:00","0.314"
"Trzic-Tank1","2026-06-23 15:00","0.314"
"Trzic-Tank1","2026-06-23 16:00","0.314"
"Trzic-Tank1","2026-06-23 17:00","0.314"
"Trzic-Tank1","2026-06-23 18:00","0.314"
"Trzic-Tank1","2026-06-23 19:00","0.314"
"Trzic-Tank1","2026-06-23 20:00","0.313"
"Trzic-Tank1","2026-06-23 21:00","0.313"
"Trzic-Tank1","2026-06-23 22:00","0.313"
"Trzic-Tank1","2026-06-23 23:00","0.312"
"Trzic-Tank1","2026-06-24 00:00","0.312"
"Trzic-Tank1","2026-06-24 01:00","0.312"
"Trzic-Tank1","2026-06-24 02:00","0.312"
"Trzic-Tank1","2026-06-24 03:00","0.312"
"Trzic-Tank1","2026-06-24 04:00","0.312"
"Trzic-Tank1","2026-06-24 05:00","0.311"
"Trzic-Tank1","2026-06-24 06:00","0.311"
"Trzic-Tank1","2026-06-24 07:00","0.311"
"Trzic-Tank1","2026-06-24 08:00","0.311"
"Trzic-Tank1","2026-06-24 09:00","0.311"
"Trzic-Tank1","2026-06-24 10:00","0.311"
"Trzic-Tank1","2026-06-24 11:00","0.311"
"Trzic-Tank1","2026-06-24 12:00","0.311"
"Trzic-Tank1","2026-06-24 13:00","0.311"
"Trzic-Tank1","2026-06-24 14:00","0.31"
"Trzic-Tank1","2026-06-24 15:00","0.311"
"Trzic-Tank1","2026-06-24 16:00","0.311"
"Trzic-Tank1","2026-06-24 17:00","0.31"
"Trzic-Tank1","2026-06-24 18:00","0.31"
"Trzic-Tank1","2026-06-24 19:00","0.31"
"Trzic-Tank1","2026-06-24 20:00","0.31"
"Trzic-Tank1","2026-06-24 21:00","0.309"
"Trzic-Tank1","2026-06-24 22:00","0.309"
"Trzic-Tank1","2026-06-24 23:00","0.309"
"Trzic-Tank1","2026-06-25 00:00","0.309"
"Trzic-Tank1","2026-06-25 01:00","0.308"
"Trzic-Tank1","2026-06-25 02:00","0.308"
"Trzic-Tank1","2026-06-25 03:00","0.308"
"Trzic-Tank1","2026-06-25 04:00","0.308"
"Trzic-Tank1","2026-06-25 05:00","0.307"
"Trzic-Tank1","2026-06-25 06:00","0.307"
"Trzic-Tank1","2026-06-25 07:00","0.307"
"Trzic-Tank1","2026-06-25 08:00","0.307"
"Trzic-Tank1","2026-06-25 09:00","0.307"
"Trzic-Tank1","2026-06-25 10:00","0.307"
"Trzic-Tank1","2026-06-25 11:00","0.307"
"Trzic-Tank1","2026-06-25 12:00","0.307"
"Trzic-Tank1","2026-06-25 13:00","0.307"
"Trzic-Tank1","2026-06-25 14:00","0.307"
"Trzic-Tank1","2026-06-25 15:00","0.307"
"Trzic-Tank1","2026-06-25 16:00","0.307"
"Trzic-Tank1","2026-06-25 17:00","0.306"
"Trzic-Tank1","2026-06-25 18:00","0.306"
"Trzic-Tank1","2026-06-25 19:00","0.306"
"Trzic-Tank1","2026-06-25 20:00","0.306"
"Trzic-Tank1","2026-06-25 21:00","0.305"
"Trzic-Tank1","2026-06-25 22:00","0.305"
"Trzic-Tank1","2026-06-25 23:00","0.305"
"Trzic-Tank1","2026-06-26 00:00","0.305"
"Trzic-Tank1","2026-06-26 01:00","0.304"
"Trzic-Tank1","2026-06-26 02:00","0.304"
"Trzic-Tank1","2026-06-26 03:00","0.304"
"Trzic-Tank1","2026-06-26 04:00","0.304"
"Trzic-Tank1","2026-06-26 05:00","0.303"
"Trzic-Tank1","2026-06-26 06:00","0.303"
"Trzic-Tank1","2026-06-26 07:00","0.303"
"Trzic-Tank1","2026-06-26 08:00","0.303"
"Trzic-Tank1","2026-06-26 09:00","0.303"
"Trzic-Tank1","2026-06-26 10:00","0.303"
"Trzic-Tank1","2026-06-26 11:00","0.303"
"Trzic-Tank1","2026-06-26 12:00","0.303"
"Trzic-Tank1","2026-06-26 13:00","0.297"
"Trzic-Tank1","2026-06-26 14:00","0.299"
"Trzic-Tank1","2026-06-26 15:00","0.298"
"Trzic-Tank1","2026-06-26 16:00","0.302"
"Trzic-Tank1","2026-06-26 17:00","0.302"
"Trzic-Tank1","2026-06-26 18:00","0.302"
"Trzic-Tank1","2026-06-26 19:00","0.302"
"Trzic-Tank1","2026-06-26 20:00","0.302"
"Trzic-Tank1","2026-06-26 21:00","0.301"
"Trzic-Tank1","2026-06-26 22:00","0.301"
"Trzic-Tank1","2026-06-26 23:00","0.301"
"Trzic-Tank1","2026-06-27 00:00","0.301"
"Trzic-Tank1","2026-06-27 01:00","0.3"
"Trzic-Tank1","2026-06-27 02:00","0.3"
"Trzic-Tank1","2026-06-27 03:00","0.3"
"Trzic-Tank1","2026-06-27 04:00","0.3"
"Trzic-Tank1","2026-06-27 05:00","0.299"
"Trzic-Tank1","2026-06-27 06:00","0.299"
"Trzic-Tank1","2026-06-27 07:00","0.299"
"Trzic-Tank1","2026-06-27 08:00","0.299"
"Trzic-Tank1","2026-06-27 09:00","0.299"
"Trzic-Tank1","2026-06-27 10:00","0.299"
"Trzic-Tank1","2026-06-27 11:00","0.299"
"Trzic-Tank1","2026-06-27 12:00","0.299"
"Trzic-Tank1","2026-06-27 13:00","0.299"
"Trzic-Tank1","2026-06-27 14:00","0.296"
"Trzic-Tank1","2026-06-27 15:00","0.296"
"Trzic-Tank1","2026-06-27 16:00","0.299"
"Trzic-Tank1","2026-06-27 17:00","0.299"
"Trzic-Tank1","2026-06-27 18:00","0.299"
"Trzic-Tank1","2026-06-27 19:00","0.298"
"Trzic-Tank1","2026-06-27 20:00","0.298"
"Trzic-Tank1","2026-06-27 21:00","0.298"
"Trzic-Tank1","2026-06-27 22:00","0.298"
"Trzic-Tank1","2026-06-27 23:00","0.298"
"Trzic-Tank1","2026-06-28 00:00","0.298"
"Trzic-Tank1","2026-06-28 01:00","0.298"
"Trzic-Tank1","2026-06-28 02:00","0.298"
"Trzic-Tank1","2026-06-28 03:00","0.298"
"Trzic-Tank1","2026-06-28 04:00","0.298"
"Trzic-Tank1","2026-06-28 05:00","0.297"
"Trzic-Tank1","2026-06-28 06:00","0.297"
"Trzic-Tank1","2026-06-28 07:00","0.297"
"Trzic-Tank1","2026-06-28 08:00","0.297"
"Trzic-Tank1","2026-06-28 09:00","0.297"
"Trzic-Tank1","2026-06-28 10:00","0.297"
"Trzic-Tank1","2026-06-28 11:00","0.297"
"Trzic-Tank1","2026-06-28 12:00","0.297"
"Trzic-Tank1","2026-06-28 13:00","0.298"
"Trzic-Tank1","2026-06-28 14:00","0.298"
"Trzic-Tank1","2026-06-28 15:00","0.297"
"Trzic-Tank1","2026-06-28 16:00","0.296"
"Trzic-Tank1","2026-06-28 17:00","0.297"
"Trzic-Tank1","2026-06-28 18:00","0.297"
"Trzic-Tank1","2026-06-28 19:00","0.296"
"Trzic-Tank1","2026-06-28 20:00","0.296"
"Trzic-Tank1","2026-06-28 21:00","0.296"
"Trzic-Tank1","2026-06-28 22:00","0.296"
"Trzic-Tank1","2026-06-28 23:00","0.296"
"Trzic-Tank1","2026-06-29 00:00","0.296"
"Trzic-Tank1","2026-06-29 01:00","0.295"
"Trzic-Tank1","2026-06-29 02:00","0.295"
"Trzic-Tank1","2026-06-29 03:00","0.295"
"Trzic-Tank1","2026-06-29 04:00","0.295"
"Trzic-Tank1","2026-06-29 05:00","0.294"
"Trzic-Tank1","2026-06-29 06:00","0.294"
"Trzic-Tank1","2026-06-29 07:00","0.294"
"Trzic-Tank1","2026-06-29 08:00","0.294"
"Trzic-Tank1","2026-06-29 09:00","0.294"
"Trzic-Tank1","2026-06-29 10:00","0.294"
"Trzic-Tank1","2026-06-29 11:00","0.294"
"Trzic-Tank1","2026-06-29 12:00","0.294"
"Trzic-Tank1","2026-06-29 13:00","0.294"
"Trzic-Tank1","2026-06-29 14:00","0.294"
"Trzic-Tank1","2026-06-29 15:00","0.294"
"Trzic-Tank1","2026-06-29 16:00","0.294"
"Trzic-Tank1","2026-06-29 17:00","0.294"
"Trzic-Tank1","2026-06-29 18:00","0.293"
"Trzic-Tank1","2026-06-29 19:00","0.293"
"Trzic-Tank1","2026-06-29 20:00","0.293"
"Trzic-Tank1","2026-06-29 21:00","0.292"
"Trzic-Tank1","2026-06-29 22:00","0.292"
"Trzic-Tank1","2026-06-29 23:00","0.292"
"Trzic-Tank1","2026-06-30 00:00","0.292"
"Trzic-Tank1","2026-06-30 01:00","0.292"
"Trzic-Tank1","2026-06-30 02:00","0.292"
"Trzic-Tank1","2026-06-30 03:00","0.292"
"Trzic-Tank1","2026-06-30 04:00","0.292"
"Trzic-Tank1","2026-06-30 05:00","0.291"
"Trzic-Tank1","2026-06-30 06:00","0.291"
"Trzic-Tank1","2026-06-30 07:00","0.291"
"Trzic-Tank1","2026-06-30 08:00","0.291"
"Trzic-Tank1","2026-06-30 09:00","0.291"
"Trzic-Tank1","2026-06-30 10:00","0.291"
"Trzic-Tank1","2026-06-30 11:00","0.291"
"Trzic-Tank1","2026-06-30 12:00","0.291"
"Trzic-Tank1","2026-06-30 13:00","0.289"
"Trzic-Tank1","2026-06-30 14:00","0.287"
"Trzic-Tank1","2026-06-30 15:00","0.29"
"Trzic-Tank1","2026-06-30 16:00","0.289"
"Trzic-Tank1","2026-06-30 17:00","0.287"
"Trzic-Tank1","2026-06-30 18:00","0.29"
"Trzic-Tank1","2026-06-30 19:00","0.29"
"Trzic-Tank1","2026-06-30 20:00","0.29"
"Trzic-Tank1","2026-06-30 21:00","0.289"
"Trzic-Tank1","2026-06-30 22:00","0.289"
"Trzic-Tank1","2026-06-30 23:00",
"Trzic-Tank1","2026-07-01 00:00",
"Trzic-Tank1","2026-07-01 01:00",
"Trzic-Tank1","2026-07-01 02:00",
"Trzic-Tank1","2026-07-01 03:00",
"Trzic-Tank1","2026-07-01 04:00",
"Trzic-Tank1","2026-07-01 05:00",
"Trzic-Tank1","2026-07-01 06:00",
"Trzic-Tank1","2026-07-01 07:00",
"Trzic-Tank1","2026-07-01 08:00",
"Trzic-Tank1","2026-07-01 09:00","0.288"
"Trzic-Tank1","2026-07-01 10:00","0.288"
"Trzic-Tank1","2026-07-01 11:00","0.288"
"Trzic-Tank1","2026-07-01 12:00","0.288"
"Trzic-Tank1","2026-07-01 13:00","0.287"
"Trzic-Tank1","2026-07-01 14:00","0.288"
"Trzic-Tank1","2026-07-01 15:00","0.288"
"Trzic-Tank1","2026-07-01 16:00","0.288"
"Trzic-Tank1","2026-07-01 17:00","0.288"
"Trzic-Tank1","2026-07-01 18:00","0.288"
"Trzic-Tank1","2026-07-01 19:00","0.288"
"Trzic-Tank1","2026-07-01 20:00","0.287"
"Trzic-Tank1","2026-07-01 21:00","0.287"
"Trzic-Tank1","2026-07-01 22:00","0.287"
"Trzic-Tank1","2026-07-01 23:00","0.287"
"Trzic-Tank1","2026-07-02 00:00","0.287"
"Trzic-Tank1","2026-07-02 01:00","0.286"
"Trzic-Tank1","2026-07-02 02:00","0.286"
"Trzic-Tank1","2026-07-02 03:00","0.286"
"Trzic-Tank1","2026-07-02 04:00","0.286"
"Trzic-Tank1","2026-07-02 05:00","0.286"
"Trzic-Tank1","2026-07-02 06:00","0.286"
"Trzic-Tank1","2026-07-02 07:00","0.286"
"Trzic-Tank1","2026-07-02 08:00","0.286"
"Trzic-Tank1","2026-07-02 09:00","0.286"
"Trzic-Tank1","2026-07-02 10:00","0.286"
"Trzic-Tank1","2026-07-02 11:00","0.286"
"Trzic-Tank1","2026-07-02 12:00","0.286"
"Trzic-Tank1","2026-07-02 13:00","0.286"
"Trzic-Tank1","2026-07-02 14:00","0.286"
"Trzic-Tank1","2026-07-02 15:00","0.286"
"Trzic-Tank1","2026-07-02 16:00","0.286"
"Trzic-Tank1","2026-07-02 17:00","0.286"
"Trzic-Tank1","2026-07-02 18:00","0.286"
"Trzic-Tank1","2026-07-02 19:00","0.286"
"Trzic-Tank1","2026-07-02 20:00","0.286"
"Trzic-Tank1","2026-07-02 21:00","0.285"
"Trzic-Tank1","2026-07-02 22:00","0.285"
"Trzic-Tank1","2026-07-02 23:00","0.285"
"Trzic-Tank1","2026-07-03 00:00","0.285"
"Trzic-Tank1","2026-07-03 01:00","0.285"
"Trzic-Tank1","2026-07-03 02:00","0.285"
"Trzic-Tank1","2026-07-03 03:00","0.285"
"Trzic-Tank1","2026-07-03 04:00","0.285"
"Trzic-Tank1","2026-07-03 05:00","0.284"
"Trzic-Tank1","2026-07-03 06:00","0.284"
"Trzic-Tank1","2026-07-03 07:00","0.284"
"Trzic-Tank1","2026-07-03 08:00","0.284"
"Trzic-Tank1","2026-07-03 09:00","0.284"
"Trzic-Tank1","2026-07-03 10:00","0.284"
"Trzic-Tank1","2026-07-03 11:00","0.284"
"Trzic-Tank1","2026-07-03 12:00","0.285"
"Trzic-Tank1","2026-07-03 13:00","0.285"
"Trzic-Tank1","2026-07-03 14:00","0.285"
"Trzic-Tank1","2026-07-03 15:00","0.285"
"Trzic-Tank1","2026-07-03 16:00","0.284"
"Trzic-Tank1","2026-07-03 17:00","0.284"
"Trzic-Tank1","2026-07-03 18:00","0.284"
"Trzic-Tank1","2026-07-03 19:00","0.284"
"Trzic-Tank1","2026-07-03 20:00","0.284"
"Trzic-Tank1","2026-07-03 21:00","0.284"
"Trzic-Tank1","2026-07-03 22:00","0.284"
"Trzic-Tank1","2026-07-03 23:00","0.283"
"Trzic-Tank1","2026-07-04 00:00","0.283"
"Trzic-Tank1","2026-07-04 01:00","0.283"
"Trzic-Tank1","2026-07-04 02:00","0.283"
"Trzic-Tank1","2026-07-04 03:00","0.283"
"Trzic-Tank1","2026-07-04 04:00","0.283"
"Trzic-Tank1","2026-07-04 05:00","0.283"
"Trzic-Tank1","2026-07-04 06:00","0.283"
"Trzic-Tank1","2026-07-04 07:00","0.283"
"Trzic-Tank1","2026-07-04 08:00","0.283"
"Trzic-Tank1","2026-07-04 09:00","0.283"
"Trzic-Tank1","2026-07-04 10:00","0.283"
"Trzic-Tank1","2026-07-04 11:00","0.283"
"Trzic-Tank1","2026-07-04 12:00","0.283"
"Trzic-Tank1","2026-07-04 13:00","0.283"
"Trzic-Tank1","2026-07-04 14:00","0.283"
"Trzic-Tank1","2026-07-04 15:00","0.283"
"Trzic-Tank1","2026-07-04 16:00","0.283"
"Trzic-Tank1","2026-07-04 17:00","0.283"
"Trzic-Tank1","2026-07-04 18:00","0.283"
"Trzic-Tank1","2026-07-04 19:00","0.282"
"Trzic-Tank1","2026-07-04 20:00","0.282"
"Trzic-Tank1","2026-07-04 21:00","0.282"
"Trzic-Tank1","2026-07-04 22:00","0.282"
"Trzic-Tank1","2026-07-04 23:00","0.282"
"Trzic-Tank1","2026-07-05 00:00","0.282"
"Trzic-Tank1","2026-07-05 01:00","0.281"
"Trzic-Tank1","2026-07-05 02:00","0.281"
"Trzic-Tank1","2026-07-05 03:00","0.281"
"Trzic-Tank1","2026-07-05 04:00","0.281"
"Trzic-Tank1","2026-07-05 05:00","0.281"
"Trzic-Tank1","2026-07-05 06:00","0.281"
"Trzic-Tank1","2026-07-05 07:00","0.281"
"Trzic-Tank1","2026-07-05 08:00","0.281"
"Trzic-Tank1","2026-07-05 09:00","0.281"
"Trzic-Tank1","2026-07-05 10:00","0.281"
"Trzic-Tank1","2026-07-05 11:00","0.281"
"Trzic-Tank1","2026-07-05 12:00","0.281"
"Trzic-Tank1","2026-07-05 13:00","0.281"
"Trzic-Tank1","2026-07-05 14:00","0.281"
"Trzic-Tank1","2026-07-05 15:00","0.281"
"Trzic-Tank1","2026-07-05 16:00","0.281"
"Trzic-Tank1","2026-07-05 17:00","0.281"
"Trzic-Tank1","2026-07-05 18:00","0.281"
"Trzic-Tank1","2026-07-05 19:00","0.281"
"Trzic-Tank1","2026-07-05 20:00","0.281"
"Trzic-Tank1","2026-07-05 21:00","0.281"
"Trzic-Tank1","2026-07-05 22:00","0.28"
"Trzic-Tank1","2026-07-05 23:00","0.28"
"Trzic-Tank1","2026-07-06 00:00","0.28"
"Trzic-Tank1","2026-07-06 01:00","0.28"
"Trzic-Tank1","2026-07-06 02:00","0.28"
"Trzic-Tank1","2026-07-06 03:00","0.28"
"Trzic-Tank1","2026-07-06 04:00","0.28"
"Trzic-Tank1","2026-07-06 05:00","0.28"
"Trzic-Tank1","2026-07-06 06:00","0.28"
"Trzic-Tank1","2026-07-06 07:00","0.28"
"Trzic-Tank1","2026-07-06 08:00","0.28"
"Trzic-Tank1","2026-07-06 09:00","0.28"
"Trzic-Tank1","2026-07-06 10:00","0.28"
"Trzic-Tank1","2026-07-06 11:00","0.28"
"Trzic-Tank1","2026-07-06 12:00","0.28"
"Trzic-Tank1","2026-07-06 13:00","0.28"
"Trzic-Tank1","2026-07-06 14:00","0.28"
"Trzic-Tank1","2026-07-06 15:00","0.28"
"Trzic-Tank1","2026-07-06 16:00","0.28"
"Trzic-Tank1","2026-07-06 17:00","0.279"
"Trzic-Tank1","2026-07-06 18:00","0.279"
"Trzic-Tank1","2026-07-06 19:00","0.279"
"Trzic-Tank1","2026-07-06 20:00","0.279"
"Trzic-Tank1","2026-07-06 21:00","0.279"
"Trzic-Tank1","2026-07-06 22:00","0.279"
"Trzic-Tank1","2026-07-06 23:00","0.279"
"Trzic-Tank1","2026-07-07 00:00","0.279"
"Trzic-Tank1","2026-07-07 01:00","0.278"
"Trzic-Tank1","2026-07-07 02:00","0.278"
"Trzic-Tank1","2026-07-07 03:00","0.278"
"Trzic-Tank1","2026-07-07 04:00","0.278"
"Trzic-Tank1","2026-07-07 05:00","0.278"
"Trzic-Tank1","2026-07-07 06:00","0.278"
"Trzic-Tank1","2026-07-07 07:00","0.278"
"Trzic-Tank1","2026-07-07 08:00","0.278"
"Trzic-Tank1","2026-07-07 09:00","0.278"
"Trzic-Tank1","2026-07-07 10:00","0.278"
"Trzic-Tank1","2026-07-07 11:00","0.278"
"Trzic-Tank1","2026-07-07 12:00","0.278"
"Trzic-Tank1","2026-07-07 13:00","0.278"
"Trzic-Tank1","2026-07-07 14:00","0.278"
"Trzic-Tank1","2026-07-07 15:00","0.278"
"Trzic-Tank1","2026-07-07 16:00","0.278"
"Trzic-Tank1","2026-07-07 17:00","0.278"
"Trzic-Tank1","2026-07-07 18:00","0.278"
"Trzic-Tank1","2026-07-07 19:00","0.278"
"Trzic-Tank1","2026-07-07 20:00","0.277"
"Trzic-Tank1","2026-07-07 21:00","0.277"
"Trzic-Tank1","2026-07-07 22:00","0.277"
"Trzic-Tank1","2026-07-07 23:00","0.277"
"Trzic-Tank1","2026-07-08 00:00","0.277"
"Trzic-Tank1","2026-07-08 01:00","0.276"
"Trzic-Tank1","2026-07-08 02:00","0.276"
"Trzic-Tank1","2026-07-08 03:00","0.276"
"Trzic-Tank1","2026-07-08 04:00","0.276"
"Trzic-Tank1","2026-07-08 05:00","0.276"
"Trzic-Tank1","2026-07-08 06:00","0.276"
"Trzic-Tank1","2026-07-08 07:00","0.276"
"Trzic-Tank1","2026-07-08 08:00","0.276"
"Trzic-Tank1","2026-07-08 09:00","0.276"
"Trzic-Tank1","2026-07-08 10:00","0.276"
"Trzic-Tank1","2026-07-08 11:00","0.276"
"Trzic-Tank1","2026-07-08 12:00","0.276"
"Trzic-Tank1","2026-07-08 13:00","0.276"
"Trzic-Tank1","2026-07-08 14:00","0.276"
"Trzic-Tank1","2026-07-08 15:00","0.276"
"Trzic-Tank1","2026-07-08 16:00","0.276"
"Trzic-Tank1","2026-07-08 17:00","0.276"
"Trzic-Tank1","2026-07-08 18:00","0.276"
"Trzic-Tank1","2026-07-08 19:00","0.276"
"Trzic-Tank1","2026-07-08 20:00","0.276"
"Trzic-Tank1","2026-07-08 21:00","0.276"
"Trzic-Tank1","2026-07-08 22:00","0.275"
"Trzic-Tank1","2026-07-08 23:00","0.275"
"Trzic-Tank1","2026-07-09 00:00","0.275"
"Trzic-Tank1","2026-07-09 01:00","0.275"
"Trzic-Tank1","2026-07-09 02:00","0.275"
"Trzic-Tank1","2026-07-09 03:00","0.275"
"Trzic-Tank1","2026-07-09 04:00","0.275"
"Trzic-Tank1","2026-07-09 05:00","0.275"
"Trzic-Tank1","2026-07-09 06:00","0.275"
"Trzic-Tank1","2026-07-09 07:00","0.275"
"Trzic-Tank1","2026-07-09 08:00","0.275"
"Trzic-Tank1","2026-07-09 09:00","0.275"
"Trzic-Tank1","2026-07-09 10:00","0.275"
"Trzic-Tank1","2026-07-09 11:00","0.275"
"Trzic-Tank1","2026-07-09 12:00","0.275"
"Trzic-Tank1","2026-07-09 13:00","0.275"
"Trzic-Tank1","2026-07-09 14:00","0.275"
"Trzic-Tank1","2026-07-09 15:00","0.275"
"Trzic-Tank1","2026-07-09 16:00","0.275"
"Trzic-Tank1","2026-07-09 17:00","0.275"
"Trzic-Tank1","2026-07-09 18:00","0.275"
"Trzic-Tank1","2026-07-09 19:00","0.274"
"Trzic-Tank1","2026-07-09 20:00","0.274"
"Trzic-Tank1","2026-07-09 21:00","0.274"
"Trzic-Tank1","2026-07-09 22:00","0.274"
"Trzic-Tank1","2026-07-09 23:00","0.274"
"Trzic-Tank1","2026-07-10 00:00","0.274"
"Trzic-Tank1","2026-07-10 01:00","0.274"
"Trzic-Tank1","2026-07-10 02:00","0.274"
"Trzic-Tank1","2026-07-10 03:00","0.274"
"Trzic-Tank1","2026-07-10 04:00","0.274"
"Trzic-Tank1","2026-07-10 05:00","0.273"
"Trzic-Tank1","2026-07-10 06:00","0.273"
"Trzic-Tank1","2026-07-10 07:00","0.273"
"Trzic-Tank1","2026-07-10 08:00","0.273"
"Trzic-Tank1","2026-07-10 09:00","0.273"
"Trzic-Tank1","2026-07-10 10:00","0.273"
"Trzic-Tank1","2026-07-10 11:00","0.273"
"Trzic-Tank1","2026-07-10 12:00","0.273"
"Trzic-Tank1","2026-07-10 13:00","0.273"
"Trzic-Tank1","2026-07-10 14:00","0.273"
"Trzic-Tank1","2026-07-10 15:00","0.273"
"Trzic-Tank1","2026-07-10 16:00","0.273"
"Trzic-Tank1","2026-07-10 17:00","0.273"
"Trzic-Tank1","2026-07-10 18:00","0.273"
"Trzic-Tank1","2026-07-10 19:00","0.273"
"Trzic-Tank1","2026-07-10 20:00",
"Trzic-Tank1","2026-07-10 21:00","0.272"
"Trzic-Tank1","2026-07-10 22:00","0.272"
"Trzic-Tank1","2026-07-10 23:00","0.271"
"Trzic-Tank1","2026-07-11 00:00","0.271"
"Trzic-Tank1","2026-07-11 01:00","0.271"
"Trzic-Tank1","2026-07-11 02:00","0.271"
"Trzic-Tank1","2026-07-11 03:00","0.271"
"Trzic-Tank1","2026-07-11 04:00","0.271"
"Trzic-Tank1","2026-07-11 05:00","0.271"
"Trzic-Tank1","2026-07-11 06:00","0.271"
"Trzic-Tank1","2026-07-11 07:00","0.271"
"Trzic-Tank1","2026-07-11 08:00","0.271"
"Trzic-Tank1","2026-07-11 09:00","0.271"
"Trzic-Tank1","2026-07-11 10:00","0.271"
"Trzic-Tank1","2026-07-11 11:00","0.271"
"Trzic-Tank1","2026-07-11 12:00","0.271"
"Trzic-Tank1","2026-07-11 13:00","0.27"
"Trzic-Tank1","2026-07-11 14:00","0.27"
"Trzic-Tank1","2026-07-11 15:00","0.271"
"Trzic-Tank1","2026-07-11 16:00","0.27"
"Trzic-Tank1","2026-07-11 17:00","0.27"
"Trzic-Tank1","2026-07-11 18:00","0.27"
"Trzic-Tank1","2026-07-11 19:00","0.27"
"Trzic-Tank1","2026-07-11 20:00","0.269"
"Trzic-Tank1","2026-07-11 21:00","0.269"
"Trzic-Tank1","2026-07-11 22:00","0.269"
"Trzic-Tank1","2026-07-11 23:00","0.269"
"Trzic-Tank1","2026-07-12 00:00","0.269"
"Trzic-Tank1","2026-07-12 01:00","0.269"
"Trzic-Tank1","2026-07-12 02:00","0.269"
"Trzic-Tank1","2026-07-12 03:00","0.269"
"Trzic-Tank1","2026-07-12 04:00","0.269"
"Trzic-Tank1","2026-07-12 05:00","0.269"
"Trzic-Tank1","2026-07-12 06:00","0.269"
"Trzic-Tank1","2026-07-12 07:00","0.269"
"Trzic-Tank1","2026-07-12 08:00","0.27"
"Trzic-Tank1","2026-07-12 09:00","0.27"
"Trzic-Tank1","2026-07-12 10:00","0.271"
"Trzic-Tank1","2026-07-12 11:00","0.271"
"Trzic-Tank1","2026-07-12 12:00","0.271"
"Trzic-Tank1","2026-07-12 13:00","0.272"
"Trzic-Tank1","2026-07-12 14:00","0.272"
"Trzic-Tank1","2026-07-12 15:00","0.273"
"Trzic-Tank1","2026-07-12 16:00","0.273"
"Trzic-Tank1","2026-07-12 17:00","0.273"
"Trzic-Tank1","2026-07-12 18:00","0.274"
"Trzic-Tank1","2026-07-12 19:00","0.274"
"Trzic-Tank1","2026-07-12 20:00","0.274"
"Trzic-Tank1","2026-07-12 21:00","0.275"
"Trzic-Tank1","2026-07-12 22:00","0.275"
"Trzic-Tank1","2026-07-12 23:00","0.275"
"Trzic-Tank1","2026-07-13 00:00","0.275"
"Trzic-Tank1","2026-07-13 01:00","0.275"
"Trzic-Tank1","2026-07-13 02:00","0.275"
"Trzic-Tank1","2026-07-13 03:00","0.275"
"Trzic-Tank1","2026-07-13 04:00","0.275"
"Trzic-Tank1","2026-07-13 05:00","0.276"
"Trzic-Tank1","2026-07-13 06:00","0.276"
"Trzic-Tank1","2026-07-13 07:00","0.277"
"Trzic-Tank1","2026-07-13 08:00","0.277"
"Trzic-Tank1","2026-07-13 09:00","0.277"
"Trzic-Tank1","2026-07-13 10:00","0.277"
"Trzic-Tank1","2026-07-13 11:00","0.277"
"Trzic-Tank1","2026-07-13 12:00","0.278"
"Trzic-Tank1","2026-07-13 13:00","0.278"
"Trzic-Tank1","2026-07-13 14:00","0.278"
"Trzic-Tank1","2026-07-13 15:00","0.278"
"Trzic-Tank1","2026-07-13 16:00","0.278"
"Trzic-Tank1","2026-07-13 17:00","0.278"
"Trzic-Tank1","2026-07-13 18:00","0.278"
"Trzic-Tank1","2026-07-13 19:00","0.278"
"Trzic-Tank1","2026-07-13 20:00","0.278"
"Trzic-Tank1","2026-07-13 21:00","0.278"
"Trzic-Tank1","2026-07-13 22:00","0.278"
"Trzic-Tank1","2026-07-13 23:00","0.277"
"Trzic-Tank1","2026-07-14 00:00","0.277"
"Trzic-Tank1","2026-07-14 01:00","0.277"
"Trzic-Tank1","2026-07-14 02:00","0.277"
"Trzic-Tank1","2026-07-14 03:00","0.277"
"Trzic-Tank1","2026-07-14 04:00","0.277"
"Trzic-Tank1","2026-07-14 05:00","0.277"
"Trzic-Tank1","2026-07-14 06:00","0.277"
"Trzic-Tank1","2026-07-14 07:00","0.277"
"Trzic-Tank1","2026-07-14 08:00","0.277"
"Trzic-Tank1","2026-07-14 09:00","0.277"
"Trzic-Tank1","2026-07-14 10:00","0.277"
"Trzic-Tank1","2026-07-14 11:00","0.277"
"Trzic-Tank1","2026-07-14 12:00","0.277"
"Trzic-Tank1","2026-07-14 13:00","0.277"
"Trzic-Tank1","2026-07-14 14:00","0.277"
"Trzic-Tank1","2026-07-14 15:00","0.277"
"Trzic-Tank1","2026-07-14 16:00","0.277"
"Trzic-Tank1","2026-07-14 17:00","0.277"
"Trzic-Tank1","2026-07-14 18:00","0.277"
"Trzic-Tank1","2026-07-14 19:00","0.277"
"Trzic-Tank1","2026-07-14 20:00","0.276"
"Trzic-Tank1","2026-07-14 21:00","0.276"
"Trzic-Tank1","2026-07-14 22:00","0.276"
"Trzic-Tank1","2026-07-14 23:00","0.276"
"Trzic-Tank1","2026-07-15 00:00","0.276"
"Trzic-Tank1","2026-07-15 01:00","0.276"
"Trzic-Tank1","2026-07-15 02:00","0.276"
"Trzic-Tank1","2026-07-15 03:00","0.276"
"Trzic-Tank1","2026-07-15 04:00","0.276"
"Trzic-Tank1","2026-07-15 05:00","0.276"
"Trzic-Tank1","2026-07-15 06:00","0.276"
"Trzic-Tank1","2026-07-15 07:00","0.276"
"Trzic-Tank1","2026-07-15 08:00","0.276"
"Trzic-Tank1","2026-07-15 09:00","0.276"
"Trzic-Tank1","2026-07-15 10:00","0.276"
"Trzic-Tank1","2026-07-15 11:00","0.277"
"Trzic-Tank1","2026-07-15 12:00","0.276"
"Trzic-Tank1","2026-07-15 13:00","0.276"
"Trzic-Tank1","2026-07-15 14:00","0.276"
"Trzic-Tank1","2026-07-15 15:00","0.276"
"Trzic-Tank1","2026-07-15 16:00","0.276"
"Trzic-Tank1","2026-07-15 17:00","0.276"
"Trzic-Tank1","2026-07-15 18:00","0.276"
"Trzic-Tank1","2026-07-15 19:00","0.276"
"Trzic-Tank1","2026-07-15 20:00","0.275"
"Trzic-Tank1","2026-07-15 21:00","0.275"
"Trzic-Tank1","2026-07-15 22:00","0.274"
"Trzic-Tank1","2026-07-15 23:00","0.274"
"Trzic-Tank1","2026-07-16 00:00","0.274"
"Trzic-Tank1","2026-07-16 01:00","0.274"
"Trzic-Tank1","2026-07-16 02:00","0.274"
"Trzic-Tank1","2026-07-16 03:00","0.274"
"Trzic-Tank1","2026-07-16 04:00","0.274"
"Trzic-Tank1","2026-07-16 05:00","0.275"
"Trzic-Tank1","2026-07-16 06:00","0.276"
"Trzic-Tank1","2026-07-16 07:00","0.276"
"Trzic-Tank1","2026-07-16 08:00","0.277"
"Trzic-Tank1","2026-07-16 09:00","0.278"
"Trzic-Tank1","2026-07-16 10:00","0.278"
"Trzic-Tank1","2026-07-16 11:00","0.279"
"Trzic-Tank1","2026-07-16 12:00","0.28"
"Trzic-Tank1","2026-07-16 13:00","0.281"
"Trzic-Tank1","2026-07-16 14:00","0.281"
"Trzic-Tank1","2026-07-16 15:00","0.281"
"Trzic-Tank1","2026-07-16 16:00","0.282"
"Trzic-Tank1","2026-07-16 17:00","0.283"
"Trzic-Tank1","2026-07-16 18:00","0.283"
"Trzic-Tank1","2026-07-16 19:00","0.283"
"Trzic-Tank1","2026-07-16 20:00","0.283"
"Trzic-Tank1","2026-07-16 21:00","0.284"
"Trzic-Tank1","2026-07-16 22:00","0.284"
"Trzic-Tank1","2026-07-16 23:00","0.284"
"Trzic-Tank1","2026-07-17 00:00","0.284"
"Trzic-Tank1","2026-07-17 01:00","0.284"
"Trzic-Tank1","2026-07-17 02:00","0.284"
"Trzic-Tank1","2026-07-17 03:00","0.284"
"Trzic-Tank1","2026-07-17 04:00","0.284"
"Trzic-Tank1","2026-07-17 05:00","0.284"
"Trzic-Tank1","2026-07-17 06:00","0.284"
"Trzic-Tank1","2026-07-17 07:00","0.284"
"Trzic-Tank1","2026-07-17 08:00","0.284"
"Trzic-Tank1","2026-07-17 09:00","0.284"
"Trzic-Tank1","2026-07-17 10:00","0.285"
"Trzic-Tank1","2026-07-17 11:00","0.285"
"Trzic-Tank1","2026-07-17 12:00","0.285"
"Trzic-Tank1","2026-07-17 13:00","0.285"
"Trzic-Tank1","2026-07-17 14:00","0.285"
"Trzic-Tank1","2026-07-17 15:00","0.285"
"Trzic-Tank1","2026-07-17 16:00","0.285"
"Trzic-Tank1","2026-07-17 17:00","0.285"
"Trzic-Tank1","2026-07-17 18:00","0.285"
"Trzic-Tank1","2026-07-17 19:00","0.285"
"Trzic-Tank1","2026-07-17 20:00","0.285"
"Trzic-Tank1","2026-07-17 21:00","0.285"
"Trzic-Tank1","2026-07-17 22:00","0.284"
"Trzic-Tank1","2026-07-17 23:00","0.284"
"Trzic-Tank1","2026-07-18 00:00","0.284"
"Trzic-Tank1","2026-07-18 01:00","0.284"
"Trzic-Tank1","2026-07-18 02:00","0.284"
"Trzic-Tank1","2026-07-18 03:00","0.284"
"Trzic-Tank1","2026-07-18 04:00","0.284"
"Trzic-Tank1","2026-07-18 05:00","0.284"
"Trzic-Tank1","2026-07-18 06:00","0.284"
"Trzic-Tank1","2026-07-18 07:00","0.284"
"Trzic-Tank1","2026-07-18 08:00","0.284"
"Trzic-Tank1","2026-07-18 09:00","0.284"
"Trzic-Tank1","2026-07-18 10:00","0.284"
"Trzic-Tank1","2026-07-18 11:00","0.284"
"Trzic-Tank1","2026-07-18 12:00","0.284"
"Trzic-Tank1","2026-07-18 13:00","0.284"
"Trzic-Tank1","2026-07-18 14:00","0.284"
"Trzic-Tank1","2026-07-18 15:00","0.284"
"Trzic-Tank1","2026-07-18 16:00","0.284"
"Trzic-Tank1","2026-07-18 17:00","0.284"
"Trzic-Tank1","2026-07-18 18:00","0.284"
"Trzic-Tank1","2026-07-18 19:00","0.295"
"Trzic-Tank1","2026-07-18 20:00","0.318"
"Trzic-Tank1","2026-07-18 21:00","0.314"
"Trzic-Tank1","2026-07-18 22:00","0.311"
"Trzic-Tank1","2026-07-18 23:00","0.309"
"Trzic-Tank1","2026-07-19 00:00","0.309"
"Trzic-Tank1","2026-07-19 01:00","0.31"
"Trzic-Tank1","2026-07-19 02:00","0.31"
"Trzic-Tank1","2026-07-19 03:00","0.31"
"Trzic-Tank1","2026-07-19 04:00","0.31"
"Trzic-Tank1","2026-07-19 05:00","0.308"
"Trzic-Tank1","2026-07-19 06:00","0.308"
"Trzic-Tank1","2026-07-19 07:00","0.307"
"Trzic-Tank1","2026-07-19 08:00","0.307"
"Trzic-Tank1","2026-07-19 09:00","0.306"
"Trzic-Tank1","2026-07-19 10:00","0.306"
"Trzic-Tank1","2026-07-19 11:00","0.306"
"Trzic-Tank1","2026-07-19 12:00","0.306"
"Trzic-Tank1","2026-07-19 13:00","0.306"
"Trzic-Tank1","2026-07-19 14:00","0.305"
"Trzic-Tank1","2026-07-19 15:00","0.305"
"Trzic-Tank1","2026-07-19 16:00","0.305"
"Trzic-Tank1","2026-07-19 17:00","0.305"
"Trzic-Tank1","2026-07-19 18:00","0.304"
"Trzic-Tank1","2026-07-19 19:00","0.304"
"Trzic-Tank1","2026-07-19 20:00","0.303"
"Trzic-Tank1","2026-07-19 21:00","0.303"
"Trzic-Tank1","2026-07-19 22:00","0.303"
"Trzic-Tank1","2026-07-19 23:00","0.302"
"Trzic-Tank1","2026-07-20 00:00","0.302"
"Trzic-Tank1","2026-07-20 01:00",
"Trzic-Tank1","2026-07-20 02:00","0.302"
"Trzic-Tank1","2026-07-20 03:00","0.302"
"Trzic-Tank1","2026-07-20 04:00","0.302"
"Trzic-Tank1","2026-07-20 05:00","0.301"
"Trzic-Tank1","2026-07-20 06:00","0.301"
"Trzic-Tank1","2026-07-20 07:00","0.301"
"Trzic-Tank1","2026-07-20 08:00","0.301"
"Trzic-Tank1","2026-07-20 09:00","0.301"
"Trzic-Tank1","2026-07-20 10:00","0.301"
"Trzic-Tank1","2026-07-20 11:00","0.301"
"Trzic-Tank1","2026-07-20 12:00","0.301"
"Trzic-Tank1","2026-07-20 13:00","0.301"
"Trzic-Tank1","2026-07-20 14:00","0.301"
"Trzic-Tank1","2026-07-20 15:00","0.301"
"Trzic-Tank1","2026-07-20 16:00","0.301"
"Trzic-Tank1","2026-07-20 17:00","0.301"
"Trzic-Tank1","2026-07-20 18:00","0.301"
"Trzic-Tank1","2026-07-20 19:00","0.301"
"Trzic-Tank1","2026-07-20 20:00","0.301"
"Trzic-Tank1","2026-07-20 21:00","0.3"
"Trzic-Tank1","2026-07-20 22:00","0.3"
"Trzic-Tank1","2026-07-20 23:00","0.3"
"Trzic-Tank1","2026-07-21 00:00","0.3"
"Trzic-Tank1","2026-07-21 01:00","0.3"
"Trzic-Tank1","2026-07-21 02:00","0.3"
"Trzic-Tank1","2026-07-21 03:00","0.3"
"Trzic-Tank1","2026-07-21 04:00","0.3"
"Trzic-Tank1","2026-07-21 05:00","0.299"
"Trzic-Tank1","2026-07-21 06:00","0.299"
"Trzic-Tank1","2026-07-21 07:00","0.299"
"Trzic-Tank1","2026-07-21 08:00","0.299"
"Trzic-Tank1","2026-07-21 09:00","0.299"
"Trzic-Tank1","2026-07-21 10:00","0.299"
"Trzic-Tank1","2026-07-21 11:00","0.299"
"Trzic-Tank1","2026-07-21 12:00","0.3"
"Trzic-Tank1","2026-07-21 13:00","0.3"
"Trzic-Tank1","2026-07-21 14:00","0.3"
"Trzic-Tank1","2026-07-21 15:00","0.3"
"Trzic-Tank1","2026-07-21 16:00","0.3"
"Trzic-Tank1","2026-07-21 17:00","0.3"
"Trzic-Tank1","2026-07-21 18:00","0.3"
"Trzic-Tank1","2026-07-21 19:00","0.299"
"Trzic-Tank1","2026-07-21 20:00","0.299"
"Trzic-Tank1","2026-07-21 21:00","0.299"
"Trzic-Tank1","2026-07-21 22:00","0.299"
"Trzic-Tank1","2026-07-21 23:00","0.299"
"Trzic-Tank1","2026-07-22 00:00","0.299"
"Trzic-Tank1","2026-07-22 01:00","0.299"
"Trzic-Tank1","2026-07-22 02:00","0.299"
"Trzic-Tank1","2026-07-22 03:00","0.299"
"Trzic-Tank1","2026-07-22 04:00","0.299"
"Trzic-Tank1","2026-07-22 05:00","0.299"
"Trzic-Tank1","2026-07-22 06:00","0.3"
"Trzic-Tank1","2026-07-22 07:00","0.3"
"Trzic-Tank1","2026-07-22 08:00","0.3"
"Trzic-Tank1","2026-07-22 09:00","0.3"
"Trzic-Tank1","2026-07-22 10:00","0.3"
"Trzic-Tank1","2026-07-22 11:00","0.3"
"Trzic-Tank1","2026-07-22 12:00","0.3"
"Trzic-Tank1","2026-07-22 13:00","0.3"
"Trzic-Tank1","2026-07-22 14:00","0.3"
"Trzic-Tank1","2026-07-22 15:00","0.3"
"Trzic-Tank1","2026-07-22 16:00","0.3"
"Trzic-Tank1","2026-07-22 17:00","0.3"
"Trzic-Tank1","2026-07-22 18:00","0.3"
"Trzic-Tank1","2026-07-22 19:00","0.3"
"Trzic-Tank1","2026-07-22 20:00","0.3"
"Trzic-Tank1","2026-07-22 21:00","0.299"
"Trzic-Tank1","2026-07-22 22:00","0.299"
"Trzic-Tank1","2026-07-22 23:00","0.299"
"Trzic-Tank1","2026-07-23 00:00","0.299"
"Trzic-Tank1","2026-07-23 01:00","0.299"
"Trzic-Tank1","2026-07-23 02:00","0.299"
"Trzic-Tank1","2026-07-23 03:00","0.299"
"Trzic-Tank1","2026-07-23 04:00","0.299"
"Trzic-Tank1","2026-07-23 05:00","0.299"
"Trzic-Tank1","2026-07-23 06:00","0.299"
"Trzic-Tank1","2026-07-23 07:00","0.299"
"Trzic-Tank1","2026-07-23 08:00","0.299"
"Trzic-Tank1","2026-07-23 09:00","0.299"
"Trzic-Tank1","2026-07-23 10:00","0.299"
"Trzic-Tank1","2026-07-23 11:00","0.299"
"Trzic-Tank1","2026-07-23 12:00","0.299"
"Trzic-Tank1","2026-07-23 13:00","0.299"
"Trzic-Tank1","2026-07-23 14:00","0.299"
"Trzic-Tank1","2026-07-23 15:00","0.299"
"Trzic-Tank1","2026-07-23 16:00","0.299"
"Trzic-Tank1","2026-07-23 17:00","0.299"
"Trzic-Tank1","2026-07-23 18:00","0.299"
"Trzic-Tank1","2026-07-23 19:00","0.299"
"Trzic-Tank1","2026-07-23 20:00","0.299"
"Trzic-Tank1","2026-07-23 21:00","0.298"
"Trzic-Tank1","2026-07-23 22:00","0.298"
"Trzic-Tank2","2026-05-27 16:00","0.321"
"Trzic-Tank2","2026-05-27 17:00","0.321"
"Trzic-Tank2","2026-05-27 18:00","0.321"
"Trzic-Tank2","2026-05-27 19:00","0.321"
"Trzic-Tank2","2026-05-27 20:00","0.32"
"Trzic-Tank2","2026-05-27 21:00","0.32"
"Trzic-Tank2","2026-05-27 22:00","0.32"
"Trzic-Tank2","2026-05-27 23:00","0.319"
"Trzic-Tank2","2026-05-28 00:00","0.319"
"Trzic-Tank2","2026-05-28 01:00","0.319"
"Trzic-Tank2","2026-05-28 02:00","0.319"
"Trzic-Tank2","2026-05-28 03:00","0.319"
"Trzic-Tank2","2026-05-28 04:00","0.319"
"Trzic-Tank2","2026-05-28 05:00","0.319"
"Trzic-Tank2","2026-05-28 06:00","0.319"
"Trzic-Tank2","2026-05-28 07:00","0.319"
"Trzic-Tank2","2026-05-28 08:00","0.319"
"Trzic-Tank2","2026-05-28 09:00","0.319"
"Trzic-Tank2","2026-05-28 10:00","0.319"
"Trzic-Tank2","2026-05-28 11:00","0.319"
"Trzic-Tank2","2026-05-28 12:00","0.319"
"Trzic-Tank2","2026-05-28 13:00","0.319"
"Trzic-Tank2","2026-05-28 14:00","0.319"
"Trzic-Tank2","2026-05-28 15:00","0.319"
"Trzic-Tank2","2026-05-28 16:00","0.319"
"Trzic-Tank2","2026-05-28 17:00","0.319"
"Trzic-Tank2","2026-05-28 18:00","0.319"
"Trzic-Tank2","2026-05-28 19:00","0.319"
"Trzic-Tank2","2026-05-28 20:00","0.318"
"Trzic-Tank2","2026-05-28 21:00","0.318"
"Trzic-Tank2","2026-05-28 22:00","0.318"
"Trzic-Tank2","2026-05-28 23:00","0.317"
"Trzic-Tank2","2026-05-29 00:00","0.317"
"Trzic-Tank2","2026-05-29 01:00","0.317"
"Trzic-Tank2","2026-05-29 02:00","0.317"
"Trzic-Tank2","2026-05-29 03:00","0.317"
"Trzic-Tank2","2026-05-29 04:00","0.317"
"Trzic-Tank2","2026-05-29 05:00","0.316"
"Trzic-Tank2","2026-05-29 06:00","0.316"
"Trzic-Tank2","2026-05-29 07:00","0.316"
"Trzic-Tank2","2026-05-29 08:00","0.316"
"Trzic-Tank2","2026-05-29 09:00","0.316"
"Trzic-Tank2","2026-05-29 10:00","0.316"
"Trzic-Tank2","2026-05-29 11:00","0.316"
"Trzic-Tank2","2026-05-29 12:00","0.316"
"Trzic-Tank2","2026-05-29 13:00","0.316"
"Trzic-Tank2","2026-05-29 14:00","0.316"
"Trzic-Tank2","2026-05-29 15:00","0.316"
"Trzic-Tank2","2026-05-29 16:00","0.316"
"Trzic-Tank2","2026-05-29 17:00","0.316"
"Trzic-Tank2","2026-05-29 18:00","0.316"
"Trzic-Tank2","2026-05-29 19:00","0.316"
"Trzic-Tank2","2026-05-29 20:00","0.315"
"Trzic-Tank2","2026-05-29 21:00","0.315"
"Trzic-Tank2","2026-05-29 22:00","0.314"
"Trzic-Tank2","2026-05-29 23:00","0.314"
"Trzic-Tank2","2026-05-30 00:00","0.314"
"Trzic-Tank2","2026-05-30 01:00","0.314"
"Trzic-Tank2","2026-05-30 02:00","0.314"
"Trzic-Tank2","2026-05-30 03:00","0.314"
"Trzic-Tank2","2026-05-30 04:00","0.314"
"Trzic-Tank2","2026-05-30 05:00","0.314"
"Trzic-Tank2","2026-05-30 06:00","0.315"
"Trzic-Tank2","2026-05-30 07:00","0.315"
"Trzic-Tank2","2026-05-30 08:00","0.315"
"Trzic-Tank2","2026-05-30 09:00","0.315"
"Trzic-Tank2","2026-05-30 10:00","0.315"
"Trzic-Tank2","2026-05-30 11:00","0.315"
"Trzic-Tank2","2026-05-30 12:00","0.316"
"Trzic-Tank2","2026-05-30 13:00","0.316"
"Trzic-Tank2","2026-05-30 14:00","0.316"
"Trzic-Tank2","2026-05-30 15:00","0.316"
"Trzic-Tank2","2026-05-30 16:00","0.316"
"Trzic-Tank2","2026-05-30 17:00","0.316"
"Trzic-Tank2","2026-05-30 18:00","0.316"
"Trzic-Tank2","2026-05-30 19:00","0.316"
"Trzic-Tank2","2026-05-30 20:00","0.316"
"Trzic-Tank2","2026-05-30 21:00","0.315"
"Trzic-Tank2","2026-05-30 22:00","0.315"
"Trzic-Tank2","2026-05-30 23:00","0.315"
"Trzic-Tank2","2026-05-31 00:00","0.315"
"Trzic-Tank2","2026-05-31 01:00","0.315"
"Trzic-Tank2","2026-05-31 02:00","0.315"
"Trzic-Tank2","2026-05-31 03:00","0.315"
"Trzic-Tank2","2026-05-31 04:00","0.315"
"Trzic-Tank2","2026-05-31 05:00","0.315"
"Trzic-Tank2","2026-05-31 06:00","0.315"
"Trzic-Tank2","2026-05-31 07:00","0.315"
"Trzic-Tank2","2026-05-31 08:00","0.315"
"Trzic-Tank2","2026-05-31 09:00","0.315"
"Trzic-Tank2","2026-05-31 10:00","0.315"
"Trzic-Tank2","2026-05-31 11:00","0.315"
"Trzic-Tank2","2026-05-31 12:00","0.315"
"Trzic-Tank2","2026-05-31 13:00","0.315"
"Trzic-Tank2","2026-05-31 14:00","0.315"
"Trzic-Tank2","2026-05-31 15:00","0.315"
"Trzic-Tank2","2026-05-31 16:00","0.315"
"Trzic-Tank2","2026-05-31 17:00","0.315"
"Trzic-Tank2","2026-05-31 18:00","0.317"
"Trzic-Tank2","2026-05-31 19:00","0.322"
"Trzic-Tank2","2026-05-31 20:00","0.327"
"Trzic-Tank2","2026-05-31 21:00","0.33"
"Trzic-Tank2","2026-05-31 22:00","0.332"
"Trzic-Tank2","2026-05-31 23:00","0.333"
"Trzic-Tank2","2026-06-01 00:00","0.333"
"Trzic-Tank2","2026-06-01 01:00","0.335"
"Trzic-Tank2","2026-06-01 02:00","0.335"
"Trzic-Tank2","2026-06-01 03:00","0.335"
"Trzic-Tank2","2026-06-01 04:00","0.335"
"Trzic-Tank2","2026-06-01 05:00","0.337"
"Trzic-Tank2","2026-06-01 06:00","0.337"
"Trzic-Tank2","2026-06-01 07:00","0.337"
"Trzic-Tank2","2026-06-01 08:00","0.338"
"Trzic-Tank2","2026-06-01 09:00","0.338"
"Trzic-Tank2","2026-06-01 10:00","0.338"
"Trzic-Tank2","2026-06-01 11:00","0.338"
"Trzic-Tank2","2026-06-01 12:00","0.339"
"Trzic-Tank2","2026-06-01 13:00","0.339"
"Trzic-Tank2","2026-06-01 14:00","0.339"
"Trzic-Tank2","2026-06-01 15:00","0.339"
"Trzic-Tank2","2026-06-01 16:00","0.339"
"Trzic-Tank2","2026-06-01 17:00","0.339"
"Trzic-Tank2","2026-06-01 18:00","0.339"
"Trzic-Tank2","2026-06-01 19:00","0.339"
"Trzic-Tank2","2026-06-01 20:00","0.338"
"Trzic-Tank2","2026-06-01 21:00","0.338"
"Trzic-Tank2","2026-06-01 22:00","0.338"
"Trzic-Tank2","2026-06-01 23:00","0.338"
"Trzic-Tank2","2026-06-02 00:00","0.338"
"Trzic-Tank2","2026-06-02 01:00","0.338"
"Trzic-Tank2","2026-06-02 02:00","0.338"
"Trzic-Tank2","2026-06-02 03:00","0.338"
"Trzic-Tank2","2026-06-02 04:00","0.338"
"Trzic-Tank2","2026-06-02 05:00","0.337"
"Trzic-Tank2","2026-06-02 06:00","0.337"
"Trzic-Tank2","2026-06-02 07:00","0.337"
"Trzic-Tank2","2026-06-02 08:00","0.337"
"Trzic-Tank2","2026-06-02 09:00","0.337"
"Trzic-Tank2","2026-06-02 10:00","0.338"
"Trzic-Tank2","2026-06-02 11:00","0.338"
"Trzic-Tank2","2026-06-02 12:00","0.338"
"Trzic-Tank2","2026-06-02 13:00","0.338"
"Trzic-Tank2","2026-06-02 14:00","0.338"
"Trzic-Tank2","2026-06-02 15:00","0.338"
"Trzic-Tank2","2026-06-02 16:00","0.338"
"Trzic-Tank2","2026-06-02 17:00","0.337"
"Trzic-Tank2","2026-06-02 18:00","0.337"
"Trzic-Tank2","2026-06-02 19:00","0.337"
"Trzic-Tank2","2026-06-02 20:00","0.337"
"Trzic-Tank2","2026-06-02 21:00","0.336"
"Trzic-Tank2","2026-06-02 22:00","0.336"
"Trzic-Tank2","2026-06-02 23:00","0.336"
"Trzic-Tank2","2026-06-03 00:00","0.336"
"Trzic-Tank2","2026-06-03 01:00","0.336"
"Trzic-Tank2","2026-06-03 02:00","0.336"
"Trzic-Tank2","2026-06-03 03:00","0.336"
"Trzic-Tank2","2026-06-03 04:00","0.336"
"Trzic-Tank2","2026-06-03 05:00","0.335"
"Trzic-Tank2","2026-06-03 06:00","0.335"
"Trzic-Tank2","2026-06-03 07:00","0.336"
"Trzic-Tank2","2026-06-03 08:00","0.351"
"Trzic-Tank2","2026-06-03 09:00","0.355"
"Trzic-Tank2","2026-06-03 10:00","0.356"
"Trzic-Tank2","2026-06-03 11:00","0.356"
"Trzic-Tank2","2026-06-03 12:00","0.355"
"Trzic-Tank2","2026-06-03 13:00","0.355"
"Trzic-Tank2","2026-06-03 14:00","0.354"
"Trzic-Tank2","2026-06-03 15:00","0.353"
"Trzic-Tank2","2026-06-03 16:00","0.353"
"Trzic-Tank2","2026-06-03 17:00","0.353"
"Trzic-Tank2","2026-06-03 18:00","0.352"
"Trzic-Tank2","2026-06-03 19:00","0.352"
"Trzic-Tank2","2026-06-03 20:00","0.351"
"Trzic-Tank2","2026-06-03 21:00","0.351"
"Trzic-Tank2","2026-06-03 22:00","0.351"
"Trzic-Tank2","2026-06-03 23:00","0.351"
"Trzic-Tank2","2026-06-04 00:00","0.351"
"Trzic-Tank2","2026-06-04 01:00","0.35"
"Trzic-Tank2","2026-06-04 02:00","0.35"
"Trzic-Tank2","2026-06-04 03:00","0.35"
"Trzic-Tank2","2026-06-04 04:00","0.35"
"Trzic-Tank2","2026-06-04 05:00","0.349"
"Trzic-Tank2","2026-06-04 06:00","0.349"
"Trzic-Tank2","2026-06-04 07:00","0.349"
"Trzic-Tank2","2026-06-04 08:00","0.349"
"Trzic-Tank2","2026-06-04 09:00","0.349"
"Trzic-Tank2","2026-06-04 10:00","0.349"
"Trzic-Tank2","2026-06-04 11:00","0.349"
"Trzic-Tank2","2026-06-04 12:00","0.349"
"Trzic-Tank2","2026-06-04 13:00","0.349"
"Trzic-Tank2","2026-06-04 14:00","0.349"
"Trzic-Tank2","2026-06-04 15:00","0.349"
"Trzic-Tank2","2026-06-04 16:00","0.349"
"Trzic-Tank2","2026-06-04 17:00","0.349"
"Trzic-Tank2","2026-06-04 18:00","0.348"
"Trzic-Tank2","2026-06-04 19:00","0.348"
"Trzic-Tank2","2026-06-04 20:00","0.348"
"Trzic-Tank2","2026-06-04 21:00","0.347"
"Trzic-Tank2","2026-06-04 22:00","0.347"
"Trzic-Tank2","2026-06-04 23:00","0.346"
"Trzic-Tank2","2026-06-05 00:00","0.346"
"Trzic-Tank2","2026-06-05 01:00","0.346"
"Trzic-Tank2","2026-06-05 02:00","0.346"
"Trzic-Tank2","2026-06-05 03:00","0.346"
"Trzic-Tank2","2026-06-05 04:00","0.346"
"Trzic-Tank2","2026-06-05 05:00","0.345"
"Trzic-Tank2","2026-06-05 06:00","0.345"
"Trzic-Tank2","2026-06-05 07:00","0.345"
"Trzic-Tank2","2026-06-05 08:00","0.345"
"Trzic-Tank2","2026-06-05 09:00","0.345"
"Trzic-Tank2","2026-06-05 10:00","0.345"
"Trzic-Tank2","2026-06-05 11:00","0.345"
"Trzic-Tank2","2026-06-05 12:00","0.345"
"Trzic-Tank2","2026-06-05 13:00","0.345"
"Trzic-Tank2","2026-06-05 14:00","0.346"
"Trzic-Tank2","2026-06-05 15:00","0.347"
"Trzic-Tank2","2026-06-05 16:00","0.35"
"Trzic-Tank2","2026-06-05 17:00","0.351"
"Trzic-Tank2","2026-06-05 18:00","0.352"
"Trzic-Tank2","2026-06-05 19:00","0.352"
"Trzic-Tank2","2026-06-05 20:00","0.353"
"Trzic-Tank2","2026-06-05 21:00","0.353"
"Trzic-Tank2","2026-06-05 22:00","0.353"
"Trzic-Tank2","2026-06-05 23:00","0.353"
"Trzic-Tank2","2026-06-06 00:00","0.353"
"Trzic-Tank2","2026-06-06 01:00","0.352"
"Trzic-Tank2","2026-06-06 02:00","0.352"
"Trzic-Tank2","2026-06-06 03:00","0.352"
"Trzic-Tank2","2026-06-06 04:00","0.352"
"Trzic-Tank2","2026-06-06 05:00","0.352"
"Trzic-Tank2","2026-06-06 06:00","0.352"
"Trzic-Tank2","2026-06-06 07:00","0.352"
"Trzic-Tank2","2026-06-06 08:00","0.352"
"Trzic-Tank2","2026-06-06 09:00","0.352"
"Trzic-Tank2","2026-06-06 10:00","0.352"
"Trzic-Tank2","2026-06-06 11:00","0.351"
"Trzic-Tank2","2026-06-06 12:00","0.351"
"Trzic-Tank2","2026-06-06 13:00","0.351"
"Trzic-Tank2","2026-06-06 14:00","0.351"
"Trzic-Tank2","2026-06-06 15:00","0.351"
"Trzic-Tank2","2026-06-06 16:00","0.351"
"Trzic-Tank2","2026-06-06 17:00","0.351"
"Trzic-Tank2","2026-06-06 18:00","0.35"
"Trzic-Tank2","2026-06-06 19:00","0.35"
"Trzic-Tank2","2026-06-06 20:00","0.35"
"Trzic-Tank2","2026-06-06 21:00","0.349"
"Trzic-Tank2","2026-06-06 22:00","0.349"
"Trzic-Tank2","2026-06-06 23:00","0.349"
"Trzic-Tank2","2026-06-07 00:00","0.349"
"Trzic-Tank2","2026-06-07 01:00","0.348"
"Trzic-Tank2","2026-06-07 02:00","0.348"
"Trzic-Tank2","2026-06-07 03:00","0.348"
"Trzic-Tank2","2026-06-07 04:00","0.348"
"Trzic-Tank2","2026-06-07 05:00","0.348"
"Trzic-Tank2","2026-06-07 06:00","0.347"
"Trzic-Tank2","2026-06-07 07:00","0.347"
"Trzic-Tank2","2026-06-07 08:00","0.347"
"Trzic-Tank2","2026-06-07 09:00","0.347"
"Trzic-Tank2","2026-06-07 10:00","0.347"
"Trzic-Tank2","2026-06-07 11:00","0.347"
"Trzic-Tank2","2026-06-07 12:00","0.347"
"Trzic-Tank2","2026-06-07 13:00","0.347"
"Trzic-Tank2","2026-06-07 14:00","0.347"
"Trzic-Tank2","2026-06-07 15:00","0.347"
"Trzic-Tank2","2026-06-07 16:00","0.347"
"Trzic-Tank2","2026-06-07 17:00","0.347"
"Trzic-Tank2","2026-06-07 18:00","0.346"
"Trzic-Tank2","2026-06-07 19:00","0.346"
"Trzic-Tank2","2026-06-07 20:00","0.345"
"Trzic-Tank2","2026-06-07 21:00","0.345"
"Trzic-Tank2","2026-06-07 22:00","0.345"
"Trzic-Tank2","2026-06-07 23:00","0.344"
"Trzic-Tank2","2026-06-08 00:00","0.344"
"Trzic-Tank2","2026-06-08 01:00","0.344"
"Trzic-Tank2","2026-06-08 02:00","0.344"
"Trzic-Tank2","2026-06-08 03:00","0.344"
"Trzic-Tank2","2026-06-08 04:00","0.344"
"Trzic-Tank2","2026-06-08 05:00","0.343"
"Trzic-Tank2","2026-06-08 06:00","0.343"
"Trzic-Tank2","2026-06-08 07:00","0.343"
"Trzic-Tank2","2026-06-08 08:00","0.343"
"Trzic-Tank2","2026-06-08 09:00","0.343"
"Trzic-Tank2","2026-06-08 10:00","0.343"
"Trzic-Tank2","2026-06-08 11:00","0.343"
"Trzic-Tank2","2026-06-08 12:00","0.343"
"Trzic-Tank2","2026-06-08 13:00","0.343"
"Trzic-Tank2","2026-06-08 14:00","0.343"
"Trzic-Tank2","2026-06-08 15:00","0.343"
"Trzic-Tank2","2026-06-08 16:00","0.342"
"Trzic-Tank2","2026-06-08 17:00","0.342"
"Trzic-Tank2","2026-06-08 18:00","0.342"
"Trzic-Tank2","2026-06-08 19:00","0.341"
"Trzic-Tank2","2026-06-08 20:00","0.341"
"Trzic-Tank2","2026-06-08 21:00","0.341"
"Trzic-Tank2","2026-06-08 22:00","0.34"
"Trzic-Tank2","2026-06-08 23:00","0.34"
"Trzic-Tank2","2026-06-09 00:00","0.34"
"Trzic-Tank2","2026-06-09 01:00","0.34"
"Trzic-Tank2","2026-06-09 02:00","0.34"
"Trzic-Tank2","2026-06-09 03:00","0.34"
"Trzic-Tank2","2026-06-09 04:00","0.34"
"Trzic-Tank2","2026-06-09 05:00","0.339"
"Trzic-Tank2","2026-06-09 06:00","0.339"
"Trzic-Tank2","2026-06-09 07:00","0.339"
"Trzic-Tank2","2026-06-09 08:00","0.339"
"Trzic-Tank2","2026-06-09 09:00","0.339"
"Trzic-Tank2","2026-06-09 10:00","0.339"
"Trzic-Tank2","2026-06-09 11:00","0.339"
"Trzic-Tank2","2026-06-09 12:00","0.339"
"Trzic-Tank2","2026-06-09 13:00","0.339"
"Trzic-Tank2","2026-06-09 14:00","0.339"
"Trzic-Tank2","2026-06-09 15:00","0.339"
"Trzic-Tank2","2026-06-09 16:00","0.339"
"Trzic-Tank2","2026-06-09 17:00","0.338"
"Trzic-Tank2","2026-06-09 18:00","0.338"
"Trzic-Tank2","2026-06-09 19:00","0.338"
"Trzic-Tank2","2026-06-09 20:00","0.338"
"Trzic-Tank2","2026-06-09 21:00","0.338"
"Trzic-Tank2","2026-06-09 22:00","0.337"
"Trzic-Tank2","2026-06-09 23:00","0.337"
"Trzic-Tank2","2026-06-10 00:00","0.337"
"Trzic-Tank2","2026-06-10 01:00","0.337"
"Trzic-Tank2","2026-06-10 02:00","0.337"
"Trzic-Tank2","2026-06-10 03:00","0.337"
"Trzic-Tank2","2026-06-10 04:00","0.337"
"Trzic-Tank2","2026-06-10 05:00","0.336"
"Trzic-Tank2","2026-06-10 06:00","0.336"
"Trzic-Tank2","2026-06-10 07:00","0.336"
"Trzic-Tank2","2026-06-10 08:00","0.336"
"Trzic-Tank2","2026-06-10 09:00","0.337"
"Trzic-Tank2","2026-06-10 10:00","0.343"
"Trzic-Tank2","2026-06-10 11:00","0.348"
"Trzic-Tank2","2026-06-10 12:00","0.35"
"Trzic-Tank2","2026-06-10 13:00","0.35"
"Trzic-Tank2","2026-06-10 14:00","0.35"
"Trzic-Tank2","2026-06-10 15:00","0.351"
"Trzic-Tank2","2026-06-10 16:00","0.351"
"Trzic-Tank2","2026-06-10 17:00","0.35"
"Trzic-Tank2","2026-06-10 18:00","0.35"
"Trzic-Tank2","2026-06-10 19:00","0.35"
"Trzic-Tank2","2026-06-10 20:00","0.35"
"Trzic-Tank2","2026-06-10 21:00","0.362"
"Trzic-Tank2","2026-06-10 22:00","0.383"
"Trzic-Tank2","2026-06-10 23:00","0.375"
"Trzic-Tank2","2026-06-11 00:00","0.375"
"Trzic-Tank2","2026-06-11 01:00","0.371"
"Trzic-Tank2","2026-06-11 02:00","0.371"
"Trzic-Tank2","2026-06-11 03:00","0.371"
"Trzic-Tank2","2026-06-11 04:00","0.371"
"Trzic-Tank2","2026-06-11 05:00","0.363"
"Trzic-Tank2","2026-06-11 06:00","0.363"
"Trzic-Tank2","2026-06-11 07:00","0.363"
"Trzic-Tank2","2026-06-11 08:00","0.362"
"Trzic-Tank2","2026-06-11 09:00","0.362"
"Trzic-Tank2","2026-06-11 10:00","0.362"
"Trzic-Tank2","2026-06-11 11:00","0.362"
"Trzic-Tank2","2026-06-11 12:00","0.361"
"Trzic-Tank2","2026-06-11 13:00","0.361"
"Trzic-Tank2","2026-06-11 14:00","0.361"
"Trzic-Tank2","2026-06-11 15:00","0.361"
"Trzic-Tank2","2026-06-11 16:00","0.361"
"Trzic-Tank2","2026-06-11 17:00","0.36"
"Trzic-Tank2","2026-06-11 18:00","0.36"
"Trzic-Tank2","2026-06-11 19:00","0.36"
"Trzic-Tank2","2026-06-11 20:00","0.359"
"Trzic-Tank2","2026-06-11 21:00","0.359"
"Trzic-Tank2","2026-06-11 22:00","0.359"
"Trzic-Tank2","2026-06-11 23:00","0.358"
"Trzic-Tank2","2026-06-12 00:00","0.358"
"Trzic-Tank2","2026-06-12 01:00","0.358"
"Trzic-Tank2","2026-06-12 02:00","0.358"
"Trzic-Tank2","2026-06-12 03:00","0.358"
"Trzic-Tank2","2026-06-12 04:00","0.358"
"Trzic-Tank2","2026-06-12 05:00","0.357"
"Trzic-Tank2","2026-06-12 06:00","0.357"
"Trzic-Tank2","2026-06-12 07:00","0.357"
"Trzic-Tank2","2026-06-12 08:00","0.357"
"Trzic-Tank2","2026-06-12 09:00","0.357"
"Trzic-Tank2","2026-06-12 10:00","0.357"
"Trzic-Tank2","2026-06-12 11:00","0.357"
"Trzic-Tank2","2026-06-12 12:00","0.357"
"Trzic-Tank2","2026-06-12 13:00","0.357"
"Trzic-Tank2","2026-06-12 14:00","0.357"
"Trzic-Tank2","2026-06-12 15:00","0.356"
"Trzic-Tank2","2026-06-12 16:00","0.356"
"Trzic-Tank2","2026-06-12 17:00","0.356"
"Trzic-Tank2","2026-06-12 18:00","0.356"
"Trzic-Tank2","2026-06-12 19:00","0.355"
"Trzic-Tank2","2026-06-12 20:00","0.355"
"Trzic-Tank2","2026-06-12 21:00","0.355"
"Trzic-Tank2","2026-06-12 22:00","0.354"
"Trzic-Tank2","2026-06-12 23:00","0.354"
"Trzic-Tank2","2026-06-13 00:00","0.354"
"Trzic-Tank2","2026-06-13 01:00","0.353"
"Trzic-Tank2","2026-06-13 02:00","0.353"
"Trzic-Tank2","2026-06-13 03:00","0.353"
"Trzic-Tank2","2026-06-13 04:00","0.353"
"Trzic-Tank2","2026-06-13 05:00","0.352"
"Trzic-Tank2","2026-06-13 06:00","0.352"
"Trzic-Tank2","2026-06-13 07:00","0.352"
"Trzic-Tank2","2026-06-13 08:00","0.352"
"Trzic-Tank2","2026-06-13 09:00","0.352"
"Trzic-Tank2","2026-06-13 10:00","0.352"
"Trzic-Tank2","2026-06-13 11:00","0.352"
"Trzic-Tank2","2026-06-13 12:00","0.352"
"Trzic-Tank2","2026-06-13 13:00","0.352"
"Trzic-Tank2","2026-06-13 14:00","0.351"
"Trzic-Tank2","2026-06-13 15:00","0.351"
"Trzic-Tank2","2026-06-13 16:00","0.351"
"Trzic-Tank2","2026-06-13 17:00","0.351"
"Trzic-Tank2","2026-06-13 18:00","0.35"
"Trzic-Tank2","2026-06-13 19:00","0.35"
"Trzic-Tank2","2026-06-13 20:00","0.349"
"Trzic-Tank2","2026-06-13 21:00","0.349"
"Trzic-Tank2","2026-06-13 22:00","0.349"
"Trzic-Tank2","2026-06-13 23:00","0.348"
"Trzic-Tank2","2026-06-14 00:00","0.348"
"Trzic-Tank2","2026-06-14 01:00","0.348"
"Trzic-Tank2","2026-06-14 02:00","0.348"
"Trzic-Tank2","2026-06-14 03:00","0.348"
"Trzic-Tank2","2026-06-14 04:00","0.348"
"Trzic-Tank2","2026-06-14 05:00","0.347"
"Trzic-Tank2","2026-06-14 06:00","0.347"
"Trzic-Tank2","2026-06-14 07:00","0.346"
"Trzic-Tank2","2026-06-14 08:00","0.346"
"Trzic-Tank2","2026-06-14 09:00","0.346"
"Trzic-Tank2","2026-06-14 10:00","0.346"
"Trzic-Tank2","2026-06-14 11:00","0.346"
"Trzic-Tank2","2026-06-14 12:00","0.346"
"Trzic-Tank2","2026-06-14 13:00","0.346"
"Trzic-Tank2","2026-06-14 14:00","0.346"
"Trzic-Tank2","2026-06-14 15:00","0.346"
"Trzic-Tank2","2026-06-14 16:00","0.345"
"Trzic-Tank2","2026-06-14 17:00","0.345"
"Trzic-Tank2","2026-06-14 18:00","0.345"
"Trzic-Tank2","2026-06-14 19:00","0.344"
"Trzic-Tank2","2026-06-14 20:00","0.344"
"Trzic-Tank2","2026-06-14 21:00","0.343"
"Trzic-Tank2","2026-06-14 22:00","0.343"
"Trzic-Tank2","2026-06-14 23:00","0.343"
"Trzic-Tank2","2026-06-15 00:00","0.343"
"Trzic-Tank2","2026-06-15 01:00","0.342"
"Trzic-Tank2","2026-06-15 02:00","0.342"
"Trzic-Tank2","2026-06-15 03:00","0.342"
"Trzic-Tank2","2026-06-15 04:00","0.342"
"Trzic-Tank2","2026-06-15 05:00","0.341"
"Trzic-Tank2","2026-06-15 06:00","0.341"
"Trzic-Tank2","2026-06-15 07:00","0.341"
"Trzic-Tank2","2026-06-15 08:00","0.341"
"Trzic-Tank2","2026-06-15 09:00","0.341"
"Trzic-Tank2","2026-06-15 10:00","0.341"
"Trzic-Tank2","2026-06-15 11:00","0.341"
"Trzic-Tank2","2026-06-15 12:00","0.341"
"Trzic-Tank2","2026-06-15 13:00","0.341"
"Trzic-Tank2","2026-06-15 14:00","0.341"
"Trzic-Tank2","2026-06-15 15:00","0.341"
"Trzic-Tank2","2026-06-15 16:00","0.341"
"Trzic-Tank2","2026-06-15 17:00","0.341"
"Trzic-Tank2","2026-06-15 18:00","0.34"
"Trzic-Tank2","2026-06-15 19:00","0.34"
"Trzic-Tank2","2026-06-15 20:00","0.34"
"Trzic-Tank2","2026-06-15 21:00","0.34"
"Trzic-Tank2","2026-06-15 22:00","0.34"
"Trzic-Tank2","2026-06-15 23:00","0.34"
"Trzic-Tank2","2026-06-16 00:00","0.34"
"Trzic-Tank2","2026-06-16 01:00","0.339"
"Trzic-Tank2","2026-06-16 02:00","0.339"
"Trzic-Tank2","2026-06-16 03:00","0.339"
"Trzic-Tank2","2026-06-16 04:00","0.339"
"Trzic-Tank2","2026-06-16 05:00","0.339"
"Trzic-Tank2","2026-06-16 06:00","0.339"
"Trzic-Tank2","2026-06-16 07:00","0.339"
"Trzic-Tank2","2026-06-16 08:00","0.339"
"Trzic-Tank2","2026-06-16 09:00","0.339"
"Trzic-Tank2","2026-06-16 10:00","0.339"
"Trzic-Tank2","2026-06-16 11:00","0.339"
"Trzic-Tank2","2026-06-16 12:00","0.339"
"Trzic-Tank2","2026-06-16 13:00","0.339"
"Trzic-Tank2","2026-06-16 14:00","0.338"
"Trzic-Tank2","2026-06-16 15:00","0.338"
"Trzic-Tank2","2026-06-16 16:00","0.338"
"Trzic-Tank2","2026-06-16 17:00","0.337"
"Trzic-Tank2","2026-06-16 18:00","0.337"
"Trzic-Tank2","2026-06-16 19:00","0.336"
"Trzic-Tank2","2026-06-16 20:00","0.336"
"Trzic-Tank2","2026-06-16 21:00","0.335"
"Trzic-Tank2","2026-06-16 22:00","0.335"
"Trzic-Tank2","2026-06-16 23:00","0.335"
"Trzic-Tank2","2026-06-17 00:00","0.335"
"Trzic-Tank2","2026-06-17 01:00","0.334"
"Trzic-Tank2","2026-06-17 02:00","0.334"
"Trzic-Tank2","2026-06-17 03:00","0.334"
"Trzic-Tank2","2026-06-17 04:00","0.334"
"Trzic-Tank2","2026-06-17 05:00","0.334"
"Trzic-Tank2","2026-06-17 06:00","0.334"
"Trzic-Tank2","2026-06-17 07:00","0.334"
"Trzic-Tank2","2026-06-17 08:00","0.334"
"Trzic-Tank2","2026-06-17 09:00","0.334"
"Trzic-Tank2","2026-06-17 10:00","0.334"
"Trzic-Tank2","2026-06-17 11:00","0.334"
"Trzic-Tank2","2026-06-17 12:00","0.334"
"Trzic-Tank2","2026-06-17 13:00","0.333"
"Trzic-Tank2","2026-06-17 14:00","0.333"
"Trzic-Tank2","2026-06-17 15:00","0.333"
"Trzic-Tank2","2026-06-17 16:00","0.333"
"Trzic-Tank2","2026-06-17 17:00","0.333"
"Trzic-Tank2","2026-06-17 18:00","0.332"
"Trzic-Tank2","2026-06-17 19:00","0.332"
"Trzic-Tank2","2026-06-17 20:00","0.332"
"Trzic-Tank2","2026-06-17 21:00","0.331"
"Trzic-Tank2","2026-06-17 22:00","0.331"
"Trzic-Tank2","2026-06-17 23:00","0.331"
"Trzic-Tank2","2026-06-18 00:00","0.331"
"Trzic-Tank2","2026-06-18 01:00","0.33"
"Trzic-Tank2","2026-06-18 02:00","0.33"
"Trzic-Tank2","2026-06-18 03:00","0.33"
"Trzic-Tank2","2026-06-18 04:00","0.33"
"Trzic-Tank2","2026-06-18 05:00","0.33"
"Trzic-Tank2","2026-06-18 06:00","0.33"
"Trzic-Tank2","2026-06-18 07:00","0.33"
"Trzic-Tank2","2026-06-18 08:00","0.33"
"Trzic-Tank2","2026-06-18 09:00","0.33"
"Trzic-Tank2","2026-06-18 10:00","0.33"
"Trzic-Tank2","2026-06-18 11:00","0.33"
"Trzic-Tank2","2026-06-18 12:00","0.33"
"Trzic-Tank2","2026-06-18 13:00","0.329"
"Trzic-Tank2","2026-06-18 14:00","0.329"
"Trzic-Tank2","2026-06-18 15:00","0.329"
"Trzic-Tank2","2026-06-18 16:00","0.329"
"Trzic-Tank2","2026-06-18 17:00","0.328"
"Trzic-Tank2","2026-06-18 18:00","0.328"
"Trzic-Tank2","2026-06-18 19:00","0.328"
"Trzic-Tank2","2026-06-18 20:00","0.327"
"Trzic-Tank2","2026-06-18 21:00","0.327"
"Trzic-Tank2","2026-06-18 22:00","0.326"
"Trzic-Tank2","2026-06-18 23:00","0.326"
"Trzic-Tank2","2026-06-19 00:00","0.326"
"Trzic-Tank2","2026-06-19 01:00","0.326"
"Trzic-Tank2","2026-06-19 02:00","0.326"
"Trzic-Tank2","2026-06-19 03:00","0.326"
"Trzic-Tank2","2026-06-19 04:00","0.326"
"Trzic-Tank2","2026-06-19 05:00","0.326"
"Trzic-Tank2","2026-06-19 06:00","0.326"
"Trzic-Tank2","2026-06-19 07:00","0.326"
"Trzic-Tank2","2026-06-19 08:00","0.326"
"Trzic-Tank2","2026-06-19 09:00","0.326"
"Trzic-Tank2","2026-06-19 10:00","0.326"
"Trzic-Tank2","2026-06-19 11:00","0.326"
"Trzic-Tank2","2026-06-19 12:00","0.326"
"Trzic-Tank2","2026-06-19 13:00","0.325"
"Trzic-Tank2","2026-06-19 14:00","0.325"
"Trzic-Tank2","2026-06-19 15:00","0.325"
"Trzic-Tank2","2026-06-19 16:00","0.324"
"Trzic-Tank2","2026-06-19 17:00","0.324"
"Trzic-Tank2","2026-06-19 18:00","0.324"
"Trzic-Tank2","2026-06-19 19:00","0.323"
"Trzic-Tank2","2026-06-19 20:00","0.322"
"Trzic-Tank2","2026-06-19 21:00","0.322"
"Trzic-Tank2","2026-06-19 22:00","0.322"
"Trzic-Tank2","2026-06-19 23:00","0.321"
"Trzic-Tank2","2026-06-20 00:00","0.321"
"Trzic-Tank2","2026-06-20 01:00","0.321"
"Trzic-Tank2","2026-06-20 02:00","0.321"
"Trzic-Tank2","2026-06-20 03:00","0.321"
"Trzic-Tank2","2026-06-20 04:00","0.321"
"Trzic-Tank2","2026-06-20 05:00","0.32"
"Trzic-Tank2","2026-06-20 06:00","0.32"
"Trzic-Tank2","2026-06-20 07:00","0.32"
"Trzic-Tank2","2026-06-20 08:00","0.32"
"Trzic-Tank2","2026-06-20 09:00","0.32"
"Trzic-Tank2","2026-06-20 10:00","0.32"
"Trzic-Tank2","2026-06-20 11:00","0.32"
"Trzic-Tank2","2026-06-20 12:00","0.32"
"Trzic-Tank2","2026-06-20 13:00","0.319"
"Trzic-Tank2","2026-06-20 14:00","0.319"
"Trzic-Tank2","2026-06-20 15:00","0.319"
"Trzic-Tank2","2026-06-20 16:00","0.318"
"Trzic-Tank2","2026-06-20 17:00","0.318"
"Trzic-Tank2","2026-06-20 18:00","0.317"
"Trzic-Tank2","2026-06-20 19:00","0.317"
"Trzic-Tank2","2026-06-20 20:00","0.316"
"Trzic-Tank2","2026-06-20 21:00","0.385"
"Trzic-Tank2","2026-06-20 22:00","0.382"
"Trzic-Tank2","2026-06-20 23:00","0.373"
"Trzic-Tank2","2026-06-21 00:00","0.373"
"Trzic-Tank2","2026-06-21 01:00","0.371"
"Trzic-Tank2","2026-06-21 02:00","0.371"
"Trzic-Tank2","2026-06-21 03:00","0.371"
"Trzic-Tank2","2026-06-21 04:00","0.371"
"Trzic-Tank2","2026-06-21 05:00","0.37"
"Trzic-Tank2","2026-06-21 06:00","0.37"
"Trzic-Tank2","2026-06-21 07:00","0.369"
"Trzic-Tank2","2026-06-21 08:00","0.369"
"Trzic-Tank2","2026-06-21 09:00","0.369"
"Trzic-Tank2","2026-06-21 10:00","0.368"
"Trzic-Tank2","2026-06-21 11:00","0.368"
"Trzic-Tank2","2026-06-21 12:00","0.368"
"Trzic-Tank2","2026-06-21 13:00","0.367"
"Trzic-Tank2","2026-06-21 14:00","0.367"
"Trzic-Tank2","2026-06-21 15:00","0.367"
"Trzic-Tank2","2026-06-21 16:00","0.366"
"Trzic-Tank2","2026-06-21 17:00","0.365"
"Trzic-Tank2","2026-06-21 18:00","0.365"
"Trzic-Tank2","2026-06-21 19:00","0.364"
"Trzic-Tank2","2026-06-21 20:00","0.363"
"Trzic-Tank2","2026-06-21 21:00","0.363"
"Trzic-Tank2","2026-06-21 22:00","0.362"
"Trzic-Tank2","2026-06-21 23:00","0.362"
"Trzic-Tank2","2026-06-22 00:00","0.362"
"Trzic-Tank2","2026-06-22 01:00","0.361"
"Trzic-Tank2","2026-06-22 02:00","0.361"
"Trzic-Tank2","2026-06-22 03:00","0.361"
"Trzic-Tank2","2026-06-22 04:00","0.361"
"Trzic-Tank2","2026-06-22 05:00","0.36"
"Trzic-Tank2","2026-06-22 06:00","0.359"
"Trzic-Tank2","2026-06-22 07:00","0.359"
"Trzic-Tank2","2026-06-22 08:00","0.359"
"Trzic-Tank2","2026-06-22 09:00","0.359"
"Trzic-Tank2","2026-06-22 10:00","0.359"
"Trzic-Tank2","2026-06-22 11:00","0.358"
"Trzic-Tank2","2026-06-22 12:00","0.358"
"Trzic-Tank2","2026-06-22 13:00","0.358"
"Trzic-Tank2","2026-06-22 14:00","0.358"
"Trzic-Tank2","2026-06-22 15:00","0.357"
"Trzic-Tank2","2026-06-22 16:00","0.357"
"Trzic-Tank2","2026-06-22 17:00","0.356"
"Trzic-Tank2","2026-06-22 18:00","0.356"
"Trzic-Tank2","2026-06-22 19:00","0.355"
"Trzic-Tank2","2026-06-22 20:00","0.355"
"Trzic-Tank2","2026-06-22 21:00","0.354"
"Trzic-Tank2","2026-06-22 22:00","0.354"
"Trzic-Tank2","2026-06-22 23:00","0.354"
"Trzic-Tank2","2026-06-23 00:00","0.354"
"Trzic-Tank2","2026-06-23 01:00","0.353"
"Trzic-Tank2","2026-06-23 02:00","0.353"
"Trzic-Tank2","2026-06-23 03:00","0.353"
"Trzic-Tank2","2026-06-23 04:00","0.353"
"Trzic-Tank2","2026-06-23 05:00","0.352"
"Trzic-Tank2","2026-06-23 06:00","0.352"
"Trzic-Tank2","2026-06-23 07:00","0.352"
"Trzic-Tank2","2026-06-23 08:00","0.352"
"Trzic-Tank2","2026-06-23 09:00","0.352"
"Trzic-Tank2","2026-06-23 10:00","0.352"
"Trzic-Tank2","2026-06-23 11:00","0.352"
"Trzic-Tank2","2026-06-23 12:00","0.352"
"Trzic-Tank2","2026-06-23 13:00","0.351"
"Trzic-Tank2","2026-06-23 14:00","0.351"
"Trzic-Tank2","2026-06-23 15:00","0.351"
"Trzic-Tank2","2026-06-23 16:00","0.35"
"Trzic-Tank2","2026-06-23 17:00","0.35"
"Trzic-Tank2","2026-06-23 18:00","0.349"
"Trzic-Tank2","2026-06-23 19:00","0.349"
"Trzic-Tank2","2026-06-23 20:00","0.348"
"Trzic-Tank2","2026-06-23 21:00","0.348"
"Trzic-Tank2","2026-06-23 22:00","0.347"
"Trzic-Tank2","2026-06-23 23:00","0.347"
"Trzic-Tank2","2026-06-24 00:00","0.347"
"Trzic-Tank2","2026-06-24 01:00","0.347"
"Trzic-Tank2","2026-06-24 02:00","0.347"
"Trzic-Tank2","2026-06-24 03:00","0.347"
"Trzic-Tank2","2026-06-24 04:00","0.347"
"Trzic-Tank2","2026-06-24 05:00","0.346"
"Trzic-Tank2","2026-06-24 06:00","0.346"
"Trzic-Tank2","2026-06-24 07:00","0.346"
"Trzic-Tank2","2026-06-24 08:00","0.346"
"Trzic-Tank2","2026-06-24 09:00","0.346"
"Trzic-Tank2","2026-06-24 10:00","0.346"
"Trzic-Tank2","2026-06-24 11:00","0.345"
"Trzic-Tank2","2026-06-24 12:00","0.345"
"Trzic-Tank2","2026-06-24 13:00","0.345"
"Trzic-Tank2","2026-06-24 14:00","0.344"
"Trzic-Tank2","2026-06-24 15:00","0.344"
"Trzic-Tank2","2026-06-24 16:00","0.343"
"Trzic-Tank2","2026-06-24 17:00","0.342"
"Trzic-Tank2","2026-06-24 18:00","0.341"
"Trzic-Tank2","2026-06-24 19:00","0.341"
"Trzic-Tank2","2026-06-24 20:00","0.34"
"Trzic-Tank2","2026-06-24 21:00","0.34"
"Trzic-Tank2","2026-06-24 22:00","0.339"
"Trzic-Tank2","2026-06-24 23:00","0.339"
"Trzic-Tank2","2026-06-25 00:00","0.339"
"Trzic-Tank2","2026-06-25 01:00","0.338"
"Trzic-Tank2","2026-06-25 02:00","0.338"
"Trzic-Tank2","2026-06-25 03:00","0.338"
"Trzic-Tank2","2026-06-25 04:00","0.338"
"Trzic-Tank2","2026-06-25 05:00","0.337"
"Trzic-Tank2","2026-06-25 06:00","0.337"
"Trzic-Tank2","2026-06-25 07:00","0.337"
"Trzic-Tank2","2026-06-25 08:00","0.337"
"Trzic-Tank2","2026-06-25 09:00","0.337"
"Trzic-Tank2","2026-06-25 10:00","0.337"
"Trzic-Tank2","2026-06-25 11:00","0.336"
"Trzic-Tank2","2026-06-25 12:00","0.336"
"Trzic-Tank2","2026-06-25 13:00","0.335"
"Trzic-Tank2","2026-06-25 14:00","0.335"
"Trzic-Tank2","2026-06-25 15:00","0.334"
"Trzic-Tank2","2026-06-25 16:00","0.333"
"Trzic-Tank2","2026-06-25 17:00","0.333"
"Trzic-Tank2","2026-06-25 18:00","0.331"
"Trzic-Tank2","2026-06-25 19:00","0.33"
"Trzic-Tank2","2026-06-25 20:00","0.33"
"Trzic-Tank2","2026-06-25 21:00","0.33"
"Trzic-Tank2","2026-06-25 22:00","0.329"
"Trzic-Tank2","2026-06-25 23:00","0.329"
"Trzic-Tank2","2026-06-26 00:00","0.329"
"Trzic-Tank2","2026-06-26 01:00","0.328"
"Trzic-Tank2","2026-06-26 02:00","0.328"
"Trzic-Tank2","2026-06-26 03:00","0.328"
"Trzic-Tank2","2026-06-26 04:00","0.328"
"Trzic-Tank2","2026-06-26 05:00","0.327"
"Trzic-Tank2","2026-06-26 06:00","0.327"
"Trzic-Tank2","2026-06-26 07:00","0.327"
"Trzic-Tank2","2026-06-26 08:00","0.327"
"Trzic-Tank2","2026-06-26 09:00","0.327"
"Trzic-Tank2","2026-06-26 10:00","0.327"
"Trzic-Tank2","2026-06-26 11:00","0.326"
"Trzic-Tank2","2026-06-26 12:00","0.326"
"Trzic-Tank2","2026-06-26 13:00","0.325"
"Trzic-Tank2","2026-06-26 14:00","0.324"
"Trzic-Tank2","2026-06-26 15:00","0.324"
"Trzic-Tank2","2026-06-26 16:00","0.323"
"Trzic-Tank2","2026-06-26 17:00","0.322"
"Trzic-Tank2","2026-06-26 18:00","0.321"
"Trzic-Tank2","2026-06-26 19:00","0.32"
"Trzic-Tank2","2026-06-26 20:00","0.32"
"Trzic-Tank2","2026-06-26 21:00","0.319"
"Trzic-Tank2","2026-06-26 22:00","0.319"
"Trzic-Tank2","2026-06-26 23:00","0.318"
"Trzic-Tank2","2026-06-27 00:00","0.318"
"Trzic-Tank2","2026-06-27 01:00","0.318"
"Trzic-Tank2","2026-06-27 02:00","0.318"
"Trzic-Tank2","2026-06-27 03:00","0.318"
"Trzic-Tank2","2026-06-27 04:00","0.318"
"Trzic-Tank2","2026-06-27 05:00","0.317"
"Trzic-Tank2","2026-06-27 06:00","0.317"
"Trzic-Tank2","2026-06-27 07:00","0.317"
"Trzic-Tank2","2026-06-27 08:00","0.317"
"Trzic-Tank2","2026-06-27 09:00","0.317"
"Trzic-Tank2","2026-06-27 10:00","0.317"
"Trzic-Tank2","2026-06-27 11:00","0.316"
"Trzic-Tank2","2026-06-27 12:00","0.316"
"Trzic-Tank2","2026-06-27 13:00","0.315"
"Trzic-Tank2","2026-06-27 14:00","0.314"
"Trzic-Tank2","2026-06-27 15:00","0.314"
"Trzic-Tank2","2026-06-27 16:00","0.313"
"Trzic-Tank2","2026-06-27 17:00","0.312"
"Trzic-Tank2","2026-06-27 18:00","0.312"
"Trzic-Tank2","2026-06-27 19:00","0.311"
"Trzic-Tank2","2026-06-27 20:00","0.31"
"Trzic-Tank2","2026-06-27 21:00","0.31"
"Trzic-Tank2","2026-06-27 22:00","0.31"
"Trzic-Tank2","2026-06-27 23:00","0.31"
"Trzic-Tank2","2026-06-28 00:00","0.31"
"Trzic-Tank2","2026-06-28 01:00","0.309"
"Trzic-Tank2","2026-06-28 02:00","0.309"
"Trzic-Tank2","2026-06-28 03:00","0.309"
"Trzic-Tank2","2026-06-28 04:00","0.309"
"Trzic-Tank2","2026-06-28 05:00","0.309"
"Trzic-Tank2","2026-06-28 06:00","0.309"
"Trzic-Tank2","2026-06-28 07:00","0.309"
"Trzic-Tank2","2026-06-28 08:00","0.309"
"Trzic-Tank2","2026-06-28 09:00","0.308"
"Trzic-Tank2","2026-06-28 10:00","0.308"
"Trzic-Tank2","2026-06-28 11:00","0.308"
"Trzic-Tank2","2026-06-28 12:00","0.308"
"Trzic-Tank2","2026-06-28 13:00","0.307"
"Trzic-Tank2","2026-06-28 14:00","0.306"
"Trzic-Tank2","2026-06-28 15:00","0.305"
"Trzic-Tank2","2026-06-28 16:00","0.305"
"Trzic-Tank2","2026-06-28 17:00","0.304"
"Trzic-Tank2","2026-06-28 18:00","0.303"
"Trzic-Tank2","2026-06-28 19:00","0.302"
"Trzic-Tank2","2026-06-28 20:00","0.301"
"Trzic-Tank2","2026-06-28 21:00","0.301"
"Trzic-Tank2","2026-06-28 22:00","0.301"
"Trzic-Tank2","2026-06-28 23:00","0.3"
"Trzic-Tank2","2026-06-29 00:00","0.3"
"Trzic-Tank2","2026-06-29 01:00","0.3"
"Trzic-Tank2","2026-06-29 02:00","0.3"
"Trzic-Tank2","2026-06-29 03:00","0.3"
"Trzic-Tank2","2026-06-29 04:00","0.3"
"Trzic-Tank2","2026-06-29 05:00","0.299"
"Trzic-Tank2","2026-06-29 06:00","0.299"
"Trzic-Tank2","2026-06-29 07:00","0.299"
"Trzic-Tank2","2026-06-29 08:00","0.299"
"Trzic-Tank2","2026-06-29 09:00","0.299"
"Trzic-Tank2","2026-06-29 10:00","0.298"
"Trzic-Tank2","2026-06-29 11:00","0.298"
"Trzic-Tank2","2026-06-29 12:00","0.297"
"Trzic-Tank2","2026-06-29 13:00","0.296"
"Trzic-Tank2","2026-06-29 14:00","0.296"
"Trzic-Tank2","2026-06-29 15:00","0.295"
"Trzic-Tank2","2026-06-29 16:00","0.294"
"Trzic-Tank2","2026-06-29 17:00","0.293"
"Trzic-Tank2","2026-06-29 18:00","0.292"
"Trzic-Tank2","2026-06-29 19:00","0.291"
"Trzic-Tank2","2026-06-29 20:00","0.291"
"Trzic-Tank2","2026-06-29 21:00","0.29"
"Trzic-Tank2","2026-06-29 22:00","0.29"
"Trzic-Tank2","2026-06-29 23:00","0.29"
"Trzic-Tank2","2026-06-30 00:00","0.29"
"Trzic-Tank2","2026-06-30 01:00","0.289"
"Trzic-Tank2","2026-06-30 02:00","0.289"
"Trzic-Tank2","2026-06-30 03:00","0.289"
"Trzic-Tank2","2026-06-30 04:00","0.289"
"Trzic-Tank2","2026-06-30 05:00","0.289"
"Trzic-Tank2","2026-06-30 06:00","0.288"
"Trzic-Tank2","2026-06-30 07:00","0.288"
"Trzic-Tank2","2026-06-30 08:00","0.288"
"Trzic-Tank2","2026-06-30 09:00","0.288"
"Trzic-Tank2","2026-06-30 10:00","0.287"
"Trzic-Tank2","2026-06-30 11:00","0.287"
"Trzic-Tank2","2026-06-30 12:00","0.286"
"Trzic-Tank2","2026-06-30 13:00","0.285"
"Trzic-Tank2","2026-06-30 14:00","0.284"
"Trzic-Tank2","2026-06-30 15:00","0.283"
"Trzic-Tank2","2026-06-30 16:00","0.282"
"Trzic-Tank2","2026-06-30 17:00","0.281"
"Trzic-Tank2","2026-06-30 18:00","0.28"
"Trzic-Tank2","2026-06-30 19:00","0.28"
"Trzic-Tank2","2026-06-30 20:00","0.279"
"Trzic-Tank2","2026-06-30 21:00","0.279"
"Trzic-Tank2","2026-06-30 22:00","0.278"
"Trzic-Tank2","2026-06-30 23:00",
"Trzic-Tank2","2026-07-01 00:00",
"Trzic-Tank2","2026-07-01 01:00",
"Trzic-Tank2","2026-07-01 02:00",
"Trzic-Tank2","2026-07-01 03:00",
"Trzic-Tank2","2026-07-01 04:00",
"Trzic-Tank2","2026-07-01 05:00",
"Trzic-Tank2","2026-07-01 06:00",
"Trzic-Tank2","2026-07-01 07:00",
"Trzic-Tank2","2026-07-01 08:00",
"Trzic-Tank2","2026-07-01 09:00","0.276"
"Trzic-Tank2","2026-07-01 10:00","0.276"
"Trzic-Tank2","2026-07-01 11:00","0.275"
"Trzic-Tank2","2026-07-01 12:00","0.274"
"Trzic-Tank2","2026-07-01 13:00","0.273"
"Trzic-Tank2","2026-07-01 14:00","0.272"
"Trzic-Tank2","2026-07-01 15:00","0.271"
"Trzic-Tank2","2026-07-01 16:00","0.269"
"Trzic-Tank2","2026-07-01 17:00","0.267"
"Trzic-Tank2","2026-07-01 18:00","0.266"
"Trzic-Tank2","2026-07-01 19:00","0.266"
"Trzic-Tank2","2026-07-01 20:00","0.265"
"Trzic-Tank2","2026-07-01 21:00","0.264"
"Trzic-Tank2","2026-07-01 22:00","0.264"
"Trzic-Tank2","2026-07-01 23:00","0.264"
"Trzic-Tank2","2026-07-02 00:00","0.264"
"Trzic-Tank2","2026-07-02 01:00","0.263"
"Trzic-Tank2","2026-07-02 02:00","0.263"
"Trzic-Tank2","2026-07-02 03:00","0.263"
"Trzic-Tank2","2026-07-02 04:00","0.263"
"Trzic-Tank2","2026-07-02 05:00","0.262"
"Trzic-Tank2","2026-07-02 06:00","0.262"
"Trzic-Tank2","2026-07-02 07:00","0.262"
"Trzic-Tank2","2026-07-02 08:00","0.261"
"Trzic-Tank2","2026-07-02 09:00","0.261"
"Trzic-Tank2","2026-07-02 10:00","0.26"
"Trzic-Tank2","2026-07-02 11:00","0.259"
"Trzic-Tank2","2026-07-02 12:00","0.258"
"Trzic-Tank2","2026-07-02 13:00","0.256"
"Trzic-Tank2","2026-07-02 14:00","0.254"
"Trzic-Tank2","2026-07-02 15:00","0.253"
"Trzic-Tank2","2026-07-02 16:00","0.25"
"Trzic-Tank2","2026-07-02 17:00","0.248"
"Trzic-Tank2","2026-07-02 18:00","0.247"
"Trzic-Tank2","2026-07-02 19:00","0.244"
"Trzic-Tank2","2026-07-02 20:00","0.244"
"Trzic-Tank2","2026-07-02 21:00","0.243"
"Trzic-Tank2","2026-07-02 22:00","0.242"
"Trzic-Tank2","2026-07-02 23:00","0.242"
"Trzic-Tank2","2026-07-03 00:00","0.242"
"Trzic-Tank2","2026-07-03 01:00","0.241"
"Trzic-Tank2","2026-07-03 02:00","0.241"
"Trzic-Tank2","2026-07-03 03:00","0.241"
"Trzic-Tank2","2026-07-03 04:00","0.241"
"Trzic-Tank2","2026-07-03 05:00","0.24"
"Trzic-Tank2","2026-07-03 06:00","0.24"
"Trzic-Tank2","2026-07-03 07:00","0.24"
"Trzic-Tank2","2026-07-03 08:00","0.239"
"Trzic-Tank2","2026-07-03 09:00","0.239"
"Trzic-Tank2","2026-07-03 10:00","0.237"
"Trzic-Tank2","2026-07-03 11:00","0.236"
"Trzic-Tank2","2026-07-03 12:00","0.235"
"Trzic-Tank2","2026-07-03 13:00","0.234"
"Trzic-Tank2","2026-07-03 14:00","0.232"
"Trzic-Tank2","2026-07-03 15:00","0.231"
"Trzic-Tank2","2026-07-03 16:00","0.227"
"Trzic-Tank2","2026-07-03 17:00","0.226"
"Trzic-Tank2","2026-07-03 18:00","0.223"
"Trzic-Tank2","2026-07-03 19:00","0.221"
"Trzic-Tank2","2026-07-03 20:00","0.219"
"Trzic-Tank2","2026-07-03 21:00","0.218"
"Trzic-Tank2","2026-07-03 22:00","0.217"
"Trzic-Tank2","2026-07-03 23:00","0.217"
"Trzic-Tank2","2026-07-04 00:00","0.217"
"Trzic-Tank2","2026-07-04 01:00","0.216"
"Trzic-Tank2","2026-07-04 02:00","0.216"
"Trzic-Tank2","2026-07-04 03:00","0.216"
"Trzic-Tank2","2026-07-04 04:00","0.216"
"Trzic-Tank2","2026-07-04 05:00","0.215"
"Trzic-Tank2","2026-07-04 06:00","0.214"
"Trzic-Tank2","2026-07-04 07:00","0.214"
"Trzic-Tank2","2026-07-04 08:00","0.214"
"Trzic-Tank2","2026-07-04 09:00","0.213"
"Trzic-Tank2","2026-07-04 10:00","0.212"
"Trzic-Tank2","2026-07-04 11:00","0.21"
"Trzic-Tank2","2026-07-04 12:00","0.207"
"Trzic-Tank2","2026-07-04 13:00","0.205"
"Trzic-Tank2","2026-07-04 14:00","0.203"
"Trzic-Tank2","2026-07-04 15:00","0.201"
"Trzic-Tank2","2026-07-04 16:00","0.199"
"Trzic-Tank2","2026-07-04 17:00","0.196"
"Trzic-Tank2","2026-07-04 18:00","0.194"
"Trzic-Tank2","2026-07-04 19:00","0.192"
"Trzic-Tank2","2026-07-04 20:00","0.191"
"Trzic-Tank2","2026-07-04 21:00","0.19"
"Trzic-Tank2","2026-07-04 22:00","0.19"
"Trzic-Tank2","2026-07-04 23:00","0.189"
"Trzic-Tank2","2026-07-05 00:00","0.189"
"Trzic-Tank2","2026-07-05 01:00","0.188"
"Trzic-Tank2","2026-07-05 02:00","0.188"
"Trzic-Tank2","2026-07-05 03:00","0.188"
"Trzic-Tank2","2026-07-05 04:00","0.188"
"Trzic-Tank2","2026-07-05 05:00","0.187"
"Trzic-Tank2","2026-07-05 06:00","0.187"
"Trzic-Tank2","2026-07-05 07:00","0.187"
"Trzic-Tank2","2026-07-05 08:00","0.186"
"Trzic-Tank2","2026-07-05 09:00","0.186"
"Trzic-Tank2","2026-07-05 10:00","0.185"
"Trzic-Tank2","2026-07-05 11:00","0.184"
"Trzic-Tank2","2026-07-05 12:00","0.183"
"Trzic-Tank2","2026-07-05 13:00","0.182"
"Trzic-Tank2","2026-07-05 14:00","0.18"
"Trzic-Tank2","2026-07-05 15:00","0.178"
"Trzic-Tank2","2026-07-05 16:00","0.177"
"Trzic-Tank2","2026-07-05 17:00","0.175"
"Trzic-Tank2","2026-07-05 18:00","0.174"
"Trzic-Tank2","2026-07-05 19:00","0.173"
"Trzic-Tank2","2026-07-05 20:00","0.173"
"Trzic-Tank2","2026-07-05 21:00","0.172"
"Trzic-Tank2","2026-07-05 22:00","0.172"
"Trzic-Tank2","2026-07-05 23:00","0.172"
"Trzic-Tank2","2026-07-06 00:00","0.172"
"Trzic-Tank2","2026-07-06 01:00","0.171"
"Trzic-Tank2","2026-07-06 02:00","0.171"
"Trzic-Tank2","2026-07-06 03:00","0.171"
"Trzic-Tank2","2026-07-06 04:00","0.171"
"Trzic-Tank2","2026-07-06 05:00","0.17"
"Trzic-Tank2","2026-07-06 06:00","0.17"
"Trzic-Tank2","2026-07-06 07:00","0.17"
"Trzic-Tank2","2026-07-06 08:00","0.17"
"Trzic-Tank2","2026-07-06 09:00","0.17"
"Trzic-Tank2","2026-07-06 10:00","0.169"
"Trzic-Tank2","2026-07-06 11:00","0.169"
"Trzic-Tank2","2026-07-06 12:00","0.168"
"Trzic-Tank2","2026-07-06 13:00","0.168"
"Trzic-Tank2","2026-07-06 14:00","0.167"
"Trzic-Tank2","2026-07-06 15:00","0.165"
"Trzic-Tank2","2026-07-06 16:00","0.164"
"Trzic-Tank2","2026-07-06 17:00","0.164"
"Trzic-Tank2","2026-07-06 18:00","0.163"
"Trzic-Tank2","2026-07-06 19:00","0.162"
"Trzic-Tank2","2026-07-06 20:00","0.161"
"Trzic-Tank2","2026-07-06 21:00","0.161"
"Trzic-Tank2","2026-07-06 22:00","0.16"
"Trzic-Tank2","2026-07-06 23:00","0.16"
"Trzic-Tank2","2026-07-07 00:00","0.16"
"Trzic-Tank2","2026-07-07 01:00","0.16"
"Trzic-Tank2","2026-07-07 02:00","0.16"
"Trzic-Tank2","2026-07-07 03:00","0.16"
"Trzic-Tank2","2026-07-07 04:00","0.16"
"Trzic-Tank2","2026-07-07 05:00","0.159"
"Trzic-Tank2","2026-07-07 06:00","0.159"
"Trzic-Tank2","2026-07-07 07:00","0.159"
"Trzic-Tank2","2026-07-07 08:00","0.159"
"Trzic-Tank2","2026-07-07 09:00","0.158"
"Trzic-Tank2","2026-07-07 10:00","0.158"
"Trzic-Tank2","2026-07-07 11:00","0.157"
"Trzic-Tank2","2026-07-07 12:00","0.157"
"Trzic-Tank2","2026-07-07 13:00","0.155"
"Trzic-Tank2","2026-07-07 14:00","0.154"
"Trzic-Tank2","2026-07-07 15:00","0.153"
"Trzic-Tank2","2026-07-07 16:00","0.153"
"Trzic-Tank2","2026-07-07 17:00","0.152"
"Trzic-Tank2","2026-07-07 18:00","0.151"
"Trzic-Tank2","2026-07-07 19:00","0.151"
"Trzic-Tank2","2026-07-07 20:00","0.15"
"Trzic-Tank2","2026-07-07 21:00","0.15"
"Trzic-Tank2","2026-07-07 22:00","0.15"
"Trzic-Tank2","2026-07-07 23:00","0.15"
"Trzic-Tank2","2026-07-08 00:00","0.15"
"Trzic-Tank2","2026-07-08 01:00","0.149"
"Trzic-Tank2","2026-07-08 02:00","0.149"
"Trzic-Tank2","2026-07-08 03:00","0.149"
"Trzic-Tank2","2026-07-08 04:00","0.149"
"Trzic-Tank2","2026-07-08 05:00","0.149"
"Trzic-Tank2","2026-07-08 06:00","0.149"
"Trzic-Tank2","2026-07-08 07:00","0.149"
"Trzic-Tank2","2026-07-08 08:00","0.149"
"Trzic-Tank2","2026-07-08 09:00","0.148"
"Trzic-Tank2","2026-07-08 10:00","0.148"
"Trzic-Tank2","2026-07-08 11:00","0.148"
"Trzic-Tank2","2026-07-08 12:00","0.148"
"Trzic-Tank2","2026-07-08 13:00","0.147"
"Trzic-Tank2","2026-07-08 14:00","0.147"
"Trzic-Tank2","2026-07-08 15:00","0.147"
"Trzic-Tank2","2026-07-08 16:00","0.146"
"Trzic-Tank2","2026-07-08 17:00","0.145"
"Trzic-Tank2","2026-07-08 18:00","0.145"
"Trzic-Tank2","2026-07-08 19:00","0.145"
"Trzic-Tank2","2026-07-08 20:00","0.144"
"Trzic-Tank2","2026-07-08 21:00","0.144"
"Trzic-Tank2","2026-07-08 22:00","0.144"
"Trzic-Tank2","2026-07-08 23:00","0.144"
"Trzic-Tank2","2026-07-09 00:00","0.144"
"Trzic-Tank2","2026-07-09 01:00","0.144"
"Trzic-Tank2","2026-07-09 02:00","0.144"
"Trzic-Tank2","2026-07-09 03:00","0.144"
"Trzic-Tank2","2026-07-09 04:00","0.144"
"Trzic-Tank2","2026-07-09 05:00","0.143"
"Trzic-Tank2","2026-07-09 06:00","0.143"
"Trzic-Tank2","2026-07-09 07:00","0.143"
"Trzic-Tank2","2026-07-09 08:00","0.143"
"Trzic-Tank2","2026-07-09 09:00","0.143"
"Trzic-Tank2","2026-07-09 10:00","0.143"
"Trzic-Tank2","2026-07-09 11:00","0.142"
"Trzic-Tank2","2026-07-09 12:00","0.142"
"Trzic-Tank2","2026-07-09 13:00","0.142"
"Trzic-Tank2","2026-07-09 14:00","0.141"
"Trzic-Tank2","2026-07-09 15:00","0.141"
"Trzic-Tank2","2026-07-09 16:00","0.141"
"Trzic-Tank2","2026-07-09 17:00","0.14"
"Trzic-Tank2","2026-07-09 18:00","0.14"
"Trzic-Tank2","2026-07-09 19:00","0.139"
"Trzic-Tank2","2026-07-09 20:00","0.139"
"Trzic-Tank2","2026-07-09 21:00","0.139"
"Trzic-Tank2","2026-07-09 22:00","0.139"
"Trzic-Tank2","2026-07-09 23:00","0.139"
"Trzic-Tank2","2026-07-10 00:00","0.139"
"Trzic-Tank2","2026-07-10 01:00","0.139"
"Trzic-Tank2","2026-07-10 02:00","0.139"
"Trzic-Tank2","2026-07-10 03:00","0.139"
"Trzic-Tank2","2026-07-10 04:00","0.139"
"Trzic-Tank2","2026-07-10 05:00","0.139"
"Trzic-Tank2","2026-07-10 06:00","0.138"
"Trzic-Tank2","2026-07-10 07:00","0.138"
"Trzic-Tank2","2026-07-10 08:00","0.138"
"Trzic-Tank2","2026-07-10 09:00","0.138"
"Trzic-Tank2","2026-07-10 10:00","0.138"
"Trzic-Tank2","2026-07-10 11:00","0.137"
"Trzic-Tank2","2026-07-10 12:00","0.137"
"Trzic-Tank2","2026-07-10 13:00","0.137"
"Trzic-Tank2","2026-07-10 14:00","0.136"
"Trzic-Tank2","2026-07-10 15:00","0.136"
"Trzic-Tank2","2026-07-10 16:00","0.135"
"Trzic-Tank2","2026-07-10 17:00","0.135"
"Trzic-Tank2","2026-07-10 18:00","0.134"
"Trzic-Tank2","2026-07-10 19:00","0.134"
"Trzic-Tank2","2026-07-10 20:00",
"Trzic-Tank2","2026-07-10 21:00","0.134"
"Trzic-Tank2","2026-07-10 22:00","0.133"
"Trzic-Tank2","2026-07-10 23:00","0.133"
"Trzic-Tank2","2026-07-11 00:00","0.133"
"Trzic-Tank2","2026-07-11 01:00","0.133"
"Trzic-Tank2","2026-07-11 02:00","0.133"
"Trzic-Tank2","2026-07-11 03:00","0.133"
"Trzic-Tank2","2026-07-11 04:00","0.133"
"Trzic-Tank2","2026-07-11 05:00","0.133"
"Trzic-Tank2","2026-07-11 06:00","0.133"
"Trzic-Tank2","2026-07-11 07:00","0.133"
"Trzic-Tank2","2026-07-11 08:00","0.133"
"Trzic-Tank2","2026-07-11 09:00","0.133"
"Trzic-Tank2","2026-07-11 10:00","0.133"
"Trzic-Tank2","2026-07-11 11:00","0.132"
"Trzic-Tank2","2026-07-11 12:00","0.132"
"Trzic-Tank2","2026-07-11 13:00","0.132"
"Trzic-Tank2","2026-07-11 14:00","0.131"
"Trzic-Tank2","2026-07-11 15:00","0.131"
"Trzic-Tank2","2026-07-11 16:00","0.131"
"Trzic-Tank2","2026-07-11 17:00","0.13"
"Trzic-Tank2","2026-07-11 18:00","0.13"
"Trzic-Tank2","2026-07-11 19:00","0.13"
"Trzic-Tank2","2026-07-11 20:00","0.13"
"Trzic-Tank2","2026-07-11 21:00","0.13"
"Trzic-Tank2","2026-07-11 22:00","0.13"
"Trzic-Tank2","2026-07-11 23:00","0.13"
"Trzic-Tank2","2026-07-12 00:00","0.13"
"Trzic-Tank2","2026-07-12 01:00","0.13"
"Trzic-Tank2","2026-07-12 02:00","0.13"
"Trzic-Tank2","2026-07-12 03:00","0.13"
"Trzic-Tank2","2026-07-12 04:00","0.13"
"Trzic-Tank2","2026-07-12 05:00","0.13"
"Trzic-Tank2","2026-07-12 06:00","0.13"
"Trzic-Tank2","2026-07-12 07:00","0.13"
"Trzic-Tank2","2026-07-12 08:00","0.13"
"Trzic-Tank2","2026-07-12 09:00","0.13"
"Trzic-Tank2","2026-07-12 10:00","0.13"
"Trzic-Tank2","2026-07-12 11:00","0.13"
"Trzic-Tank2","2026-07-12 12:00","0.13"
"Trzic-Tank2","2026-07-12 13:00","0.13"
"Trzic-Tank2","2026-07-12 14:00","0.13"
"Trzic-Tank2","2026-07-12 15:00","0.129"
"Trzic-Tank2","2026-07-12 16:00","0.129"
"Trzic-Tank2","2026-07-12 17:00","0.129"
"Trzic-Tank2","2026-07-12 18:00","0.129"
"Trzic-Tank2","2026-07-12 19:00","0.129"
"Trzic-Tank2","2026-07-12 20:00","0.129"
"Trzic-Tank2","2026-07-12 21:00","0.129"
"Trzic-Tank2","2026-07-12 22:00","0.129"
"Trzic-Tank2","2026-07-12 23:00","0.129"
"Trzic-Tank2","2026-07-13 00:00","0.129"
"Trzic-Tank2","2026-07-13 01:00","0.129"
"Trzic-Tank2","2026-07-13 02:00","0.129"
"Trzic-Tank2","2026-07-13 03:00","0.129"
"Trzic-Tank2","2026-07-13 04:00","0.129"
"Trzic-Tank2","2026-07-13 05:00","0.129"
"Trzic-Tank2","2026-07-13 06:00","0.129"
"Trzic-Tank2","2026-07-13 07:00","0.129"
"Trzic-Tank2","2026-07-13 08:00","0.129"
"Trzic-Tank2","2026-07-13 09:00","0.129"
"Trzic-Tank2","2026-07-13 10:00","0.129"
"Trzic-Tank2","2026-07-13 11:00","0.129"
"Trzic-Tank2","2026-07-13 12:00","0.129"
"Trzic-Tank2","2026-07-13 13:00","0.129"
"Trzic-Tank2","2026-07-13 14:00","0.129"
"Trzic-Tank2","2026-07-13 15:00","0.129"
"Trzic-Tank2","2026-07-13 16:00","0.129"
"Trzic-Tank2","2026-07-13 17:00","0.129"
"Trzic-Tank2","2026-07-13 18:00","0.129"
"Trzic-Tank2","2026-07-13 19:00","0.129"
"Trzic-Tank2","2026-07-13 20:00","0.129"
"Trzic-Tank2","2026-07-13 21:00","0.129"
"Trzic-Tank2","2026-07-13 22:00","0.129"
"Trzic-Tank2","2026-07-13 23:00","0.129"
"Trzic-Tank2","2026-07-14 00:00","0.129"
"Trzic-Tank2","2026-07-14 01:00","0.129"
"Trzic-Tank2","2026-07-14 02:00","0.129"
"Trzic-Tank2","2026-07-14 03:00","0.129"
"Trzic-Tank2","2026-07-14 04:00","0.129"
"Trzic-Tank2","2026-07-14 05:00","0.129"
"Trzic-Tank2","2026-07-14 06:00","0.129"
"Trzic-Tank2","2026-07-14 07:00","0.129"
"Trzic-Tank2","2026-07-14 08:00","0.129"
"Trzic-Tank2","2026-07-14 09:00","0.129"
"Trzic-Tank2","2026-07-14 10:00","0.129"
"Trzic-Tank2","2026-07-14 11:00","0.129"
"Trzic-Tank2","2026-07-14 12:00","0.129"
"Trzic-Tank2","2026-07-14 13:00","0.129"
"Trzic-Tank2","2026-07-14 14:00","0.129"
"Trzic-Tank2","2026-07-14 15:00","0.129"
"Trzic-Tank2","2026-07-14 16:00","0.129"
"Trzic-Tank2","2026-07-14 17:00","0.129"
"Trzic-Tank2","2026-07-14 18:00","0.13"
"Trzic-Tank2","2026-07-14 19:00","0.129"
"Trzic-Tank2","2026-07-14 20:00","0.129"
"Trzic-Tank2","2026-07-14 21:00","0.129"
"Trzic-Tank2","2026-07-14 22:00","0.129"
"Trzic-Tank2","2026-07-14 23:00","0.129"
"Trzic-Tank2","2026-07-15 00:00","0.129"
"Trzic-Tank2","2026-07-15 01:00","0.129"
"Trzic-Tank2","2026-07-15 02:00","0.129"
"Trzic-Tank2","2026-07-15 03:00","0.129"
"Trzic-Tank2","2026-07-15 04:00","0.129"
"Trzic-Tank2","2026-07-15 05:00","0.129"
"Trzic-Tank2","2026-07-15 06:00","0.129"
"Trzic-Tank2","2026-07-15 07:00","0.129"
"Trzic-Tank2","2026-07-15 08:00","0.129"
"Trzic-Tank2","2026-07-15 09:00","0.129"
"Trzic-Tank2","2026-07-15 10:00","0.129"
"Trzic-Tank2","2026-07-15 11:00","0.129"
"Trzic-Tank2","2026-07-15 12:00","0.129"
"Trzic-Tank2","2026-07-15 13:00","0.129"
"Trzic-Tank2","2026-07-15 14:00","0.129"
"Trzic-Tank2","2026-07-15 15:00","0.129"
"Trzic-Tank2","2026-07-15 16:00","0.129"
"Trzic-Tank2","2026-07-15 17:00","0.129"
"Trzic-Tank2","2026-07-15 18:00","0.129"
"Trzic-Tank2","2026-07-15 19:00","0.129"
"Trzic-Tank2","2026-07-15 20:00","0.129"
"Trzic-Tank2","2026-07-15 21:00","0.129"
"Trzic-Tank2","2026-07-15 22:00","0.129"
"Trzic-Tank2","2026-07-15 23:00","0.129"
"Trzic-Tank2","2026-07-16 00:00","0.129"
"Trzic-Tank2","2026-07-16 01:00","0.129"
"Trzic-Tank2","2026-07-16 02:00","0.129"
"Trzic-Tank2","2026-07-16 03:00","0.129"
"Trzic-Tank2","2026-07-16 04:00","0.129"
"Trzic-Tank2","2026-07-16 05:00","0.129"
"Trzic-Tank2","2026-07-16 06:00","0.129"
"Trzic-Tank2","2026-07-16 07:00","0.129"
"Trzic-Tank2","2026-07-16 08:00","0.129"
"Trzic-Tank2","2026-07-16 09:00","0.129"
"Trzic-Tank2","2026-07-16 10:00","0.129"
"Trzic-Tank2","2026-07-16 11:00","0.129"
"Trzic-Tank2","2026-07-16 12:00","0.129"
"Trzic-Tank2","2026-07-16 13:00","0.129"
"Trzic-Tank2","2026-07-16 14:00","0.129"
"Trzic-Tank2","2026-07-16 15:00","0.129"
"Trzic-Tank2","2026-07-16 16:00","0.129"
"Trzic-Tank2","2026-07-16 17:00","0.129"
"Trzic-Tank2","2026-07-16 18:00","0.129"
"Trzic-Tank2","2026-07-16 19:00","0.129"
"Trzic-Tank2","2026-07-16 20:00","0.129"
"Trzic-Tank2","2026-07-16 21:00","0.129"
"Trzic-Tank2","2026-07-16 22:00","0.129"
"Trzic-Tank2","2026-07-16 23:00","0.129"
"Trzic-Tank2","2026-07-17 00:00","0.129"
"Trzic-Tank2","2026-07-17 01:00","0.129"
"Trzic-Tank2","2026-07-17 02:00","0.129"
"Trzic-Tank2","2026-07-17 03:00","0.129"
"Trzic-Tank2","2026-07-17 04:00","0.129"
"Trzic-Tank2","2026-07-17 05:00","0.129"
"Trzic-Tank2","2026-07-17 06:00","0.129"
"Trzic-Tank2","2026-07-17 07:00","0.129"
"Trzic-Tank2","2026-07-17 08:00","0.129"
"Trzic-Tank2","2026-07-17 09:00","0.129"
"Trzic-Tank2","2026-07-17 10:00","0.129"
"Trzic-Tank2","2026-07-17 11:00","0.129"
"Trzic-Tank2","2026-07-17 12:00","0.129"
"Trzic-Tank2","2026-07-17 13:00","0.129"
"Trzic-Tank2","2026-07-17 14:00","0.129"
"Trzic-Tank2","2026-07-17 15:00","0.129"
"Trzic-Tank2","2026-07-17 16:00","0.129"
"Trzic-Tank2","2026-07-17 17:00","0.129"
"Trzic-Tank2","2026-07-17 18:00","0.129"
"Trzic-Tank2","2026-07-17 19:00","0.129"
"Trzic-Tank2","2026-07-17 20:00","0.129"
"Trzic-Tank2","2026-07-17 21:00","0.129"
"Trzic-Tank2","2026-07-17 22:00","0.129"
"Trzic-Tank2","2026-07-17 23:00","0.129"
"Trzic-Tank2","2026-07-18 00:00","0.129"
"Trzic-Tank2","2026-07-18 01:00","0.129"
"Trzic-Tank2","2026-07-18 02:00","0.129"
"Trzic-Tank2","2026-07-18 03:00","0.129"
"Trzic-Tank2","2026-07-18 04:00","0.129"
"Trzic-Tank2","2026-07-18 05:00","0.129"
"Trzic-Tank2","2026-07-18 06:00","0.129"
"Trzic-Tank2","2026-07-18 07:00","0.129"
"Trzic-Tank2","2026-07-18 08:00","0.129"
"Trzic-Tank2","2026-07-18 09:00","0.129"
"Trzic-Tank2","2026-07-18 10:00","0.129"
"Trzic-Tank2","2026-07-18 11:00","0.129"
"Trzic-Tank2","2026-07-18 12:00","0.129"
"Trzic-Tank2","2026-07-18 13:00","0.129"
"Trzic-Tank2","2026-07-18 14:00","0.129"
"Trzic-Tank2","2026-07-18 15:00","0.129"
"Trzic-Tank2","2026-07-18 16:00","0.129"
"Trzic-Tank2","2026-07-18 17:00","0.129"
"Trzic-Tank2","2026-07-18 18:00","0.128"
"Trzic-Tank2","2026-07-18 19:00","0.133"
"Trzic-Tank2","2026-07-18 20:00","0.151"
"Trzic-Tank2","2026-07-18 21:00","0.175"
"Trzic-Tank2","2026-07-18 22:00","0.264"
"Trzic-Tank2","2026-07-18 23:00","0.27"
"Trzic-Tank2","2026-07-19 00:00","0.27"
"Trzic-Tank2","2026-07-19 01:00","0.281"
"Trzic-Tank2","2026-07-19 02:00","0.281"
"Trzic-Tank2","2026-07-19 03:00","0.281"
"Trzic-Tank2","2026-07-19 04:00","0.281"
"Trzic-Tank2","2026-07-19 05:00","0.289"
"Trzic-Tank2","2026-07-19 06:00","0.291"
"Trzic-Tank2","2026-07-19 07:00","0.291"
"Trzic-Tank2","2026-07-19 08:00","0.292"
"Trzic-Tank2","2026-07-19 09:00","0.293"
"Trzic-Tank2","2026-07-19 10:00","0.294"
"Trzic-Tank2","2026-07-19 11:00","0.294"
"Trzic-Tank2","2026-07-19 12:00","0.295"
"Trzic-Tank2","2026-07-19 13:00","0.295"
"Trzic-Tank2","2026-07-19 14:00","0.295"
"Trzic-Tank2","2026-07-19 15:00","0.295"
"Trzic-Tank2","2026-07-19 16:00","0.295"
"Trzic-Tank2","2026-07-19 17:00","0.296"
"Trzic-Tank2","2026-07-19 18:00","0.296"
"Trzic-Tank2","2026-07-19 19:00","0.296"
"Trzic-Tank2","2026-07-19 20:00","0.296"
"Trzic-Tank2","2026-07-19 21:00","0.296"
"Trzic-Tank2","2026-07-19 22:00","0.296"
"Trzic-Tank2","2026-07-19 23:00","0.296"
"Trzic-Tank2","2026-07-20 00:00","0.296"
"Trzic-Tank2","2026-07-20 01:00",
"Trzic-Tank2","2026-07-20 02:00","0.296"
"Trzic-Tank2","2026-07-20 03:00","0.296"
"Trzic-Tank2","2026-07-20 04:00","0.296"
"Trzic-Tank2","2026-07-20 05:00","0.297"
"Trzic-Tank2","2026-07-20 06:00","0.297"
"Trzic-Tank2","2026-07-20 07:00","0.298"
"Trzic-Tank2","2026-07-20 08:00","0.298"
"Trzic-Tank2","2026-07-20 09:00","0.298"
"Trzic-Tank2","2026-07-20 10:00","0.298"
"Trzic-Tank2","2026-07-20 11:00","0.298"
"Trzic-Tank2","2026-07-20 12:00","0.298"
"Trzic-Tank2","2026-07-20 13:00","0.298"
"Trzic-Tank2","2026-07-20 14:00","0.298"
"Trzic-Tank2","2026-07-20 15:00","0.298"
"Trzic-Tank2","2026-07-20 16:00","0.298"
"Trzic-Tank2","2026-07-20 17:00","0.298"
"Trzic-Tank2","2026-07-20 18:00","0.298"
"Trzic-Tank2","2026-07-20 19:00","0.298"
"Trzic-Tank2","2026-07-20 20:00","0.298"
"Trzic-Tank2","2026-07-20 21:00","0.298"
"Trzic-Tank2","2026-07-20 22:00","0.297"
"Trzic-Tank2","2026-07-20 23:00","0.297"
"Trzic-Tank2","2026-07-21 00:00","0.297"
"Trzic-Tank2","2026-07-21 01:00","0.297"
"Trzic-Tank2","2026-07-21 02:00","0.297"
"Trzic-Tank2","2026-07-21 03:00","0.297"
"Trzic-Tank2","2026-07-21 04:00","0.297"
"Trzic-Tank2","2026-07-21 05:00","0.298"
"Trzic-Tank2","2026-07-21 06:00","0.298"
"Trzic-Tank2","2026-07-21 07:00","0.298"
"Trzic-Tank2","2026-07-21 08:00","0.298"
"Trzic-Tank2","2026-07-21 09:00","0.298"
"Trzic-Tank2","2026-07-21 10:00","0.299"
"Trzic-Tank2","2026-07-21 11:00","0.299"
"Trzic-Tank2","2026-07-21 12:00","0.299"
"Trzic-Tank2","2026-07-21 13:00","0.299"
"Trzic-Tank2","2026-07-21 14:00","0.299"
"Trzic-Tank2","2026-07-21 15:00","0.299"
"Trzic-Tank2","2026-07-21 16:00","0.299"
"Trzic-Tank2","2026-07-21 17:00","0.299"
"Trzic-Tank2","2026-07-21 18:00","0.299"
"Trzic-Tank2","2026-07-21 19:00","0.299"
"Trzic-Tank2","2026-07-21 20:00","0.299"
"Trzic-Tank2","2026-07-21 21:00","0.299"
"Trzic-Tank2","2026-07-21 22:00","0.299"
"Trzic-Tank2","2026-07-21 23:00","0.299"
"Trzic-Tank2","2026-07-22 00:00","0.299"
"Trzic-Tank2","2026-07-22 01:00","0.299"
"Trzic-Tank2","2026-07-22 02:00","0.299"
"Trzic-Tank2","2026-07-22 03:00","0.299"
"Trzic-Tank2","2026-07-22 04:00","0.299"
"Trzic-Tank2","2026-07-22 05:00","0.3"
"Trzic-Tank2","2026-07-22 06:00","0.3"
"Trzic-Tank2","2026-07-22 07:00","0.3"
"Trzic-Tank2","2026-07-22 08:00","0.3"
"Trzic-Tank2","2026-07-22 09:00","0.3"
"Trzic-Tank2","2026-07-22 10:00","0.3"
"Trzic-Tank2","2026-07-22 11:00","0.3"
"Trzic-Tank2","2026-07-22 12:00","0.3"
"Trzic-Tank2","2026-07-22 13:00","0.3"
"Trzic-Tank2","2026-07-22 14:00","0.3"
"Trzic-Tank2","2026-07-22 15:00","0.3"
"Trzic-Tank2","2026-07-22 16:00","0.3"
"Trzic-Tank2","2026-07-22 17:00","0.299"
"Trzic-Tank2","2026-07-22 18:00","0.299"
"Trzic-Tank2","2026-07-22 19:00","0.299"
"Trzic-Tank2","2026-07-22 20:00","0.299"
"Trzic-Tank2","2026-07-22 21:00","0.299"
"Trzic-Tank2","2026-07-22 22:00","0.299"
"Trzic-Tank2","2026-07-22 23:00","0.299"
"Trzic-Tank2","2026-07-23 00:00","0.299"
"Trzic-Tank2","2026-07-23 01:00","0.299"
"Trzic-Tank2","2026-07-23 02:00","0.299"
"Trzic-Tank2","2026-07-23 03:00","0.299"
"Trzic-Tank2","2026-07-23 04:00","0.299"
"Trzic-Tank2","2026-07-23 05:00","0.299"
"Trzic-Tank2","2026-07-23 06:00","0.299"
"Trzic-Tank2","2026-07-23 07:00","0.299"
"Trzic-Tank2","2026-07-23 08:00","0.3"
"Trzic-Tank2","2026-07-23 09:00","0.3"
"Trzic-Tank2","2026-07-23 10:00","0.3"
"Trzic-Tank2","2026-07-23 11:00","0.3"
"Trzic-Tank2","2026-07-23 12:00","0.299"
"Trzic-Tank2","2026-07-23 13:00","0.299"
"Trzic-Tank2","2026-07-23 14:00","0.299"
"Trzic-Tank2","2026-07-23 15:00","0.299"
"Trzic-Tank2","2026-07-23 16:00","0.299"
"Trzic-Tank2","2026-07-23 17:00","0.299"
"Trzic-Tank2","2026-07-23 18:00","0.299"
"Trzic-Tank2","2026-07-23 19:00","0.298"
"Trzic-Tank2","2026-07-23 20:00","0.298"
"Trzic-Tank2","2026-07-23 21:00","0.298"
"Trzic-Tank2","2026-07-23 22:00","0.298"
"Trzic-Tank5","2026-05-27 16:00","0.307"
"Trzic-Tank5","2026-05-27 17:00","0.307"
"Trzic-Tank5","2026-05-27 18:00","0.307"
"Trzic-Tank5","2026-05-27 19:00","0.306"
"Trzic-Tank5","2026-05-27 20:00","0.306"
"Trzic-Tank5","2026-05-27 21:00","0.306"
"Trzic-Tank5","2026-05-27 22:00","0.306"
"Trzic-Tank5","2026-05-27 23:00","0.305"
"Trzic-Tank5","2026-05-28 00:00","0.305"
"Trzic-Tank5","2026-05-28 01:00","0.305"
"Trzic-Tank5","2026-05-28 02:00","0.305"
"Trzic-Tank5","2026-05-28 03:00","0.305"
"Trzic-Tank5","2026-05-28 04:00","0.305"
"Trzic-Tank5","2026-05-28 05:00","0.305"
"Trzic-Tank5","2026-05-28 06:00","0.305"
"Trzic-Tank5","2026-05-28 07:00","0.305"
"Trzic-Tank5","2026-05-28 08:00","0.305"
"Trzic-Tank5","2026-05-28 09:00","0.305"
"Trzic-Tank5","2026-05-28 10:00","0.305"
"Trzic-Tank5","2026-05-28 11:00","0.305"
"Trzic-Tank5","2026-05-28 12:00","0.305"
"Trzic-Tank5","2026-05-28 13:00","0.305"
"Trzic-Tank5","2026-05-28 14:00","0.305"
"Trzic-Tank5","2026-05-28 15:00","0.305"
"Trzic-Tank5","2026-05-28 16:00","0.305"
"Trzic-Tank5","2026-05-28 17:00","0.305"
"Trzic-Tank5","2026-05-28 18:00","0.305"
"Trzic-Tank5","2026-05-28 19:00","0.305"
"Trzic-Tank5","2026-05-28 20:00","0.304"
"Trzic-Tank5","2026-05-28 21:00","0.304"
"Trzic-Tank5","2026-05-28 22:00","0.304"
"Trzic-Tank5","2026-05-28 23:00","0.304"
"Trzic-Tank5","2026-05-29 00:00","0.304"
"Trzic-Tank5","2026-05-29 01:00","0.303"
"Trzic-Tank5","2026-05-29 02:00","0.303"
"Trzic-Tank5","2026-05-29 03:00","0.303"
"Trzic-Tank5","2026-05-29 04:00","0.303"
"Trzic-Tank5","2026-05-29 05:00","0.303"
"Trzic-Tank5","2026-05-29 06:00","0.303"
"Trzic-Tank5","2026-05-29 07:00","0.303"
"Trzic-Tank5","2026-05-29 08:00","0.303"
"Trzic-Tank5","2026-05-29 09:00","0.303"
"Trzic-Tank5","2026-05-29 10:00","0.303"
"Trzic-Tank5","2026-05-29 11:00","0.303"
"Trzic-Tank5","2026-05-29 12:00","0.303"
"Trzic-Tank5","2026-05-29 13:00","0.303"
"Trzic-Tank5","2026-05-29 14:00","0.303"
"Trzic-Tank5","2026-05-29 15:00","0.303"
"Trzic-Tank5","2026-05-29 16:00","0.303"
"Trzic-Tank5","2026-05-29 17:00","0.303"
"Trzic-Tank5","2026-05-29 18:00","0.302"
"Trzic-Tank5","2026-05-29 19:00","0.302"
"Trzic-Tank5","2026-05-29 20:00","0.302"
"Trzic-Tank5","2026-05-29 21:00","0.302"
"Trzic-Tank5","2026-05-29 22:00","0.302"
"Trzic-Tank5","2026-05-29 23:00","0.301"
"Trzic-Tank5","2026-05-30 00:00","0.301"
"Trzic-Tank5","2026-05-30 01:00","0.302"
"Trzic-Tank5","2026-05-30 02:00","0.302"
"Trzic-Tank5","2026-05-30 03:00","0.302"
"Trzic-Tank5","2026-05-30 04:00","0.302"
"Trzic-Tank5","2026-05-30 05:00","0.303"
"Trzic-Tank5","2026-05-30 06:00","0.303"
"Trzic-Tank5","2026-05-30 07:00","0.303"
"Trzic-Tank5","2026-05-30 08:00","0.303"
"Trzic-Tank5","2026-05-30 09:00","0.303"
"Trzic-Tank5","2026-05-30 10:00","0.304"
"Trzic-Tank5","2026-05-30 11:00","0.304"
"Trzic-Tank5","2026-05-30 12:00","0.304"
"Trzic-Tank5","2026-05-30 13:00","0.304"
"Trzic-Tank5","2026-05-30 14:00","0.304"
"Trzic-Tank5","2026-05-30 15:00","0.304"
"Trzic-Tank5","2026-05-30 16:00","0.304"
"Trzic-Tank5","2026-05-30 17:00","0.304"
"Trzic-Tank5","2026-05-30 18:00","0.304"
"Trzic-Tank5","2026-05-30 19:00","0.304"
"Trzic-Tank5","2026-05-30 20:00","0.304"
"Trzic-Tank5","2026-05-30 21:00","0.304"
"Trzic-Tank5","2026-05-30 22:00","0.304"
"Trzic-Tank5","2026-05-30 23:00","0.303"
"Trzic-Tank5","2026-05-31 00:00","0.303"
"Trzic-Tank5","2026-05-31 01:00","0.303"
"Trzic-Tank5","2026-05-31 02:00","0.303"
"Trzic-Tank5","2026-05-31 03:00","0.303"
"Trzic-Tank5","2026-05-31 04:00","0.303"
"Trzic-Tank5","2026-05-31 05:00","0.303"
"Trzic-Tank5","2026-05-31 06:00","0.303"
"Trzic-Tank5","2026-05-31 07:00","0.303"
"Trzic-Tank5","2026-05-31 08:00","0.303"
"Trzic-Tank5","2026-05-31 09:00","0.303"
"Trzic-Tank5","2026-05-31 10:00","0.303"
"Trzic-Tank5","2026-05-31 11:00","0.303"
"Trzic-Tank5","2026-05-31 12:00","0.303"
"Trzic-Tank5","2026-05-31 13:00","0.303"
"Trzic-Tank5","2026-05-31 14:00","0.303"
"Trzic-Tank5","2026-05-31 15:00","0.303"
"Trzic-Tank5","2026-05-31 16:00","0.303"
"Trzic-Tank5","2026-05-31 17:00","0.303"
"Trzic-Tank5","2026-05-31 18:00","0.305"
"Trzic-Tank5","2026-05-31 19:00","0.315"
"Trzic-Tank5","2026-05-31 20:00","0.318"
"Trzic-Tank5","2026-05-31 21:00","0.32"
"Trzic-Tank5","2026-05-31 22:00","0.321"
"Trzic-Tank5","2026-05-31 23:00","0.321"
"Trzic-Tank5","2026-06-01 00:00","0.321"
"Trzic-Tank5","2026-06-01 01:00","0.321"
"Trzic-Tank5","2026-06-01 02:00","0.321"
"Trzic-Tank5","2026-06-01 03:00","0.321"
"Trzic-Tank5","2026-06-01 04:00","0.321"
"Trzic-Tank5","2026-06-01 05:00","0.32"
"Trzic-Tank5","2026-06-01 06:00","0.32"
"Trzic-Tank5","2026-06-01 07:00","0.32"
"Trzic-Tank5","2026-06-01 08:00","0.32"
"Trzic-Tank5","2026-06-01 09:00","0.32"
"Trzic-Tank5","2026-06-01 10:00","0.32"
"Trzic-Tank5","2026-06-01 11:00","0.32"
"Trzic-Tank5","2026-06-01 12:00","0.32"
"Trzic-Tank5","2026-06-01 13:00","0.32"
"Trzic-Tank5","2026-06-01 14:00","0.32"
"Trzic-Tank5","2026-06-01 15:00","0.32"
"Trzic-Tank5","2026-06-01 16:00","0.32"
"Trzic-Tank5","2026-06-01 17:00","0.319"
"Trzic-Tank5","2026-06-01 18:00","0.319"
"Trzic-Tank5","2026-06-01 19:00","0.319"
"Trzic-Tank5","2026-06-01 20:00","0.318"
"Trzic-Tank5","2026-06-01 21:00","0.318"
"Trzic-Tank5","2026-06-01 22:00","0.318"
"Trzic-Tank5","2026-06-01 23:00","0.317"
"Trzic-Tank5","2026-06-02 00:00","0.317"
"Trzic-Tank5","2026-06-02 01:00","0.317"
"Trzic-Tank5","2026-06-02 02:00","0.317"
"Trzic-Tank5","2026-06-02 03:00","0.317"
"Trzic-Tank5","2026-06-02 04:00","0.317"
"Trzic-Tank5","2026-06-02 05:00","0.316"
"Trzic-Tank5","2026-06-02 06:00","0.316"
"Trzic-Tank5","2026-06-02 07:00","0.316"
"Trzic-Tank5","2026-06-02 08:00","0.316"
"Trzic-Tank5","2026-06-02 09:00","0.316"
"Trzic-Tank5","2026-06-02 10:00","0.316"
"Trzic-Tank5","2026-06-02 11:00","0.316"
"Trzic-Tank5","2026-06-02 12:00","0.316"
"Trzic-Tank5","2026-06-02 13:00","0.316"
"Trzic-Tank5","2026-06-02 14:00","0.316"
"Trzic-Tank5","2026-06-02 15:00","0.316"
"Trzic-Tank5","2026-06-02 16:00","0.315"
"Trzic-Tank5","2026-06-02 17:00","0.315"
"Trzic-Tank5","2026-06-02 18:00","0.315"
"Trzic-Tank5","2026-06-02 19:00","0.315"
"Trzic-Tank5","2026-06-02 20:00","0.314"
"Trzic-Tank5","2026-06-02 21:00","0.314"
"Trzic-Tank5","2026-06-02 22:00","0.314"
"Trzic-Tank5","2026-06-02 23:00","0.313"
"Trzic-Tank5","2026-06-03 00:00","0.313"
"Trzic-Tank5","2026-06-03 01:00","0.313"
"Trzic-Tank5","2026-06-03 02:00","0.313"
"Trzic-Tank5","2026-06-03 03:00","0.313"
"Trzic-Tank5","2026-06-03 04:00","0.313"
"Trzic-Tank5","2026-06-03 05:00","0.312"
"Trzic-Tank5","2026-06-03 06:00","0.312"
"Trzic-Tank5","2026-06-03 07:00","0.315"
"Trzic-Tank5","2026-06-03 08:00","0.324"
"Trzic-Tank5","2026-06-03 09:00","0.334"
"Trzic-Tank5","2026-06-03 10:00","0.334"
"Trzic-Tank5","2026-06-03 11:00","0.334"
"Trzic-Tank5","2026-06-03 12:00","0.334"
"Trzic-Tank5","2026-06-03 13:00","0.333"
"Trzic-Tank5","2026-06-03 14:00","0.333"
"Trzic-Tank5","2026-06-03 15:00","0.332"
"Trzic-Tank5","2026-06-03 16:00","0.331"
"Trzic-Tank5","2026-06-03 17:00","0.331"
"Trzic-Tank5","2026-06-03 18:00","0.33"
"Trzic-Tank5","2026-06-03 19:00","0.33"
"Trzic-Tank5","2026-06-03 20:00","0.33"
"Trzic-Tank5","2026-06-03 21:00","0.329"
"Trzic-Tank5","2026-06-03 22:00","0.329"
"Trzic-Tank5","2026-06-03 23:00","0.328"
"Trzic-Tank5","2026-06-04 00:00","0.328"
"Trzic-Tank5","2026-06-04 01:00","0.328"
"Trzic-Tank5","2026-06-04 02:00","0.328"
"Trzic-Tank5","2026-06-04 03:00","0.328"
"Trzic-Tank5","2026-06-04 04:00","0.328"
"Trzic-Tank5","2026-06-04 05:00","0.327"
"Trzic-Tank5","2026-06-04 06:00","0.327"
"Trzic-Tank5","2026-06-04 07:00","0.327"
"Trzic-Tank5","2026-06-04 08:00","0.327"
"Trzic-Tank5","2026-06-04 09:00","0.327"
"Trzic-Tank5","2026-06-04 10:00","0.327"
"Trzic-Tank5","2026-06-04 11:00","0.327"
"Trzic-Tank5","2026-06-04 12:00","0.327"
"Trzic-Tank5","2026-06-04 13:00","0.327"
"Trzic-Tank5","2026-06-04 14:00","0.327"
"Trzic-Tank5","2026-06-04 15:00","0.327"
"Trzic-Tank5","2026-06-04 16:00","0.327"
"Trzic-Tank5","2026-06-04 17:00","0.326"
"Trzic-Tank5","2026-06-04 18:00","0.326"
"Trzic-Tank5","2026-06-04 19:00","0.326"
"Trzic-Tank5","2026-06-04 20:00","0.326"
"Trzic-Tank5","2026-06-04 21:00","0.325"
"Trzic-Tank5","2026-06-04 22:00","0.325"
"Trzic-Tank5","2026-06-04 23:00","0.325"
"Trzic-Tank5","2026-06-05 00:00","0.325"
"Trzic-Tank5","2026-06-05 01:00","0.324"
"Trzic-Tank5","2026-06-05 02:00","0.324"
"Trzic-Tank5","2026-06-05 03:00","0.324"
"Trzic-Tank5","2026-06-05 04:00","0.324"
"Trzic-Tank5","2026-06-05 05:00","0.324"
"Trzic-Tank5","2026-06-05 06:00","0.323"
"Trzic-Tank5","2026-06-05 07:00","0.323"
"Trzic-Tank5","2026-06-05 08:00","0.323"
"Trzic-Tank5","2026-06-05 09:00","0.323"
"Trzic-Tank5","2026-06-05 10:00","0.323"
"Trzic-Tank5","2026-06-05 11:00","0.323"
"Trzic-Tank5","2026-06-05 12:00","0.323"
"Trzic-Tank5","2026-06-05 13:00","0.323"
"Trzic-Tank5","2026-06-05 14:00","0.324"
"Trzic-Tank5","2026-06-05 15:00","0.327"
"Trzic-Tank5","2026-06-05 16:00","0.329"
"Trzic-Tank5","2026-06-05 17:00","0.331"
"Trzic-Tank5","2026-06-05 18:00","0.333"
"Trzic-Tank5","2026-06-05 19:00","0.333"
"Trzic-Tank5","2026-06-05 20:00","0.333"
"Trzic-Tank5","2026-06-05 21:00","0.333"
"Trzic-Tank5","2026-06-05 22:00","0.332"
"Trzic-Tank5","2026-06-05 23:00","0.332"
"Trzic-Tank5","2026-06-06 00:00","0.332"
"Trzic-Tank5","2026-06-06 01:00","0.331"
"Trzic-Tank5","2026-06-06 02:00","0.331"
"Trzic-Tank5","2026-06-06 03:00","0.331"
"Trzic-Tank5","2026-06-06 04:00","0.331"
"Trzic-Tank5","2026-06-06 05:00","0.33"
"Trzic-Tank5","2026-06-06 06:00","0.33"
"Trzic-Tank5","2026-06-06 07:00","0.33"
"Trzic-Tank5","2026-06-06 08:00","0.33"
"Trzic-Tank5","2026-06-06 09:00","0.33"
"Trzic-Tank5","2026-06-06 10:00","0.33"
"Trzic-Tank5","2026-06-06 11:00","0.33"
"Trzic-Tank5","2026-06-06 12:00","0.329"
"Trzic-Tank5","2026-06-06 13:00","0.329"
"Trzic-Tank5","2026-06-06 14:00","0.329"
"Trzic-Tank5","2026-06-06 15:00","0.329"
"Trzic-Tank5","2026-06-06 16:00","0.329"
"Trzic-Tank5","2026-06-06 17:00","0.328"
"Trzic-Tank5","2026-06-06 18:00","0.328"
"Trzic-Tank5","2026-06-06 19:00","0.328"
"Trzic-Tank5","2026-06-06 20:00","0.328"
"Trzic-Tank5","2026-06-06 21:00","0.327"
"Trzic-Tank5","2026-06-06 22:00","0.327"
"Trzic-Tank5","2026-06-06 23:00","0.327"
"Trzic-Tank5","2026-06-07 00:00","0.327"
"Trzic-Tank5","2026-06-07 01:00","0.326"
"Trzic-Tank5","2026-06-07 02:00","0.326"
"Trzic-Tank5","2026-06-07 03:00","0.326"
"Trzic-Tank5","2026-06-07 04:00","0.326"
"Trzic-Tank5","2026-06-07 05:00","0.326"
"Trzic-Tank5","2026-06-07 06:00","0.326"
"Trzic-Tank5","2026-06-07 07:00","0.325"
"Trzic-Tank5","2026-06-07 08:00","0.325"
"Trzic-Tank5","2026-06-07 09:00","0.325"
"Trzic-Tank5","2026-06-07 10:00","0.325"
"Trzic-Tank5","2026-06-07 11:00","0.325"
"Trzic-Tank5","2026-06-07 12:00","0.325"
"Trzic-Tank5","2026-06-07 13:00","0.325"
"Trzic-Tank5","2026-06-07 14:00","0.325"
"Trzic-Tank5","2026-06-07 15:00","0.325"
"Trzic-Tank5","2026-06-07 16:00","0.325"
"Trzic-Tank5","2026-06-07 17:00","0.325"
"Trzic-Tank5","2026-06-07 18:00","0.324"
"Trzic-Tank5","2026-06-07 19:00","0.324"
"Trzic-Tank5","2026-06-07 20:00","0.324"
"Trzic-Tank5","2026-06-07 21:00","0.324"
"Trzic-Tank5","2026-06-07 22:00","0.323"
"Trzic-Tank5","2026-06-07 23:00","0.323"
"Trzic-Tank5","2026-06-08 00:00","0.323"
"Trzic-Tank5","2026-06-08 01:00","0.323"
"Trzic-Tank5","2026-06-08 02:00","0.323"
"Trzic-Tank5","2026-06-08 03:00","0.323"
"Trzic-Tank5","2026-06-08 04:00","0.323"
"Trzic-Tank5","2026-06-08 05:00","0.322"
"Trzic-Tank5","2026-06-08 06:00","0.322"
"Trzic-Tank5","2026-06-08 07:00","0.322"
"Trzic-Tank5","2026-06-08 08:00","0.322"
"Trzic-Tank5","2026-06-08 09:00","0.322"
"Trzic-Tank5","2026-06-08 10:00","0.322"
"Trzic-Tank5","2026-06-08 11:00","0.322"
"Trzic-Tank5","2026-06-08 12:00","0.322"
"Trzic-Tank5","2026-06-08 13:00","0.322"
"Trzic-Tank5","2026-06-08 14:00","0.322"
"Trzic-Tank5","2026-06-08 15:00","0.321"
"Trzic-Tank5","2026-06-08 16:00","0.321"
"Trzic-Tank5","2026-06-08 17:00","0.321"
"Trzic-Tank5","2026-06-08 18:00","0.321"
"Trzic-Tank5","2026-06-08 19:00","0.321"
"Trzic-Tank5","2026-06-08 20:00","0.32"
"Trzic-Tank5","2026-06-08 21:00","0.32"
"Trzic-Tank5","2026-06-08 22:00","0.32"
"Trzic-Tank5","2026-06-08 23:00","0.32"
"Trzic-Tank5","2026-06-09 00:00","0.32"
"Trzic-Tank5","2026-06-09 01:00","0.319"
"Trzic-Tank5","2026-06-09 02:00","0.319"
"Trzic-Tank5","2026-06-09 03:00","0.319"
"Trzic-Tank5","2026-06-09 04:00","0.319"
"Trzic-Tank5","2026-06-09 05:00","0.319"
"Trzic-Tank5","2026-06-09 06:00","0.319"
"Trzic-Tank5","2026-06-09 07:00","0.319"
"Trzic-Tank5","2026-06-09 08:00","0.319"
"Trzic-Tank5","2026-06-09 09:00","0.319"
"Trzic-Tank5","2026-06-09 10:00","0.319"
"Trzic-Tank5","2026-06-09 11:00","0.319"
"Trzic-Tank5","2026-06-09 12:00","0.319"
"Trzic-Tank5","2026-06-09 13:00","0.319"
"Trzic-Tank5","2026-06-09 14:00","0.318"
"Trzic-Tank5","2026-06-09 15:00","0.318"
"Trzic-Tank5","2026-06-09 16:00","0.318"
"Trzic-Tank5","2026-06-09 17:00","0.318"
"Trzic-Tank5","2026-06-09 18:00","0.318"
"Trzic-Tank5","2026-06-09 19:00","0.318"
"Trzic-Tank5","2026-06-09 20:00","0.318"
"Trzic-Tank5","2026-06-09 21:00","0.318"
"Trzic-Tank5","2026-06-09 22:00","0.318"
"Trzic-Tank5","2026-06-09 23:00","0.317"
"Trzic-Tank5","2026-06-10 00:00","0.317"
"Trzic-Tank5","2026-06-10 01:00","0.317"
"Trzic-Tank5","2026-06-10 02:00","0.317"
"Trzic-Tank5","2026-06-10 03:00","0.317"
"Trzic-Tank5","2026-06-10 04:00","0.317"
"Trzic-Tank5","2026-06-10 05:00","0.317"
"Trzic-Tank5","2026-06-10 06:00","0.317"
"Trzic-Tank5","2026-06-10 07:00","0.317"
"Trzic-Tank5","2026-06-10 08:00","0.317"
"Trzic-Tank5","2026-06-10 09:00","0.319"
"Trzic-Tank5","2026-06-10 10:00","0.325"
"Trzic-Tank5","2026-06-10 11:00","0.333"
"Trzic-Tank5","2026-06-10 12:00","0.332"
"Trzic-Tank5","2026-06-10 13:00","0.332"
"Trzic-Tank5","2026-06-10 14:00","0.332"
"Trzic-Tank5","2026-06-10 15:00","0.331"
"Trzic-Tank5","2026-06-10 16:00","0.331"
"Trzic-Tank5","2026-06-10 17:00","0.331"
"Trzic-Tank5","2026-06-10 18:00","0.33"
"Trzic-Tank5","2026-06-10 19:00","0.33"
"Trzic-Tank5","2026-06-10 20:00","0.33"
"Trzic-Tank5","2026-06-10 21:00","0.332"
"Trzic-Tank5","2026-06-10 22:00","0.343"
"Trzic-Tank5","2026-06-10 23:00","0.342"
"Trzic-Tank5","2026-06-11 00:00","0.342"
"Trzic-Tank5","2026-06-11 01:00","0.348"
"Trzic-Tank5","2026-06-11 02:00","0.348"
"Trzic-Tank5","2026-06-11 03:00","0.348"
"Trzic-Tank5","2026-06-11 04:00","0.348"
"Trzic-Tank5","2026-06-11 05:00","0.344"
"Trzic-Tank5","2026-06-11 06:00","0.344"
"Trzic-Tank5","2026-06-11 07:00","0.343"
"Trzic-Tank5","2026-06-11 08:00","0.343"
"Trzic-Tank5","2026-06-11 09:00","0.342"
"Trzic-Tank5","2026-06-11 10:00","0.342"
"Trzic-Tank5","2026-06-11 11:00","0.342"
"Trzic-Tank5","2026-06-11 12:00","0.341"
"Trzic-Tank5","2026-06-11 13:00","0.341"
"Trzic-Tank5","2026-06-11 14:00","0.341"
"Trzic-Tank5","2026-06-11 15:00","0.341"
"Trzic-Tank5","2026-06-11 16:00","0.34"
"Trzic-Tank5","2026-06-11 17:00","0.34"
"Trzic-Tank5","2026-06-11 18:00","0.34"
"Trzic-Tank5","2026-06-11 19:00","0.34"
"Trzic-Tank5","2026-06-11 20:00","0.339"
"Trzic-Tank5","2026-06-11 21:00","0.339"
"Trzic-Tank5","2026-06-11 22:00","0.339"
"Trzic-Tank5","2026-06-11 23:00","0.338"
"Trzic-Tank5","2026-06-12 00:00","0.338"
"Trzic-Tank5","2026-06-12 01:00","0.338"
"Trzic-Tank5","2026-06-12 02:00","0.338"
"Trzic-Tank5","2026-06-12 03:00","0.338"
"Trzic-Tank5","2026-06-12 04:00","0.338"
"Trzic-Tank5","2026-06-12 05:00","0.337"
"Trzic-Tank5","2026-06-12 06:00","0.337"
"Trzic-Tank5","2026-06-12 07:00","0.337"
"Trzic-Tank5","2026-06-12 08:00","0.337"
"Trzic-Tank5","2026-06-12 09:00","0.337"
"Trzic-Tank5","2026-06-12 10:00","0.337"
"Trzic-Tank5","2026-06-12 11:00","0.337"
"Trzic-Tank5","2026-06-12 12:00","0.337"
"Trzic-Tank5","2026-06-12 13:00","0.337"
"Trzic-Tank5","2026-06-12 14:00","0.337"
"Trzic-Tank5","2026-06-12 15:00","0.337"
"Trzic-Tank5","2026-06-12 16:00","0.336"
"Trzic-Tank5","2026-06-12 17:00","0.336"
"Trzic-Tank5","2026-06-12 18:00","0.336"
"Trzic-Tank5","2026-06-12 19:00","0.336"
"Trzic-Tank5","2026-06-12 20:00","0.335"
"Trzic-Tank5","2026-06-12 21:00","0.335"
"Trzic-Tank5","2026-06-12 22:00","0.335"
"Trzic-Tank5","2026-06-12 23:00","0.334"
"Trzic-Tank5","2026-06-13 00:00","0.334"
"Trzic-Tank5","2026-06-13 01:00","0.334"
"Trzic-Tank5","2026-06-13 02:00","0.334"
"Trzic-Tank5","2026-06-13 03:00","0.334"
"Trzic-Tank5","2026-06-13 04:00","0.334"
"Trzic-Tank5","2026-06-13 05:00","0.333"
"Trzic-Tank5","2026-06-13 06:00","0.333"
"Trzic-Tank5","2026-06-13 07:00","0.333"
"Trzic-Tank5","2026-06-13 08:00","0.333"
"Trzic-Tank5","2026-06-13 09:00","0.333"
"Trzic-Tank5","2026-06-13 10:00","0.333"
"Trzic-Tank5","2026-06-13 11:00","0.333"
"Trzic-Tank5","2026-06-13 12:00","0.333"
"Trzic-Tank5","2026-06-13 13:00","0.333"
"Trzic-Tank5","2026-06-13 14:00","0.333"
"Trzic-Tank5","2026-06-13 15:00","0.333"
"Trzic-Tank5","2026-06-13 16:00","0.333"
"Trzic-Tank5","2026-06-13 17:00","0.332"
"Trzic-Tank5","2026-06-13 18:00","0.332"
"Trzic-Tank5","2026-06-13 19:00","0.332"
"Trzic-Tank5","2026-06-13 20:00","0.332"
"Trzic-Tank5","2026-06-13 21:00","0.331"
"Trzic-Tank5","2026-06-13 22:00","0.331"
"Trzic-Tank5","2026-06-13 23:00","0.331"
"Trzic-Tank5","2026-06-14 00:00","0.331"
"Trzic-Tank5","2026-06-14 01:00","0.33"
"Trzic-Tank5","2026-06-14 02:00","0.33"
"Trzic-Tank5","2026-06-14 03:00","0.33"
"Trzic-Tank5","2026-06-14 04:00","0.33"
"Trzic-Tank5","2026-06-14 05:00","0.329"
"Trzic-Tank5","2026-06-14 06:00","0.329"
"Trzic-Tank5","2026-06-14 07:00","0.329"
"Trzic-Tank5","2026-06-14 08:00","0.329"
"Trzic-Tank5","2026-06-14 09:00","0.329"
"Trzic-Tank5","2026-06-14 10:00","0.329"
"Trzic-Tank5","2026-06-14 11:00","0.329"
"Trzic-Tank5","2026-06-14 12:00","0.329"
"Trzic-Tank5","2026-06-14 13:00","0.329"
"Trzic-Tank5","2026-06-14 14:00","0.329"
"Trzic-Tank5","2026-06-14 15:00","0.329"
"Trzic-Tank5","2026-06-14 16:00","0.329"
"Trzic-Tank5","2026-06-14 17:00","0.329"
"Trzic-Tank5","2026-06-14 18:00","0.328"
"Trzic-Tank5","2026-06-14 19:00","0.328"
"Trzic-Tank5","2026-06-14 20:00","0.328"
"Trzic-Tank5","2026-06-14 21:00","0.327"
"Trzic-Tank5","2026-06-14 22:00","0.327"
"Trzic-Tank5","2026-06-14 23:00","0.327"
"Trzic-Tank5","2026-06-15 00:00","0.327"
"Trzic-Tank5","2026-06-15 01:00","0.326"
"Trzic-Tank5","2026-06-15 02:00","0.326"
"Trzic-Tank5","2026-06-15 03:00","0.326"
"Trzic-Tank5","2026-06-15 04:00","0.326"
"Trzic-Tank5","2026-06-15 05:00","0.326"
"Trzic-Tank5","2026-06-15 06:00","0.326"
"Trzic-Tank5","2026-06-15 07:00","0.326"
"Trzic-Tank5","2026-06-15 08:00","0.326"
"Trzic-Tank5","2026-06-15 09:00","0.326"
"Trzic-Tank5","2026-06-15 10:00","0.326"
"Trzic-Tank5","2026-06-15 11:00","0.326"
"Trzic-Tank5","2026-06-15 12:00","0.326"
"Trzic-Tank5","2026-06-15 13:00","0.326"
"Trzic-Tank5","2026-06-15 14:00","0.326"
"Trzic-Tank5","2026-06-15 15:00","0.326"
"Trzic-Tank5","2026-06-15 16:00","0.326"
"Trzic-Tank5","2026-06-15 17:00","0.326"
"Trzic-Tank5","2026-06-15 18:00","0.326"
"Trzic-Tank5","2026-06-15 19:00","0.326"
"Trzic-Tank5","2026-06-15 20:00","0.326"
"Trzic-Tank5","2026-06-15 21:00","0.326"
"Trzic-Tank5","2026-06-15 22:00","0.326"
"Trzic-Tank5","2026-06-15 23:00","0.326"
"Trzic-Tank5","2026-06-16 00:00","0.326"
"Trzic-Tank5","2026-06-16 01:00","0.325"
"Trzic-Tank5","2026-06-16 02:00","0.325"
"Trzic-Tank5","2026-06-16 03:00","0.325"
"Trzic-Tank5","2026-06-16 04:00","0.325"
"Trzic-Tank5","2026-06-16 05:00","0.325"
"Trzic-Tank5","2026-06-16 06:00","0.325"
"Trzic-Tank5","2026-06-16 07:00","0.325"
"Trzic-Tank5","2026-06-16 08:00","0.325"
"Trzic-Tank5","2026-06-16 09:00","0.325"
"Trzic-Tank5","2026-06-16 10:00","0.325"
"Trzic-Tank5","2026-06-16 11:00","0.325"
"Trzic-Tank5","2026-06-16 12:00","0.325"
"Trzic-Tank5","2026-06-16 13:00","0.325"
"Trzic-Tank5","2026-06-16 14:00","0.325"
"Trzic-Tank5","2026-06-16 15:00","0.325"
"Trzic-Tank5","2026-06-16 16:00","0.325"
"Trzic-Tank5","2026-06-16 17:00","0.325"
"Trzic-Tank5","2026-06-16 18:00","0.324"
"Trzic-Tank5","2026-06-16 19:00","0.324"
"Trzic-Tank5","2026-06-16 20:00","0.324"
"Trzic-Tank5","2026-06-16 21:00","0.323"
"Trzic-Tank5","2026-06-16 22:00","0.323"
"Trzic-Tank5","2026-06-16 23:00","0.323"
"Trzic-Tank5","2026-06-17 00:00","0.323"
"Trzic-Tank5","2026-06-17 01:00","0.322"
"Trzic-Tank5","2026-06-17 02:00","0.322"
"Trzic-Tank5","2026-06-17 03:00","0.322"
"Trzic-Tank5","2026-06-17 04:00","0.322"
"Trzic-Tank5","2026-06-17 05:00","0.322"
"Trzic-Tank5","2026-06-17 06:00","0.322"
"Trzic-Tank5","2026-06-17 07:00","0.322"
"Trzic-Tank5","2026-06-17 08:00","0.322"
"Trzic-Tank5","2026-06-17 09:00","0.322"
"Trzic-Tank5","2026-06-17 10:00","0.322"
"Trzic-Tank5","2026-06-17 11:00","0.322"
"Trzic-Tank5","2026-06-17 12:00","0.322"
"Trzic-Tank5","2026-06-17 13:00","0.322"
"Trzic-Tank5","2026-06-17 14:00","0.322"
"Trzic-Tank5","2026-06-17 15:00","0.322"
"Trzic-Tank5","2026-06-17 16:00","0.322"
"Trzic-Tank5","2026-06-17 17:00","0.321"
"Trzic-Tank5","2026-06-17 18:00","0.321"
"Trzic-Tank5","2026-06-17 19:00","0.321"
"Trzic-Tank5","2026-06-17 20:00","0.32"
"Trzic-Tank5","2026-06-17 21:00","0.32"
"Trzic-Tank5","2026-06-17 22:00","0.32"
"Trzic-Tank5","2026-06-17 23:00","0.32"
"Trzic-Tank5","2026-06-18 00:00","0.32"
"Trzic-Tank5","2026-06-18 01:00","0.319"
"Trzic-Tank5","2026-06-18 02:00","0.319"
"Trzic-Tank5","2026-06-18 03:00","0.319"
"Trzic-Tank5","2026-06-18 04:00","0.319"
"Trzic-Tank5","2026-06-18 05:00","0.319"
"Trzic-Tank5","2026-06-18 06:00","0.319"
"Trzic-Tank5","2026-06-18 07:00","0.319"
"Trzic-Tank5","2026-06-18 08:00","0.319"
"Trzic-Tank5","2026-06-18 09:00","0.319"
"Trzic-Tank5","2026-06-18 10:00","0.319"
"Trzic-Tank5","2026-06-18 11:00","0.319"
"Trzic-Tank5","2026-06-18 12:00","0.318"
"Trzic-Tank5","2026-06-18 13:00","0.318"
"Trzic-Tank5","2026-06-18 14:00","0.318"
"Trzic-Tank5","2026-06-18 15:00","0.317"
"Trzic-Tank5","2026-06-18 16:00","0.317"
"Trzic-Tank5","2026-06-18 17:00","0.317"
"Trzic-Tank5","2026-06-18 18:00","0.316"
"Trzic-Tank5","2026-06-18 19:00","0.316"
"Trzic-Tank5","2026-06-18 20:00","0.316"
"Trzic-Tank5","2026-06-18 21:00","0.315"
"Trzic-Tank5","2026-06-18 22:00","0.315"
"Trzic-Tank5","2026-06-18 23:00","0.315"
"Trzic-Tank5","2026-06-19 00:00","0.315"
"Trzic-Tank5","2026-06-19 01:00","0.314"
"Trzic-Tank5","2026-06-19 02:00","0.314"
"Trzic-Tank5","2026-06-19 03:00","0.314"
"Trzic-Tank5","2026-06-19 04:00","0.314"
"Trzic-Tank5","2026-06-19 05:00","0.314"
"Trzic-Tank5","2026-06-19 06:00","0.314"
"Trzic-Tank5","2026-06-19 07:00","0.314"
"Trzic-Tank5","2026-06-19 08:00","0.314"
"Trzic-Tank5","2026-06-19 09:00","0.314"
"Trzic-Tank5","2026-06-19 10:00","0.314"
"Trzic-Tank5","2026-06-19 11:00","0.314"
"Trzic-Tank5","2026-06-19 12:00","0.314"
"Trzic-Tank5","2026-06-19 13:00","0.313"
"Trzic-Tank5","2026-06-19 14:00","0.313"
"Trzic-Tank5","2026-06-19 15:00","0.313"
"Trzic-Tank5","2026-06-19 16:00","0.312"
"Trzic-Tank5","2026-06-19 17:00","0.312"
"Trzic-Tank5","2026-06-19 18:00","0.311"
"Trzic-Tank5","2026-06-19 19:00","0.311"
"Trzic-Tank5","2026-06-19 20:00","0.31"
"Trzic-Tank5","2026-06-19 21:00","0.31"
"Trzic-Tank5","2026-06-19 22:00","0.31"
"Trzic-Tank5","2026-06-19 23:00","0.309"
"Trzic-Tank5","2026-06-20 00:00","0.309"
"Trzic-Tank5","2026-06-20 01:00","0.309"
"Trzic-Tank5","2026-06-20 02:00","0.309"
"Trzic-Tank5","2026-06-20 03:00","0.309"
"Trzic-Tank5","2026-06-20 04:00","0.309"
"Trzic-Tank5","2026-06-20 05:00","0.308"
"Trzic-Tank5","2026-06-20 06:00","0.308"
"Trzic-Tank5","2026-06-20 07:00","0.308"
"Trzic-Tank5","2026-06-20 08:00","0.308"
"Trzic-Tank5","2026-06-20 09:00","0.308"
"Trzic-Tank5","2026-06-20 10:00","0.308"
"Trzic-Tank5","2026-06-20 11:00","0.308"
"Trzic-Tank5","2026-06-20 12:00","0.308"
"Trzic-Tank5","2026-06-20 13:00","0.307"
"Trzic-Tank5","2026-06-20 14:00","0.307"
"Trzic-Tank5","2026-06-20 15:00","0.307"
"Trzic-Tank5","2026-06-20 16:00","0.306"
"Trzic-Tank5","2026-06-20 17:00","0.306"
"Trzic-Tank5","2026-06-20 18:00","0.306"
"Trzic-Tank5","2026-06-20 19:00","0.305"
"Trzic-Tank5","2026-06-20 20:00","0.305"
"Trzic-Tank5","2026-06-20 21:00","0.313"
"Trzic-Tank5","2026-06-20 22:00","0.329"
"Trzic-Tank5","2026-06-20 23:00","0.331"
"Trzic-Tank5","2026-06-21 00:00","0.331"
"Trzic-Tank5","2026-06-21 01:00","0.331"
"Trzic-Tank5","2026-06-21 02:00","0.331"
"Trzic-Tank5","2026-06-21 03:00","0.331"
"Trzic-Tank5","2026-06-21 04:00","0.331"
"Trzic-Tank5","2026-06-21 05:00","0.33"
"Trzic-Tank5","2026-06-21 06:00","0.33"
"Trzic-Tank5","2026-06-21 07:00","0.33"
"Trzic-Tank5","2026-06-21 08:00","0.33"
"Trzic-Tank5","2026-06-21 09:00","0.329"
"Trzic-Tank5","2026-06-21 10:00","0.329"
"Trzic-Tank5","2026-06-21 11:00","0.329"
"Trzic-Tank5","2026-06-21 12:00","0.329"
"Trzic-Tank5","2026-06-21 13:00","0.328"
"Trzic-Tank5","2026-06-21 14:00","0.328"
"Trzic-Tank5","2026-06-21 15:00","0.328"
"Trzic-Tank5","2026-06-21 16:00","0.327"
"Trzic-Tank5","2026-06-21 17:00","0.327"
"Trzic-Tank5","2026-06-21 18:00","0.326"
"Trzic-Tank5","2026-06-21 19:00","0.326"
"Trzic-Tank5","2026-06-21 20:00","0.325"
"Trzic-Tank5","2026-06-21 21:00","0.325"
"Trzic-Tank5","2026-06-21 22:00","0.325"
"Trzic-Tank5","2026-06-21 23:00","0.324"
"Trzic-Tank5","2026-06-22 00:00","0.324"
"Trzic-Tank5","2026-06-22 01:00","0.324"
"Trzic-Tank5","2026-06-22 02:00","0.324"
"Trzic-Tank5","2026-06-22 03:00","0.324"
"Trzic-Tank5","2026-06-22 04:00","0.324"
"Trzic-Tank5","2026-06-22 05:00","0.323"
"Trzic-Tank5","2026-06-22 06:00","0.322"
"Trzic-Tank5","2026-06-22 07:00","0.322"
"Trzic-Tank5","2026-06-22 08:00","0.322"
"Trzic-Tank5","2026-06-22 09:00","0.322"
"Trzic-Tank5","2026-06-22 10:00","0.322"
"Trzic-Tank5","2026-06-22 11:00","0.322"
"Trzic-Tank5","2026-06-22 12:00","0.321"
"Trzic-Tank5","2026-06-22 13:00","0.321"
"Trzic-Tank5","2026-06-22 14:00","0.321"
"Trzic-Tank5","2026-06-22 15:00","0.32"
"Trzic-Tank5","2026-06-22 16:00","0.32"
"Trzic-Tank5","2026-06-22 17:00","0.319"
"Trzic-Tank5","2026-06-22 18:00","0.319"
"Trzic-Tank5","2026-06-22 19:00","0.319"
"Trzic-Tank5","2026-06-22 20:00","0.318"
"Trzic-Tank5","2026-06-22 21:00","0.318"
"Trzic-Tank5","2026-06-22 22:00","0.317"
"Trzic-Tank5","2026-06-22 23:00","0.317"
"Trzic-Tank5","2026-06-23 00:00","0.317"
"Trzic-Tank5","2026-06-23 01:00","0.317"
"Trzic-Tank5","2026-06-23 02:00","0.317"
"Trzic-Tank5","2026-06-23 03:00","0.317"
"Trzic-Tank5","2026-06-23 04:00","0.317"
"Trzic-Tank5","2026-06-23 05:00","0.316"
"Trzic-Tank5","2026-06-23 06:00","0.316"
"Trzic-Tank5","2026-06-23 07:00","0.316"
"Trzic-Tank5","2026-06-23 08:00","0.316"
"Trzic-Tank5","2026-06-23 09:00","0.316"
"Trzic-Tank5","2026-06-23 10:00","0.316"
"Trzic-Tank5","2026-06-23 11:00","0.316"
"Trzic-Tank5","2026-06-23 12:00","0.316"
"Trzic-Tank5","2026-06-23 13:00","0.315"
"Trzic-Tank5","2026-06-23 14:00","0.315"
"Trzic-Tank5","2026-06-23 15:00","0.315"
"Trzic-Tank5","2026-06-23 16:00","0.314"
"Trzic-Tank5","2026-06-23 17:00","0.314"
"Trzic-Tank5","2026-06-23 18:00","0.313"
"Trzic-Tank5","2026-06-23 19:00","0.313"
"Trzic-Tank5","2026-06-23 20:00","0.312"
"Trzic-Tank5","2026-06-23 21:00","0.312"
"Trzic-Tank5","2026-06-23 22:00","0.312"
"Trzic-Tank5","2026-06-23 23:00","0.312"
"Trzic-Tank5","2026-06-24 00:00","0.312"
"Trzic-Tank5","2026-06-24 01:00","0.311"
"Trzic-Tank5","2026-06-24 02:00","0.311"
"Trzic-Tank5","2026-06-24 03:00","0.311"
"Trzic-Tank5","2026-06-24 04:00","0.311"
"Trzic-Tank5","2026-06-24 05:00","0.311"
"Trzic-Tank5","2026-06-24 06:00","0.311"
"Trzic-Tank5","2026-06-24 07:00","0.311"
"Trzic-Tank5","2026-06-24 08:00","0.311"
"Trzic-Tank5","2026-06-24 09:00","0.311"
"Trzic-Tank5","2026-06-24 10:00","0.311"
"Trzic-Tank5","2026-06-24 11:00","0.311"
"Trzic-Tank5","2026-06-24 12:00","0.31"
"Trzic-Tank5","2026-06-24 13:00","0.31"
"Trzic-Tank5","2026-06-24 14:00","0.31"
"Trzic-Tank5","2026-06-24 15:00","0.309"
"Trzic-Tank5","2026-06-24 16:00","0.309"
"Trzic-Tank5","2026-06-24 17:00","0.308"
"Trzic-Tank5","2026-06-24 18:00","0.308"
"Trzic-Tank5","2026-06-24 19:00","0.307"
"Trzic-Tank5","2026-06-24 20:00","0.307"
"Trzic-Tank5","2026-06-24 21:00","0.306"
"Trzic-Tank5","2026-06-24 22:00","0.306"
"Trzic-Tank5","2026-06-24 23:00","0.306"
"Trzic-Tank5","2026-06-25 00:00","0.306"
"Trzic-Tank5","2026-06-25 01:00","0.306"
"Trzic-Tank5","2026-06-25 02:00","0.306"
"Trzic-Tank5","2026-06-25 03:00","0.306"
"Trzic-Tank5","2026-06-25 04:00","0.306"
"Trzic-Tank5","2026-06-25 05:00","0.305"
"Trzic-Tank5","2026-06-25 06:00","0.305"
"Trzic-Tank5","2026-06-25 07:00","0.305"
"Trzic-Tank5","2026-06-25 08:00","0.305"
"Trzic-Tank5","2026-06-25 09:00","0.305"
"Trzic-Tank5","2026-06-25 10:00","0.305"
"Trzic-Tank5","2026-06-25 11:00","0.305"
"Trzic-Tank5","2026-06-25 12:00","0.304"
"Trzic-Tank5","2026-06-25 13:00","0.304"
"Trzic-Tank5","2026-06-25 14:00","0.303"
"Trzic-Tank5","2026-06-25 15:00","0.303"
"Trzic-Tank5","2026-06-25 16:00","0.303"
"Trzic-Tank5","2026-06-25 17:00","0.302"
"Trzic-Tank5","2026-06-25 18:00","0.301"
"Trzic-Tank5","2026-06-25 19:00","0.3"
"Trzic-Tank5","2026-06-25 20:00","0.3"
"Trzic-Tank5","2026-06-25 21:00","0.3"
"Trzic-Tank5","2026-06-25 22:00","0.299"
"Trzic-Tank5","2026-06-25 23:00","0.299"
"Trzic-Tank5","2026-06-26 00:00","0.299"
"Trzic-Tank5","2026-06-26 01:00","0.299"
"Trzic-Tank5","2026-06-26 02:00","0.299"
"Trzic-Tank5","2026-06-26 03:00","0.299"
"Trzic-Tank5","2026-06-26 04:00","0.299"
"Trzic-Tank5","2026-06-26 05:00","0.299"
"Trzic-Tank5","2026-06-26 06:00","0.298"
"Trzic-Tank5","2026-06-26 07:00","0.298"
"Trzic-Tank5","2026-06-26 08:00","0.298"
"Trzic-Tank5","2026-06-26 09:00","0.298"
"Trzic-Tank5","2026-06-26 10:00","0.298"
"Trzic-Tank5","2026-06-26 11:00","0.298"
"Trzic-Tank5","2026-06-26 12:00","0.297"
"Trzic-Tank5","2026-06-26 13:00","0.297"
"Trzic-Tank5","2026-06-26 14:00","0.296"
"Trzic-Tank5","2026-06-26 15:00","0.296"
"Trzic-Tank5","2026-06-26 16:00","0.295"
"Trzic-Tank5","2026-06-26 17:00","0.294"
"Trzic-Tank5","2026-06-26 18:00","0.294"
"Trzic-Tank5","2026-06-26 19:00","0.294"
"Trzic-Tank5","2026-06-26 20:00","0.293"
"Trzic-Tank5","2026-06-26 21:00","0.293"
"Trzic-Tank5","2026-06-26 22:00","0.292"
"Trzic-Tank5","2026-06-26 23:00","0.292"
"Trzic-Tank5","2026-06-27 00:00","0.292"
"Trzic-Tank5","2026-06-27 01:00","0.292"
"Trzic-Tank5","2026-06-27 02:00","0.292"
"Trzic-Tank5","2026-06-27 03:00","0.292"
"Trzic-Tank5","2026-06-27 04:00","0.292"
"Trzic-Tank5","2026-06-27 05:00","0.291"
"Trzic-Tank5","2026-06-27 06:00","0.291"
"Trzic-Tank5","2026-06-27 07:00","0.291"
"Trzic-Tank5","2026-06-27 08:00","0.291"
"Trzic-Tank5","2026-06-27 09:00","0.291"
"Trzic-Tank5","2026-06-27 10:00","0.291"
"Trzic-Tank5","2026-06-27 11:00","0.291"
"Trzic-Tank5","2026-06-27 12:00","0.29"
"Trzic-Tank5","2026-06-27 13:00","0.29"
"Trzic-Tank5","2026-06-27 14:00","0.29"
"Trzic-Tank5","2026-06-27 15:00","0.289"
"Trzic-Tank5","2026-06-27 16:00","0.288"
"Trzic-Tank5","2026-06-27 17:00","0.288"
"Trzic-Tank5","2026-06-27 18:00","0.287"
"Trzic-Tank5","2026-06-27 19:00","0.286"
"Trzic-Tank5","2026-06-27 20:00","0.286"
"Trzic-Tank5","2026-06-27 21:00","0.286"
"Trzic-Tank5","2026-06-27 22:00","0.286"
"Trzic-Tank5","2026-06-27 23:00","0.285"
"Trzic-Tank5","2026-06-28 00:00","0.285"
"Trzic-Tank5","2026-06-28 01:00","0.285"
"Trzic-Tank5","2026-06-28 02:00","0.285"
"Trzic-Tank5","2026-06-28 03:00","0.285"
"Trzic-Tank5","2026-06-28 04:00","0.285"
"Trzic-Tank5","2026-06-28 05:00","0.285"
"Trzic-Tank5","2026-06-28 06:00","0.285"
"Trzic-Tank5","2026-06-28 07:00","0.285"
"Trzic-Tank5","2026-06-28 08:00","0.285"
"Trzic-Tank5","2026-06-28 09:00","0.285"
"Trzic-Tank5","2026-06-28 10:00","0.285"
"Trzic-Tank5","2026-06-28 11:00","0.285"
"Trzic-Tank5","2026-06-28 12:00","0.284"
"Trzic-Tank5","2026-06-28 13:00","0.284"
"Trzic-Tank5","2026-06-28 14:00","0.283"
"Trzic-Tank5","2026-06-28 15:00","0.282"
"Trzic-Tank5","2026-06-28 16:00","0.282"
"Trzic-Tank5","2026-06-28 17:00","0.281"
"Trzic-Tank5","2026-06-28 18:00","0.28"
"Trzic-Tank5","2026-06-28 19:00","0.279"
"Trzic-Tank5","2026-06-28 20:00","0.279"
"Trzic-Tank5","2026-06-28 21:00","0.278"
"Trzic-Tank5","2026-06-28 22:00","0.278"
"Trzic-Tank5","2026-06-28 23:00","0.278"
"Trzic-Tank5","2026-06-29 00:00","0.278"
"Trzic-Tank5","2026-06-29 01:00","0.278"
"Trzic-Tank5","2026-06-29 02:00","0.278"
"Trzic-Tank5","2026-06-29 03:00","0.278"
"Trzic-Tank5","2026-06-29 04:00","0.278"
"Trzic-Tank5","2026-06-29 05:00","0.277"
"Trzic-Tank5","2026-06-29 06:00","0.277"
"Trzic-Tank5","2026-06-29 07:00","0.277"
"Trzic-Tank5","2026-06-29 08:00","0.277"
"Trzic-Tank5","2026-06-29 09:00","0.277"
"Trzic-Tank5","2026-06-29 10:00","0.277"
"Trzic-Tank5","2026-06-29 11:00","0.276"
"Trzic-Tank5","2026-06-29 12:00","0.276"
"Trzic-Tank5","2026-06-29 13:00","0.275"
"Trzic-Tank5","2026-06-29 14:00","0.274"
"Trzic-Tank5","2026-06-29 15:00","0.273"
"Trzic-Tank5","2026-06-29 16:00","0.273"
"Trzic-Tank5","2026-06-29 17:00","0.271"
"Trzic-Tank5","2026-06-29 18:00","0.271"
"Trzic-Tank5","2026-06-29 19:00","0.27"
"Trzic-Tank5","2026-06-29 20:00","0.27"
"Trzic-Tank5","2026-06-29 21:00","0.269"
"Trzic-Tank5","2026-06-29 22:00","0.269"
"Trzic-Tank5","2026-06-29 23:00","0.269"
"Trzic-Tank5","2026-06-30 00:00","0.269"
"Trzic-Tank5","2026-06-30 01:00","0.268"
"Trzic-Tank5","2026-06-30 02:00","0.268"
"Trzic-Tank5","2026-06-30 03:00","0.268"
"Trzic-Tank5","2026-06-30 04:00","0.268"
"Trzic-Tank5","2026-06-30 05:00","0.268"
"Trzic-Tank5","2026-06-30 06:00","0.268"
"Trzic-Tank5","2026-06-30 07:00","0.268"
"Trzic-Tank5","2026-06-30 08:00","0.268"
"Trzic-Tank5","2026-06-30 09:00","0.268"
"Trzic-Tank5","2026-06-30 10:00","0.267"
"Trzic-Tank5","2026-06-30 11:00","0.267"
"Trzic-Tank5","2026-06-30 12:00","0.266"
"Trzic-Tank5","2026-06-30 13:00","0.265"
"Trzic-Tank5","2026-06-30 14:00","0.264"
"Trzic-Tank5","2026-06-30 15:00","0.263"
"Trzic-Tank5","2026-06-30 16:00","0.262"
"Trzic-Tank5","2026-06-30 17:00","0.261"
"Trzic-Tank5","2026-06-30 18:00","0.261"
"Trzic-Tank5","2026-06-30 19:00","0.26"
"Trzic-Tank5","2026-06-30 20:00","0.259"
"Trzic-Tank5","2026-06-30 21:00","0.259"
"Trzic-Tank5","2026-06-30 22:00","0.259"
"Trzic-Tank5","2026-06-30 23:00",
"Trzic-Tank5","2026-07-01 00:00",
"Trzic-Tank5","2026-07-01 01:00",
"Trzic-Tank5","2026-07-01 02:00",
"Trzic-Tank5","2026-07-01 03:00",
"Trzic-Tank5","2026-07-01 04:00",
"Trzic-Tank5","2026-07-01 05:00",
"Trzic-Tank5","2026-07-01 06:00",
"Trzic-Tank5","2026-07-01 07:00",
"Trzic-Tank5","2026-07-01 08:00",
"Trzic-Tank5","2026-07-01 09:00","0.258"
"Trzic-Tank5","2026-07-01 10:00","0.257"
"Trzic-Tank5","2026-07-01 11:00","0.256"
"Trzic-Tank5","2026-07-01 12:00","0.255"
"Trzic-Tank5","2026-07-01 13:00","0.254"
"Trzic-Tank5","2026-07-01 14:00","0.253"
"Trzic-Tank5","2026-07-01 15:00","0.251"
"Trzic-Tank5","2026-07-01 16:00","0.25"
"Trzic-Tank5","2026-07-01 17:00","0.249"
"Trzic-Tank5","2026-07-01 18:00","0.248"
"Trzic-Tank5","2026-07-01 19:00","0.248"
"Trzic-Tank5","2026-07-01 20:00","0.248"
"Trzic-Tank5","2026-07-01 21:00","0.247"
"Trzic-Tank5","2026-07-01 22:00","0.246"
"Trzic-Tank5","2026-07-01 23:00","0.246"
"Trzic-Tank5","2026-07-02 00:00","0.246"
"Trzic-Tank5","2026-07-02 01:00","0.246"
"Trzic-Tank5","2026-07-02 02:00","0.246"
"Trzic-Tank5","2026-07-02 03:00","0.246"
"Trzic-Tank5","2026-07-02 04:00","0.246"
"Trzic-Tank5","2026-07-02 05:00","0.245"
"Trzic-Tank5","2026-07-02 06:00","0.245"
"Trzic-Tank5","2026-07-02 07:00","0.245"
"Trzic-Tank5","2026-07-02 08:00","0.244"
"Trzic-Tank5","2026-07-02 09:00","0.244"
"Trzic-Tank5","2026-07-02 10:00","0.243"
"Trzic-Tank5","2026-07-02 11:00","0.242"
"Trzic-Tank5","2026-07-02 12:00","0.241"
"Trzic-Tank5","2026-07-02 13:00","0.239"
"Trzic-Tank5","2026-07-02 14:00","0.238"
"Trzic-Tank5","2026-07-02 15:00","0.236"
"Trzic-Tank5","2026-07-02 16:00","0.234"
"Trzic-Tank5","2026-07-02 17:00","0.233"
"Trzic-Tank5","2026-07-02 18:00","0.231"
"Trzic-Tank5","2026-07-02 19:00","0.23"
"Trzic-Tank5","2026-07-02 20:00","0.229"
"Trzic-Tank5","2026-07-02 21:00","0.229"
"Trzic-Tank5","2026-07-02 22:00","0.228"
"Trzic-Tank5","2026-07-02 23:00","0.228"
"Trzic-Tank5","2026-07-03 00:00","0.228"
"Trzic-Tank5","2026-07-03 01:00","0.228"
"Trzic-Tank5","2026-07-03 02:00","0.228"
"Trzic-Tank5","2026-07-03 03:00","0.228"
"Trzic-Tank5","2026-07-03 04:00","0.228"
"Trzic-Tank5","2026-07-03 05:00","0.227"
"Trzic-Tank5","2026-07-03 06:00","0.227"
"Trzic-Tank5","2026-07-03 07:00","0.227"
"Trzic-Tank5","2026-07-03 08:00","0.226"
"Trzic-Tank5","2026-07-03 09:00","0.226"
"Trzic-Tank5","2026-07-03 10:00","0.225"
"Trzic-Tank5","2026-07-03 11:00","0.224"
"Trzic-Tank5","2026-07-03 12:00","0.223"
"Trzic-Tank5","2026-07-03 13:00","0.222"
"Trzic-Tank5","2026-07-03 14:00","0.221"
"Trzic-Tank5","2026-07-03 15:00","0.219"
"Trzic-Tank5","2026-07-03 16:00","0.218"
"Trzic-Tank5","2026-07-03 17:00","0.215"
"Trzic-Tank5","2026-07-03 18:00","0.214"
"Trzic-Tank5","2026-07-03 19:00","0.212"
"Trzic-Tank5","2026-07-03 20:00","0.21"
"Trzic-Tank5","2026-07-03 21:00","0.21"
"Trzic-Tank5","2026-07-03 22:00","0.21"
"Trzic-Tank5","2026-07-03 23:00","0.209"
"Trzic-Tank5","2026-07-04 00:00","0.209"
"Trzic-Tank5","2026-07-04 01:00","0.209"
"Trzic-Tank5","2026-07-04 02:00","0.209"
"Trzic-Tank5","2026-07-04 03:00","0.209"
"Trzic-Tank5","2026-07-04 04:00","0.209"
"Trzic-Tank5","2026-07-04 05:00","0.208"
"Trzic-Tank5","2026-07-04 06:00","0.208"
"Trzic-Tank5","2026-07-04 07:00","0.208"
"Trzic-Tank5","2026-07-04 08:00","0.207"
"Trzic-Tank5","2026-07-04 09:00","0.207"
"Trzic-Tank5","2026-07-04 10:00","0.206"
"Trzic-Tank5","2026-07-04 11:00","0.204"
"Trzic-Tank5","2026-07-04 12:00","0.204"
"Trzic-Tank5","2026-07-04 13:00","0.201"
"Trzic-Tank5","2026-07-04 14:00","0.199"
"Trzic-Tank5","2026-07-04 15:00","0.198"
"Trzic-Tank5","2026-07-04 16:00","0.196"
"Trzic-Tank5","2026-07-04 17:00","0.194"
"Trzic-Tank5","2026-07-04 18:00","0.192"
"Trzic-Tank5","2026-07-04 19:00","0.191"
"Trzic-Tank5","2026-07-04 20:00","0.189"
"Trzic-Tank5","2026-07-04 21:00","0.189"
"Trzic-Tank5","2026-07-04 22:00","0.188"
"Trzic-Tank5","2026-07-04 23:00","0.188"
"Trzic-Tank5","2026-07-05 00:00","0.188"
"Trzic-Tank5","2026-07-05 01:00","0.188"
"Trzic-Tank5","2026-07-05 02:00","0.188"
"Trzic-Tank5","2026-07-05 03:00","0.188"
"Trzic-Tank5","2026-07-05 04:00","0.188"
"Trzic-Tank5","2026-07-05 05:00","0.187"
"Trzic-Tank5","2026-07-05 06:00","0.187"
"Trzic-Tank5","2026-07-05 07:00","0.187"
"Trzic-Tank5","2026-07-05 08:00","0.187"
"Trzic-Tank5","2026-07-05 09:00","0.186"
"Trzic-Tank5","2026-07-05 10:00","0.186"
"Trzic-Tank5","2026-07-05 11:00","0.185"
"Trzic-Tank5","2026-07-05 12:00","0.184"
"Trzic-Tank5","2026-07-05 13:00","0.183"
"Trzic-Tank5","2026-07-05 14:00","0.18"
"Trzic-Tank5","2026-07-05 15:00","0.179"
"Trzic-Tank5","2026-07-05 16:00","0.178"
"Trzic-Tank5","2026-07-05 17:00","0.176"
"Trzic-Tank5","2026-07-05 18:00","0.175"
"Trzic-Tank5","2026-07-05 19:00","0.174"
"Trzic-Tank5","2026-07-05 20:00","0.174"
"Trzic-Tank5","2026-07-05 21:00","0.173"
"Trzic-Tank5","2026-07-05 22:00","0.173"
"Trzic-Tank5","2026-07-05 23:00","0.173"
"Trzic-Tank5","2026-07-06 00:00","0.173"
"Trzic-Tank5","2026-07-06 01:00","0.173"
"Trzic-Tank5","2026-07-06 02:00","0.173"
"Trzic-Tank5","2026-07-06 03:00","0.173"
"Trzic-Tank5","2026-07-06 04:00","0.173"
"Trzic-Tank5","2026-07-06 05:00","0.173"
"Trzic-Tank5","2026-07-06 06:00","0.173"
"Trzic-Tank5","2026-07-06 07:00","0.173"
"Trzic-Tank5","2026-07-06 08:00","0.173"
"Trzic-Tank5","2026-07-06 09:00","0.172"
"Trzic-Tank5","2026-07-06 10:00","0.172"
"Trzic-Tank5","2026-07-06 11:00","0.172"
"Trzic-Tank5","2026-07-06 12:00","0.171"
"Trzic-Tank5","2026-07-06 13:00","0.17"
"Trzic-Tank5","2026-07-06 14:00","0.169"
"Trzic-Tank5","2026-07-06 15:00","0.168"
"Trzic-Tank5","2026-07-06 16:00","0.167"
"Trzic-Tank5","2026-07-06 17:00","0.166"
"Trzic-Tank5","2026-07-06 18:00","0.165"
"Trzic-Tank5","2026-07-06 19:00","0.164"
"Trzic-Tank5","2026-07-06 20:00","0.163"
"Trzic-Tank5","2026-07-06 21:00","0.163"
"Trzic-Tank5","2026-07-06 22:00","0.163"
"Trzic-Tank5","2026-07-06 23:00","0.163"
"Trzic-Tank5","2026-07-07 00:00","0.163"
"Trzic-Tank5","2026-07-07 01:00","0.163"
"Trzic-Tank5","2026-07-07 02:00","0.163"
"Trzic-Tank5","2026-07-07 03:00","0.163"
"Trzic-Tank5","2026-07-07 04:00","0.163"
"Trzic-Tank5","2026-07-07 05:00","0.162"
"Trzic-Tank5","2026-07-07 06:00","0.162"
"Trzic-Tank5","2026-07-07 07:00","0.162"
"Trzic-Tank5","2026-07-07 08:00","0.162"
"Trzic-Tank5","2026-07-07 09:00","0.162"
"Trzic-Tank5","2026-07-07 10:00","0.162"
"Trzic-Tank5","2026-07-07 11:00","0.161"
"Trzic-Tank5","2026-07-07 12:00","0.16"
"Trzic-Tank5","2026-07-07 13:00","0.158"
"Trzic-Tank5","2026-07-07 14:00","0.157"
"Trzic-Tank5","2026-07-07 15:00","0.156"
"Trzic-Tank5","2026-07-07 16:00","0.155"
"Trzic-Tank5","2026-07-07 17:00","0.154"
"Trzic-Tank5","2026-07-07 18:00","0.153"
"Trzic-Tank5","2026-07-07 19:00","0.153"
"Trzic-Tank5","2026-07-07 20:00","0.152"
"Trzic-Tank5","2026-07-07 21:00","0.152"
"Trzic-Tank5","2026-07-07 22:00","0.152"
"Trzic-Tank5","2026-07-07 23:00","0.152"
"Trzic-Tank5","2026-07-08 00:00","0.152"
"Trzic-Tank5","2026-07-08 01:00","0.152"
"Trzic-Tank5","2026-07-08 02:00","0.152"
"Trzic-Tank5","2026-07-08 03:00","0.152"
"Trzic-Tank5","2026-07-08 04:00","0.152"
"Trzic-Tank5","2026-07-08 05:00","0.151"
"Trzic-Tank5","2026-07-08 06:00","0.151"
"Trzic-Tank5","2026-07-08 07:00","0.151"
"Trzic-Tank5","2026-07-08 08:00","0.151"
"Trzic-Tank5","2026-07-08 09:00","0.151"
"Trzic-Tank5","2026-07-08 10:00","0.151"
"Trzic-Tank5","2026-07-08 11:00","0.151"
"Trzic-Tank5","2026-07-08 12:00","0.151"
"Trzic-Tank5","2026-07-08 13:00","0.151"
"Trzic-Tank5","2026-07-08 14:00","0.15"
"Trzic-Tank5","2026-07-08 15:00","0.149"
"Trzic-Tank5","2026-07-08 16:00","0.149"
"Trzic-Tank5","2026-07-08 17:00","0.148"
"Trzic-Tank5","2026-07-08 18:00","0.148"
"Trzic-Tank5","2026-07-08 19:00","0.147"
"Trzic-Tank5","2026-07-08 20:00","0.147"
"Trzic-Tank5","2026-07-08 21:00","0.147"
"Trzic-Tank5","2026-07-08 22:00","0.147"
"Trzic-Tank5","2026-07-08 23:00","0.147"
"Trzic-Tank5","2026-07-09 00:00","0.147"
"Trzic-Tank5","2026-07-09 01:00","0.147"
"Trzic-Tank5","2026-07-09 02:00","0.147"
"Trzic-Tank5","2026-07-09 03:00","0.147"
"Trzic-Tank5","2026-07-09 04:00","0.147"
"Trzic-Tank5","2026-07-09 05:00","0.147"
"Trzic-Tank5","2026-07-09 06:00","0.146"
"Trzic-Tank5","2026-07-09 07:00","0.147"
"Trzic-Tank5","2026-07-09 08:00","0.147"
"Trzic-Tank5","2026-07-09 09:00","0.146"
"Trzic-Tank5","2026-07-09 10:00","0.146"
"Trzic-Tank5","2026-07-09 11:00","0.146"
"Trzic-Tank5","2026-07-09 12:00","0.145"
"Trzic-Tank5","2026-07-09 13:00","0.145"
"Trzic-Tank5","2026-07-09 14:00","0.144"
"Trzic-Tank5","2026-07-09 15:00","0.144"
"Trzic-Tank5","2026-07-09 16:00","0.143"
"Trzic-Tank5","2026-07-09 17:00","0.143"
"Trzic-Tank5","2026-07-09 18:00","0.142"
"Trzic-Tank5","2026-07-09 19:00","0.142"
"Trzic-Tank5","2026-07-09 20:00","0.142"
"Trzic-Tank5","2026-07-09 21:00","0.142"
"Trzic-Tank5","2026-07-09 22:00","0.142"
"Trzic-Tank5","2026-07-09 23:00","0.142"
"Trzic-Tank5","2026-07-10 00:00","0.142"
"Trzic-Tank5","2026-07-10 01:00","0.142"
"Trzic-Tank5","2026-07-10 02:00","0.142"
"Trzic-Tank5","2026-07-10 03:00","0.142"
"Trzic-Tank5","2026-07-10 04:00","0.142"
"Trzic-Tank5","2026-07-10 05:00","0.142"
"Trzic-Tank5","2026-07-10 06:00","0.142"
"Trzic-Tank5","2026-07-10 07:00","0.142"
"Trzic-Tank5","2026-07-10 08:00","0.142"
"Trzic-Tank5","2026-07-10 09:00","0.142"
"Trzic-Tank5","2026-07-10 10:00","0.142"
"Trzic-Tank5","2026-07-10 11:00","0.141"
"Trzic-Tank5","2026-07-10 12:00","0.14"
"Trzic-Tank5","2026-07-10 13:00","0.14"
"Trzic-Tank5","2026-07-10 14:00","0.139"
"Trzic-Tank5","2026-07-10 15:00","0.138"
"Trzic-Tank5","2026-07-10 16:00","0.138"
"Trzic-Tank5","2026-07-10 17:00","0.137"
"Trzic-Tank5","2026-07-10 18:00","0.137"
"Trzic-Tank5","2026-07-10 19:00","0.136"
"Trzic-Tank5","2026-07-10 20:00",
"Trzic-Tank5","2026-07-10 21:00","0.136"
"Trzic-Tank5","2026-07-10 22:00","0.136"
"Trzic-Tank5","2026-07-10 23:00","0.136"
"Trzic-Tank5","2026-07-11 00:00","0.136"
"Trzic-Tank5","2026-07-11 01:00","0.136"
"Trzic-Tank5","2026-07-11 02:00","0.136"
"Trzic-Tank5","2026-07-11 03:00","0.136"
"Trzic-Tank5","2026-07-11 04:00","0.136"
"Trzic-Tank5","2026-07-11 05:00","0.135"
"Trzic-Tank5","2026-07-11 06:00","0.136"
"Trzic-Tank5","2026-07-11 07:00","0.136"
"Trzic-Tank5","2026-07-11 08:00","0.136"
"Trzic-Tank5","2026-07-11 09:00","0.136"
"Trzic-Tank5","2026-07-11 10:00","0.135"
"Trzic-Tank5","2026-07-11 11:00","0.135"
"Trzic-Tank5","2026-07-11 12:00","0.135"
"Trzic-Tank5","2026-07-11 13:00","0.134"
"Trzic-Tank5","2026-07-11 14:00","0.133"
"Trzic-Tank5","2026-07-11 15:00","0.133"
"Trzic-Tank5","2026-07-11 16:00","0.132"
"Trzic-Tank5","2026-07-11 17:00","0.132"
"Trzic-Tank5","2026-07-11 18:00","0.132"
"Trzic-Tank5","2026-07-11 19:00","0.131"
"Trzic-Tank5","2026-07-11 20:00","0.131"
"Trzic-Tank5","2026-07-11 21:00","0.131"
"Trzic-Tank5","2026-07-11 22:00","0.131"
"Trzic-Tank5","2026-07-11 23:00","0.131"
"Trzic-Tank5","2026-07-12 00:00","0.131"
"Trzic-Tank5","2026-07-12 01:00","0.131"
"Trzic-Tank5","2026-07-12 02:00","0.131"
"Trzic-Tank5","2026-07-12 03:00","0.131"
"Trzic-Tank5","2026-07-12 04:00","0.131"
"Trzic-Tank5","2026-07-12 05:00","0.131"
"Trzic-Tank5","2026-07-12 06:00","0.131"
"Trzic-Tank5","2026-07-12 07:00","0.131"
"Trzic-Tank5","2026-07-12 08:00","0.131"
"Trzic-Tank5","2026-07-12 09:00","0.131"
"Trzic-Tank5","2026-07-12 10:00","0.131"
"Trzic-Tank5","2026-07-12 11:00","0.131"
"Trzic-Tank5","2026-07-12 12:00","0.131"
"Trzic-Tank5","2026-07-12 13:00","0.131"
"Trzic-Tank5","2026-07-12 14:00","0.131"
"Trzic-Tank5","2026-07-12 15:00","0.131"
"Trzic-Tank5","2026-07-12 16:00","0.131"
"Trzic-Tank5","2026-07-12 17:00","0.131"
"Trzic-Tank5","2026-07-12 18:00","0.131"
"Trzic-Tank5","2026-07-12 19:00","0.131"
"Trzic-Tank5","2026-07-12 20:00","0.13"
"Trzic-Tank5","2026-07-12 21:00","0.131"
"Trzic-Tank5","2026-07-12 22:00","0.131"
"Trzic-Tank5","2026-07-12 23:00","0.13"
"Trzic-Tank5","2026-07-13 00:00","0.13"
"Trzic-Tank5","2026-07-13 01:00","0.13"
"Trzic-Tank5","2026-07-13 02:00","0.13"
"Trzic-Tank5","2026-07-13 03:00","0.13"
"Trzic-Tank5","2026-07-13 04:00","0.13"
"Trzic-Tank5","2026-07-13 05:00","0.13"
"Trzic-Tank5","2026-07-13 06:00","0.13"
"Trzic-Tank5","2026-07-13 07:00","0.13"
"Trzic-Tank5","2026-07-13 08:00","0.131"
"Trzic-Tank5","2026-07-13 09:00","0.131"
"Trzic-Tank5","2026-07-13 10:00","0.131"
"Trzic-Tank5","2026-07-13 11:00","0.131"
"Trzic-Tank5","2026-07-13 12:00","0.131"
"Trzic-Tank5","2026-07-13 13:00","0.13"
"Trzic-Tank5","2026-07-13 14:00","0.13"
"Trzic-Tank5","2026-07-13 15:00","0.13"
"Trzic-Tank5","2026-07-13 16:00","0.13"
"Trzic-Tank5","2026-07-13 17:00","0.13"
"Trzic-Tank5","2026-07-13 18:00","0.13"
"Trzic-Tank5","2026-07-13 19:00","0.13"
"Trzic-Tank5","2026-07-13 20:00","0.13"
"Trzic-Tank5","2026-07-13 21:00","0.13"
"Trzic-Tank5","2026-07-13 22:00","0.13"
"Trzic-Tank5","2026-07-13 23:00","0.13"
"Trzic-Tank5","2026-07-14 00:00","0.13"
"Trzic-Tank5","2026-07-14 01:00","0.13"
"Trzic-Tank5","2026-07-14 02:00","0.13"
"Trzic-Tank5","2026-07-14 03:00","0.13"
"Trzic-Tank5","2026-07-14 04:00","0.13"
"Trzic-Tank5","2026-07-14 05:00","0.13"
"Trzic-Tank5","2026-07-14 06:00","0.13"
"Trzic-Tank5","2026-07-14 07:00","0.13"
"Trzic-Tank5","2026-07-14 08:00","0.13"
"Trzic-Tank5","2026-07-14 09:00","0.13"
"Trzic-Tank5","2026-07-14 10:00","0.13"
"Trzic-Tank5","2026-07-14 11:00","0.13"
"Trzic-Tank5","2026-07-14 12:00","0.13"
"Trzic-Tank5","2026-07-14 13:00","0.13"
"Trzic-Tank5","2026-07-14 14:00","0.13"
"Trzic-Tank5","2026-07-14 15:00","0.13"
"Trzic-Tank5","2026-07-14 16:00","0.13"
"Trzic-Tank5","2026-07-14 17:00","0.13"
"Trzic-Tank5","2026-07-14 18:00","0.13"
"Trzic-Tank5","2026-07-14 19:00","0.13"
"Trzic-Tank5","2026-07-14 20:00","0.13"
"Trzic-Tank5","2026-07-14 21:00","0.13"
"Trzic-Tank5","2026-07-14 22:00","0.13"
"Trzic-Tank5","2026-07-14 23:00","0.13"
"Trzic-Tank5","2026-07-15 00:00","0.13"
"Trzic-Tank5","2026-07-15 01:00","0.13"
"Trzic-Tank5","2026-07-15 02:00","0.13"
"Trzic-Tank5","2026-07-15 03:00","0.13"
"Trzic-Tank5","2026-07-15 04:00","0.13"
"Trzic-Tank5","2026-07-15 05:00","0.13"
"Trzic-Tank5","2026-07-15 06:00","0.13"
"Trzic-Tank5","2026-07-15 07:00","0.13"
"Trzic-Tank5","2026-07-15 08:00","0.13"
"Trzic-Tank5","2026-07-15 09:00","0.13"
"Trzic-Tank5","2026-07-15 10:00","0.13"
"Trzic-Tank5","2026-07-15 11:00","0.13"
"Trzic-Tank5","2026-07-15 12:00","0.13"
"Trzic-Tank5","2026-07-15 13:00","0.13"
"Trzic-Tank5","2026-07-15 14:00","0.13"
"Trzic-Tank5","2026-07-15 15:00","0.13"
"Trzic-Tank5","2026-07-15 16:00","0.13"
"Trzic-Tank5","2026-07-15 17:00","0.129"
"Trzic-Tank5","2026-07-15 18:00","0.129"
"Trzic-Tank5","2026-07-15 19:00","0.129"
"Trzic-Tank5","2026-07-15 20:00","0.129"
"Trzic-Tank5","2026-07-15 21:00","0.129"
"Trzic-Tank5","2026-07-15 22:00","0.129"
"Trzic-Tank5","2026-07-15 23:00","0.129"
"Trzic-Tank5","2026-07-16 00:00","0.129"
"Trzic-Tank5","2026-07-16 01:00","0.129"
"Trzic-Tank5","2026-07-16 02:00","0.129"
"Trzic-Tank5","2026-07-16 03:00","0.129"
"Trzic-Tank5","2026-07-16 04:00","0.129"
"Trzic-Tank5","2026-07-16 05:00","0.129"
"Trzic-Tank5","2026-07-16 06:00","0.129"
"Trzic-Tank5","2026-07-16 07:00","0.129"
"Trzic-Tank5","2026-07-16 08:00","0.129"
"Trzic-Tank5","2026-07-16 09:00","0.129"
"Trzic-Tank5","2026-07-16 10:00","0.129"
"Trzic-Tank5","2026-07-16 11:00","0.129"
"Trzic-Tank5","2026-07-16 12:00","0.129"
"Trzic-Tank5","2026-07-16 13:00","0.129"
"Trzic-Tank5","2026-07-16 14:00","0.129"
"Trzic-Tank5","2026-07-16 15:00","0.129"
"Trzic-Tank5","2026-07-16 16:00","0.129"
"Trzic-Tank5","2026-07-16 17:00","0.129"
"Trzic-Tank5","2026-07-16 18:00","0.129"
"Trzic-Tank5","2026-07-16 19:00","0.129"
"Trzic-Tank5","2026-07-16 20:00","0.129"
"Trzic-Tank5","2026-07-16 21:00","0.129"
"Trzic-Tank5","2026-07-16 22:00","0.129"
"Trzic-Tank5","2026-07-16 23:00","0.129"
"Trzic-Tank5","2026-07-17 00:00","0.129"
"Trzic-Tank5","2026-07-17 01:00","0.129"
"Trzic-Tank5","2026-07-17 02:00","0.129"
"Trzic-Tank5","2026-07-17 03:00","0.129"
"Trzic-Tank5","2026-07-17 04:00","0.129"
"Trzic-Tank5","2026-07-17 05:00","0.129"
"Trzic-Tank5","2026-07-17 06:00","0.129"
"Trzic-Tank5","2026-07-17 07:00","0.129"
"Trzic-Tank5","2026-07-17 08:00","0.129"
"Trzic-Tank5","2026-07-17 09:00","0.129"
"Trzic-Tank5","2026-07-17 10:00","0.129"
"Trzic-Tank5","2026-07-17 11:00","0.129"
"Trzic-Tank5","2026-07-17 12:00","0.129"
"Trzic-Tank5","2026-07-17 13:00","0.129"
"Trzic-Tank5","2026-07-17 14:00","0.129"
"Trzic-Tank5","2026-07-17 15:00","0.129"
"Trzic-Tank5","2026-07-17 16:00","0.129"
"Trzic-Tank5","2026-07-17 17:00","0.129"
"Trzic-Tank5","2026-07-17 18:00","0.129"
"Trzic-Tank5","2026-07-17 19:00","0.129"
"Trzic-Tank5","2026-07-17 20:00","0.129"
"Trzic-Tank5","2026-07-17 21:00","0.129"
"Trzic-Tank5","2026-07-17 22:00","0.129"
"Trzic-Tank5","2026-07-17 23:00","0.129"
"Trzic-Tank5","2026-07-18 00:00","0.129"
"Trzic-Tank5","2026-07-18 01:00","0.129"
"Trzic-Tank5","2026-07-18 02:00","0.129"
"Trzic-Tank5","2026-07-18 03:00","0.129"
"Trzic-Tank5","2026-07-18 04:00","0.129"
"Trzic-Tank5","2026-07-18 05:00","0.129"
"Trzic-Tank5","2026-07-18 06:00","0.129"
"Trzic-Tank5","2026-07-18 07:00","0.129"
"Trzic-Tank5","2026-07-18 08:00","0.129"
"Trzic-Tank5","2026-07-18 09:00","0.129"
"Trzic-Tank5","2026-07-18 10:00","0.129"
"Trzic-Tank5","2026-07-18 11:00","0.129"
"Trzic-Tank5","2026-07-18 12:00","0.129"
"Trzic-Tank5","2026-07-18 13:00","0.129"
"Trzic-Tank5","2026-07-18 14:00","0.129"
"Trzic-Tank5","2026-07-18 15:00","0.129"
"Trzic-Tank5","2026-07-18 16:00","0.129"
"Trzic-Tank5","2026-07-18 17:00","0.128"
"Trzic-Tank5","2026-07-18 18:00","0.129"
"Trzic-Tank5","2026-07-18 19:00","0.129"
"Trzic-Tank5","2026-07-18 20:00","0.129"
"Trzic-Tank5","2026-07-18 21:00","0.129"
"Trzic-Tank5","2026-07-18 22:00","0.129"
"Trzic-Tank5","2026-07-18 23:00","0.129"
"Trzic-Tank5","2026-07-19 00:00","0.129"
"Trzic-Tank5","2026-07-19 01:00","0.129"
"Trzic-Tank5","2026-07-19 02:00","0.129"
"Trzic-Tank5","2026-07-19 03:00","0.129"
"Trzic-Tank5","2026-07-19 04:00","0.129"
"Trzic-Tank5","2026-07-19 05:00","0.131"
"Trzic-Tank5","2026-07-19 06:00","0.131"
"Trzic-Tank5","2026-07-19 07:00","0.132"
"Trzic-Tank5","2026-07-19 08:00","0.133"
"Trzic-Tank5","2026-07-19 09:00","0.135"
"Trzic-Tank5","2026-07-19 10:00","0.137"
"Trzic-Tank5","2026-07-19 11:00","0.143"
"Trzic-Tank5","2026-07-19 12:00","0.149"
"Trzic-Tank5","2026-07-19 13:00","0.155"
"Trzic-Tank5","2026-07-19 14:00","0.164"
"Trzic-Tank5","2026-07-19 15:00","0.171"
"Trzic-Tank5","2026-07-19 16:00","0.176"
"Trzic-Tank5","2026-07-19 17:00","0.179"
"Trzic-Tank5","2026-07-19 18:00","0.184"
"Trzic-Tank5","2026-07-19 19:00","0.187"
"Trzic-Tank5","2026-07-19 20:00","0.19"
"Trzic-Tank5","2026-07-19 21:00","0.192"
"Trzic-Tank5","2026-07-19 22:00","0.196"
"Trzic-Tank5","2026-07-19 23:00","0.199"
"Trzic-Tank5","2026-07-20 00:00","0.199"
"Trzic-Tank5","2026-07-20 01:00",
"Trzic-Tank5","2026-07-20 02:00","0.203"
"Trzic-Tank5","2026-07-20 03:00","0.203"
"Trzic-Tank5","2026-07-20 04:00","0.203"
"Trzic-Tank5","2026-07-20 05:00","0.21"
"Trzic-Tank5","2026-07-20 06:00","0.211"
"Trzic-Tank5","2026-07-20 07:00","0.212"
"Trzic-Tank5","2026-07-20 08:00","0.213"
"Trzic-Tank5","2026-07-20 09:00","0.214"
"Trzic-Tank5","2026-07-20 10:00","0.215"
"Trzic-Tank5","2026-07-20 11:00","0.216"
"Trzic-Tank5","2026-07-20 12:00","0.216"
"Trzic-Tank5","2026-07-20 13:00","0.217"
"Trzic-Tank5","2026-07-20 14:00","0.218"
"Trzic-Tank5","2026-07-20 15:00","0.218"
"Trzic-Tank5","2026-07-20 16:00","0.218"
"Trzic-Tank5","2026-07-20 17:00","0.219"
"Trzic-Tank5","2026-07-20 18:00","0.219"
"Trzic-Tank5","2026-07-20 19:00","0.22"
"Trzic-Tank5","2026-07-20 20:00","0.22"
"Trzic-Tank5","2026-07-20 21:00","0.221"
"Trzic-Tank5","2026-07-20 22:00","0.222"
"Trzic-Tank5","2026-07-20 23:00","0.222"
"Trzic-Tank5","2026-07-21 00:00","0.222"
"Trzic-Tank5","2026-07-21 01:00","0.224"
"Trzic-Tank5","2026-07-21 02:00","0.224"
"Trzic-Tank5","2026-07-21 03:00","0.224"
"Trzic-Tank5","2026-07-21 04:00","0.224"
"Trzic-Tank5","2026-07-21 05:00","0.227"
"Trzic-Tank5","2026-07-21 06:00","0.228"
"Trzic-Tank5","2026-07-21 07:00","0.228"
"Trzic-Tank5","2026-07-21 08:00","0.229"
"Trzic-Tank5","2026-07-21 09:00","0.23"
"Trzic-Tank5","2026-07-21 10:00","0.23"
"Trzic-Tank5","2026-07-21 11:00","0.23"
"Trzic-Tank5","2026-07-21 12:00","0.231"
"Trzic-Tank5","2026-07-21 13:00","0.231"
"Trzic-Tank5","2026-07-21 14:00","0.231"
"Trzic-Tank5","2026-07-21 15:00","0.231"
"Trzic-Tank5","2026-07-21 16:00","0.232"
"Trzic-Tank5","2026-07-21 17:00","0.232"
"Trzic-Tank5","2026-07-21 18:00","0.232"
"Trzic-Tank5","2026-07-21 19:00","0.233"
"Trzic-Tank5","2026-07-21 20:00","0.233"
"Trzic-Tank5","2026-07-21 21:00","0.234"
"Trzic-Tank5","2026-07-21 22:00","0.235"
"Trzic-Tank5","2026-07-21 23:00","0.235"
"Trzic-Tank5","2026-07-22 00:00","0.235"
"Trzic-Tank5","2026-07-22 01:00","0.236"
"Trzic-Tank5","2026-07-22 02:00","0.236"
"Trzic-Tank5","2026-07-22 03:00","0.236"
"Trzic-Tank5","2026-07-22 04:00","0.236"
"Trzic-Tank5","2026-07-22 05:00","0.238"
"Trzic-Tank5","2026-07-22 06:00","0.238"
"Trzic-Tank5","2026-07-22 07:00","0.239"
"Trzic-Tank5","2026-07-22 08:00","0.239"
"Trzic-Tank5","2026-07-22 09:00","0.24"
"Trzic-Tank5","2026-07-22 10:00","0.24"
"Trzic-Tank5","2026-07-22 11:00","0.24"
"Trzic-Tank5","2026-07-22 12:00","0.24"
"Trzic-Tank5","2026-07-22 13:00","0.24"
"Trzic-Tank5","2026-07-22 14:00","0.24"
"Trzic-Tank5","2026-07-22 15:00","0.239"
"Trzic-Tank5","2026-07-22 16:00","0.239"
"Trzic-Tank5","2026-07-22 17:00","0.239"
"Trzic-Tank5","2026-07-22 18:00","0.239"
"Trzic-Tank5","2026-07-22 19:00","0.239"
"Trzic-Tank5","2026-07-22 20:00","0.239"
"Trzic-Tank5","2026-07-22 21:00","0.239"
"Trzic-Tank5","2026-07-22 22:00","0.239"
"Trzic-Tank5","2026-07-22 23:00","0.239"
"Trzic-Tank5","2026-07-23 00:00","0.239"
"Trzic-Tank5","2026-07-23 01:00","0.24"
"Trzic-Tank5","2026-07-23 02:00","0.24"
"Trzic-Tank5","2026-07-23 03:00","0.24"
"Trzic-Tank5","2026-07-23 04:00","0.24"
"Trzic-Tank5","2026-07-23 05:00","0.24"
"Trzic-Tank5","2026-07-23 06:00","0.241"
"Trzic-Tank5","2026-07-23 07:00","0.241"
"Trzic-Tank5","2026-07-23 08:00","0.241"
"Trzic-Tank5","2026-07-23 09:00","0.241"
"Trzic-Tank5","2026-07-23 10:00","0.241"
"Trzic-Tank5","2026-07-23 11:00","0.241"
"Trzic-Tank5","2026-07-23 12:00","0.24"
"Trzic-Tank5","2026-07-23 13:00","0.24"
"Trzic-Tank5","2026-07-23 14:00","0.24"
"Trzic-Tank5","2026-07-23 15:00","0.239"
"Trzic-Tank5","2026-07-23 16:00","0.24"
"Trzic-Tank5","2026-07-23 17:00","0.24"
"Trzic-Tank5","2026-07-23 18:00","0.24"
"Trzic-Tank5","2026-07-23 19:00","0.24"
"Trzic-Tank5","2026-07-23 20:00","0.24"
"Trzic-Tank5","2026-07-23 21:00","0.24"
"Trzic-Tank5","2026-07-23 22:00","0.24"
"Trzic-Tank3","2026-05-27 16:00","0.292"
"Trzic-Tank3","2026-05-27 17:00","0.292"
"Trzic-Tank3","2026-05-27 18:00","0.291"
"Trzic-Tank3","2026-05-27 19:00","0.291"
"Trzic-Tank3","2026-05-27 20:00","0.291"
"Trzic-Tank3","2026-05-27 21:00","0.291"
"Trzic-Tank3","2026-05-27 22:00","0.29"
"Trzic-Tank3","2026-05-27 23:00","0.29"
"Trzic-Tank3","2026-05-28 00:00","0.29"
"Trzic-Tank3","2026-05-28 01:00","0.29"
"Trzic-Tank3","2026-05-28 02:00","0.29"
"Trzic-Tank3","2026-05-28 03:00","0.29"
"Trzic-Tank3","2026-05-28 04:00","0.29"
"Trzic-Tank3","2026-05-28 05:00","0.289"
"Trzic-Tank3","2026-05-28 06:00","0.289"
"Trzic-Tank3","2026-05-28 07:00","0.289"
"Trzic-Tank3","2026-05-28 08:00","0.289"
"Trzic-Tank3","2026-05-28 09:00","0.289"
"Trzic-Tank3","2026-05-28 10:00","0.289"
"Trzic-Tank3","2026-05-28 11:00","0.289"
"Trzic-Tank3","2026-05-28 12:00","0.289"
"Trzic-Tank3","2026-05-28 13:00","0.289"
"Trzic-Tank3","2026-05-28 14:00","0.289"
"Trzic-Tank3","2026-05-28 15:00","0.289"
"Trzic-Tank3","2026-05-28 16:00","0.289"
"Trzic-Tank3","2026-05-28 17:00","0.289"
"Trzic-Tank3","2026-05-28 18:00","0.289"
"Trzic-Tank3","2026-05-28 19:00","0.289"
"Trzic-Tank3","2026-05-28 20:00","0.289"
"Trzic-Tank3","2026-05-28 21:00","0.288"
"Trzic-Tank3","2026-05-28 22:00","0.288"
"Trzic-Tank3","2026-05-28 23:00","0.288"
"Trzic-Tank3","2026-05-29 00:00","0.288"
"Trzic-Tank3","2026-05-29 01:00","0.287"
"Trzic-Tank3","2026-05-29 02:00","0.287"
"Trzic-Tank3","2026-05-29 03:00","0.287"
"Trzic-Tank3","2026-05-29 04:00","0.287"
"Trzic-Tank3","2026-05-29 05:00","0.287"
"Trzic-Tank3","2026-05-29 06:00","0.286"
"Trzic-Tank3","2026-05-29 07:00","0.287"
"Trzic-Tank3","2026-05-29 08:00","0.286"
"Trzic-Tank3","2026-05-29 09:00","0.286"
"Trzic-Tank3","2026-05-29 10:00","0.286"
"Trzic-Tank3","2026-05-29 11:00","0.286"
"Trzic-Tank3","2026-05-29 12:00","0.286"
"Trzic-Tank3","2026-05-29 13:00","0.286"
"Trzic-Tank3","2026-05-29 14:00","0.286"
"Trzic-Tank3","2026-05-29 15:00","0.286"
"Trzic-Tank3","2026-05-29 16:00","0.286"
"Trzic-Tank3","2026-05-29 17:00","0.286"
"Trzic-Tank3","2026-05-29 18:00","0.286"
"Trzic-Tank3","2026-05-29 19:00","0.286"
"Trzic-Tank3","2026-05-29 20:00","0.286"
"Trzic-Tank3","2026-05-29 21:00","0.285"
"Trzic-Tank3","2026-05-29 22:00","0.285"
"Trzic-Tank3","2026-05-29 23:00","0.285"
"Trzic-Tank3","2026-05-30 00:00","0.285"
"Trzic-Tank3","2026-05-30 01:00","0.285"
"Trzic-Tank3","2026-05-30 02:00","0.285"
"Trzic-Tank3","2026-05-30 03:00","0.285"
"Trzic-Tank3","2026-05-30 04:00","0.285"
"Trzic-Tank3","2026-05-30 05:00","0.286"
"Trzic-Tank3","2026-05-30 06:00","0.286"
"Trzic-Tank3","2026-05-30 07:00","0.286"
"Trzic-Tank3","2026-05-30 08:00","0.286"
"Trzic-Tank3","2026-05-30 09:00","0.286"
"Trzic-Tank3","2026-05-30 10:00","0.287"
"Trzic-Tank3","2026-05-30 11:00","0.287"
"Trzic-Tank3","2026-05-30 12:00","0.287"
"Trzic-Tank3","2026-05-30 13:00","0.287"
"Trzic-Tank3","2026-05-30 14:00","0.287"
"Trzic-Tank3","2026-05-30 15:00","0.287"
"Trzic-Tank3","2026-05-30 16:00","0.287"
"Trzic-Tank3","2026-05-30 17:00","0.287"
"Trzic-Tank3","2026-05-30 18:00","0.287"
"Trzic-Tank3","2026-05-30 19:00","0.287"
"Trzic-Tank3","2026-05-30 20:00","0.287"
"Trzic-Tank3","2026-05-30 21:00","0.287"
"Trzic-Tank3","2026-05-30 22:00","0.287"
"Trzic-Tank3","2026-05-30 23:00","0.286"
"Trzic-Tank3","2026-05-31 00:00","0.286"
"Trzic-Tank3","2026-05-31 01:00","0.286"
"Trzic-Tank3","2026-05-31 02:00","0.286"
"Trzic-Tank3","2026-05-31 03:00","0.286"
"Trzic-Tank3","2026-05-31 04:00","0.286"
"Trzic-Tank3","2026-05-31 05:00","0.286"
"Trzic-Tank3","2026-05-31 06:00","0.286"
"Trzic-Tank3","2026-05-31 07:00","0.286"
"Trzic-Tank3","2026-05-31 08:00","0.286"
"Trzic-Tank3","2026-05-31 09:00","0.286"
"Trzic-Tank3","2026-05-31 10:00","0.286"
"Trzic-Tank3","2026-05-31 11:00","0.286"
"Trzic-Tank3","2026-05-31 12:00","0.286"
"Trzic-Tank3","2026-05-31 13:00","0.286"
"Trzic-Tank3","2026-05-31 14:00","0.286"
"Trzic-Tank3","2026-05-31 15:00","0.286"
"Trzic-Tank3","2026-05-31 16:00","0.286"
"Trzic-Tank3","2026-05-31 17:00","0.286"
"Trzic-Tank3","2026-05-31 18:00","0.287"
"Trzic-Tank3","2026-05-31 19:00","0.296"
"Trzic-Tank3","2026-05-31 20:00","0.298"
"Trzic-Tank3","2026-05-31 21:00","0.302"
"Trzic-Tank3","2026-05-31 22:00","0.303"
"Trzic-Tank3","2026-05-31 23:00","0.304"
"Trzic-Tank3","2026-06-01 00:00","0.304"
"Trzic-Tank3","2026-06-01 01:00","0.306"
"Trzic-Tank3","2026-06-01 02:00","0.306"
"Trzic-Tank3","2026-06-01 03:00","0.306"
"Trzic-Tank3","2026-06-01 04:00","0.306"
"Trzic-Tank3","2026-06-01 05:00","0.307"
"Trzic-Tank3","2026-06-01 06:00","0.308"
"Trzic-Tank3","2026-06-01 07:00","0.308"
"Trzic-Tank3","2026-06-01 08:00","0.309"
"Trzic-Tank3","2026-06-01 09:00","0.309"
"Trzic-Tank3","2026-06-01 10:00","0.309"
"Trzic-Tank3","2026-06-01 11:00","0.31"
"Trzic-Tank3","2026-06-01 12:00","0.31"
"Trzic-Tank3","2026-06-01 13:00","0.31"
"Trzic-Tank3","2026-06-01 14:00","0.31"
"Trzic-Tank3","2026-06-01 15:00","0.31"
"Trzic-Tank3","2026-06-01 16:00","0.31"
"Trzic-Tank3","2026-06-01 17:00","0.31"
"Trzic-Tank3","2026-06-01 18:00","0.31"
"Trzic-Tank3","2026-06-01 19:00","0.309"
"Trzic-Tank3","2026-06-01 20:00","0.309"
"Trzic-Tank3","2026-06-01 21:00","0.309"
"Trzic-Tank3","2026-06-01 22:00","0.309"
"Trzic-Tank3","2026-06-01 23:00","0.309"
"Trzic-Tank3","2026-06-02 00:00","0.309"
"Trzic-Tank3","2026-06-02 01:00","0.308"
"Trzic-Tank3","2026-06-02 02:00","0.308"
"Trzic-Tank3","2026-06-02 03:00","0.308"
"Trzic-Tank3","2026-06-02 04:00","0.308"
"Trzic-Tank3","2026-06-02 05:00","0.308"
"Trzic-Tank3","2026-06-02 06:00","0.308"
"Trzic-Tank3","2026-06-02 07:00","0.308"
"Trzic-Tank3","2026-06-02 08:00","0.308"
"Trzic-Tank3","2026-06-02 09:00","0.308"
"Trzic-Tank3","2026-06-02 10:00","0.308"
"Trzic-Tank3","2026-06-02 11:00","0.308"
"Trzic-Tank3","2026-06-02 12:00","0.308"
"Trzic-Tank3","2026-06-02 13:00","0.308"
"Trzic-Tank3","2026-06-02 14:00","0.308"
"Trzic-Tank3","2026-06-02 15:00","0.308"
"Trzic-Tank3","2026-06-02 16:00","0.308"
"Trzic-Tank3","2026-06-02 17:00","0.308"
"Trzic-Tank3","2026-06-02 18:00","0.308"
"Trzic-Tank3","2026-06-02 19:00","0.308"
"Trzic-Tank3","2026-06-02 20:00","0.307"
"Trzic-Tank3","2026-06-02 21:00","0.307"
"Trzic-Tank3","2026-06-02 22:00","0.307"
"Trzic-Tank3","2026-06-02 23:00","0.307"
"Trzic-Tank3","2026-06-03 00:00","0.307"
"Trzic-Tank3","2026-06-03 01:00","0.306"
"Trzic-Tank3","2026-06-03 02:00","0.306"
"Trzic-Tank3","2026-06-03 03:00","0.306"
"Trzic-Tank3","2026-06-03 04:00","0.306"
"Trzic-Tank3","2026-06-03 05:00","0.306"
"Trzic-Tank3","2026-06-03 06:00","0.306"
"Trzic-Tank3","2026-06-03 07:00","0.307"
"Trzic-Tank3","2026-06-03 08:00","0.324"
"Trzic-Tank3","2026-06-03 09:00","0.328"
"Trzic-Tank3","2026-06-03 10:00","0.328"
"Trzic-Tank3","2026-06-03 11:00","0.327"
"Trzic-Tank3","2026-06-03 12:00","0.326"
"Trzic-Tank3","2026-06-03 13:00","0.325"
"Trzic-Tank3","2026-06-03 14:00","0.325"
"Trzic-Tank3","2026-06-03 15:00","0.324"
"Trzic-Tank3","2026-06-03 16:00","0.323"
"Trzic-Tank3","2026-06-03 17:00","0.323"
"Trzic-Tank3","2026-06-03 18:00","0.322"
"Trzic-Tank3","2026-06-03 19:00","0.322"
"Trzic-Tank3","2026-06-03 20:00","0.321"
"Trzic-Tank3","2026-06-03 21:00","0.321"
"Trzic-Tank3","2026-06-03 22:00","0.321"
"Trzic-Tank3","2026-06-03 23:00","0.32"
"Trzic-Tank3","2026-06-04 00:00","0.32"
"Trzic-Tank3","2026-06-04 01:00","0.319"
"Trzic-Tank3","2026-06-04 02:00","0.319"
"Trzic-Tank3","2026-06-04 03:00","0.319"
"Trzic-Tank3","2026-06-04 04:00","0.319"
"Trzic-Tank3","2026-06-04 05:00","0.319"
"Trzic-Tank3","2026-06-04 06:00","0.318"
"Trzic-Tank3","2026-06-04 07:00","0.318"
"Trzic-Tank3","2026-06-04 08:00","0.319"
"Trzic-Tank3","2026-06-04 09:00","0.319"
"Trzic-Tank3","2026-06-04 10:00","0.319"
"Trzic-Tank3","2026-06-04 11:00","0.319"
"Trzic-Tank3","2026-06-04 12:00","0.318"
"Trzic-Tank3","2026-06-04 13:00","0.318"
"Trzic-Tank3","2026-06-04 14:00","0.318"
"Trzic-Tank3","2026-06-04 15:00","0.318"
"Trzic-Tank3","2026-06-04 16:00","0.318"
"Trzic-Tank3","2026-06-04 17:00","0.318"
"Trzic-Tank3","2026-06-04 18:00","0.317"
"Trzic-Tank3","2026-06-04 19:00","0.317"
"Trzic-Tank3","2026-06-04 20:00","0.317"
"Trzic-Tank3","2026-06-04 21:00","0.316"
"Trzic-Tank3","2026-06-04 22:00","0.316"
"Trzic-Tank3","2026-06-04 23:00","0.315"
"Trzic-Tank3","2026-06-05 00:00","0.315"
"Trzic-Tank3","2026-06-05 01:00","0.315"
"Trzic-Tank3","2026-06-05 02:00","0.315"
"Trzic-Tank3","2026-06-05 03:00","0.315"
"Trzic-Tank3","2026-06-05 04:00","0.315"
"Trzic-Tank3","2026-06-05 05:00","0.314"
"Trzic-Tank3","2026-06-05 06:00","0.314"
"Trzic-Tank3","2026-06-05 07:00","0.314"
"Trzic-Tank3","2026-06-05 08:00","0.314"
"Trzic-Tank3","2026-06-05 09:00","0.314"
"Trzic-Tank3","2026-06-05 10:00","0.314"
"Trzic-Tank3","2026-06-05 11:00","0.314"
"Trzic-Tank3","2026-06-05 12:00","0.314"
"Trzic-Tank3","2026-06-05 13:00","0.314"
"Trzic-Tank3","2026-06-05 14:00","0.315"
"Trzic-Tank3","2026-06-05 15:00","0.318"
"Trzic-Tank3","2026-06-05 16:00","0.32"
"Trzic-Tank3","2026-06-05 17:00","0.321"
"Trzic-Tank3","2026-06-05 18:00","0.322"
"Trzic-Tank3","2026-06-05 19:00","0.323"
"Trzic-Tank3","2026-06-05 20:00","0.323"
"Trzic-Tank3","2026-06-05 21:00","0.323"
"Trzic-Tank3","2026-06-05 22:00","0.323"
"Trzic-Tank3","2026-06-05 23:00","0.322"
"Trzic-Tank3","2026-06-06 00:00","0.322"
"Trzic-Tank3","2026-06-06 01:00","0.322"
"Trzic-Tank3","2026-06-06 02:00","0.322"
"Trzic-Tank3","2026-06-06 03:00","0.322"
"Trzic-Tank3","2026-06-06 04:00","0.322"
"Trzic-Tank3","2026-06-06 05:00","0.321"
"Trzic-Tank3","2026-06-06 06:00","0.321"
"Trzic-Tank3","2026-06-06 07:00","0.321"
"Trzic-Tank3","2026-06-06 08:00","0.321"
"Trzic-Tank3","2026-06-06 09:00","0.321"
"Trzic-Tank3","2026-06-06 10:00","0.321"
"Trzic-Tank3","2026-06-06 11:00","0.321"
"Trzic-Tank3","2026-06-06 12:00","0.321"
"Trzic-Tank3","2026-06-06 13:00","0.321"
"Trzic-Tank3","2026-06-06 14:00","0.321"
"Trzic-Tank3","2026-06-06 15:00","0.321"
"Trzic-Tank3","2026-06-06 16:00","0.32"
"Trzic-Tank3","2026-06-06 17:00","0.32"
"Trzic-Tank3","2026-06-06 18:00","0.32"
"Trzic-Tank3","2026-06-06 19:00","0.32"
"Trzic-Tank3","2026-06-06 20:00","0.319"
"Trzic-Tank3","2026-06-06 21:00","0.318"
"Trzic-Tank3","2026-06-06 22:00","0.318"
"Trzic-Tank3","2026-06-06 23:00","0.318"
"Trzic-Tank3","2026-06-07 00:00","0.318"
"Trzic-Tank3","2026-06-07 01:00","0.318"
"Trzic-Tank3","2026-06-07 02:00","0.318"
"Trzic-Tank3","2026-06-07 03:00","0.318"
"Trzic-Tank3","2026-06-07 04:00","0.318"
"Trzic-Tank3","2026-06-07 05:00","0.317"
"Trzic-Tank3","2026-06-07 06:00","0.317"
"Trzic-Tank3","2026-06-07 07:00","0.317"
"Trzic-Tank3","2026-06-07 08:00","0.317"
"Trzic-Tank3","2026-06-07 09:00","0.317"
"Trzic-Tank3","2026-06-07 10:00","0.316"
"Trzic-Tank3","2026-06-07 11:00","0.316"
"Trzic-Tank3","2026-06-07 12:00","0.316"
"Trzic-Tank3","2026-06-07 13:00","0.316"
"Trzic-Tank3","2026-06-07 14:00","0.316"
"Trzic-Tank3","2026-06-07 15:00","0.316"
"Trzic-Tank3","2026-06-07 16:00","0.316"
"Trzic-Tank3","2026-06-07 17:00","0.316"
"Trzic-Tank3","2026-06-07 18:00","0.315"
"Trzic-Tank3","2026-06-07 19:00","0.315"
"Trzic-Tank3","2026-06-07 20:00","0.315"
"Trzic-Tank3","2026-06-07 21:00","0.314"
"Trzic-Tank3","2026-06-07 22:00","0.314"
"Trzic-Tank3","2026-06-07 23:00","0.314"
"Trzic-Tank3","2026-06-08 00:00","0.314"
"Trzic-Tank3","2026-06-08 01:00","0.313"
"Trzic-Tank3","2026-06-08 02:00","0.313"
"Trzic-Tank3","2026-06-08 03:00","0.313"
"Trzic-Tank3","2026-06-08 04:00","0.313"
"Trzic-Tank3","2026-06-08 05:00","0.313"
"Trzic-Tank3","2026-06-08 06:00","0.312"
"Trzic-Tank3","2026-06-08 07:00","0.313"
"Trzic-Tank3","2026-06-08 08:00","0.312"
"Trzic-Tank3","2026-06-08 09:00","0.312"
"Trzic-Tank3","2026-06-08 10:00","0.312"
"Trzic-Tank3","2026-06-08 11:00","0.312"
"Trzic-Tank3","2026-06-08 12:00","0.312"
"Trzic-Tank3","2026-06-08 13:00","0.312"
"Trzic-Tank3","2026-06-08 14:00","0.312"
"Trzic-Tank3","2026-06-08 15:00","0.311"
"Trzic-Tank3","2026-06-08 16:00","0.311"
"Trzic-Tank3","2026-06-08 17:00","0.311"
"Trzic-Tank3","2026-06-08 18:00","0.311"
"Trzic-Tank3","2026-06-08 19:00","0.311"
"Trzic-Tank3","2026-06-08 20:00","0.31"
"Trzic-Tank3","2026-06-08 21:00","0.31"
"Trzic-Tank3","2026-06-08 22:00","0.31"
"Trzic-Tank3","2026-06-08 23:00","0.309"
"Trzic-Tank3","2026-06-09 00:00","0.309"
"Trzic-Tank3","2026-06-09 01:00","0.309"
"Trzic-Tank3","2026-06-09 02:00","0.309"
"Trzic-Tank3","2026-06-09 03:00","0.309"
"Trzic-Tank3","2026-06-09 04:00","0.309"
"Trzic-Tank3","2026-06-09 05:00","0.308"
"Trzic-Tank3","2026-06-09 06:00","0.308"
"Trzic-Tank3","2026-06-09 07:00","0.308"
"Trzic-Tank3","2026-06-09 08:00","0.308"
"Trzic-Tank3","2026-06-09 09:00","0.308"
"Trzic-Tank3","2026-06-09 10:00","0.308"
"Trzic-Tank3","2026-06-09 11:00","0.308"
"Trzic-Tank3","2026-06-09 12:00","0.308"
"Trzic-Tank3","2026-06-09 13:00","0.308"
"Trzic-Tank3","2026-06-09 14:00","0.308"
"Trzic-Tank3","2026-06-09 15:00","0.308"
"Trzic-Tank3","2026-06-09 16:00","0.308"
"Trzic-Tank3","2026-06-09 17:00","0.307"
"Trzic-Tank3","2026-06-09 18:00","0.307"
"Trzic-Tank3","2026-06-09 19:00","0.307"
"Trzic-Tank3","2026-06-09 20:00","0.307"
"Trzic-Tank3","2026-06-09 21:00","0.307"
"Trzic-Tank3","2026-06-09 22:00","0.306"
"Trzic-Tank3","2026-06-09 23:00","0.306"
"Trzic-Tank3","2026-06-10 00:00","0.306"
"Trzic-Tank3","2026-06-10 01:00","0.305"
"Trzic-Tank3","2026-06-10 02:00","0.305"
"Trzic-Tank3","2026-06-10 03:00","0.305"
"Trzic-Tank3","2026-06-10 04:00","0.305"
"Trzic-Tank3","2026-06-10 05:00","0.305"
"Trzic-Tank3","2026-06-10 06:00","0.305"
"Trzic-Tank3","2026-06-10 07:00","0.305"
"Trzic-Tank3","2026-06-10 08:00","0.305"
"Trzic-Tank3","2026-06-10 09:00","0.307"
"Trzic-Tank3","2026-06-10 10:00","0.314"
"Trzic-Tank3","2026-06-10 11:00","0.32"
"Trzic-Tank3","2026-06-10 12:00","0.32"
"Trzic-Tank3","2026-06-10 13:00","0.321"
"Trzic-Tank3","2026-06-10 14:00","0.321"
"Trzic-Tank3","2026-06-10 15:00","0.321"
"Trzic-Tank3","2026-06-10 16:00","0.321"
"Trzic-Tank3","2026-06-10 17:00","0.321"
"Trzic-Tank3","2026-06-10 18:00","0.321"
"Trzic-Tank3","2026-06-10 19:00","0.321"
"Trzic-Tank3","2026-06-10 20:00","0.321"
"Trzic-Tank3","2026-06-10 21:00","0.322"
"Trzic-Tank3","2026-06-10 22:00","0.352"
"Trzic-Tank3","2026-06-10 23:00","0.345"
"Trzic-Tank3","2026-06-11 00:00","0.345"
"Trzic-Tank3","2026-06-11 01:00","0.348"
"Trzic-Tank3","2026-06-11 02:00","0.348"
"Trzic-Tank3","2026-06-11 03:00","0.348"
"Trzic-Tank3","2026-06-11 04:00","0.348"
"Trzic-Tank3","2026-06-11 05:00","0.347"
"Trzic-Tank3","2026-06-11 06:00","0.347"
"Trzic-Tank3","2026-06-11 07:00","0.346"
"Trzic-Tank3","2026-06-11 08:00","0.346"
"Trzic-Tank3","2026-06-11 09:00","0.346"
"Trzic-Tank3","2026-06-11 10:00","0.346"
"Trzic-Tank3","2026-06-11 11:00","0.345"
"Trzic-Tank3","2026-06-11 12:00","0.345"
"Trzic-Tank3","2026-06-11 13:00","0.345"
"Trzic-Tank3","2026-06-11 14:00","0.345"
"Trzic-Tank3","2026-06-11 15:00","0.344"
"Trzic-Tank3","2026-06-11 16:00","0.344"
"Trzic-Tank3","2026-06-11 17:00","0.344"
"Trzic-Tank3","2026-06-11 18:00","0.344"
"Trzic-Tank3","2026-06-11 19:00","0.343"
"Trzic-Tank3","2026-06-11 20:00","0.343"
"Trzic-Tank3","2026-06-11 21:00","0.342"
"Trzic-Tank3","2026-06-11 22:00","0.342"
"Trzic-Tank3","2026-06-11 23:00","0.342"
"Trzic-Tank3","2026-06-12 00:00","0.342"
"Trzic-Tank3","2026-06-12 01:00","0.341"
"Trzic-Tank3","2026-06-12 02:00","0.341"
"Trzic-Tank3","2026-06-12 03:00","0.341"
"Trzic-Tank3","2026-06-12 04:00","0.341"
"Trzic-Tank3","2026-06-12 05:00","0.34"
"Trzic-Tank3","2026-06-12 06:00","0.34"
"Trzic-Tank3","2026-06-12 07:00","0.339"
"Trzic-Tank3","2026-06-12 08:00","0.339"
"Trzic-Tank3","2026-06-12 09:00","0.339"
"Trzic-Tank3","2026-06-12 10:00","0.339"
"Trzic-Tank3","2026-06-12 11:00","0.339"
"Trzic-Tank3","2026-06-12 12:00","0.339"
"Trzic-Tank3","2026-06-12 13:00","0.339"
"Trzic-Tank3","2026-06-12 14:00","0.339"
"Trzic-Tank3","2026-06-12 15:00","0.338"
"Trzic-Tank3","2026-06-12 16:00","0.338"
"Trzic-Tank3","2026-06-12 17:00","0.338"
"Trzic-Tank3","2026-06-12 18:00","0.338"
"Trzic-Tank3","2026-06-12 19:00","0.337"
"Trzic-Tank3","2026-06-12 20:00","0.336"
"Trzic-Tank3","2026-06-12 21:00","0.336"
"Trzic-Tank3","2026-06-12 22:00","0.335"
"Trzic-Tank3","2026-06-12 23:00","0.335"
"Trzic-Tank3","2026-06-13 00:00","0.335"
"Trzic-Tank3","2026-06-13 01:00","0.335"
"Trzic-Tank3","2026-06-13 02:00","0.335"
"Trzic-Tank3","2026-06-13 03:00","0.335"
"Trzic-Tank3","2026-06-13 04:00","0.335"
"Trzic-Tank3","2026-06-13 05:00","0.333"
"Trzic-Tank3","2026-06-13 06:00","0.333"
"Trzic-Tank3","2026-06-13 07:00","0.333"
"Trzic-Tank3","2026-06-13 08:00","0.333"
"Trzic-Tank3","2026-06-13 09:00","0.333"
"Trzic-Tank3","2026-06-13 10:00","0.333"
"Trzic-Tank3","2026-06-13 11:00","0.333"
"Trzic-Tank3","2026-06-13 12:00","0.332"
"Trzic-Tank3","2026-06-13 13:00","0.332"
"Trzic-Tank3","2026-06-13 14:00","0.332"
"Trzic-Tank3","2026-06-13 15:00","0.332"
"Trzic-Tank3","2026-06-13 16:00","0.331"
"Trzic-Tank3","2026-06-13 17:00","0.331"
"Trzic-Tank3","2026-06-13 18:00","0.331"
"Trzic-Tank3","2026-06-13 19:00","0.331"
"Trzic-Tank3","2026-06-13 20:00","0.33"
"Trzic-Tank3","2026-06-13 21:00","0.329"
"Trzic-Tank3","2026-06-13 22:00","0.329"
"Trzic-Tank3","2026-06-13 23:00","0.329"
"Trzic-Tank3","2026-06-14 00:00","0.329"
"Trzic-Tank3","2026-06-14 01:00","0.328"
"Trzic-Tank3","2026-06-14 02:00","0.328"
"Trzic-Tank3","2026-06-14 03:00","0.328"
"Trzic-Tank3","2026-06-14 04:00","0.328"
"Trzic-Tank3","2026-06-14 05:00","0.327"
"Trzic-Tank3","2026-06-14 06:00","0.327"
"Trzic-Tank3","2026-06-14 07:00","0.327"
"Trzic-Tank3","2026-06-14 08:00","0.327"
"Trzic-Tank3","2026-06-14 09:00","0.327"
"Trzic-Tank3","2026-06-14 10:00","0.327"
"Trzic-Tank3","2026-06-14 11:00","0.327"
"Trzic-Tank3","2026-06-14 12:00","0.326"
"Trzic-Tank3","2026-06-14 13:00","0.326"
"Trzic-Tank3","2026-06-14 14:00","0.326"
"Trzic-Tank3","2026-06-14 15:00","0.326"
"Trzic-Tank3","2026-06-14 16:00","0.326"
"Trzic-Tank3","2026-06-14 17:00","0.326"
"Trzic-Tank3","2026-06-14 18:00","0.326"
"Trzic-Tank3","2026-06-14 19:00","0.325"
"Trzic-Tank3","2026-06-14 20:00","0.325"
"Trzic-Tank3","2026-06-14 21:00","0.324"
"Trzic-Tank3","2026-06-14 22:00","0.324"
"Trzic-Tank3","2026-06-14 23:00","0.323"
"Trzic-Tank3","2026-06-15 00:00","0.323"
"Trzic-Tank3","2026-06-15 01:00","0.323"
"Trzic-Tank3","2026-06-15 02:00","0.323"
"Trzic-Tank3","2026-06-15 03:00","0.323"
"Trzic-Tank3","2026-06-15 04:00","0.323"
"Trzic-Tank3","2026-06-15 05:00","0.322"
"Trzic-Tank3","2026-06-15 06:00","0.322"
"Trzic-Tank3","2026-06-15 07:00","0.322"
"Trzic-Tank3","2026-06-15 08:00","0.321"
"Trzic-Tank3","2026-06-15 09:00","0.321"
"Trzic-Tank3","2026-06-15 10:00","0.321"
"Trzic-Tank3","2026-06-15 11:00","0.321"
"Trzic-Tank3","2026-06-15 12:00","0.321"
"Trzic-Tank3","2026-06-15 13:00","0.321"
"Trzic-Tank3","2026-06-15 14:00","0.321"
"Trzic-Tank3","2026-06-15 15:00","0.321"
"Trzic-Tank3","2026-06-15 16:00","0.321"
"Trzic-Tank3","2026-06-15 17:00","0.32"
"Trzic-Tank3","2026-06-15 18:00","0.32"
"Trzic-Tank3","2026-06-15 19:00","0.32"
"Trzic-Tank3","2026-06-15 20:00","0.32"
"Trzic-Tank3","2026-06-15 21:00","0.32"
"Trzic-Tank3","2026-06-15 22:00","0.32"
"Trzic-Tank3","2026-06-15 23:00","0.32"
"Trzic-Tank3","2026-06-16 00:00","0.32"
"Trzic-Tank3","2026-06-16 01:00","0.319"
"Trzic-Tank3","2026-06-16 02:00","0.319"
"Trzic-Tank3","2026-06-16 03:00","0.319"
"Trzic-Tank3","2026-06-16 04:00","0.319"
"Trzic-Tank3","2026-06-16 05:00","0.319"
"Trzic-Tank3","2026-06-16 06:00","0.318"
"Trzic-Tank3","2026-06-16 07:00","0.318"
"Trzic-Tank3","2026-06-16 08:00","0.318"
"Trzic-Tank3","2026-06-16 09:00","0.318"
"Trzic-Tank3","2026-06-16 10:00","0.318"
"Trzic-Tank3","2026-06-16 11:00","0.318"
"Trzic-Tank3","2026-06-16 12:00","0.318"
"Trzic-Tank3","2026-06-16 13:00","0.318"
"Trzic-Tank3","2026-06-16 14:00","0.317"
"Trzic-Tank3","2026-06-16 15:00","0.317"
"Trzic-Tank3","2026-06-16 16:00","0.317"
"Trzic-Tank3","2026-06-16 17:00","0.317"
"Trzic-Tank3","2026-06-16 18:00","0.316"
"Trzic-Tank3","2026-06-16 19:00","0.316"
"Trzic-Tank3","2026-06-16 20:00","0.315"
"Trzic-Tank3","2026-06-16 21:00","0.315"
"Trzic-Tank3","2026-06-16 22:00","0.314"
"Trzic-Tank3","2026-06-16 23:00","0.314"
"Trzic-Tank3","2026-06-17 00:00","0.314"
"Trzic-Tank3","2026-06-17 01:00","0.313"
"Trzic-Tank3","2026-06-17 02:00","0.313"
"Trzic-Tank3","2026-06-17 03:00","0.313"
"Trzic-Tank3","2026-06-17 04:00","0.313"
"Trzic-Tank3","2026-06-17 05:00","0.312"
"Trzic-Tank3","2026-06-17 06:00","0.312"
"Trzic-Tank3","2026-06-17 07:00","0.312"
"Trzic-Tank3","2026-06-17 08:00","0.312"
"Trzic-Tank3","2026-06-17 09:00","0.312"
"Trzic-Tank3","2026-06-17 10:00","0.312"
"Trzic-Tank3","2026-06-17 11:00","0.312"
"Trzic-Tank3","2026-06-17 12:00","0.312"
"Trzic-Tank3","2026-06-17 13:00","0.312"
"Trzic-Tank3","2026-06-17 14:00","0.312"
"Trzic-Tank3","2026-06-17 15:00","0.311"
"Trzic-Tank3","2026-06-17 16:00","0.311"
"Trzic-Tank3","2026-06-17 17:00","0.311"
"Trzic-Tank3","2026-06-17 18:00","0.31"
"Trzic-Tank3","2026-06-17 19:00","0.31"
"Trzic-Tank3","2026-06-17 20:00","0.31"
"Trzic-Tank3","2026-06-17 21:00","0.31"
"Trzic-Tank3","2026-06-17 22:00","0.309"
"Trzic-Tank3","2026-06-17 23:00","0.309"
"Trzic-Tank3","2026-06-18 00:00","0.309"
"Trzic-Tank3","2026-06-18 01:00","0.309"
"Trzic-Tank3","2026-06-18 02:00","0.309"
"Trzic-Tank3","2026-06-18 03:00","0.309"
"Trzic-Tank3","2026-06-18 04:00","0.309"
"Trzic-Tank3","2026-06-18 05:00","0.308"
"Trzic-Tank3","2026-06-18 06:00","0.308"
"Trzic-Tank3","2026-06-18 07:00","0.308"
"Trzic-Tank3","2026-06-18 08:00","0.308"
"Trzic-Tank3","2026-06-18 09:00","0.308"
"Trzic-Tank3","2026-06-18 10:00","0.308"
"Trzic-Tank3","2026-06-18 11:00","0.308"
"Trzic-Tank3","2026-06-18 12:00","0.308"
"Trzic-Tank3","2026-06-18 13:00","0.307"
"Trzic-Tank3","2026-06-18 14:00","0.307"
"Trzic-Tank3","2026-06-18 15:00","0.307"
"Trzic-Tank3","2026-06-18 16:00","0.306"
"Trzic-Tank3","2026-06-18 17:00","0.306"
"Trzic-Tank3","2026-06-18 18:00","0.306"
"Trzic-Tank3","2026-06-18 19:00","0.305"
"Trzic-Tank3","2026-06-18 20:00","0.305"
"Trzic-Tank3","2026-06-18 21:00","0.305"
"Trzic-Tank3","2026-06-18 22:00","0.304"
"Trzic-Tank3","2026-06-18 23:00","0.304"
"Trzic-Tank3","2026-06-19 00:00","0.304"
"Trzic-Tank3","2026-06-19 01:00","0.304"
"Trzic-Tank3","2026-06-19 02:00","0.304"
"Trzic-Tank3","2026-06-19 03:00","0.304"
"Trzic-Tank3","2026-06-19 04:00","0.304"
"Trzic-Tank3","2026-06-19 05:00","0.303"
"Trzic-Tank3","2026-06-19 06:00","0.303"
"Trzic-Tank3","2026-06-19 07:00","0.303"
"Trzic-Tank3","2026-06-19 08:00","0.303"
"Trzic-Tank3","2026-06-19 09:00","0.303"
"Trzic-Tank3","2026-06-19 10:00","0.303"
"Trzic-Tank3","2026-06-19 11:00","0.303"
"Trzic-Tank3","2026-06-19 12:00","0.303"
"Trzic-Tank3","2026-06-19 13:00","0.303"
"Trzic-Tank3","2026-06-19 14:00","0.302"
"Trzic-Tank3","2026-06-19 15:00","0.302"
"Trzic-Tank3","2026-06-19 16:00","0.302"
"Trzic-Tank3","2026-06-19 17:00","0.301"
"Trzic-Tank3","2026-06-19 18:00","0.301"
"Trzic-Tank3","2026-06-19 19:00","0.3"
"Trzic-Tank3","2026-06-19 20:00","0.3"
"Trzic-Tank3","2026-06-19 21:00","0.3"
"Trzic-Tank3","2026-06-19 22:00","0.299"
"Trzic-Tank3","2026-06-19 23:00","0.299"
"Trzic-Tank3","2026-06-20 00:00","0.299"
"Trzic-Tank3","2026-06-20 01:00","0.298"
"Trzic-Tank3","2026-06-20 02:00","0.298"
"Trzic-Tank3","2026-06-20 03:00","0.298"
"Trzic-Tank3","2026-06-20 04:00","0.298"
"Trzic-Tank3","2026-06-20 05:00","0.298"
"Trzic-Tank3","2026-06-20 06:00","0.297"
"Trzic-Tank3","2026-06-20 07:00","0.297"
"Trzic-Tank3","2026-06-20 08:00","0.297"
"Trzic-Tank3","2026-06-20 09:00","0.297"
"Trzic-Tank3","2026-06-20 10:00","0.297"
"Trzic-Tank3","2026-06-20 11:00","0.297"
"Trzic-Tank3","2026-06-20 12:00","0.297"
"Trzic-Tank3","2026-06-20 13:00","0.297"
"Trzic-Tank3","2026-06-20 14:00","0.296"
"Trzic-Tank3","2026-06-20 15:00","0.296"
"Trzic-Tank3","2026-06-20 16:00","0.296"
"Trzic-Tank3","2026-06-20 17:00","0.295"
"Trzic-Tank3","2026-06-20 18:00","0.295"
"Trzic-Tank3","2026-06-20 19:00","0.294"
"Trzic-Tank3","2026-06-20 20:00","0.316"
"Trzic-Tank3","2026-06-20 21:00","0.351"
"Trzic-Tank3","2026-06-20 22:00","0.343"
"Trzic-Tank3","2026-06-20 23:00","0.342"
"Trzic-Tank3","2026-06-21 00:00","0.342"
"Trzic-Tank3","2026-06-21 01:00","0.339"
"Trzic-Tank3","2026-06-21 02:00","0.339"
"Trzic-Tank3","2026-06-21 03:00","0.339"
"Trzic-Tank3","2026-06-21 04:00","0.339"
"Trzic-Tank3","2026-06-21 05:00","0.337"
"Trzic-Tank3","2026-06-21 06:00","0.336"
"Trzic-Tank3","2026-06-21 07:00","0.336"
"Trzic-Tank3","2026-06-21 08:00","0.336"
"Trzic-Tank3","2026-06-21 09:00","0.336"
"Trzic-Tank3","2026-06-21 10:00","0.335"
"Trzic-Tank3","2026-06-21 11:00","0.335"
"Trzic-Tank3","2026-06-21 12:00","0.335"
"Trzic-Tank3","2026-06-21 13:00","0.335"
"Trzic-Tank3","2026-06-21 14:00","0.335"
"Trzic-Tank3","2026-06-21 15:00","0.334"
"Trzic-Tank3","2026-06-21 16:00","0.334"
"Trzic-Tank3","2026-06-21 17:00","0.333"
"Trzic-Tank3","2026-06-21 18:00","0.333"
"Trzic-Tank3","2026-06-21 19:00","0.332"
"Trzic-Tank3","2026-06-21 20:00","0.332"
"Trzic-Tank3","2026-06-21 21:00","0.332"
"Trzic-Tank3","2026-06-21 22:00","0.331"
"Trzic-Tank3","2026-06-21 23:00","0.331"
"Trzic-Tank3","2026-06-22 00:00","0.331"
"Trzic-Tank3","2026-06-22 01:00","0.33"
"Trzic-Tank3","2026-06-22 02:00","0.33"
"Trzic-Tank3","2026-06-22 03:00","0.33"
"Trzic-Tank3","2026-06-22 04:00","0.33"
"Trzic-Tank3","2026-06-22 05:00","0.329"
"Trzic-Tank3","2026-06-22 06:00","0.329"
"Trzic-Tank3","2026-06-22 07:00","0.329"
"Trzic-Tank3","2026-06-22 08:00","0.328"
"Trzic-Tank3","2026-06-22 09:00","0.328"
"Trzic-Tank3","2026-06-22 10:00","0.328"
"Trzic-Tank3","2026-06-22 11:00","0.328"
"Trzic-Tank3","2026-06-22 12:00","0.328"
"Trzic-Tank3","2026-06-22 13:00","0.328"
"Trzic-Tank3","2026-06-22 14:00","0.327"
"Trzic-Tank3","2026-06-22 15:00","0.327"
"Trzic-Tank3","2026-06-22 16:00","0.327"
"Trzic-Tank3","2026-06-22 17:00","0.326"
"Trzic-Tank3","2026-06-22 18:00","0.326"
"Trzic-Tank3","2026-06-22 19:00","0.325"
"Trzic-Tank3","2026-06-22 20:00","0.325"
"Trzic-Tank3","2026-06-22 21:00","0.325"
"Trzic-Tank3","2026-06-22 22:00","0.324"
"Trzic-Tank3","2026-06-22 23:00","0.324"
"Trzic-Tank3","2026-06-23 00:00","0.324"
"Trzic-Tank3","2026-06-23 01:00","0.323"
"Trzic-Tank3","2026-06-23 02:00","0.323"
"Trzic-Tank3","2026-06-23 03:00","0.323"
"Trzic-Tank3","2026-06-23 04:00","0.323"
"Trzic-Tank3","2026-06-23 05:00","0.323"
"Trzic-Tank3","2026-06-23 06:00","0.323"
"Trzic-Tank3","2026-06-23 07:00","0.323"
"Trzic-Tank3","2026-06-23 08:00","0.323"
"Trzic-Tank3","2026-06-23 09:00","0.323"
"Trzic-Tank3","2026-06-23 10:00","0.322"
"Trzic-Tank3","2026-06-23 11:00","0.322"
"Trzic-Tank3","2026-06-23 12:00","0.322"
"Trzic-Tank3","2026-06-23 13:00","0.322"
"Trzic-Tank3","2026-06-23 14:00","0.322"
"Trzic-Tank3","2026-06-23 15:00","0.321"
"Trzic-Tank3","2026-06-23 16:00","0.321"
"Trzic-Tank3","2026-06-23 17:00","0.321"
"Trzic-Tank3","2026-06-23 18:00","0.32"
"Trzic-Tank3","2026-06-23 19:00","0.32"
"Trzic-Tank3","2026-06-23 20:00","0.319"
"Trzic-Tank3","2026-06-23 21:00","0.319"
"Trzic-Tank3","2026-06-23 22:00","0.319"
"Trzic-Tank3","2026-06-23 23:00","0.318"
"Trzic-Tank3","2026-06-24 00:00","0.318"
"Trzic-Tank3","2026-06-24 01:00","0.317"
"Trzic-Tank3","2026-06-24 02:00","0.317"
"Trzic-Tank3","2026-06-24 03:00","0.317"
"Trzic-Tank3","2026-06-24 04:00","0.317"
"Trzic-Tank3","2026-06-24 05:00","0.317"
"Trzic-Tank3","2026-06-24 06:00","0.317"
"Trzic-Tank3","2026-06-24 07:00","0.317"
"Trzic-Tank3","2026-06-24 08:00","0.317"
"Trzic-Tank3","2026-06-24 09:00","0.317"
"Trzic-Tank3","2026-06-24 10:00","0.317"
"Trzic-Tank3","2026-06-24 11:00","0.317"
"Trzic-Tank3","2026-06-24 12:00","0.316"
"Trzic-Tank3","2026-06-24 13:00","0.316"
"Trzic-Tank3","2026-06-24 14:00","0.316"
"Trzic-Tank3","2026-06-24 15:00","0.315"
"Trzic-Tank3","2026-06-24 16:00","0.315"
"Trzic-Tank3","2026-06-24 17:00","0.314"
"Trzic-Tank3","2026-06-24 18:00","0.314"
"Trzic-Tank3","2026-06-24 19:00","0.313"
"Trzic-Tank3","2026-06-24 20:00","0.312"
"Trzic-Tank3","2026-06-24 21:00","0.311"
"Trzic-Tank3","2026-06-24 22:00","0.311"
"Trzic-Tank3","2026-06-24 23:00","0.31"
"Trzic-Tank3","2026-06-25 00:00","0.31"
"Trzic-Tank3","2026-06-25 01:00","0.31"
"Trzic-Tank3","2026-06-25 02:00","0.31"
"Trzic-Tank3","2026-06-25 03:00","0.31"
"Trzic-Tank3","2026-06-25 04:00","0.31"
"Trzic-Tank3","2026-06-25 05:00","0.309"
"Trzic-Tank3","2026-06-25 06:00","0.309"
"Trzic-Tank3","2026-06-25 07:00","0.309"
"Trzic-Tank3","2026-06-25 08:00","0.309"
"Trzic-Tank3","2026-06-25 09:00","0.309"
"Trzic-Tank3","2026-06-25 10:00","0.309"
"Trzic-Tank3","2026-06-25 11:00","0.308"
"Trzic-Tank3","2026-06-25 12:00","0.308"
"Trzic-Tank3","2026-06-25 13:00","0.307"
"Trzic-Tank3","2026-06-25 14:00","0.307"
"Trzic-Tank3","2026-06-25 15:00","0.306"
"Trzic-Tank3","2026-06-25 16:00","0.306"
"Trzic-Tank3","2026-06-25 17:00","0.305"
"Trzic-Tank3","2026-06-25 18:00","0.305"
"Trzic-Tank3","2026-06-25 19:00","0.304"
"Trzic-Tank3","2026-06-25 20:00","0.303"
"Trzic-Tank3","2026-06-25 21:00","0.303"
"Trzic-Tank3","2026-06-25 22:00","0.302"
"Trzic-Tank3","2026-06-25 23:00","0.302"
"Trzic-Tank3","2026-06-26 00:00","0.302"
"Trzic-Tank3","2026-06-26 01:00","0.301"
"Trzic-Tank3","2026-06-26 02:00","0.301"
"Trzic-Tank3","2026-06-26 03:00","0.301"
"Trzic-Tank3","2026-06-26 04:00","0.301"
"Trzic-Tank3","2026-06-26 05:00","0.3"
"Trzic-Tank3","2026-06-26 06:00","0.3"
"Trzic-Tank3","2026-06-26 07:00","0.3"
"Trzic-Tank3","2026-06-26 08:00","0.3"
"Trzic-Tank3","2026-06-26 09:00","0.3"
"Trzic-Tank3","2026-06-26 10:00","0.299"
"Trzic-Tank3","2026-06-26 11:00","0.299"
"Trzic-Tank3","2026-06-26 12:00","0.299"
"Trzic-Tank3","2026-06-26 13:00","0.298"
"Trzic-Tank3","2026-06-26 14:00","0.298"
"Trzic-Tank3","2026-06-26 15:00","0.298"
"Trzic-Tank3","2026-06-26 16:00","0.297"
"Trzic-Tank3","2026-06-26 17:00","0.296"
"Trzic-Tank3","2026-06-26 18:00","0.295"
"Trzic-Tank3","2026-06-26 19:00","0.295"
"Trzic-Tank3","2026-06-26 20:00","0.294"
"Trzic-Tank3","2026-06-26 21:00","0.294"
"Trzic-Tank3","2026-06-26 22:00","0.293"
"Trzic-Tank3","2026-06-26 23:00","0.293"
"Trzic-Tank3","2026-06-27 00:00","0.293"
"Trzic-Tank3","2026-06-27 01:00","0.292"
"Trzic-Tank3","2026-06-27 02:00","0.292"
"Trzic-Tank3","2026-06-27 03:00","0.292"
"Trzic-Tank3","2026-06-27 04:00","0.292"
"Trzic-Tank3","2026-06-27 05:00","0.291"
"Trzic-Tank3","2026-06-27 06:00","0.291"
"Trzic-Tank3","2026-06-27 07:00","0.291"
"Trzic-Tank3","2026-06-27 08:00","0.29"
"Trzic-Tank3","2026-06-27 09:00","0.29"
"Trzic-Tank3","2026-06-27 10:00","0.29"
"Trzic-Tank3","2026-06-27 11:00","0.29"
"Trzic-Tank3","2026-06-27 12:00","0.289"
"Trzic-Tank3","2026-06-27 13:00","0.289"
"Trzic-Tank3","2026-06-27 14:00","0.289"
"Trzic-Tank3","2026-06-27 15:00","0.288"
"Trzic-Tank3","2026-06-27 16:00","0.288"
"Trzic-Tank3","2026-06-27 17:00","0.287"
"Trzic-Tank3","2026-06-27 18:00","0.287"
"Trzic-Tank3","2026-06-27 19:00","0.286"
"Trzic-Tank3","2026-06-27 20:00","0.285"
"Trzic-Tank3","2026-06-27 21:00","0.285"
"Trzic-Tank3","2026-06-27 22:00","0.285"
"Trzic-Tank3","2026-06-27 23:00","0.284"
"Trzic-Tank3","2026-06-28 00:00","0.284"
"Trzic-Tank3","2026-06-28 01:00","0.284"
"Trzic-Tank3","2026-06-28 02:00","0.284"
"Trzic-Tank3","2026-06-28 03:00","0.284"
"Trzic-Tank3","2026-06-28 04:00","0.284"
"Trzic-Tank3","2026-06-28 05:00","0.283"
"Trzic-Tank3","2026-06-28 06:00","0.283"
"Trzic-Tank3","2026-06-28 07:00","0.283"
"Trzic-Tank3","2026-06-28 08:00","0.283"
"Trzic-Tank3","2026-06-28 09:00","0.283"
"Trzic-Tank3","2026-06-28 10:00","0.282"
"Trzic-Tank3","2026-06-28 11:00","0.282"
"Trzic-Tank3","2026-06-28 12:00","0.282"
"Trzic-Tank3","2026-06-28 13:00","0.281"
"Trzic-Tank3","2026-06-28 14:00","0.281"
"Trzic-Tank3","2026-06-28 15:00","0.281"
"Trzic-Tank3","2026-06-28 16:00","0.28"
"Trzic-Tank3","2026-06-28 17:00","0.279"
"Trzic-Tank3","2026-06-28 18:00","0.278"
"Trzic-Tank3","2026-06-28 19:00","0.278"
"Trzic-Tank3","2026-06-28 20:00","0.277"
"Trzic-Tank3","2026-06-28 21:00","0.277"
"Trzic-Tank3","2026-06-28 22:00","0.277"
"Trzic-Tank3","2026-06-28 23:00","0.276"
"Trzic-Tank3","2026-06-29 00:00","0.276"
"Trzic-Tank3","2026-06-29 01:00","0.276"
"Trzic-Tank3","2026-06-29 02:00","0.276"
"Trzic-Tank3","2026-06-29 03:00","0.276"
"Trzic-Tank3","2026-06-29 04:00","0.276"
"Trzic-Tank3","2026-06-29 05:00","0.275"
"Trzic-Tank3","2026-06-29 06:00","0.275"
"Trzic-Tank3","2026-06-29 07:00","0.275"
"Trzic-Tank3","2026-06-29 08:00","0.274"
"Trzic-Tank3","2026-06-29 09:00","0.274"
"Trzic-Tank3","2026-06-29 10:00","0.274"
"Trzic-Tank3","2026-06-29 11:00","0.274"
"Trzic-Tank3","2026-06-29 12:00","0.273"
"Trzic-Tank3","2026-06-29 13:00","0.273"
"Trzic-Tank3","2026-06-29 14:00","0.272"
"Trzic-Tank3","2026-06-29 15:00","0.272"
"Trzic-Tank3","2026-06-29 16:00","0.271"
"Trzic-Tank3","2026-06-29 17:00","0.271"
"Trzic-Tank3","2026-06-29 18:00","0.27"
"Trzic-Tank3","2026-06-29 19:00","0.269"
"Trzic-Tank3","2026-06-29 20:00","0.269"
"Trzic-Tank3","2026-06-29 21:00","0.268"
"Trzic-Tank3","2026-06-29 22:00","0.268"
"Trzic-Tank3","2026-06-29 23:00","0.268"
"Trzic-Tank3","2026-06-30 00:00","0.268"
"Trzic-Tank3","2026-06-30 01:00","0.267"
"Trzic-Tank3","2026-06-30 02:00","0.267"
"Trzic-Tank3","2026-06-30 03:00","0.267"
"Trzic-Tank3","2026-06-30 04:00","0.267"
"Trzic-Tank3","2026-06-30 05:00","0.266"
"Trzic-Tank3","2026-06-30 06:00","0.266"
"Trzic-Tank3","2026-06-30 07:00","0.266"
"Trzic-Tank3","2026-06-30 08:00","0.266"
"Trzic-Tank3","2026-06-30 09:00","0.266"
"Trzic-Tank3","2026-06-30 10:00","0.265"
"Trzic-Tank3","2026-06-30 11:00","0.265"
"Trzic-Tank3","2026-06-30 12:00","0.265"
"Trzic-Tank3","2026-06-30 13:00","0.264"
"Trzic-Tank3","2026-06-30 14:00","0.264"
"Trzic-Tank3","2026-06-30 15:00","0.263"
"Trzic-Tank3","2026-06-30 16:00","0.262"
"Trzic-Tank3","2026-06-30 17:00","0.262"
"Trzic-Tank3","2026-06-30 18:00","0.261"
"Trzic-Tank3","2026-06-30 19:00","0.26"
"Trzic-Tank3","2026-06-30 20:00","0.26"
"Trzic-Tank3","2026-06-30 21:00","0.259"
"Trzic-Tank3","2026-06-30 22:00","0.259"
"Trzic-Tank3","2026-06-30 23:00",
"Trzic-Tank3","2026-07-01 00:00",
"Trzic-Tank3","2026-07-01 01:00",
"Trzic-Tank3","2026-07-01 02:00",
"Trzic-Tank3","2026-07-01 03:00",
"Trzic-Tank3","2026-07-01 04:00",
"Trzic-Tank3","2026-07-01 05:00",
"Trzic-Tank3","2026-07-01 06:00",
"Trzic-Tank3","2026-07-01 07:00",
"Trzic-Tank3","2026-07-01 08:00",
"Trzic-Tank3","2026-07-01 09:00","0.257"
"Trzic-Tank3","2026-07-01 10:00","0.256"
"Trzic-Tank3","2026-07-01 11:00","0.256"
"Trzic-Tank3","2026-07-01 12:00","0.255"
"Trzic-Tank3","2026-07-01 13:00","0.255"
"Trzic-Tank3","2026-07-01 14:00","0.254"
"Trzic-Tank3","2026-07-01 15:00","0.253"
"Trzic-Tank3","2026-07-01 16:00","0.252"
"Trzic-Tank3","2026-07-01 17:00","0.25"
"Trzic-Tank3","2026-07-01 18:00","0.25"
"Trzic-Tank3","2026-07-01 19:00","0.25"
"Trzic-Tank3","2026-07-01 20:00","0.249"
"Trzic-Tank3","2026-07-01 21:00","0.248"
"Trzic-Tank3","2026-07-01 22:00","0.248"
"Trzic-Tank3","2026-07-01 23:00","0.248"
"Trzic-Tank3","2026-07-02 00:00","0.248"
"Trzic-Tank3","2026-07-02 01:00","0.247"
"Trzic-Tank3","2026-07-02 02:00","0.247"
"Trzic-Tank3","2026-07-02 03:00","0.247"
"Trzic-Tank3","2026-07-02 04:00","0.247"
"Trzic-Tank3","2026-07-02 05:00","0.246"
"Trzic-Tank3","2026-07-02 06:00","0.246"
"Trzic-Tank3","2026-07-02 07:00","0.245"
"Trzic-Tank3","2026-07-02 08:00","0.245"
"Trzic-Tank3","2026-07-02 09:00","0.245"
"Trzic-Tank3","2026-07-02 10:00","0.244"
"Trzic-Tank3","2026-07-02 11:00","0.243"
"Trzic-Tank3","2026-07-02 12:00","0.242"
"Trzic-Tank3","2026-07-02 13:00","0.241"
"Trzic-Tank3","2026-07-02 14:00","0.24"
"Trzic-Tank3","2026-07-02 15:00","0.239"
"Trzic-Tank3","2026-07-02 16:00","0.237"
"Trzic-Tank3","2026-07-02 17:00","0.236"
"Trzic-Tank3","2026-07-02 18:00","0.236"
"Trzic-Tank3","2026-07-02 19:00","0.234"
"Trzic-Tank3","2026-07-02 20:00","0.234"
"Trzic-Tank3","2026-07-02 21:00","0.233"
"Trzic-Tank3","2026-07-02 22:00","0.233"
"Trzic-Tank3","2026-07-02 23:00","0.232"
"Trzic-Tank3","2026-07-03 00:00","0.232"
"Trzic-Tank3","2026-07-03 01:00","0.232"
"Trzic-Tank3","2026-07-03 02:00","0.232"
"Trzic-Tank3","2026-07-03 03:00","0.232"
"Trzic-Tank3","2026-07-03 04:00","0.232"
"Trzic-Tank3","2026-07-03 05:00","0.231"
"Trzic-Tank3","2026-07-03 06:00","0.23"
"Trzic-Tank3","2026-07-03 07:00","0.23"
"Trzic-Tank3","2026-07-03 08:00","0.23"
"Trzic-Tank3","2026-07-03 09:00","0.229"
"Trzic-Tank3","2026-07-03 10:00","0.228"
"Trzic-Tank3","2026-07-03 11:00","0.228"
"Trzic-Tank3","2026-07-03 12:00","0.226"
"Trzic-Tank3","2026-07-03 13:00","0.226"
"Trzic-Tank3","2026-07-03 14:00","0.225"
"Trzic-Tank3","2026-07-03 15:00","0.223"
"Trzic-Tank3","2026-07-03 16:00","0.221"
"Trzic-Tank3","2026-07-03 17:00","0.22"
"Trzic-Tank3","2026-07-03 18:00","0.219"
"Trzic-Tank3","2026-07-03 19:00","0.217"
"Trzic-Tank3","2026-07-03 20:00","0.216"
"Trzic-Tank3","2026-07-03 21:00","0.216"
"Trzic-Tank3","2026-07-03 22:00","0.215"
"Trzic-Tank3","2026-07-03 23:00","0.215"
"Trzic-Tank3","2026-07-04 00:00","0.215"
"Trzic-Tank3","2026-07-04 01:00","0.214"
"Trzic-Tank3","2026-07-04 02:00","0.214"
"Trzic-Tank3","2026-07-04 03:00","0.214"
"Trzic-Tank3","2026-07-04 04:00","0.214"
"Trzic-Tank3","2026-07-04 05:00","0.213"
"Trzic-Tank3","2026-07-04 06:00","0.213"
"Trzic-Tank3","2026-07-04 07:00","0.212"
"Trzic-Tank3","2026-07-04 08:00","0.212"
"Trzic-Tank3","2026-07-04 09:00","0.211"
"Trzic-Tank3","2026-07-04 10:00","0.211"
"Trzic-Tank3","2026-07-04 11:00","0.209"
"Trzic-Tank3","2026-07-04 12:00","0.206"
"Trzic-Tank3","2026-07-04 13:00","0.205"
"Trzic-Tank3","2026-07-04 14:00","0.203"
"Trzic-Tank3","2026-07-04 15:00","0.2"
"Trzic-Tank3","2026-07-04 16:00","0.198"
"Trzic-Tank3","2026-07-04 17:00","0.197"
"Trzic-Tank3","2026-07-04 18:00","0.194"
"Trzic-Tank3","2026-07-04 19:00","0.193"
"Trzic-Tank3","2026-07-04 20:00","0.192"
"Trzic-Tank3","2026-07-04 21:00","0.191"
"Trzic-Tank3","2026-07-04 22:00","0.191"
"Trzic-Tank3","2026-07-04 23:00","0.19"
"Trzic-Tank3","2026-07-05 00:00","0.19"
"Trzic-Tank3","2026-07-05 01:00","0.19"
"Trzic-Tank3","2026-07-05 02:00","0.19"
"Trzic-Tank3","2026-07-05 03:00","0.19"
"Trzic-Tank3","2026-07-05 04:00","0.19"
"Trzic-Tank3","2026-07-05 05:00","0.188"
"Trzic-Tank3","2026-07-05 06:00","0.188"
"Trzic-Tank3","2026-07-05 07:00","0.187"
"Trzic-Tank3","2026-07-05 08:00","0.187"
"Trzic-Tank3","2026-07-05 09:00","0.186"
"Trzic-Tank3","2026-07-05 10:00","0.186"
"Trzic-Tank3","2026-07-05 11:00","0.185"
"Trzic-Tank3","2026-07-05 12:00","0.184"
"Trzic-Tank3","2026-07-05 13:00","0.182"
"Trzic-Tank3","2026-07-05 14:00","0.179"
"Trzic-Tank3","2026-07-05 15:00","0.177"
"Trzic-Tank3","2026-07-05 16:00","0.174"
"Trzic-Tank3","2026-07-05 17:00","0.172"
"Trzic-Tank3","2026-07-05 18:00","0.171"
"Trzic-Tank3","2026-07-05 19:00","0.17"
"Trzic-Tank3","2026-07-05 20:00","0.169"
"Trzic-Tank3","2026-07-05 21:00","0.169"
"Trzic-Tank3","2026-07-05 22:00","0.169"
"Trzic-Tank3","2026-07-05 23:00","0.168"
"Trzic-Tank3","2026-07-06 00:00","0.168"
"Trzic-Tank3","2026-07-06 01:00","0.168"
"Trzic-Tank3","2026-07-06 02:00","0.168"
"Trzic-Tank3","2026-07-06 03:00","0.168"
"Trzic-Tank3","2026-07-06 04:00","0.168"
"Trzic-Tank3","2026-07-06 05:00","0.167"
"Trzic-Tank3","2026-07-06 06:00","0.167"
"Trzic-Tank3","2026-07-06 07:00","0.167"
"Trzic-Tank3","2026-07-06 08:00","0.166"
"Trzic-Tank3","2026-07-06 09:00","0.166"
"Trzic-Tank3","2026-07-06 10:00","0.165"
"Trzic-Tank3","2026-07-06 11:00","0.165"
"Trzic-Tank3","2026-07-06 12:00","0.164"
"Trzic-Tank3","2026-07-06 13:00","0.162"
"Trzic-Tank3","2026-07-06 14:00","0.16"
"Trzic-Tank3","2026-07-06 15:00","0.158"
"Trzic-Tank3","2026-07-06 16:00","0.156"
"Trzic-Tank3","2026-07-06 17:00","0.155"
"Trzic-Tank3","2026-07-06 18:00","0.154"
"Trzic-Tank3","2026-07-06 19:00","0.153"
"Trzic-Tank3","2026-07-06 20:00","0.152"
"Trzic-Tank3","2026-07-06 21:00","0.151"
"Trzic-Tank3","2026-07-06 22:00","0.151"
"Trzic-Tank3","2026-07-06 23:00","0.151"
"Trzic-Tank3","2026-07-07 00:00","0.151"
"Trzic-Tank3","2026-07-07 01:00","0.151"
"Trzic-Tank3","2026-07-07 02:00","0.151"
"Trzic-Tank3","2026-07-07 03:00","0.151"
"Trzic-Tank3","2026-07-07 04:00","0.151"
"Trzic-Tank3","2026-07-07 05:00","0.15"
"Trzic-Tank3","2026-07-07 06:00","0.15"
"Trzic-Tank3","2026-07-07 07:00","0.15"
"Trzic-Tank3","2026-07-07 08:00","0.149"
"Trzic-Tank3","2026-07-07 09:00","0.149"
"Trzic-Tank3","2026-07-07 10:00","0.148"
"Trzic-Tank3","2026-07-07 11:00","0.147"
"Trzic-Tank3","2026-07-07 12:00","0.146"
"Trzic-Tank3","2026-07-07 13:00","0.144"
"Trzic-Tank3","2026-07-07 14:00","0.142"
"Trzic-Tank3","2026-07-07 15:00","0.141"
"Trzic-Tank3","2026-07-07 16:00","0.14"
"Trzic-Tank3","2026-07-07 17:00","0.139"
"Trzic-Tank3","2026-07-07 18:00","0.138"
"Trzic-Tank3","2026-07-07 19:00","0.138"
"Trzic-Tank3","2026-07-07 20:00","0.138"
"Trzic-Tank3","2026-07-07 21:00","0.137"
"Trzic-Tank3","2026-07-07 22:00","0.137"
"Trzic-Tank3","2026-07-07 23:00","0.137"
"Trzic-Tank3","2026-07-08 00:00","0.137"
"Trzic-Tank3","2026-07-08 01:00","0.136"
"Trzic-Tank3","2026-07-08 02:00","0.136"
"Trzic-Tank3","2026-07-08 03:00","0.136"
"Trzic-Tank3","2026-07-08 04:00","0.136"
"Trzic-Tank3","2026-07-08 05:00","0.136"
"Trzic-Tank3","2026-07-08 06:00","0.136"
"Trzic-Tank3","2026-07-08 07:00","0.136"
"Trzic-Tank3","2026-07-08 08:00","0.136"
"Trzic-Tank3","2026-07-08 09:00","0.136"
"Trzic-Tank3","2026-07-08 10:00","0.135"
"Trzic-Tank3","2026-07-08 11:00","0.135"
"Trzic-Tank3","2026-07-08 12:00","0.135"
"Trzic-Tank3","2026-07-08 13:00","0.135"
"Trzic-Tank3","2026-07-08 14:00","0.134"
"Trzic-Tank3","2026-07-08 15:00","0.133"
"Trzic-Tank3","2026-07-08 16:00","0.133"
"Trzic-Tank3","2026-07-08 17:00","0.132"
"Trzic-Tank3","2026-07-08 18:00","0.132"
"Trzic-Tank3","2026-07-08 19:00","0.131"
"Trzic-Tank3","2026-07-08 20:00","0.131"
"Trzic-Tank3","2026-07-08 21:00","0.131"
"Trzic-Tank3","2026-07-08 22:00","0.131"
"Trzic-Tank3","2026-07-08 23:00","0.131"
"Trzic-Tank3","2026-07-09 00:00","0.131"
"Trzic-Tank3","2026-07-09 01:00","0.13"
"Trzic-Tank3","2026-07-09 02:00","0.13"
"Trzic-Tank3","2026-07-09 03:00","0.13"
"Trzic-Tank3","2026-07-09 04:00","0.13"
"Trzic-Tank3","2026-07-09 05:00","0.13"
"Trzic-Tank3","2026-07-09 06:00","0.13"
"Trzic-Tank3","2026-07-09 07:00","0.13"
"Trzic-Tank3","2026-07-09 08:00","0.13"
"Trzic-Tank3","2026-07-09 09:00","0.13"
"Trzic-Tank3","2026-07-09 10:00","0.13"
"Trzic-Tank3","2026-07-09 11:00","0.129"
"Trzic-Tank3","2026-07-09 12:00","0.129"
"Trzic-Tank3","2026-07-09 13:00","0.128"
"Trzic-Tank3","2026-07-09 14:00","0.128"
"Trzic-Tank3","2026-07-09 15:00","0.127"
"Trzic-Tank3","2026-07-09 16:00","0.127"
"Trzic-Tank3","2026-07-09 17:00","0.126"
"Trzic-Tank3","2026-07-09 18:00","0.126"
"Trzic-Tank3","2026-07-09 19:00","0.125"
"Trzic-Tank3","2026-07-09 20:00","0.125"
"Trzic-Tank3","2026-07-09 21:00","0.125"
"Trzic-Tank3","2026-07-09 22:00","0.124"
"Trzic-Tank3","2026-07-09 23:00","0.124"
"Trzic-Tank3","2026-07-10 00:00","0.124"
"Trzic-Tank3","2026-07-10 01:00","0.124"
"Trzic-Tank3","2026-07-10 02:00","0.124"
"Trzic-Tank3","2026-07-10 03:00","0.124"
"Trzic-Tank3","2026-07-10 04:00","0.124"
"Trzic-Tank3","2026-07-10 05:00","0.124"
"Trzic-Tank3","2026-07-10 06:00","0.124"
"Trzic-Tank3","2026-07-10 07:00","0.124"
"Trzic-Tank3","2026-07-10 08:00","0.123"
"Trzic-Tank3","2026-07-10 09:00","0.124"
"Trzic-Tank3","2026-07-10 10:00","0.124"
"Trzic-Tank3","2026-07-10 11:00","0.123"
"Trzic-Tank3","2026-07-10 12:00","0.123"
"Trzic-Tank3","2026-07-10 13:00","0.122"
"Trzic-Tank3","2026-07-10 14:00","0.121"
"Trzic-Tank3","2026-07-10 15:00","0.12"
"Trzic-Tank3","2026-07-10 16:00","0.12"
"Trzic-Tank3","2026-07-10 17:00","0.119"
"Trzic-Tank3","2026-07-10 18:00","0.119"
"Trzic-Tank3","2026-07-10 19:00","0.118"
"Trzic-Tank3","2026-07-10 20:00",
"Trzic-Tank3","2026-07-10 21:00","0.118"
"Trzic-Tank3","2026-07-10 22:00","0.118"
"Trzic-Tank3","2026-07-10 23:00","0.117"
"Trzic-Tank3","2026-07-11 00:00","0.117"
"Trzic-Tank3","2026-07-11 01:00","0.117"
"Trzic-Tank3","2026-07-11 02:00","0.117"
"Trzic-Tank3","2026-07-11 03:00","0.117"
"Trzic-Tank3","2026-07-11 04:00","0.117"
"Trzic-Tank3","2026-07-11 05:00","0.117"
"Trzic-Tank3","2026-07-11 06:00","0.117"
"Trzic-Tank3","2026-07-11 07:00","0.117"
"Trzic-Tank3","2026-07-11 08:00","0.117"
"Trzic-Tank3","2026-07-11 09:00","0.117"
"Trzic-Tank3","2026-07-11 10:00","0.116"
"Trzic-Tank3","2026-07-11 11:00","0.116"
"Trzic-Tank3","2026-07-11 12:00","0.116"
"Trzic-Tank3","2026-07-11 13:00","0.115"
"Trzic-Tank3","2026-07-11 14:00","0.115"
"Trzic-Tank3","2026-07-11 15:00","0.114"
"Trzic-Tank3","2026-07-11 16:00","0.114"
"Trzic-Tank3","2026-07-11 17:00","0.114"
"Trzic-Tank3","2026-07-11 18:00","0.114"
"Trzic-Tank3","2026-07-11 19:00","0.113"
"Trzic-Tank3","2026-07-11 20:00","0.113"
"Trzic-Tank3","2026-07-11 21:00","0.113"
"Trzic-Tank3","2026-07-11 22:00","0.113"
"Trzic-Tank3","2026-07-11 23:00","0.113"
"Trzic-Tank3","2026-07-12 00:00","0.113"
"Trzic-Tank3","2026-07-12 01:00","0.113"
"Trzic-Tank3","2026-07-12 02:00","0.113"
"Trzic-Tank3","2026-07-12 03:00","0.113"
"Trzic-Tank3","2026-07-12 04:00","0.113"
"Trzic-Tank3","2026-07-12 05:00","0.113"
"Trzic-Tank3","2026-07-12 06:00","0.113"
"Trzic-Tank3","2026-07-12 07:00","0.113"
"Trzic-Tank3","2026-07-12 08:00","0.113"
"Trzic-Tank3","2026-07-12 09:00","0.113"
"Trzic-Tank3","2026-07-12 10:00","0.113"
"Trzic-Tank3","2026-07-12 11:00","0.113"
"Trzic-Tank3","2026-07-12 12:00","0.113"
"Trzic-Tank3","2026-07-12 13:00","0.113"
"Trzic-Tank3","2026-07-12 14:00","0.113"
"Trzic-Tank3","2026-07-12 15:00","0.113"
"Trzic-Tank3","2026-07-12 16:00","0.113"
"Trzic-Tank3","2026-07-12 17:00","0.113"
"Trzic-Tank3","2026-07-12 18:00","0.113"
"Trzic-Tank3","2026-07-12 19:00","0.113"
"Trzic-Tank3","2026-07-12 20:00","0.112"
"Trzic-Tank3","2026-07-12 21:00","0.112"
"Trzic-Tank3","2026-07-12 22:00","0.112"
"Trzic-Tank3","2026-07-12 23:00","0.112"
"Trzic-Tank3","2026-07-13 00:00","0.112"
"Trzic-Tank3","2026-07-13 01:00","0.112"
"Trzic-Tank3","2026-07-13 02:00","0.112"
"Trzic-Tank3","2026-07-13 03:00","0.112"
"Trzic-Tank3","2026-07-13 04:00","0.112"
"Trzic-Tank3","2026-07-13 05:00","0.112"
"Trzic-Tank3","2026-07-13 06:00","0.113"
"Trzic-Tank3","2026-07-13 07:00","0.113"
"Trzic-Tank3","2026-07-13 08:00","0.113"
"Trzic-Tank3","2026-07-13 09:00","0.113"
"Trzic-Tank3","2026-07-13 10:00","0.113"
"Trzic-Tank3","2026-07-13 11:00","0.113"
"Trzic-Tank3","2026-07-13 12:00","0.113"
"Trzic-Tank3","2026-07-13 13:00","0.113"
"Trzic-Tank3","2026-07-13 14:00","0.113"
"Trzic-Tank3","2026-07-13 15:00","0.113"
"Trzic-Tank3","2026-07-13 16:00","0.113"
"Trzic-Tank3","2026-07-13 17:00","0.113"
"Trzic-Tank3","2026-07-13 18:00","0.113"
"Trzic-Tank3","2026-07-13 19:00","0.113"
"Trzic-Tank3","2026-07-13 20:00","0.113"
"Trzic-Tank3","2026-07-13 21:00","0.113"
"Trzic-Tank3","2026-07-13 22:00","0.112"
"Trzic-Tank3","2026-07-13 23:00","0.112"
"Trzic-Tank3","2026-07-14 00:00","0.112"
"Trzic-Tank3","2026-07-14 01:00","0.112"
"Trzic-Tank3","2026-07-14 02:00","0.112"
"Trzic-Tank3","2026-07-14 03:00","0.112"
"Trzic-Tank3","2026-07-14 04:00","0.112"
"Trzic-Tank3","2026-07-14 05:00","0.112"
"Trzic-Tank3","2026-07-14 06:00","0.112"
"Trzic-Tank3","2026-07-14 07:00","0.112"
"Trzic-Tank3","2026-07-14 08:00","0.112"
"Trzic-Tank3","2026-07-14 09:00","0.112"
"Trzic-Tank3","2026-07-14 10:00","0.113"
"Trzic-Tank3","2026-07-14 11:00","0.113"
"Trzic-Tank3","2026-07-14 12:00","0.113"
"Trzic-Tank3","2026-07-14 13:00","0.113"
"Trzic-Tank3","2026-07-14 14:00","0.113"
"Trzic-Tank3","2026-07-14 15:00","0.113"
"Trzic-Tank3","2026-07-14 16:00","0.113"
"Trzic-Tank3","2026-07-14 17:00","0.113"
"Trzic-Tank3","2026-07-14 18:00","0.113"
"Trzic-Tank3","2026-07-14 19:00","0.112"
"Trzic-Tank3","2026-07-14 20:00","0.112"
"Trzic-Tank3","2026-07-14 21:00","0.112"
"Trzic-Tank3","2026-07-14 22:00","0.112"
"Trzic-Tank3","2026-07-14 23:00","0.112"
"Trzic-Tank3","2026-07-15 00:00","0.112"
"Trzic-Tank3","2026-07-15 01:00","0.112"
"Trzic-Tank3","2026-07-15 02:00","0.112"
"Trzic-Tank3","2026-07-15 03:00","0.112"
"Trzic-Tank3","2026-07-15 04:00","0.112"
"Trzic-Tank3","2026-07-15 05:00","0.113"
"Trzic-Tank3","2026-07-15 06:00","0.113"
"Trzic-Tank3","2026-07-15 07:00","0.113"
"Trzic-Tank3","2026-07-15 08:00","0.113"
"Trzic-Tank3","2026-07-15 09:00","0.113"
"Trzic-Tank3","2026-07-15 10:00","0.113"
"Trzic-Tank3","2026-07-15 11:00","0.113"
"Trzic-Tank3","2026-07-15 12:00","0.113"
"Trzic-Tank3","2026-07-15 13:00","0.113"
"Trzic-Tank3","2026-07-15 14:00","0.113"
"Trzic-Tank3","2026-07-15 15:00","0.113"
"Trzic-Tank3","2026-07-15 16:00","0.113"
"Trzic-Tank3","2026-07-15 17:00","0.113"
"Trzic-Tank3","2026-07-15 18:00","0.113"
"Trzic-Tank3","2026-07-15 19:00","0.113"
"Trzic-Tank3","2026-07-15 20:00","0.113"
"Trzic-Tank3","2026-07-15 21:00","0.112"
"Trzic-Tank3","2026-07-15 22:00","0.112"
"Trzic-Tank3","2026-07-15 23:00","0.112"
"Trzic-Tank3","2026-07-16 00:00","0.112"
"Trzic-Tank3","2026-07-16 01:00","0.112"
"Trzic-Tank3","2026-07-16 02:00","0.112"
"Trzic-Tank3","2026-07-16 03:00","0.112"
"Trzic-Tank3","2026-07-16 04:00","0.112"
"Trzic-Tank3","2026-07-16 05:00","0.112"
"Trzic-Tank3","2026-07-16 06:00","0.112"
"Trzic-Tank3","2026-07-16 07:00","0.112"
"Trzic-Tank3","2026-07-16 08:00","0.112"
"Trzic-Tank3","2026-07-16 09:00","0.112"
"Trzic-Tank3","2026-07-16 10:00","0.112"
"Trzic-Tank3","2026-07-16 11:00","0.112"
"Trzic-Tank3","2026-07-16 12:00","0.112"
"Trzic-Tank3","2026-07-16 13:00","0.112"
"Trzic-Tank3","2026-07-16 14:00","0.112"
"Trzic-Tank3","2026-07-16 15:00","0.112"
"Trzic-Tank3","2026-07-16 16:00","0.112"
"Trzic-Tank3","2026-07-16 17:00","0.112"
"Trzic-Tank3","2026-07-16 18:00","0.112"
"Trzic-Tank3","2026-07-16 19:00","0.112"
"Trzic-Tank3","2026-07-16 20:00","0.112"
"Trzic-Tank3","2026-07-16 21:00","0.112"
"Trzic-Tank3","2026-07-16 22:00","0.112"
"Trzic-Tank3","2026-07-16 23:00","0.112"
"Trzic-Tank3","2026-07-17 00:00","0.112"
"Trzic-Tank3","2026-07-17 01:00","0.111"
"Trzic-Tank3","2026-07-17 02:00","0.111"
"Trzic-Tank3","2026-07-17 03:00","0.111"
"Trzic-Tank3","2026-07-17 04:00","0.111"
"Trzic-Tank3","2026-07-17 05:00","0.112"
"Trzic-Tank3","2026-07-17 06:00","0.112"
"Trzic-Tank3","2026-07-17 07:00","0.112"
"Trzic-Tank3","2026-07-17 08:00","0.112"
"Trzic-Tank3","2026-07-17 09:00","0.112"
"Trzic-Tank3","2026-07-17 10:00","0.112"
"Trzic-Tank3","2026-07-17 11:00","0.112"
"Trzic-Tank3","2026-07-17 12:00","0.112"
"Trzic-Tank3","2026-07-17 13:00","0.112"
"Trzic-Tank3","2026-07-17 14:00","0.112"
"Trzic-Tank3","2026-07-17 15:00","0.112"
"Trzic-Tank3","2026-07-17 16:00","0.112"
"Trzic-Tank3","2026-07-17 17:00","0.112"
"Trzic-Tank3","2026-07-17 18:00","0.112"
"Trzic-Tank3","2026-07-17 19:00","0.112"
"Trzic-Tank3","2026-07-17 20:00","0.112"
"Trzic-Tank3","2026-07-17 21:00","0.112"
"Trzic-Tank3","2026-07-17 22:00","0.112"
"Trzic-Tank3","2026-07-17 23:00","0.112"
"Trzic-Tank3","2026-07-18 00:00","0.112"
"Trzic-Tank3","2026-07-18 01:00","0.112"
"Trzic-Tank3","2026-07-18 02:00","0.112"
"Trzic-Tank3","2026-07-18 03:00","0.112"
"Trzic-Tank3","2026-07-18 04:00","0.112"
"Trzic-Tank3","2026-07-18 05:00","0.112"
"Trzic-Tank3","2026-07-18 06:00","0.112"
"Trzic-Tank3","2026-07-18 07:00","0.112"
"Trzic-Tank3","2026-07-18 08:00","0.112"
"Trzic-Tank3","2026-07-18 09:00","0.112"
"Trzic-Tank3","2026-07-18 10:00","0.112"
"Trzic-Tank3","2026-07-18 11:00","0.112"
"Trzic-Tank3","2026-07-18 12:00","0.112"
"Trzic-Tank3","2026-07-18 13:00","0.112"
"Trzic-Tank3","2026-07-18 14:00","0.112"
"Trzic-Tank3","2026-07-18 15:00","0.112"
"Trzic-Tank3","2026-07-18 16:00","0.112"
"Trzic-Tank3","2026-07-18 17:00","0.112"
"Trzic-Tank3","2026-07-18 18:00","0.112"
"Trzic-Tank3","2026-07-18 19:00","0.112"
"Trzic-Tank3","2026-07-18 20:00","0.113"
"Trzic-Tank3","2026-07-18 21:00","0.113"
"Trzic-Tank3","2026-07-18 22:00","0.113"
"Trzic-Tank3","2026-07-18 23:00","0.116"
"Trzic-Tank3","2026-07-19 00:00","0.116"
"Trzic-Tank3","2026-07-19 01:00","0.157"
"Trzic-Tank3","2026-07-19 02:00","0.157"
"Trzic-Tank3","2026-07-19 03:00","0.157"
"Trzic-Tank3","2026-07-19 04:00","0.157"
"Trzic-Tank3","2026-07-19 05:00","0.199"
"Trzic-Tank3","2026-07-19 06:00","0.208"
"Trzic-Tank3","2026-07-19 07:00","0.212"
"Trzic-Tank3","2026-07-19 08:00","0.215"
"Trzic-Tank3","2026-07-19 09:00","0.218"
"Trzic-Tank3","2026-07-19 10:00","0.222"
"Trzic-Tank3","2026-07-19 11:00","0.23"
"Trzic-Tank3","2026-07-19 12:00","0.233"
"Trzic-Tank3","2026-07-19 13:00","0.238"
"Trzic-Tank3","2026-07-19 14:00","0.239"
"Trzic-Tank3","2026-07-19 15:00","0.242"
"Trzic-Tank3","2026-07-19 16:00","0.243"
"Trzic-Tank3","2026-07-19 17:00","0.244"
"Trzic-Tank3","2026-07-19 18:00","0.246"
"Trzic-Tank3","2026-07-19 19:00","0.247"
"Trzic-Tank3","2026-07-19 20:00","0.248"
"Trzic-Tank3","2026-07-19 21:00","0.249"
"Trzic-Tank3","2026-07-19 22:00","0.25"
"Trzic-Tank3","2026-07-19 23:00","0.251"
"Trzic-Tank3","2026-07-20 00:00","0.251"
"Trzic-Tank3","2026-07-20 01:00",
"Trzic-Tank3","2026-07-20 02:00","0.252"
"Trzic-Tank3","2026-07-20 03:00","0.252"
"Trzic-Tank3","2026-07-20 04:00","0.252"
"Trzic-Tank3","2026-07-20 05:00","0.255"
"Trzic-Tank3","2026-07-20 06:00","0.255"
"Trzic-Tank3","2026-07-20 07:00","0.256"
"Trzic-Tank3","2026-07-20 08:00","0.256"
"Trzic-Tank3","2026-07-20 09:00","0.257"
"Trzic-Tank3","2026-07-20 10:00","0.257"
"Trzic-Tank3","2026-07-20 11:00","0.258"
"Trzic-Tank3","2026-07-20 12:00","0.258"
"Trzic-Tank3","2026-07-20 13:00","0.258"
"Trzic-Tank3","2026-07-20 14:00","0.258"
"Trzic-Tank3","2026-07-20 15:00","0.258"
"Trzic-Tank3","2026-07-20 16:00","0.258"
"Trzic-Tank3","2026-07-20 17:00","0.258"
"Trzic-Tank3","2026-07-20 18:00","0.258"
"Trzic-Tank3","2026-07-20 19:00","0.258"
"Trzic-Tank3","2026-07-20 20:00","0.258"
"Trzic-Tank3","2026-07-20 21:00","0.258"
"Trzic-Tank3","2026-07-20 22:00","0.258"
"Trzic-Tank3","2026-07-20 23:00","0.258"
"Trzic-Tank3","2026-07-21 00:00","0.258"
"Trzic-Tank3","2026-07-21 01:00","0.259"
"Trzic-Tank3","2026-07-21 02:00","0.259"
"Trzic-Tank3","2026-07-21 03:00","0.259"
"Trzic-Tank3","2026-07-21 04:00","0.259"
"Trzic-Tank3","2026-07-21 05:00","0.259"
"Trzic-Tank3","2026-07-21 06:00","0.259"
"Trzic-Tank3","2026-07-21 07:00","0.259"
"Trzic-Tank3","2026-07-21 08:00","0.259"
"Trzic-Tank3","2026-07-21 09:00","0.26"
"Trzic-Tank3","2026-07-21 10:00","0.26"
"Trzic-Tank3","2026-07-21 11:00","0.26"
"Trzic-Tank3","2026-07-21 12:00","0.26"
"Trzic-Tank3","2026-07-21 13:00","0.261"
"Trzic-Tank3","2026-07-21 14:00","0.261"
"Trzic-Tank3","2026-07-21 15:00","0.261"
"Trzic-Tank3","2026-07-21 16:00","0.261"
"Trzic-Tank3","2026-07-21 17:00","0.261"
"Trzic-Tank3","2026-07-21 18:00","0.261"
"Trzic-Tank3","2026-07-21 19:00","0.261"
"Trzic-Tank3","2026-07-21 20:00","0.261"
"Trzic-Tank3","2026-07-21 21:00","0.261"
"Trzic-Tank3","2026-07-21 22:00","0.262"
"Trzic-Tank3","2026-07-21 23:00","0.262"
"Trzic-Tank3","2026-07-22 00:00","0.262"
"Trzic-Tank3","2026-07-22 01:00","0.262"
"Trzic-Tank3","2026-07-22 02:00","0.262"
"Trzic-Tank3","2026-07-22 03:00","0.262"
"Trzic-Tank3","2026-07-22 04:00","0.262"
"Trzic-Tank3","2026-07-22 05:00","0.263"
"Trzic-Tank3","2026-07-22 06:00","0.263"
"Trzic-Tank3","2026-07-22 07:00","0.264"
"Trzic-Tank3","2026-07-22 08:00","0.264"
"Trzic-Tank3","2026-07-22 09:00","0.264"
"Trzic-Tank3","2026-07-22 10:00","0.264"
"Trzic-Tank3","2026-07-22 11:00","0.264"
"Trzic-Tank3","2026-07-22 12:00","0.264"
"Trzic-Tank3","2026-07-22 13:00","0.264"
"Trzic-Tank3","2026-07-22 14:00","0.264"
"Trzic-Tank3","2026-07-22 15:00","0.264"
"Trzic-Tank3","2026-07-22 16:00","0.264"
"Trzic-Tank3","2026-07-22 17:00","0.264"
"Trzic-Tank3","2026-07-22 18:00","0.264"
"Trzic-Tank3","2026-07-22 19:00","0.263"
"Trzic-Tank3","2026-07-22 20:00","0.263"
"Trzic-Tank3","2026-07-22 21:00","0.263"
"Trzic-Tank3","2026-07-22 22:00","0.263"
"Trzic-Tank3","2026-07-22 23:00","0.263"
"Trzic-Tank3","2026-07-23 00:00","0.263"
"Trzic-Tank3","2026-07-23 01:00","0.263"
"Trzic-Tank3","2026-07-23 02:00","0.263"
"Trzic-Tank3","2026-07-23 03:00","0.263"
"Trzic-Tank3","2026-07-23 04:00","0.263"
"Trzic-Tank3","2026-07-23 05:00","0.264"
"Trzic-Tank3","2026-07-23 06:00","0.264"
"Trzic-Tank3","2026-07-23 07:00","0.264"
"Trzic-Tank3","2026-07-23 08:00","0.264"
"Trzic-Tank3","2026-07-23 09:00","0.264"
"Trzic-Tank3","2026-07-23 10:00","0.264"
"Trzic-Tank3","2026-07-23 11:00","0.264"
"Trzic-Tank3","2026-07-23 12:00","0.264"
"Trzic-Tank3","2026-07-23 13:00","0.264"
"Trzic-Tank3","2026-07-23 14:00","0.263"
"Trzic-Tank3","2026-07-23 15:00","0.263"
"Trzic-Tank3","2026-07-23 16:00","0.263"
"Trzic-Tank3","2026-07-23 17:00","0.263"
"Trzic-Tank3","2026-07-23 18:00","0.263"
"Trzic-Tank3","2026-07-23 19:00","0.263"
"Trzic-Tank3","2026-07-23 20:00","0.263"
"Trzic-Tank3","2026-07-23 21:00","0.263"
"Trzic-Tank3","2026-07-23 22:00","0.263"
"Trzic-Tank4","2026-05-27 16:00","0.299"
"Trzic-Tank4","2026-05-27 17:00","0.299"
"Trzic-Tank4","2026-05-27 18:00","0.299"
"Trzic-Tank4","2026-05-27 19:00","0.298"
"Trzic-Tank4","2026-05-27 20:00","0.298"
"Trzic-Tank4","2026-05-27 21:00","0.298"
"Trzic-Tank4","2026-05-27 22:00","0.298"
"Trzic-Tank4","2026-05-27 23:00","0.297"
"Trzic-Tank4","2026-05-28 00:00","0.297"
"Trzic-Tank4","2026-05-28 01:00","0.297"
"Trzic-Tank4","2026-05-28 02:00","0.297"
"Trzic-Tank4","2026-05-28 03:00","0.297"
"Trzic-Tank4","2026-05-28 04:00","0.297"
"Trzic-Tank4","2026-05-28 05:00","0.297"
"Trzic-Tank4","2026-05-28 06:00","0.297"
"Trzic-Tank4","2026-05-28 07:00","0.297"
"Trzic-Tank4","2026-05-28 08:00","0.298"
"Trzic-Tank4","2026-05-28 09:00","0.298"
"Trzic-Tank4","2026-05-28 10:00","0.298"
"Trzic-Tank4","2026-05-28 11:00","0.298"
"Trzic-Tank4","2026-05-28 12:00","0.298"
"Trzic-Tank4","2026-05-28 13:00","0.298"
"Trzic-Tank4","2026-05-28 14:00","0.298"
"Trzic-Tank4","2026-05-28 15:00","0.298"
"Trzic-Tank4","2026-05-28 16:00","0.298"
"Trzic-Tank4","2026-05-28 17:00","0.297"
"Trzic-Tank4","2026-05-28 18:00","0.297"
"Trzic-Tank4","2026-05-28 19:00","0.297"
"Trzic-Tank4","2026-05-28 20:00","0.296"
"Trzic-Tank4","2026-05-28 21:00","0.296"
"Trzic-Tank4","2026-05-28 22:00","0.296"
"Trzic-Tank4","2026-05-28 23:00","0.295"
"Trzic-Tank4","2026-05-29 00:00","0.295"
"Trzic-Tank4","2026-05-29 01:00","0.295"
"Trzic-Tank4","2026-05-29 02:00","0.295"
"Trzic-Tank4","2026-05-29 03:00","0.295"
"Trzic-Tank4","2026-05-29 04:00","0.295"
"Trzic-Tank4","2026-05-29 05:00","0.295"
"Trzic-Tank4","2026-05-29 06:00","0.295"
"Trzic-Tank4","2026-05-29 07:00","0.295"
"Trzic-Tank4","2026-05-29 08:00","0.295"
"Trzic-Tank4","2026-05-29 09:00","0.295"
"Trzic-Tank4","2026-05-29 10:00","0.295"
"Trzic-Tank4","2026-05-29 11:00","0.295"
"Trzic-Tank4","2026-05-29 12:00","0.295"
"Trzic-Tank4","2026-05-29 13:00","0.295"
"Trzic-Tank4","2026-05-29 14:00","0.295"
"Trzic-Tank4","2026-05-29 15:00","0.295"
"Trzic-Tank4","2026-05-29 16:00","0.295"
"Trzic-Tank4","2026-05-29 17:00","0.294"
"Trzic-Tank4","2026-05-29 18:00","0.294"
"Trzic-Tank4","2026-05-29 19:00","0.294"
"Trzic-Tank4","2026-05-29 20:00","0.293"
"Trzic-Tank4","2026-05-29 21:00","0.293"
"Trzic-Tank4","2026-05-29 22:00","0.293"
"Trzic-Tank4","2026-05-29 23:00","0.293"
"Trzic-Tank4","2026-05-30 00:00","0.293"
"Trzic-Tank4","2026-05-30 01:00","0.293"
"Trzic-Tank4","2026-05-30 02:00","0.293"
"Trzic-Tank4","2026-05-30 03:00","0.293"
"Trzic-Tank4","2026-05-30 04:00","0.293"
"Trzic-Tank4","2026-05-30 05:00","0.294"
"Trzic-Tank4","2026-05-30 06:00","0.294"
"Trzic-Tank4","2026-05-30 07:00","0.294"
"Trzic-Tank4","2026-05-30 08:00","0.294"
"Trzic-Tank4","2026-05-30 09:00","0.295"
"Trzic-Tank4","2026-05-30 10:00","0.295"
"Trzic-Tank4","2026-05-30 11:00","0.295"
"Trzic-Tank4","2026-05-30 12:00","0.295"
"Trzic-Tank4","2026-05-30 13:00","0.296"
"Trzic-Tank4","2026-05-30 14:00","0.296"
"Trzic-Tank4","2026-05-30 15:00","0.296"
"Trzic-Tank4","2026-05-30 16:00","0.296"
"Trzic-Tank4","2026-05-30 17:00","0.295"
"Trzic-Tank4","2026-05-30 18:00","0.295"
"Trzic-Tank4","2026-05-30 19:00","0.295"
"Trzic-Tank4","2026-05-30 20:00","0.295"
"Trzic-Tank4","2026-05-30 21:00","0.294"
"Trzic-Tank4","2026-05-30 22:00","0.294"
"Trzic-Tank4","2026-05-30 23:00","0.294"
"Trzic-Tank4","2026-05-31 00:00","0.294"
"Trzic-Tank4","2026-05-31 01:00","0.294"
"Trzic-Tank4","2026-05-31 02:00","0.294"
"Trzic-Tank4","2026-05-31 03:00","0.294"
"Trzic-Tank4","2026-05-31 04:00","0.294"
"Trzic-Tank4","2026-05-31 05:00","0.294"
"Trzic-Tank4","2026-05-31 06:00","0.294"
"Trzic-Tank4","2026-05-31 07:00","0.294"
"Trzic-Tank4","2026-05-31 08:00","0.294"
"Trzic-Tank4","2026-05-31 09:00","0.294"
"Trzic-Tank4","2026-05-31 10:00","0.294"
"Trzic-Tank4","2026-05-31 11:00","0.294"
"Trzic-Tank4","2026-05-31 12:00","0.295"
"Trzic-Tank4","2026-05-31 13:00","0.294"
"Trzic-Tank4","2026-05-31 14:00","0.295"
"Trzic-Tank4","2026-05-31 15:00","0.294"
"Trzic-Tank4","2026-05-31 16:00","0.294"
"Trzic-Tank4","2026-05-31 17:00","0.294"
"Trzic-Tank4","2026-05-31 18:00","0.305"
"Trzic-Tank4","2026-05-31 19:00","0.311"
"Trzic-Tank4","2026-05-31 20:00","0.312"
"Trzic-Tank4","2026-05-31 21:00","0.312"
"Trzic-Tank4","2026-05-31 22:00","0.313"
"Trzic-Tank4","2026-05-31 23:00","0.313"
"Trzic-Tank4","2026-06-01 00:00","0.313"
"Trzic-Tank4","2026-06-01 01:00","0.312"
"Trzic-Tank4","2026-06-01 02:00","0.312"
"Trzic-Tank4","2026-06-01 03:00","0.312"
"Trzic-Tank4","2026-06-01 04:00","0.312"
"Trzic-Tank4","2026-06-01 05:00","0.312"
"Trzic-Tank4","2026-06-01 06:00","0.312"
"Trzic-Tank4","2026-06-01 07:00","0.313"
"Trzic-Tank4","2026-06-01 08:00","0.313"
"Trzic-Tank4","2026-06-01 09:00","0.313"
"Trzic-Tank4","2026-06-01 10:00","0.313"
"Trzic-Tank4","2026-06-01 11:00","0.313"
"Trzic-Tank4","2026-06-01 12:00","0.313"
"Trzic-Tank4","2026-06-01 13:00","0.313"
"Trzic-Tank4","2026-06-01 14:00","0.313"
"Trzic-Tank4","2026-06-01 15:00","0.313"
"Trzic-Tank4","2026-06-01 16:00","0.313"
"Trzic-Tank4","2026-06-01 17:00","0.312"
"Trzic-Tank4","2026-06-01 18:00","0.312"
"Trzic-Tank4","2026-06-01 19:00","0.312"
"Trzic-Tank4","2026-06-01 20:00","0.311"
"Trzic-Tank4","2026-06-01 21:00","0.311"
"Trzic-Tank4","2026-06-01 22:00","0.311"
"Trzic-Tank4","2026-06-01 23:00","0.311"
"Trzic-Tank4","2026-06-02 00:00","0.311"
"Trzic-Tank4","2026-06-02 01:00","0.311"
"Trzic-Tank4","2026-06-02 02:00","0.311"
"Trzic-Tank4","2026-06-02 03:00","0.311"
"Trzic-Tank4","2026-06-02 04:00","0.311"
"Trzic-Tank4","2026-06-02 05:00","0.31"
"Trzic-Tank4","2026-06-02 06:00","0.31"
"Trzic-Tank4","2026-06-02 07:00","0.311"
"Trzic-Tank4","2026-06-02 08:00","0.311"
"Trzic-Tank4","2026-06-02 09:00","0.311"
"Trzic-Tank4","2026-06-02 10:00","0.311"
"Trzic-Tank4","2026-06-02 11:00","0.31"
"Trzic-Tank4","2026-06-02 12:00","0.31"
"Trzic-Tank4","2026-06-02 13:00","0.311"
"Trzic-Tank4","2026-06-02 14:00","0.31"
"Trzic-Tank4","2026-06-02 15:00","0.31"
"Trzic-Tank4","2026-06-02 16:00","0.31"
"Trzic-Tank4","2026-06-02 17:00","0.31"
"Trzic-Tank4","2026-06-02 18:00","0.31"
"Trzic-Tank4","2026-06-02 19:00","0.31"
"Trzic-Tank4","2026-06-02 20:00","0.309"
"Trzic-Tank4","2026-06-02 21:00","0.309"
"Trzic-Tank4","2026-06-02 22:00","0.309"
"Trzic-Tank4","2026-06-02 23:00","0.308"
"Trzic-Tank4","2026-06-03 00:00","0.308"
"Trzic-Tank4","2026-06-03 01:00","0.308"
"Trzic-Tank4","2026-06-03 02:00","0.308"
"Trzic-Tank4","2026-06-03 03:00","0.308"
"Trzic-Tank4","2026-06-03 04:00","0.308"
"Trzic-Tank4","2026-06-03 05:00","0.308"
"Trzic-Tank4","2026-06-03 06:00","0.308"
"Trzic-Tank4","2026-06-03 07:00","0.31"
"Trzic-Tank4","2026-06-03 08:00","0.329"
"Trzic-Tank4","2026-06-03 09:00","0.332"
"Trzic-Tank4","2026-06-03 10:00","0.331"
"Trzic-Tank4","2026-06-03 11:00","0.329"
"Trzic-Tank4","2026-06-03 12:00","0.327"
"Trzic-Tank4","2026-06-03 13:00","0.325"
"Trzic-Tank4","2026-06-03 14:00","0.324"
"Trzic-Tank4","2026-06-03 15:00","0.323"
"Trzic-Tank4","2026-06-03 16:00","0.322"
"Trzic-Tank4","2026-06-03 17:00","0.322"
"Trzic-Tank4","2026-06-03 18:00","0.321"
"Trzic-Tank4","2026-06-03 19:00","0.32"
"Trzic-Tank4","2026-06-03 20:00","0.32"
"Trzic-Tank4","2026-06-03 21:00","0.319"
"Trzic-Tank4","2026-06-03 22:00","0.319"
"Trzic-Tank4","2026-06-03 23:00","0.319"
"Trzic-Tank4","2026-06-04 00:00","0.319"
"Trzic-Tank4","2026-06-04 01:00","0.318"
"Trzic-Tank4","2026-06-04 02:00","0.318"
"Trzic-Tank4","2026-06-04 03:00","0.318"
"Trzic-Tank4","2026-06-04 04:00","0.318"
"Trzic-Tank4","2026-06-04 05:00","0.318"
"Trzic-Tank4","2026-06-04 06:00","0.318"
"Trzic-Tank4","2026-06-04 07:00","0.317"
"Trzic-Tank4","2026-06-04 08:00","0.317"
"Trzic-Tank4","2026-06-04 09:00","0.317"
"Trzic-Tank4","2026-06-04 10:00","0.317"
"Trzic-Tank4","2026-06-04 11:00","0.317"
"Trzic-Tank4","2026-06-04 12:00","0.317"
"Trzic-Tank4","2026-06-04 13:00","0.317"
"Trzic-Tank4","2026-06-04 14:00","0.317"
"Trzic-Tank4","2026-06-04 15:00","0.317"
"Trzic-Tank4","2026-06-04 16:00","0.317"
"Trzic-Tank4","2026-06-04 17:00","0.316"
"Trzic-Tank4","2026-06-04 18:00","0.316"
"Trzic-Tank4","2026-06-04 19:00","0.315"
"Trzic-Tank4","2026-06-04 20:00","0.315"
"Trzic-Tank4","2026-06-04 21:00","0.315"
"Trzic-Tank4","2026-06-04 22:00","0.314"
"Trzic-Tank4","2026-06-04 23:00","0.313"
"Trzic-Tank4","2026-06-05 00:00","0.313"
"Trzic-Tank4","2026-06-05 01:00","0.313"
"Trzic-Tank4","2026-06-05 02:00","0.313"
"Trzic-Tank4","2026-06-05 03:00","0.313"
"Trzic-Tank4","2026-06-05 04:00","0.313"
"Trzic-Tank4","2026-06-05 05:00","0.313"
"Trzic-Tank4","2026-06-05 06:00","0.313"
"Trzic-Tank4","2026-06-05 07:00","0.313"
"Trzic-Tank4","2026-06-05 08:00","0.313"
"Trzic-Tank4","2026-06-05 09:00","0.313"
"Trzic-Tank4","2026-06-05 10:00","0.313"
"Trzic-Tank4","2026-06-05 11:00","0.313"
"Trzic-Tank4","2026-06-05 12:00","0.313"
"Trzic-Tank4","2026-06-05 13:00","0.313"
"Trzic-Tank4","2026-06-05 14:00","0.314"
"Trzic-Tank4","2026-06-05 15:00","0.317"
"Trzic-Tank4","2026-06-05 16:00","0.319"
"Trzic-Tank4","2026-06-05 17:00","0.32"
"Trzic-Tank4","2026-06-05 18:00","0.321"
"Trzic-Tank4","2026-06-05 19:00","0.321"
"Trzic-Tank4","2026-06-05 20:00","0.321"
"Trzic-Tank4","2026-06-05 21:00","0.32"
"Trzic-Tank4","2026-06-05 22:00","0.32"
"Trzic-Tank4","2026-06-05 23:00","0.319"
"Trzic-Tank4","2026-06-06 00:00","0.319"
"Trzic-Tank4","2026-06-06 01:00","0.319"
"Trzic-Tank4","2026-06-06 02:00","0.319"
"Trzic-Tank4","2026-06-06 03:00","0.319"
"Trzic-Tank4","2026-06-06 04:00","0.319"
"Trzic-Tank4","2026-06-06 05:00","0.318"
"Trzic-Tank4","2026-06-06 06:00","0.318"
"Trzic-Tank4","2026-06-06 07:00","0.318"
"Trzic-Tank4","2026-06-06 08:00","0.318"
"Trzic-Tank4","2026-06-06 09:00","0.318"
"Trzic-Tank4","2026-06-06 10:00","0.318"
"Trzic-Tank4","2026-06-06 11:00","0.317"
"Trzic-Tank4","2026-06-06 12:00","0.317"
"Trzic-Tank4","2026-06-06 13:00","0.317"
"Trzic-Tank4","2026-06-06 14:00","0.317"
"Trzic-Tank4","2026-06-06 15:00","0.317"
"Trzic-Tank4","2026-06-06 16:00","0.316"
"Trzic-Tank4","2026-06-06 17:00","0.316"
"Trzic-Tank4","2026-06-06 18:00","0.315"
"Trzic-Tank4","2026-06-06 19:00","0.315"
"Trzic-Tank4","2026-06-06 20:00","0.315"
"Trzic-Tank4","2026-06-06 21:00","0.315"
"Trzic-Tank4","2026-06-06 22:00","0.314"
"Trzic-Tank4","2026-06-06 23:00","0.314"
"Trzic-Tank4","2026-06-07 00:00","0.314"
"Trzic-Tank4","2026-06-07 01:00","0.314"
"Trzic-Tank4","2026-06-07 02:00","0.314"
"Trzic-Tank4","2026-06-07 03:00","0.314"
"Trzic-Tank4","2026-06-07 04:00","0.314"
"Trzic-Tank4","2026-06-07 05:00","0.314"
"Trzic-Tank4","2026-06-07 06:00","0.313"
"Trzic-Tank4","2026-06-07 07:00","0.313"
"Trzic-Tank4","2026-06-07 08:00","0.313"
"Trzic-Tank4","2026-06-07 09:00","0.313"
"Trzic-Tank4","2026-06-07 10:00","0.313"
"Trzic-Tank4","2026-06-07 11:00","0.313"
"Trzic-Tank4","2026-06-07 12:00","0.313"
"Trzic-Tank4","2026-06-07 13:00","0.313"
"Trzic-Tank4","2026-06-07 14:00","0.313"
"Trzic-Tank4","2026-06-07 15:00","0.313"
"Trzic-Tank4","2026-06-07 16:00","0.313"
"Trzic-Tank4","2026-06-07 17:00","0.312"
"Trzic-Tank4","2026-06-07 18:00","0.312"
"Trzic-Tank4","2026-06-07 19:00","0.312"
"Trzic-Tank4","2026-06-07 20:00","0.311"
"Trzic-Tank4","2026-06-07 21:00","0.311"
"Trzic-Tank4","2026-06-07 22:00","0.31"
"Trzic-Tank4","2026-06-07 23:00","0.31"
"Trzic-Tank4","2026-06-08 00:00","0.31"
"Trzic-Tank4","2026-06-08 01:00","0.31"
"Trzic-Tank4","2026-06-08 02:00","0.31"
"Trzic-Tank4","2026-06-08 03:00","0.31"
"Trzic-Tank4","2026-06-08 04:00","0.31"
"Trzic-Tank4","2026-06-08 05:00","0.309"
"Trzic-Tank4","2026-06-08 06:00","0.309"
"Trzic-Tank4","2026-06-08 07:00","0.309"
"Trzic-Tank4","2026-06-08 08:00","0.309"
"Trzic-Tank4","2026-06-08 09:00","0.309"
"Trzic-Tank4","2026-06-08 10:00","0.309"
"Trzic-Tank4","2026-06-08 11:00","0.309"
"Trzic-Tank4","2026-06-08 12:00","0.309"
"Trzic-Tank4","2026-06-08 13:00","0.309"
"Trzic-Tank4","2026-06-08 14:00","0.309"
"Trzic-Tank4","2026-06-08 15:00","0.309"
"Trzic-Tank4","2026-06-08 16:00","0.308"
"Trzic-Tank4","2026-06-08 17:00","0.308"
"Trzic-Tank4","2026-06-08 18:00","0.308"
"Trzic-Tank4","2026-06-08 19:00","0.308"
"Trzic-Tank4","2026-06-08 20:00","0.307"
"Trzic-Tank4","2026-06-08 21:00","0.307"
"Trzic-Tank4","2026-06-08 22:00","0.306"
"Trzic-Tank4","2026-06-08 23:00","0.306"
"Trzic-Tank4","2026-06-09 00:00","0.306"
"Trzic-Tank4","2026-06-09 01:00","0.306"
"Trzic-Tank4","2026-06-09 02:00","0.306"
"Trzic-Tank4","2026-06-09 03:00","0.306"
"Trzic-Tank4","2026-06-09 04:00","0.306"
"Trzic-Tank4","2026-06-09 05:00","0.306"
"Trzic-Tank4","2026-06-09 06:00","0.306"
"Trzic-Tank4","2026-06-09 07:00","0.306"
"Trzic-Tank4","2026-06-09 08:00","0.306"
"Trzic-Tank4","2026-06-09 09:00","0.306"
"Trzic-Tank4","2026-06-09 10:00","0.306"
"Trzic-Tank4","2026-06-09 11:00","0.306"
"Trzic-Tank4","2026-06-09 12:00","0.306"
"Trzic-Tank4","2026-06-09 13:00","0.306"
"Trzic-Tank4","2026-06-09 14:00","0.306"
"Trzic-Tank4","2026-06-09 15:00","0.306"
"Trzic-Tank4","2026-06-09 16:00","0.305"
"Trzic-Tank4","2026-06-09 17:00","0.305"
"Trzic-Tank4","2026-06-09 18:00","0.305"
"Trzic-Tank4","2026-06-09 19:00","0.305"
"Trzic-Tank4","2026-06-09 20:00","0.305"
"Trzic-Tank4","2026-06-09 21:00","0.304"
"Trzic-Tank4","2026-06-09 22:00","0.304"
"Trzic-Tank4","2026-06-09 23:00","0.304"
"Trzic-Tank4","2026-06-10 00:00","0.304"
"Trzic-Tank4","2026-06-10 01:00","0.303"
"Trzic-Tank4","2026-06-10 02:00","0.303"
"Trzic-Tank4","2026-06-10 03:00","0.303"
"Trzic-Tank4","2026-06-10 04:00","0.303"
"Trzic-Tank4","2026-06-10 05:00","0.303"
"Trzic-Tank4","2026-06-10 06:00","0.303"
"Trzic-Tank4","2026-06-10 07:00","0.303"
"Trzic-Tank4","2026-06-10 08:00","0.303"
"Trzic-Tank4","2026-06-10 09:00","0.306"
"Trzic-Tank4","2026-06-10 10:00","0.321"
"Trzic-Tank4","2026-06-10 11:00","0.322"
"Trzic-Tank4","2026-06-10 12:00","0.321"
"Trzic-Tank4","2026-06-10 13:00","0.32"
"Trzic-Tank4","2026-06-10 14:00","0.319"
"Trzic-Tank4","2026-06-10 15:00","0.319"
"Trzic-Tank4","2026-06-10 16:00","0.318"
"Trzic-Tank4","2026-06-10 17:00","0.317"
"Trzic-Tank4","2026-06-10 18:00","0.317"
"Trzic-Tank4","2026-06-10 19:00","0.316"
"Trzic-Tank4","2026-06-10 20:00","0.316"
"Trzic-Tank4","2026-06-10 21:00","0.317"
"Trzic-Tank4","2026-06-10 22:00","0.362"
"Trzic-Tank4","2026-06-10 23:00","0.347"
"Trzic-Tank4","2026-06-11 00:00","0.347"
"Trzic-Tank4","2026-06-11 01:00","0.346"
"Trzic-Tank4","2026-06-11 02:00","0.346"
"Trzic-Tank4","2026-06-11 03:00","0.346"
"Trzic-Tank4","2026-06-11 04:00","0.346"
"Trzic-Tank4","2026-06-11 05:00","0.337"
"Trzic-Tank4","2026-06-11 06:00","0.335"
"Trzic-Tank4","2026-06-11 07:00","0.335"
"Trzic-Tank4","2026-06-11 08:00","0.334"
"Trzic-Tank4","2026-06-11 09:00","0.334"
"Trzic-Tank4","2026-06-11 10:00","0.333"
"Trzic-Tank4","2026-06-11 11:00","0.333"
"Trzic-Tank4","2026-06-11 12:00","0.333"
"Trzic-Tank4","2026-06-11 13:00","0.332"
"Trzic-Tank4","2026-06-11 14:00","0.332"
"Trzic-Tank4","2026-06-11 15:00","0.331"
"Trzic-Tank4","2026-06-11 16:00","0.331"
"Trzic-Tank4","2026-06-11 17:00","0.331"
"Trzic-Tank4","2026-06-11 18:00","0.33"
"Trzic-Tank4","2026-06-11 19:00","0.33"
"Trzic-Tank4","2026-06-11 20:00","0.329"
"Trzic-Tank4","2026-06-11 21:00","0.329"
"Trzic-Tank4","2026-06-11 22:00","0.328"
"Trzic-Tank4","2026-06-11 23:00","0.328"
"Trzic-Tank4","2026-06-12 00:00","0.328"
"Trzic-Tank4","2026-06-12 01:00","0.327"
"Trzic-Tank4","2026-06-12 02:00","0.327"
"Trzic-Tank4","2026-06-12 03:00","0.327"
"Trzic-Tank4","2026-06-12 04:00","0.327"
"Trzic-Tank4","2026-06-12 05:00","0.326"
"Trzic-Tank4","2026-06-12 06:00","0.326"
"Trzic-Tank4","2026-06-12 07:00","0.326"
"Trzic-Tank4","2026-06-12 08:00","0.326"
"Trzic-Tank4","2026-06-12 09:00","0.326"
"Trzic-Tank4","2026-06-12 10:00","0.326"
"Trzic-Tank4","2026-06-12 11:00","0.326"
"Trzic-Tank4","2026-06-12 12:00","0.326"
"Trzic-Tank4","2026-06-12 13:00","0.326"
"Trzic-Tank4","2026-06-12 14:00","0.326"
"Trzic-Tank4","2026-06-12 15:00","0.326"
"Trzic-Tank4","2026-06-12 16:00","0.325"
"Trzic-Tank4","2026-06-12 17:00","0.325"
"Trzic-Tank4","2026-06-12 18:00","0.324"
"Trzic-Tank4","2026-06-12 19:00","0.323"
"Trzic-Tank4","2026-06-12 20:00","0.323"
"Trzic-Tank4","2026-06-12 21:00","0.323"
"Trzic-Tank4","2026-06-12 22:00","0.323"
"Trzic-Tank4","2026-06-12 23:00","0.322"
"Trzic-Tank4","2026-06-13 00:00","0.322"
"Trzic-Tank4","2026-06-13 01:00","0.321"
"Trzic-Tank4","2026-06-13 02:00","0.321"
"Trzic-Tank4","2026-06-13 03:00","0.321"
"Trzic-Tank4","2026-06-13 04:00","0.321"
"Trzic-Tank4","2026-06-13 05:00","0.321"
"Trzic-Tank4","2026-06-13 06:00","0.321"
"Trzic-Tank4","2026-06-13 07:00","0.321"
"Trzic-Tank4","2026-06-13 08:00","0.322"
"Trzic-Tank4","2026-06-13 09:00","0.321"
"Trzic-Tank4","2026-06-13 10:00","0.321"
"Trzic-Tank4","2026-06-13 11:00","0.321"
"Trzic-Tank4","2026-06-13 12:00","0.321"
"Trzic-Tank4","2026-06-13 13:00","0.321"
"Trzic-Tank4","2026-06-13 14:00","0.321"
"Trzic-Tank4","2026-06-13 15:00","0.32"
"Trzic-Tank4","2026-06-13 16:00","0.32"
"Trzic-Tank4","2026-06-13 17:00","0.32"
"Trzic-Tank4","2026-06-13 18:00","0.319"
"Trzic-Tank4","2026-06-13 19:00","0.318"
"Trzic-Tank4","2026-06-13 20:00","0.318"
"Trzic-Tank4","2026-06-13 21:00","0.318"
"Trzic-Tank4","2026-06-13 22:00","0.317"
"Trzic-Tank4","2026-06-13 23:00","0.317"
"Trzic-Tank4","2026-06-14 00:00","0.317"
"Trzic-Tank4","2026-06-14 01:00","0.317"
"Trzic-Tank4","2026-06-14 02:00","0.317"
"Trzic-Tank4","2026-06-14 03:00","0.317"
"Trzic-Tank4","2026-06-14 04:00","0.317"
"Trzic-Tank4","2026-06-14 05:00","0.316"
"Trzic-Tank4","2026-06-14 06:00","0.316"
"Trzic-Tank4","2026-06-14 07:00","0.316"
"Trzic-Tank4","2026-06-14 08:00","0.316"
"Trzic-Tank4","2026-06-14 09:00","0.316"
"Trzic-Tank4","2026-06-14 10:00","0.316"
"Trzic-Tank4","2026-06-14 11:00","0.316"
"Trzic-Tank4","2026-06-14 12:00","0.316"
"Trzic-Tank4","2026-06-14 13:00","0.316"
"Trzic-Tank4","2026-06-14 14:00","0.316"
"Trzic-Tank4","2026-06-14 15:00","0.315"
"Trzic-Tank4","2026-06-14 16:00","0.315"
"Trzic-Tank4","2026-06-14 17:00","0.315"
"Trzic-Tank4","2026-06-14 18:00","0.315"
"Trzic-Tank4","2026-06-14 19:00","0.314"
"Trzic-Tank4","2026-06-14 20:00","0.314"
"Trzic-Tank4","2026-06-14 21:00","0.313"
"Trzic-Tank4","2026-06-14 22:00","0.313"
"Trzic-Tank4","2026-06-14 23:00","0.312"
"Trzic-Tank4","2026-06-15 00:00","0.312"
"Trzic-Tank4","2026-06-15 01:00","0.312"
"Trzic-Tank4","2026-06-15 02:00","0.312"
"Trzic-Tank4","2026-06-15 03:00","0.312"
"Trzic-Tank4","2026-06-15 04:00","0.312"
"Trzic-Tank4","2026-06-15 05:00","0.312"
"Trzic-Tank4","2026-06-15 06:00","0.312"
"Trzic-Tank4","2026-06-15 07:00","0.312"
"Trzic-Tank4","2026-06-15 08:00","0.312"
"Trzic-Tank4","2026-06-15 09:00","0.312"
"Trzic-Tank4","2026-06-15 10:00","0.312"
"Trzic-Tank4","2026-06-15 11:00","0.312"
"Trzic-Tank4","2026-06-15 12:00","0.312"
"Trzic-Tank4","2026-06-15 13:00","0.312"
"Trzic-Tank4","2026-06-15 14:00","0.312"
"Trzic-Tank4","2026-06-15 15:00","0.312"
"Trzic-Tank4","2026-06-15 16:00","0.312"
"Trzic-Tank4","2026-06-15 17:00","0.312"
"Trzic-Tank4","2026-06-15 18:00","0.311"
"Trzic-Tank4","2026-06-15 19:00","0.311"
"Trzic-Tank4","2026-06-15 20:00","0.311"
"Trzic-Tank4","2026-06-15 21:00","0.311"
"Trzic-Tank4","2026-06-15 22:00","0.311"
"Trzic-Tank4","2026-06-15 23:00","0.311"
"Trzic-Tank4","2026-06-16 00:00","0.311"
"Trzic-Tank4","2026-06-16 01:00","0.311"
"Trzic-Tank4","2026-06-16 02:00","0.311"
"Trzic-Tank4","2026-06-16 03:00","0.311"
"Trzic-Tank4","2026-06-16 04:00","0.311"
"Trzic-Tank4","2026-06-16 05:00","0.31"
"Trzic-Tank4","2026-06-16 06:00","0.311"
"Trzic-Tank4","2026-06-16 07:00","0.311"
"Trzic-Tank4","2026-06-16 08:00","0.311"
"Trzic-Tank4","2026-06-16 09:00","0.311"
"Trzic-Tank4","2026-06-16 10:00","0.31"
"Trzic-Tank4","2026-06-16 11:00","0.31"
"Trzic-Tank4","2026-06-16 12:00","0.31"
"Trzic-Tank4","2026-06-16 13:00","0.31"
"Trzic-Tank4","2026-06-16 14:00","0.31"
"Trzic-Tank4","2026-06-16 15:00","0.31"
"Trzic-Tank4","2026-06-16 16:00","0.309"
"Trzic-Tank4","2026-06-16 17:00","0.309"
"Trzic-Tank4","2026-06-16 18:00","0.309"
"Trzic-Tank4","2026-06-16 19:00","0.308"
"Trzic-Tank4","2026-06-16 20:00","0.308"
"Trzic-Tank4","2026-06-16 21:00","0.307"
"Trzic-Tank4","2026-06-16 22:00","0.307"
"Trzic-Tank4","2026-06-16 23:00","0.306"
"Trzic-Tank4","2026-06-17 00:00","0.306"
"Trzic-Tank4","2026-06-17 01:00","0.306"
"Trzic-Tank4","2026-06-17 02:00","0.306"
"Trzic-Tank4","2026-06-17 03:00","0.306"
"Trzic-Tank4","2026-06-17 04:00","0.306"
"Trzic-Tank4","2026-06-17 05:00","0.306"
"Trzic-Tank4","2026-06-17 06:00","0.306"
"Trzic-Tank4","2026-06-17 07:00","0.306"
"Trzic-Tank4","2026-06-17 08:00","0.306"
"Trzic-Tank4","2026-06-17 09:00","0.306"
"Trzic-Tank4","2026-06-17 10:00","0.306"
"Trzic-Tank4","2026-06-17 11:00","0.306"
"Trzic-Tank4","2026-06-17 12:00","0.306"
"Trzic-Tank4","2026-06-17 13:00","0.306"
"Trzic-Tank4","2026-06-17 14:00","0.306"
"Trzic-Tank4","2026-06-17 15:00","0.306"
"Trzic-Tank4","2026-06-17 16:00","0.305"
"Trzic-Tank4","2026-06-17 17:00","0.305"
"Trzic-Tank4","2026-06-17 18:00","0.305"
"Trzic-Tank4","2026-06-17 19:00","0.304"
"Trzic-Tank4","2026-06-17 20:00","0.304"
"Trzic-Tank4","2026-06-17 21:00","0.304"
"Trzic-Tank4","2026-06-17 22:00","0.303"
"Trzic-Tank4","2026-06-17 23:00","0.303"
"Trzic-Tank4","2026-06-18 00:00","0.303"
"Trzic-Tank4","2026-06-18 01:00","0.303"
"Trzic-Tank4","2026-06-18 02:00","0.303"
"Trzic-Tank4","2026-06-18 03:00","0.303"
"Trzic-Tank4","2026-06-18 04:00","0.303"
"Trzic-Tank4","2026-06-18 05:00","0.303"
"Trzic-Tank4","2026-06-18 06:00","0.303"
"Trzic-Tank4","2026-06-18 07:00","0.303"
"Trzic-Tank4","2026-06-18 08:00","0.303"
"Trzic-Tank4","2026-06-18 09:00","0.303"
"Trzic-Tank4","2026-06-18 10:00","0.303"
"Trzic-Tank4","2026-06-18 11:00","0.303"
"Trzic-Tank4","2026-06-18 12:00","0.303"
"Trzic-Tank4","2026-06-18 13:00","0.302"
"Trzic-Tank4","2026-06-18 14:00","0.302"
"Trzic-Tank4","2026-06-18 15:00","0.302"
"Trzic-Tank4","2026-06-18 16:00","0.301"
"Trzic-Tank4","2026-06-18 17:00","0.301"
"Trzic-Tank4","2026-06-18 18:00","0.3"
"Trzic-Tank4","2026-06-18 19:00","0.3"
"Trzic-Tank4","2026-06-18 20:00","0.299"
"Trzic-Tank4","2026-06-18 21:00","0.299"
"Trzic-Tank4","2026-06-18 22:00","0.299"
"Trzic-Tank4","2026-06-18 23:00","0.299"
"Trzic-Tank4","2026-06-19 00:00","0.299"
"Trzic-Tank4","2026-06-19 01:00","0.298"
"Trzic-Tank4","2026-06-19 02:00","0.298"
"Trzic-Tank4","2026-06-19 03:00","0.298"
"Trzic-Tank4","2026-06-19 04:00","0.298"
"Trzic-Tank4","2026-06-19 05:00","0.298"
"Trzic-Tank4","2026-06-19 06:00","0.298"
"Trzic-Tank4","2026-06-19 07:00","0.298"
"Trzic-Tank4","2026-06-19 08:00","0.298"
"Trzic-Tank4","2026-06-19 09:00","0.298"
"Trzic-Tank4","2026-06-19 10:00","0.298"
"Trzic-Tank4","2026-06-19 11:00","0.298"
"Trzic-Tank4","2026-06-19 12:00","0.298"
"Trzic-Tank4","2026-06-19 13:00","0.298"
"Trzic-Tank4","2026-06-19 14:00","0.298"
"Trzic-Tank4","2026-06-19 15:00","0.297"
"Trzic-Tank4","2026-06-19 16:00","0.297"
"Trzic-Tank4","2026-06-19 17:00","0.296"
"Trzic-Tank4","2026-06-19 18:00","0.296"
"Trzic-Tank4","2026-06-19 19:00","0.295"
"Trzic-Tank4","2026-06-19 20:00","0.295"
"Trzic-Tank4","2026-06-19 21:00","0.294"
"Trzic-Tank4","2026-06-19 22:00","0.294"
"Trzic-Tank4","2026-06-19 23:00","0.294"
"Trzic-Tank4","2026-06-20 00:00","0.294"
"Trzic-Tank4","2026-06-20 01:00","0.293"
"Trzic-Tank4","2026-06-20 02:00","0.293"
"Trzic-Tank4","2026-06-20 03:00","0.293"
"Trzic-Tank4","2026-06-20 04:00","0.293"
"Trzic-Tank4","2026-06-20 05:00","0.293"
"Trzic-Tank4","2026-06-20 06:00","0.293"
"Trzic-Tank4","2026-06-20 07:00","0.293"
"Trzic-Tank4","2026-06-20 08:00","0.293"
"Trzic-Tank4","2026-06-20 09:00","0.293"
"Trzic-Tank4","2026-06-20 10:00","0.293"
"Trzic-Tank4","2026-06-20 11:00","0.293"
"Trzic-Tank4","2026-06-20 12:00","0.293"
"Trzic-Tank4","2026-06-20 13:00","0.292"
"Trzic-Tank4","2026-06-20 14:00","0.292"
"Trzic-Tank4","2026-06-20 15:00","0.292"
"Trzic-Tank4","2026-06-20 16:00","0.291"
"Trzic-Tank4","2026-06-20 17:00","0.29"
"Trzic-Tank4","2026-06-20 18:00","0.29"
"Trzic-Tank4","2026-06-20 19:00","0.289"
"Trzic-Tank4","2026-06-20 20:00","0.292"
"Trzic-Tank4","2026-06-20 21:00","0.354"
"Trzic-Tank4","2026-06-20 22:00","0.341"
"Trzic-Tank4","2026-06-20 23:00","0.336"
"Trzic-Tank4","2026-06-21 00:00","0.336"
"Trzic-Tank4","2026-06-21 01:00","0.331"
"Trzic-Tank4","2026-06-21 02:00","0.331"
"Trzic-Tank4","2026-06-21 03:00","0.331"
"Trzic-Tank4","2026-06-21 04:00","0.331"
"Trzic-Tank4","2026-06-21 05:00","0.328"
"Trzic-Tank4","2026-06-21 06:00","0.328"
"Trzic-Tank4","2026-06-21 07:00","0.328"
"Trzic-Tank4","2026-06-21 08:00","0.327"
"Trzic-Tank4","2026-06-21 09:00","0.327"
"Trzic-Tank4","2026-06-21 10:00","0.327"
"Trzic-Tank4","2026-06-21 11:00","0.326"
"Trzic-Tank4","2026-06-21 12:00","0.326"
"Trzic-Tank4","2026-06-21 13:00","0.326"
"Trzic-Tank4","2026-06-21 14:00","0.325"
"Trzic-Tank4","2026-06-21 15:00","0.324"
"Trzic-Tank4","2026-06-21 16:00","0.324"
"Trzic-Tank4","2026-06-21 17:00","0.323"
"Trzic-Tank4","2026-06-21 18:00","0.322"
"Trzic-Tank4","2026-06-21 19:00","0.322"
"Trzic-Tank4","2026-06-21 20:00","0.321"
"Trzic-Tank4","2026-06-21 21:00","0.32"
"Trzic-Tank4","2026-06-21 22:00","0.32"
"Trzic-Tank4","2026-06-21 23:00","0.32"
"Trzic-Tank4","2026-06-22 00:00","0.32"
"Trzic-Tank4","2026-06-22 01:00","0.319"
"Trzic-Tank4","2026-06-22 02:00","0.319"
"Trzic-Tank4","2026-06-22 03:00","0.319"
"Trzic-Tank4","2026-06-22 04:00","0.319"
"Trzic-Tank4","2026-06-22 05:00","0.318"
"Trzic-Tank4","2026-06-22 06:00","0.318"
"Trzic-Tank4","2026-06-22 07:00","0.318"
"Trzic-Tank4","2026-06-22 08:00","0.318"
"Trzic-Tank4","2026-06-22 09:00","0.318"
"Trzic-Tank4","2026-06-22 10:00","0.318"
"Trzic-Tank4","2026-06-22 11:00","0.318"
"Trzic-Tank4","2026-06-22 12:00","0.318"
"Trzic-Tank4","2026-06-22 13:00","0.317"
"Trzic-Tank4","2026-06-22 14:00","0.317"
"Trzic-Tank4","2026-06-22 15:00","0.316"
"Trzic-Tank4","2026-06-22 16:00","0.316"
"Trzic-Tank4","2026-06-22 17:00","0.315"
"Trzic-Tank4","2026-06-22 18:00","0.315"
"Trzic-Tank4","2026-06-22 19:00","0.314"
"Trzic-Tank4","2026-06-22 20:00","0.314"
"Trzic-Tank4","2026-06-22 21:00","0.314"
"Trzic-Tank4","2026-06-22 22:00","0.314"
"Trzic-Tank4","2026-06-22 23:00","0.313"
"Trzic-Tank4","2026-06-23 00:00","0.313"
"Trzic-Tank4","2026-06-23 01:00","0.313"
"Trzic-Tank4","2026-06-23 02:00","0.313"
"Trzic-Tank4","2026-06-23 03:00","0.313"
"Trzic-Tank4","2026-06-23 04:00","0.313"
"Trzic-Tank4","2026-06-23 05:00","0.313"
"Trzic-Tank4","2026-06-23 06:00","0.313"
"Trzic-Tank4","2026-06-23 07:00","0.313"
"Trzic-Tank4","2026-06-23 08:00","0.313"
"Trzic-Tank4","2026-06-23 09:00","0.313"
"Trzic-Tank4","2026-06-23 10:00","0.313"
"Trzic-Tank4","2026-06-23 11:00","0.313"
"Trzic-Tank4","2026-06-23 12:00","0.313"
"Trzic-Tank4","2026-06-23 13:00","0.313"
"Trzic-Tank4","2026-06-23 14:00","0.313"
"Trzic-Tank4","2026-06-23 15:00","0.312"
"Trzic-Tank4","2026-06-23 16:00","0.312"
"Trzic-Tank4","2026-06-23 17:00","0.311"
"Trzic-Tank4","2026-06-23 18:00","0.31"
"Trzic-Tank4","2026-06-23 19:00","0.31"
"Trzic-Tank4","2026-06-23 20:00","0.31"
"Trzic-Tank4","2026-06-23 21:00","0.309"
"Trzic-Tank4","2026-06-23 22:00","0.309"
"Trzic-Tank4","2026-06-23 23:00","0.309"
"Trzic-Tank4","2026-06-24 00:00","0.309"
"Trzic-Tank4","2026-06-24 01:00","0.308"
"Trzic-Tank4","2026-06-24 02:00","0.308"
"Trzic-Tank4","2026-06-24 03:00","0.308"
"Trzic-Tank4","2026-06-24 04:00","0.308"
"Trzic-Tank4","2026-06-24 05:00","0.309"
"Trzic-Tank4","2026-06-24 06:00","0.309"
"Trzic-Tank4","2026-06-24 07:00","0.309"
"Trzic-Tank4","2026-06-24 08:00","0.309"
"Trzic-Tank4","2026-06-24 09:00","0.309"
"Trzic-Tank4","2026-06-24 10:00","0.309"
"Trzic-Tank4","2026-06-24 11:00","0.309"
"Trzic-Tank4","2026-06-24 12:00","0.309"
"Trzic-Tank4","2026-06-24 13:00","0.308"
"Trzic-Tank4","2026-06-24 14:00","0.308"
"Trzic-Tank4","2026-06-24 15:00","0.307"
"Trzic-Tank4","2026-06-24 16:00","0.307"
"Trzic-Tank4","2026-06-24 17:00","0.306"
"Trzic-Tank4","2026-06-24 18:00","0.305"
"Trzic-Tank4","2026-06-24 19:00","0.304"
"Trzic-Tank4","2026-06-24 20:00","0.304"
"Trzic-Tank4","2026-06-24 21:00","0.303"
"Trzic-Tank4","2026-06-24 22:00","0.303"
"Trzic-Tank4","2026-06-24 23:00","0.303"
"Trzic-Tank4","2026-06-25 00:00","0.303"
"Trzic-Tank4","2026-06-25 01:00","0.303"
"Trzic-Tank4","2026-06-25 02:00","0.303"
"Trzic-Tank4","2026-06-25 03:00","0.303"
"Trzic-Tank4","2026-06-25 04:00","0.303"
"Trzic-Tank4","2026-06-25 05:00","0.302"
"Trzic-Tank4","2026-06-25 06:00","0.303"
"Trzic-Tank4","2026-06-25 07:00","0.303"
"Trzic-Tank4","2026-06-25 08:00","0.303"
"Trzic-Tank4","2026-06-25 09:00","0.303"
"Trzic-Tank4","2026-06-25 10:00","0.302"
"Trzic-Tank4","2026-06-25 11:00","0.302"
"Trzic-Tank4","2026-06-25 12:00","0.302"
"Trzic-Tank4","2026-06-25 13:00","0.302"
"Trzic-Tank4","2026-06-25 14:00","0.301"
"Trzic-Tank4","2026-06-25 15:00","0.3"
"Trzic-Tank4","2026-06-25 16:00","0.299"
"Trzic-Tank4","2026-06-25 17:00","0.299"
"Trzic-Tank4","2026-06-25 18:00","0.298"
"Trzic-Tank4","2026-06-25 19:00","0.298"
"Trzic-Tank4","2026-06-25 20:00","0.297"
"Trzic-Tank4","2026-06-25 21:00","0.296"
"Trzic-Tank4","2026-06-25 22:00","0.296"
"Trzic-Tank4","2026-06-25 23:00","0.296"
"Trzic-Tank4","2026-06-26 00:00","0.296"
"Trzic-Tank4","2026-06-26 01:00","0.296"
"Trzic-Tank4","2026-06-26 02:00","0.296"
"Trzic-Tank4","2026-06-26 03:00","0.296"
"Trzic-Tank4","2026-06-26 04:00","0.296"
"Trzic-Tank4","2026-06-26 05:00","0.296"
"Trzic-Tank4","2026-06-26 06:00","0.295"
"Trzic-Tank4","2026-06-26 07:00","0.296"
"Trzic-Tank4","2026-06-26 08:00","0.295"
"Trzic-Tank4","2026-06-26 09:00","0.295"
"Trzic-Tank4","2026-06-26 10:00","0.295"
"Trzic-Tank4","2026-06-26 11:00","0.295"
"Trzic-Tank4","2026-06-26 12:00","0.295"
"Trzic-Tank4","2026-06-26 13:00","0.294"
"Trzic-Tank4","2026-06-26 14:00","0.293"
"Trzic-Tank4","2026-06-26 15:00","0.292"
"Trzic-Tank4","2026-06-26 16:00","0.291"
"Trzic-Tank4","2026-06-26 17:00","0.29"
"Trzic-Tank4","2026-06-26 18:00","0.29"
"Trzic-Tank4","2026-06-26 19:00","0.289"
"Trzic-Tank4","2026-06-26 20:00","0.288"
"Trzic-Tank4","2026-06-26 21:00","0.288"
"Trzic-Tank4","2026-06-26 22:00","0.288"
"Trzic-Tank4","2026-06-26 23:00","0.287"
"Trzic-Tank4","2026-06-27 00:00","0.287"
"Trzic-Tank4","2026-06-27 01:00","0.287"
"Trzic-Tank4","2026-06-27 02:00","0.287"
"Trzic-Tank4","2026-06-27 03:00","0.287"
"Trzic-Tank4","2026-06-27 04:00","0.287"
"Trzic-Tank4","2026-06-27 05:00","0.287"
"Trzic-Tank4","2026-06-27 06:00","0.287"
"Trzic-Tank4","2026-06-27 07:00","0.287"
"Trzic-Tank4","2026-06-27 08:00","0.287"
"Trzic-Tank4","2026-06-27 09:00","0.287"
"Trzic-Tank4","2026-06-27 10:00","0.287"
"Trzic-Tank4","2026-06-27 11:00","0.287"
"Trzic-Tank4","2026-06-27 12:00","0.286"
"Trzic-Tank4","2026-06-27 13:00","0.286"
"Trzic-Tank4","2026-06-27 14:00","0.285"
"Trzic-Tank4","2026-06-27 15:00","0.284"
"Trzic-Tank4","2026-06-27 16:00","0.283"
"Trzic-Tank4","2026-06-27 17:00","0.282"
"Trzic-Tank4","2026-06-27 18:00","0.281"
"Trzic-Tank4","2026-06-27 19:00","0.281"
"Trzic-Tank4","2026-06-27 20:00","0.28"
"Trzic-Tank4","2026-06-27 21:00","0.28"
"Trzic-Tank4","2026-06-27 22:00","0.28"
"Trzic-Tank4","2026-06-27 23:00","0.279"
"Trzic-Tank4","2026-06-28 00:00","0.279"
"Trzic-Tank4","2026-06-28 01:00","0.279"
"Trzic-Tank4","2026-06-28 02:00","0.279"
"Trzic-Tank4","2026-06-28 03:00","0.279"
"Trzic-Tank4","2026-06-28 04:00","0.279"
"Trzic-Tank4","2026-06-28 05:00","0.279"
"Trzic-Tank4","2026-06-28 06:00","0.279"
"Trzic-Tank4","2026-06-28 07:00","0.279"
"Trzic-Tank4","2026-06-28 08:00","0.279"
"Trzic-Tank4","2026-06-28 09:00","0.279"
"Trzic-Tank4","2026-06-28 10:00","0.279"
"Trzic-Tank4","2026-06-28 11:00","0.278"
"Trzic-Tank4","2026-06-28 12:00","0.278"
"Trzic-Tank4","2026-06-28 13:00","0.278"
"Trzic-Tank4","2026-06-28 14:00","0.277"
"Trzic-Tank4","2026-06-28 15:00","0.275"
"Trzic-Tank4","2026-06-28 16:00","0.274"
"Trzic-Tank4","2026-06-28 17:00","0.273"
"Trzic-Tank4","2026-06-28 18:00","0.272"
"Trzic-Tank4","2026-06-28 19:00","0.271"
"Trzic-Tank4","2026-06-28 20:00","0.271"
"Trzic-Tank4","2026-06-28 21:00","0.27"
"Trzic-Tank4","2026-06-28 22:00","0.27"
"Trzic-Tank4","2026-06-28 23:00","0.27"
"Trzic-Tank4","2026-06-29 00:00","0.27"
"Trzic-Tank4","2026-06-29 01:00","0.269"
"Trzic-Tank4","2026-06-29 02:00","0.269"
"Trzic-Tank4","2026-06-29 03:00","0.269"
"Trzic-Tank4","2026-06-29 04:00","0.269"
"Trzic-Tank4","2026-06-29 05:00","0.269"
"Trzic-Tank4","2026-06-29 06:00","0.269"
"Trzic-Tank4","2026-06-29 07:00","0.269"
"Trzic-Tank4","2026-06-29 08:00","0.269"
"Trzic-Tank4","2026-06-29 09:00","0.269"
"Trzic-Tank4","2026-06-29 10:00","0.269"
"Trzic-Tank4","2026-06-29 11:00","0.268"
"Trzic-Tank4","2026-06-29 12:00","0.268"
"Trzic-Tank4","2026-06-29 13:00","0.266"
"Trzic-Tank4","2026-06-29 14:00","0.265"
"Trzic-Tank4","2026-06-29 15:00","0.263"
"Trzic-Tank4","2026-06-29 16:00","0.263"
"Trzic-Tank4","2026-06-29 17:00","0.261"
"Trzic-Tank4","2026-06-29 18:00","0.26"
"Trzic-Tank4","2026-06-29 19:00","0.259"
"Trzic-Tank4","2026-06-29 20:00","0.258"
"Trzic-Tank4","2026-06-29 21:00","0.258"
"Trzic-Tank4","2026-06-29 22:00","0.257"
"Trzic-Tank4","2026-06-29 23:00","0.257"
"Trzic-Tank4","2026-06-30 00:00","0.257"
"Trzic-Tank4","2026-06-30 01:00","0.257"
"Trzic-Tank4","2026-06-30 02:00","0.257"
"Trzic-Tank4","2026-06-30 03:00","0.257"
"Trzic-Tank4","2026-06-30 04:00","0.257"
"Trzic-Tank4","2026-06-30 05:00","0.256"
"Trzic-Tank4","2026-06-30 06:00","0.256"
"Trzic-Tank4","2026-06-30 07:00","0.256"
"Trzic-Tank4","2026-06-30 08:00","0.256"
"Trzic-Tank4","2026-06-30 09:00","0.256"
"Trzic-Tank4","2026-06-30 10:00","0.255"
"Trzic-Tank4","2026-06-30 11:00","0.255"
"Trzic-Tank4","2026-06-30 12:00","0.253"
"Trzic-Tank4","2026-06-30 13:00","0.252"
"Trzic-Tank4","2026-06-30 14:00","0.251"
"Trzic-Tank4","2026-06-30 15:00","0.249"
"Trzic-Tank4","2026-06-30 16:00","0.247"
"Trzic-Tank4","2026-06-30 17:00","0.245"
"Trzic-Tank4","2026-06-30 18:00","0.244"
"Trzic-Tank4","2026-06-30 19:00","0.244"
"Trzic-Tank4","2026-06-30 20:00","0.243"
"Trzic-Tank4","2026-06-30 21:00","0.243"
"Trzic-Tank4","2026-06-30 22:00","0.242"
"Trzic-Tank4","2026-06-30 23:00",
"Trzic-Tank4","2026-07-01 00:00",
"Trzic-Tank4","2026-07-01 01:00",
"Trzic-Tank4","2026-07-01 02:00",
"Trzic-Tank4","2026-07-01 03:00",
"Trzic-Tank4","2026-07-01 04:00",
"Trzic-Tank4","2026-07-01 05:00",
"Trzic-Tank4","2026-07-01 06:00",
"Trzic-Tank4","2026-07-01 07:00",
"Trzic-Tank4","2026-07-01 08:00",
"Trzic-Tank4","2026-07-01 09:00","0.241"
"Trzic-Tank4","2026-07-01 10:00","0.24"
"Trzic-Tank4","2026-07-01 11:00","0.239"
"Trzic-Tank4","2026-07-01 12:00","0.237"
"Trzic-Tank4","2026-07-01 13:00","0.235"
"Trzic-Tank4","2026-07-01 14:00","0.232"
"Trzic-Tank4","2026-07-01 15:00","0.229"
"Trzic-Tank4","2026-07-01 16:00","0.228"
"Trzic-Tank4","2026-07-01 17:00","0.224"
"Trzic-Tank4","2026-07-01 18:00","0.223"
"Trzic-Tank4","2026-07-01 19:00","0.223"
"Trzic-Tank4","2026-07-01 20:00","0.222"
"Trzic-Tank4","2026-07-01 21:00","0.221"
"Trzic-Tank4","2026-07-01 22:00","0.221"
"Trzic-Tank4","2026-07-01 23:00","0.221"
"Trzic-Tank4","2026-07-02 00:00","0.221"
"Trzic-Tank4","2026-07-02 01:00","0.22"
"Trzic-Tank4","2026-07-02 02:00","0.22"
"Trzic-Tank4","2026-07-02 03:00","0.22"
"Trzic-Tank4","2026-07-02 04:00","0.22"
"Trzic-Tank4","2026-07-02 05:00","0.219"
"Trzic-Tank4","2026-07-02 06:00","0.219"
"Trzic-Tank4","2026-07-02 07:00","0.219"
"Trzic-Tank4","2026-07-02 08:00","0.218"
"Trzic-Tank4","2026-07-02 09:00","0.218"
"Trzic-Tank4","2026-07-02 10:00","0.216"
"Trzic-Tank4","2026-07-02 11:00","0.214"
"Trzic-Tank4","2026-07-02 12:00","0.212"
"Trzic-Tank4","2026-07-02 13:00","0.209"
"Trzic-Tank4","2026-07-02 14:00","0.207"
"Trzic-Tank4","2026-07-02 15:00","0.204"
"Trzic-Tank4","2026-07-02 16:00","0.202"
"Trzic-Tank4","2026-07-02 17:00","0.199"
"Trzic-Tank4","2026-07-02 18:00","0.197"
"Trzic-Tank4","2026-07-02 19:00","0.195"
"Trzic-Tank4","2026-07-02 20:00","0.195"
"Trzic-Tank4","2026-07-02 21:00","0.194"
"Trzic-Tank4","2026-07-02 22:00","0.194"
"Trzic-Tank4","2026-07-02 23:00","0.194"
"Trzic-Tank4","2026-07-03 00:00","0.194"
"Trzic-Tank4","2026-07-03 01:00","0.193"
"Trzic-Tank4","2026-07-03 02:00","0.193"
"Trzic-Tank4","2026-07-03 03:00","0.193"
"Trzic-Tank4","2026-07-03 04:00","0.193"
"Trzic-Tank4","2026-07-03 05:00","0.193"
"Trzic-Tank4","2026-07-03 06:00","0.193"
"Trzic-Tank4","2026-07-03 07:00","0.192"
"Trzic-Tank4","2026-07-03 08:00","0.192"
"Trzic-Tank4","2026-07-03 09:00","0.192"
"Trzic-Tank4","2026-07-03 10:00","0.191"
"Trzic-Tank4","2026-07-03 11:00","0.19"
"Trzic-Tank4","2026-07-03 12:00","0.188"
"Trzic-Tank4","2026-07-03 13:00","0.186"
"Trzic-Tank4","2026-07-03 14:00","0.185"
"Trzic-Tank4","2026-07-03 15:00","0.183"
"Trzic-Tank4","2026-07-03 16:00","0.181"
"Trzic-Tank4","2026-07-03 17:00","0.179"
"Trzic-Tank4","2026-07-03 18:00","0.177"
"Trzic-Tank4","2026-07-03 19:00","0.176"
"Trzic-Tank4","2026-07-03 20:00","0.174"
"Trzic-Tank4","2026-07-03 21:00","0.174"
"Trzic-Tank4","2026-07-03 22:00","0.173"
"Trzic-Tank4","2026-07-03 23:00","0.173"
"Trzic-Tank4","2026-07-04 00:00","0.173"
"Trzic-Tank4","2026-07-04 01:00","0.173"
"Trzic-Tank4","2026-07-04 02:00","0.173"
"Trzic-Tank4","2026-07-04 03:00","0.173"
"Trzic-Tank4","2026-07-04 04:00","0.173"
"Trzic-Tank4","2026-07-04 05:00","0.173"
"Trzic-Tank4","2026-07-04 06:00","0.172"
"Trzic-Tank4","2026-07-04 07:00","0.172"
"Trzic-Tank4","2026-07-04 08:00","0.172"
"Trzic-Tank4","2026-07-04 09:00","0.172"
"Trzic-Tank4","2026-07-04 10:00","0.172"
"Trzic-Tank4","2026-07-04 11:00","0.17"
"Trzic-Tank4","2026-07-04 12:00","0.169"
"Trzic-Tank4","2026-07-04 13:00","0.167"
"Trzic-Tank4","2026-07-04 14:00","0.166"
"Trzic-Tank4","2026-07-04 15:00","0.164"
"Trzic-Tank4","2026-07-04 16:00","0.162"
"Trzic-Tank4","2026-07-04 17:00","0.16"
"Trzic-Tank4","2026-07-04 18:00","0.159"
"Trzic-Tank4","2026-07-04 19:00","0.157"
"Trzic-Tank4","2026-07-04 20:00","0.157"
"Trzic-Tank4","2026-07-04 21:00","0.156"
"Trzic-Tank4","2026-07-04 22:00","0.156"
"Trzic-Tank4","2026-07-04 23:00","0.156"
"Trzic-Tank4","2026-07-05 00:00","0.156"
"Trzic-Tank4","2026-07-05 01:00","0.156"
"Trzic-Tank4","2026-07-05 02:00","0.156"
"Trzic-Tank4","2026-07-05 03:00","0.156"
"Trzic-Tank4","2026-07-05 04:00","0.156"
"Trzic-Tank4","2026-07-05 05:00","0.156"
"Trzic-Tank4","2026-07-05 06:00","0.155"
"Trzic-Tank4","2026-07-05 07:00","0.155"
"Trzic-Tank4","2026-07-05 08:00","0.155"
"Trzic-Tank4","2026-07-05 09:00","0.155"
"Trzic-Tank4","2026-07-05 10:00","0.155"
"Trzic-Tank4","2026-07-05 11:00","0.155"
"Trzic-Tank4","2026-07-05 12:00","0.155"
"Trzic-Tank4","2026-07-05 13:00","0.154"
"Trzic-Tank4","2026-07-05 14:00","0.152"
"Trzic-Tank4","2026-07-05 15:00","0.151"
"Trzic-Tank4","2026-07-05 16:00","0.149"
"Trzic-Tank4","2026-07-05 17:00","0.148"
"Trzic-Tank4","2026-07-05 18:00","0.147"
"Trzic-Tank4","2026-07-05 19:00","0.147"
"Trzic-Tank4","2026-07-05 20:00","0.146"
"Trzic-Tank4","2026-07-05 21:00","0.146"
"Trzic-Tank4","2026-07-05 22:00","0.146"
"Trzic-Tank4","2026-07-05 23:00","0.146"
"Trzic-Tank4","2026-07-06 00:00","0.146"
"Trzic-Tank4","2026-07-06 01:00","0.146"
"Trzic-Tank4","2026-07-06 02:00","0.146"
"Trzic-Tank4","2026-07-06 03:00","0.146"
"Trzic-Tank4","2026-07-06 04:00","0.146"
"Trzic-Tank4","2026-07-06 05:00","0.146"
"Trzic-Tank4","2026-07-06 06:00","0.146"
"Trzic-Tank4","2026-07-06 07:00","0.146"
"Trzic-Tank4","2026-07-06 08:00","0.146"
"Trzic-Tank4","2026-07-06 09:00","0.146"
"Trzic-Tank4","2026-07-06 10:00","0.146"
"Trzic-Tank4","2026-07-06 11:00","0.146"
"Trzic-Tank4","2026-07-06 12:00","0.145"
"Trzic-Tank4","2026-07-06 13:00","0.145"
"Trzic-Tank4","2026-07-06 14:00","0.144"
"Trzic-Tank4","2026-07-06 15:00","0.143"
"Trzic-Tank4","2026-07-06 16:00","0.143"
"Trzic-Tank4","2026-07-06 17:00","0.142"
"Trzic-Tank4","2026-07-06 18:00","0.141"
"Trzic-Tank4","2026-07-06 19:00","0.14"
"Trzic-Tank4","2026-07-06 20:00","0.14"
"Trzic-Tank4","2026-07-06 21:00","0.14"
"Trzic-Tank4","2026-07-06 22:00","0.139"
"Trzic-Tank4","2026-07-06 23:00","0.139"
"Trzic-Tank4","2026-07-07 00:00","0.139"
"Trzic-Tank4","2026-07-07 01:00","0.139"
"Trzic-Tank4","2026-07-07 02:00","0.139"
"Trzic-Tank4","2026-07-07 03:00","0.139"
"Trzic-Tank4","2026-07-07 04:00","0.139"
"Trzic-Tank4","2026-07-07 05:00","0.139"
"Trzic-Tank4","2026-07-07 06:00","0.139"
"Trzic-Tank4","2026-07-07 07:00","0.14"
"Trzic-Tank4","2026-07-07 08:00","0.14"
"Trzic-Tank4","2026-07-07 09:00","0.14"
"Trzic-Tank4","2026-07-07 10:00","0.14"
"Trzic-Tank4","2026-07-07 11:00","0.139"
"Trzic-Tank4","2026-07-07 12:00","0.138"
"Trzic-Tank4","2026-07-07 13:00","0.138"
"Trzic-Tank4","2026-07-07 14:00","0.137"
"Trzic-Tank4","2026-07-07 15:00","0.136"
"Trzic-Tank4","2026-07-07 16:00","0.136"
"Trzic-Tank4","2026-07-07 17:00","0.136"
"Trzic-Tank4","2026-07-07 18:00","0.135"
"Trzic-Tank4","2026-07-07 19:00","0.134"
"Trzic-Tank4","2026-07-07 20:00","0.133"
"Trzic-Tank4","2026-07-07 21:00","0.133"
"Trzic-Tank4","2026-07-07 22:00","0.133"
"Trzic-Tank4","2026-07-07 23:00","0.133"
"Trzic-Tank4","2026-07-08 00:00","0.133"
"Trzic-Tank4","2026-07-08 01:00","0.133"
"Trzic-Tank4","2026-07-08 02:00","0.133"
"Trzic-Tank4","2026-07-08 03:00","0.133"
"Trzic-Tank4","2026-07-08 04:00","0.133"
"Trzic-Tank4","2026-07-08 05:00","0.133"
"Trzic-Tank4","2026-07-08 06:00","0.133"
"Trzic-Tank4","2026-07-08 07:00","0.133"
"Trzic-Tank4","2026-07-08 08:00","0.133"
"Trzic-Tank4","2026-07-08 09:00","0.133"
"Trzic-Tank4","2026-07-08 10:00","0.133"
"Trzic-Tank4","2026-07-08 11:00","0.133"
"Trzic-Tank4","2026-07-08 12:00","0.133"
"Trzic-Tank4","2026-07-08 13:00","0.133"
"Trzic-Tank4","2026-07-08 14:00","0.133"
"Trzic-Tank4","2026-07-08 15:00","0.132"
"Trzic-Tank4","2026-07-08 16:00","0.132"
"Trzic-Tank4","2026-07-08 17:00","0.132"
"Trzic-Tank4","2026-07-08 18:00","0.131"
"Trzic-Tank4","2026-07-08 19:00","0.131"
"Trzic-Tank4","2026-07-08 20:00","0.131"
"Trzic-Tank4","2026-07-08 21:00","0.13"
"Trzic-Tank4","2026-07-08 22:00","0.13"
"Trzic-Tank4","2026-07-08 23:00","0.13"
"Trzic-Tank4","2026-07-09 00:00","0.13"
"Trzic-Tank4","2026-07-09 01:00","0.13"
"Trzic-Tank4","2026-07-09 02:00","0.13"
"Trzic-Tank4","2026-07-09 03:00","0.13"
"Trzic-Tank4","2026-07-09 04:00","0.13"
"Trzic-Tank4","2026-07-09 05:00","0.13"
"Trzic-Tank4","2026-07-09 06:00","0.13"
"Trzic-Tank4","2026-07-09 07:00","0.13"
"Trzic-Tank4","2026-07-09 08:00","0.131"
"Trzic-Tank4","2026-07-09 09:00","0.131"
"Trzic-Tank4","2026-07-09 10:00","0.131"
"Trzic-Tank4","2026-07-09 11:00","0.13"
"Trzic-Tank4","2026-07-09 12:00","0.13"
"Trzic-Tank4","2026-07-09 13:00","0.13"
"Trzic-Tank4","2026-07-09 14:00","0.13"
"Trzic-Tank4","2026-07-09 15:00","0.129"
"Trzic-Tank4","2026-07-09 16:00","0.129"
"Trzic-Tank4","2026-07-09 17:00","0.129"
"Trzic-Tank4","2026-07-09 18:00","0.128"
"Trzic-Tank4","2026-07-09 19:00","0.128"
"Trzic-Tank4","2026-07-09 20:00","0.128"
"Trzic-Tank4","2026-07-09 21:00","0.128"
"Trzic-Tank4","2026-07-09 22:00","0.127"
"Trzic-Tank4","2026-07-09 23:00","0.127"
"Trzic-Tank4","2026-07-10 00:00","0.127"
"Trzic-Tank4","2026-07-10 01:00","0.127"
"Trzic-Tank4","2026-07-10 02:00","0.127"
"Trzic-Tank4","2026-07-10 03:00","0.127"
"Trzic-Tank4","2026-07-10 04:00","0.127"
"Trzic-Tank4","2026-07-10 05:00","0.127"
"Trzic-Tank4","2026-07-10 06:00","0.128"
"Trzic-Tank4","2026-07-10 07:00","0.128"
"Trzic-Tank4","2026-07-10 08:00","0.127"
"Trzic-Tank4","2026-07-10 09:00","0.128"
"Trzic-Tank4","2026-07-10 10:00","0.127"
"Trzic-Tank4","2026-07-10 11:00","0.127"
"Trzic-Tank4","2026-07-10 12:00","0.127"
"Trzic-Tank4","2026-07-10 13:00","0.126"
"Trzic-Tank4","2026-07-10 14:00","0.126"
"Trzic-Tank4","2026-07-10 15:00","0.125"
"Trzic-Tank4","2026-07-10 16:00","0.125"
"Trzic-Tank4","2026-07-10 17:00","0.125"
"Trzic-Tank4","2026-07-10 18:00","0.123"
"Trzic-Tank4","2026-07-10 19:00","0.123"
"Trzic-Tank4","2026-07-10 20:00",
"Trzic-Tank4","2026-07-10 21:00","0.123"
"Trzic-Tank4","2026-07-10 22:00","0.123"
"Trzic-Tank4","2026-07-10 23:00","0.123"
"Trzic-Tank4","2026-07-11 00:00","0.123"
"Trzic-Tank4","2026-07-11 01:00","0.123"
"Trzic-Tank4","2026-07-11 02:00","0.123"
"Trzic-Tank4","2026-07-11 03:00","0.123"
"Trzic-Tank4","2026-07-11 04:00","0.123"
"Trzic-Tank4","2026-07-11 05:00","0.123"
"Trzic-Tank4","2026-07-11 06:00","0.123"
"Trzic-Tank4","2026-07-11 07:00","0.123"
"Trzic-Tank4","2026-07-11 08:00","0.122"
"Trzic-Tank4","2026-07-11 09:00","0.122"
"Trzic-Tank4","2026-07-11 10:00","0.122"
"Trzic-Tank4","2026-07-11 11:00","0.122"
"Trzic-Tank4","2026-07-11 12:00","0.122"
"Trzic-Tank4","2026-07-11 13:00","0.122"
"Trzic-Tank4","2026-07-11 14:00","0.122"
"Trzic-Tank4","2026-07-11 15:00","0.121"
"Trzic-Tank4","2026-07-11 16:00","0.121"
"Trzic-Tank4","2026-07-11 17:00","0.12"
"Trzic-Tank4","2026-07-11 18:00","0.12"
"Trzic-Tank4","2026-07-11 19:00","0.12"
"Trzic-Tank4","2026-07-11 20:00","0.12"
"Trzic-Tank4","2026-07-11 21:00","0.12"
"Trzic-Tank4","2026-07-11 22:00","0.119"
"Trzic-Tank4","2026-07-11 23:00","0.119"
"Trzic-Tank4","2026-07-12 00:00","0.119"
"Trzic-Tank4","2026-07-12 01:00","0.119"
"Trzic-Tank4","2026-07-12 02:00","0.119"
"Trzic-Tank4","2026-07-12 03:00","0.119"
"Trzic-Tank4","2026-07-12 04:00","0.119"
"Trzic-Tank4","2026-07-12 05:00","0.119"
"Trzic-Tank4","2026-07-12 06:00","0.119"
"Trzic-Tank4","2026-07-12 07:00","0.119"
"Trzic-Tank4","2026-07-12 08:00","0.119"
"Trzic-Tank4","2026-07-12 09:00","0.12"
"Trzic-Tank4","2026-07-12 10:00","0.12"
"Trzic-Tank4","2026-07-12 11:00","0.12"
"Trzic-Tank4","2026-07-12 12:00","0.12"
"Trzic-Tank4","2026-07-12 13:00","0.12"
"Trzic-Tank4","2026-07-12 14:00","0.12"
"Trzic-Tank4","2026-07-12 15:00","0.12"
"Trzic-Tank4","2026-07-12 16:00","0.12"
"Trzic-Tank4","2026-07-12 17:00","0.12"
"Trzic-Tank4","2026-07-12 18:00","0.119"
"Trzic-Tank4","2026-07-12 19:00","0.119"
"Trzic-Tank4","2026-07-12 20:00","0.119"
"Trzic-Tank4","2026-07-12 21:00","0.119"
"Trzic-Tank4","2026-07-12 22:00","0.119"
"Trzic-Tank4","2026-07-12 23:00","0.119"
"Trzic-Tank4","2026-07-13 00:00","0.119"
"Trzic-Tank4","2026-07-13 01:00","0.119"
"Trzic-Tank4","2026-07-13 02:00","0.119"
"Trzic-Tank4","2026-07-13 03:00","0.119"
"Trzic-Tank4","2026-07-13 04:00","0.119"
"Trzic-Tank4","2026-07-13 05:00","0.119"
"Trzic-Tank4","2026-07-13 06:00","0.119"
"Trzic-Tank4","2026-07-13 07:00","0.119"
"Trzic-Tank4","2026-07-13 08:00","0.119"
"Trzic-Tank4","2026-07-13 09:00","0.119"
"Trzic-Tank4","2026-07-13 10:00","0.12"
"Trzic-Tank4","2026-07-13 11:00","0.12"
"Trzic-Tank4","2026-07-13 12:00","0.12"
"Trzic-Tank4","2026-07-13 13:00","0.12"
"Trzic-Tank4","2026-07-13 14:00","0.119"
"Trzic-Tank4","2026-07-13 15:00","0.12"
"Trzic-Tank4","2026-07-13 16:00","0.119"
"Trzic-Tank4","2026-07-13 17:00","0.119"
"Trzic-Tank4","2026-07-13 18:00","0.119"
"Trzic-Tank4","2026-07-13 19:00","0.119"
"Trzic-Tank4","2026-07-13 20:00","0.119"
"Trzic-Tank4","2026-07-13 21:00","0.119"
"Trzic-Tank4","2026-07-13 22:00","0.119"
"Trzic-Tank4","2026-07-13 23:00","0.119"
"Trzic-Tank4","2026-07-14 00:00","0.119"
"Trzic-Tank4","2026-07-14 01:00","0.119"
"Trzic-Tank4","2026-07-14 02:00","0.119"
"Trzic-Tank4","2026-07-14 03:00","0.119"
"Trzic-Tank4","2026-07-14 04:00","0.119"
"Trzic-Tank4","2026-07-14 05:00","0.119"
"Trzic-Tank4","2026-07-14 06:00","0.119"
"Trzic-Tank4","2026-07-14 07:00","0.119"
"Trzic-Tank4","2026-07-14 08:00","0.119"
"Trzic-Tank4","2026-07-14 09:00","0.119"
"Trzic-Tank4","2026-07-14 10:00","0.119"
"Trzic-Tank4","2026-07-14 11:00","0.119"
"Trzic-Tank4","2026-07-14 12:00","0.119"
"Trzic-Tank4","2026-07-14 13:00","0.119"
"Trzic-Tank4","2026-07-14 14:00","0.119"
"Trzic-Tank4","2026-07-14 15:00","0.119"
"Trzic-Tank4","2026-07-14 16:00","0.119"
"Trzic-Tank4","2026-07-14 17:00","0.119"
"Trzic-Tank4","2026-07-14 18:00","0.119"
"Trzic-Tank4","2026-07-14 19:00","0.119"
"Trzic-Tank4","2026-07-14 20:00","0.119"
"Trzic-Tank4","2026-07-14 21:00","0.119"
"Trzic-Tank4","2026-07-14 22:00","0.119"
"Trzic-Tank4","2026-07-14 23:00","0.119"
"Trzic-Tank4","2026-07-15 00:00","0.119"
"Trzic-Tank4","2026-07-15 01:00","0.119"
"Trzic-Tank4","2026-07-15 02:00","0.119"
"Trzic-Tank4","2026-07-15 03:00","0.119"
"Trzic-Tank4","2026-07-15 04:00","0.119"
"Trzic-Tank4","2026-07-15 05:00","0.119"
"Trzic-Tank4","2026-07-15 06:00","0.119"
"Trzic-Tank4","2026-07-15 07:00","0.119"
"Trzic-Tank4","2026-07-15 08:00","0.119"
"Trzic-Tank4","2026-07-15 09:00","0.119"
"Trzic-Tank4","2026-07-15 10:00","0.119"
"Trzic-Tank4","2026-07-15 11:00","0.119"
"Trzic-Tank4","2026-07-15 12:00","0.119"
"Trzic-Tank4","2026-07-15 13:00","0.119"
"Trzic-Tank4","2026-07-15 14:00","0.119"
"Trzic-Tank4","2026-07-15 15:00","0.119"
"Trzic-Tank4","2026-07-15 16:00","0.119"
"Trzic-Tank4","2026-07-15 17:00","0.119"
"Trzic-Tank4","2026-07-15 18:00","0.119"
"Trzic-Tank4","2026-07-15 19:00","0.119"
"Trzic-Tank4","2026-07-15 20:00","0.119"
"Trzic-Tank4","2026-07-15 21:00","0.118"
"Trzic-Tank4","2026-07-15 22:00","0.118"
"Trzic-Tank4","2026-07-15 23:00","0.118"
"Trzic-Tank4","2026-07-16 00:00","0.118"
"Trzic-Tank4","2026-07-16 01:00","0.118"
"Trzic-Tank4","2026-07-16 02:00","0.118"
"Trzic-Tank4","2026-07-16 03:00","0.118"
"Trzic-Tank4","2026-07-16 04:00","0.118"
"Trzic-Tank4","2026-07-16 05:00","0.118"
"Trzic-Tank4","2026-07-16 06:00","0.119"
"Trzic-Tank4","2026-07-16 07:00","0.119"
"Trzic-Tank4","2026-07-16 08:00","0.119"
"Trzic-Tank4","2026-07-16 09:00","0.119"
"Trzic-Tank4","2026-07-16 10:00","0.119"
"Trzic-Tank4","2026-07-16 11:00","0.119"
"Trzic-Tank4","2026-07-16 12:00","0.118"
"Trzic-Tank4","2026-07-16 13:00","0.119"
"Trzic-Tank4","2026-07-16 14:00","0.119"
"Trzic-Tank4","2026-07-16 15:00","0.119"
"Trzic-Tank4","2026-07-16 16:00","0.119"
"Trzic-Tank4","2026-07-16 17:00","0.118"
"Trzic-Tank4","2026-07-16 18:00","0.119"
"Trzic-Tank4","2026-07-16 19:00","0.118"
"Trzic-Tank4","2026-07-16 20:00","0.118"
"Trzic-Tank4","2026-07-16 21:00","0.118"
"Trzic-Tank4","2026-07-16 22:00","0.118"
"Trzic-Tank4","2026-07-16 23:00","0.118"
"Trzic-Tank4","2026-07-17 00:00","0.118"
"Trzic-Tank4","2026-07-17 01:00","0.118"
"Trzic-Tank4","2026-07-17 02:00","0.118"
"Trzic-Tank4","2026-07-17 03:00","0.118"
"Trzic-Tank4","2026-07-17 04:00","0.118"
"Trzic-Tank4","2026-07-17 05:00","0.118"
"Trzic-Tank4","2026-07-17 06:00","0.118"
"Trzic-Tank4","2026-07-17 07:00","0.118"
"Trzic-Tank4","2026-07-17 08:00","0.118"
"Trzic-Tank4","2026-07-17 09:00","0.118"
"Trzic-Tank4","2026-07-17 10:00","0.118"
"Trzic-Tank4","2026-07-17 11:00","0.118"
"Trzic-Tank4","2026-07-17 12:00","0.118"
"Trzic-Tank4","2026-07-17 13:00","0.118"
"Trzic-Tank4","2026-07-17 14:00","0.118"
"Trzic-Tank4","2026-07-17 15:00","0.118"
"Trzic-Tank4","2026-07-17 16:00","0.118"
"Trzic-Tank4","2026-07-17 17:00","0.118"
"Trzic-Tank4","2026-07-17 18:00","0.118"
"Trzic-Tank4","2026-07-17 19:00","0.118"
"Trzic-Tank4","2026-07-17 20:00","0.118"
"Trzic-Tank4","2026-07-17 21:00","0.118"
"Trzic-Tank4","2026-07-17 22:00","0.118"
"Trzic-Tank4","2026-07-17 23:00","0.118"
"Trzic-Tank4","2026-07-18 00:00","0.118"
"Trzic-Tank4","2026-07-18 01:00","0.118"
"Trzic-Tank4","2026-07-18 02:00","0.118"
"Trzic-Tank4","2026-07-18 03:00","0.118"
"Trzic-Tank4","2026-07-18 04:00","0.118"
"Trzic-Tank4","2026-07-18 05:00","0.118"
"Trzic-Tank4","2026-07-18 06:00","0.118"
"Trzic-Tank4","2026-07-18 07:00","0.118"
"Trzic-Tank4","2026-07-18 08:00","0.118"
"Trzic-Tank4","2026-07-18 09:00","0.118"
"Trzic-Tank4","2026-07-18 10:00","0.118"
"Trzic-Tank4","2026-07-18 11:00","0.118"
"Trzic-Tank4","2026-07-18 12:00","0.118"
"Trzic-Tank4","2026-07-18 13:00","0.119"
"Trzic-Tank4","2026-07-18 14:00","0.118"
"Trzic-Tank4","2026-07-18 15:00","0.118"
"Trzic-Tank4","2026-07-18 16:00","0.118"
"Trzic-Tank4","2026-07-18 17:00","0.118"
"Trzic-Tank4","2026-07-18 18:00","0.118"
"Trzic-Tank4","2026-07-18 19:00","0.117"
"Trzic-Tank4","2026-07-18 20:00","0.118"
"Trzic-Tank4","2026-07-18 21:00","0.118"
"Trzic-Tank4","2026-07-18 22:00","0.121"
"Trzic-Tank4","2026-07-18 23:00","0.121"
"Trzic-Tank4","2026-07-19 00:00","0.121"
"Trzic-Tank4","2026-07-19 01:00","0.122"
"Trzic-Tank4","2026-07-19 02:00","0.122"
"Trzic-Tank4","2026-07-19 03:00","0.122"
"Trzic-Tank4","2026-07-19 04:00","0.122"
"Trzic-Tank4","2026-07-19 05:00","0.129"
"Trzic-Tank4","2026-07-19 06:00","0.13"
"Trzic-Tank4","2026-07-19 07:00","0.133"
"Trzic-Tank4","2026-07-19 08:00","0.137"
"Trzic-Tank4","2026-07-19 09:00","0.141"
"Trzic-Tank4","2026-07-19 10:00","0.147"
"Trzic-Tank4","2026-07-19 11:00","0.16"
"Trzic-Tank4","2026-07-19 12:00","0.177"
"Trzic-Tank4","2026-07-19 13:00","0.182"
"Trzic-Tank4","2026-07-19 14:00","0.191"
"Trzic-Tank4","2026-07-19 15:00","0.198"
"Trzic-Tank4","2026-07-19 16:00","0.204"
"Trzic-Tank4","2026-07-19 17:00","0.208"
"Trzic-Tank4","2026-07-19 18:00","0.21"
"Trzic-Tank4","2026-07-19 19:00","0.214"
"Trzic-Tank4","2026-07-19 20:00","0.216"
"Trzic-Tank4","2026-07-19 21:00","0.217"
"Trzic-Tank4","2026-07-19 22:00","0.22"
"Trzic-Tank4","2026-07-19 23:00","0.222"
"Trzic-Tank4","2026-07-20 00:00","0.222"
"Trzic-Tank4","2026-07-20 01:00",
"Trzic-Tank4","2026-07-20 02:00","0.224"
"Trzic-Tank4","2026-07-20 03:00","0.224"
"Trzic-Tank4","2026-07-20 04:00","0.224"
"Trzic-Tank4","2026-07-20 05:00","0.228"
"Trzic-Tank4","2026-07-20 06:00","0.23"
"Trzic-Tank4","2026-07-20 07:00","0.23"
"Trzic-Tank4","2026-07-20 08:00","0.231"
"Trzic-Tank4","2026-07-20 09:00","0.232"
"Trzic-Tank4","2026-07-20 10:00","0.233"
"Trzic-Tank4","2026-07-20 11:00","0.233"
"Trzic-Tank4","2026-07-20 12:00","0.233"
"Trzic-Tank4","2026-07-20 13:00","0.234"
"Trzic-Tank4","2026-07-20 14:00","0.234"
"Trzic-Tank4","2026-07-20 15:00","0.233"
"Trzic-Tank4","2026-07-20 16:00","0.233"
"Trzic-Tank4","2026-07-20 17:00","0.233"
"Trzic-Tank4","2026-07-20 18:00","0.233"
"Trzic-Tank4","2026-07-20 19:00","0.233"
"Trzic-Tank4","2026-07-20 20:00","0.233"
"Trzic-Tank4","2026-07-20 21:00","0.234"
"Trzic-Tank4","2026-07-20 22:00","0.234"
"Trzic-Tank4","2026-07-20 23:00","0.234"
"Trzic-Tank4","2026-07-21 00:00","0.234"
"Trzic-Tank4","2026-07-21 01:00","0.235"
"Trzic-Tank4","2026-07-21 02:00","0.235"
"Trzic-Tank4","2026-07-21 03:00","0.235"
"Trzic-Tank4","2026-07-21 04:00","0.235"
"Trzic-Tank4","2026-07-21 05:00","0.236"
"Trzic-Tank4","2026-07-21 06:00","0.236"
"Trzic-Tank4","2026-07-21 07:00","0.237"
"Trzic-Tank4","2026-07-21 08:00","0.237"
"Trzic-Tank4","2026-07-21 09:00","0.237"
"Trzic-Tank4","2026-07-21 10:00","0.237"
"Trzic-Tank4","2026-07-21 11:00","0.237"
"Trzic-Tank4","2026-07-21 12:00","0.237"
"Trzic-Tank4","2026-07-21 13:00","0.238"
"Trzic-Tank4","2026-07-21 14:00","0.238"
"Trzic-Tank4","2026-07-21 15:00","0.238"
"Trzic-Tank4","2026-07-21 16:00","0.238"
"Trzic-Tank4","2026-07-21 17:00","0.238"
"Trzic-Tank4","2026-07-21 18:00","0.238"
"Trzic-Tank4","2026-07-21 19:00","0.239"
"Trzic-Tank4","2026-07-21 20:00","0.239"
"Trzic-Tank4","2026-07-21 21:00","0.239"
"Trzic-Tank4","2026-07-21 22:00","0.239"
"Trzic-Tank4","2026-07-21 23:00","0.24"
"Trzic-Tank4","2026-07-22 00:00","0.24"
"Trzic-Tank4","2026-07-22 01:00","0.241"
"Trzic-Tank4","2026-07-22 02:00","0.241"
"Trzic-Tank4","2026-07-22 03:00","0.241"
"Trzic-Tank4","2026-07-22 04:00","0.241"
"Trzic-Tank4","2026-07-22 05:00","0.242"
"Trzic-Tank4","2026-07-22 06:00","0.242"
"Trzic-Tank4","2026-07-22 07:00","0.243"
"Trzic-Tank4","2026-07-22 08:00","0.243"
"Trzic-Tank4","2026-07-22 09:00","0.244"
"Trzic-Tank4","2026-07-22 10:00","0.244"
"Trzic-Tank4","2026-07-22 11:00","0.244"
"Trzic-Tank4","2026-07-22 12:00","0.244"
"Trzic-Tank4","2026-07-22 13:00","0.244"
"Trzic-Tank4","2026-07-22 14:00","0.243"
"Trzic-Tank4","2026-07-22 15:00","0.242"
"Trzic-Tank4","2026-07-22 16:00","0.242"
"Trzic-Tank4","2026-07-22 17:00","0.242"
"Trzic-Tank4","2026-07-22 18:00","0.242"
"Trzic-Tank4","2026-07-22 19:00","0.242"
"Trzic-Tank4","2026-07-22 20:00","0.242"
"Trzic-Tank4","2026-07-22 21:00","0.242"
"Trzic-Tank4","2026-07-22 22:00","0.242"
"Trzic-Tank4","2026-07-22 23:00","0.242"
"Trzic-Tank4","2026-07-23 00:00","0.242"
"Trzic-Tank4","2026-07-23 01:00","0.243"
"Trzic-Tank4","2026-07-23 02:00","0.243"
"Trzic-Tank4","2026-07-23 03:00","0.243"
"Trzic-Tank4","2026-07-23 04:00","0.243"
"Trzic-Tank4","2026-07-23 05:00","0.243"
"Trzic-Tank4","2026-07-23 06:00","0.244"
"Trzic-Tank4","2026-07-23 07:00","0.244"
"Trzic-Tank4","2026-07-23 08:00","0.244"
"Trzic-Tank4","2026-07-23 09:00","0.244"
"Trzic-Tank4","2026-07-23 10:00","0.244"
"Trzic-Tank4","2026-07-23 11:00","0.244"
"Trzic-Tank4","2026-07-23 12:00","0.243"
"Trzic-Tank4","2026-07-23 13:00","0.243"
"Trzic-Tank4","2026-07-23 14:00","0.243"
"Trzic-Tank4","2026-07-23 15:00","0.242"
"Trzic-Tank4","2026-07-23 16:00","0.242"
"Trzic-Tank4","2026-07-23 17:00","0.243"
"Trzic-Tank4","2026-07-23 18:00","0.242"
"Trzic-Tank4","2026-07-23 19:00","0.242"
"Trzic-Tank4","2026-07-23 20:00","0.242"
"Trzic-Tank4","2026-07-23 21:00","0.242"
"Trzic-Tank4","2026-07-23 22:00","0.242"
