Tank,"Čas per hour","Količina dežja v mm (liter na m2)"
"Trzic-Tank1","2026-05-27 16:00",0
"Trzic-Tank1","2026-05-27 17:00",0
"Trzic-Tank1","2026-05-27 18:00",0
"Trzic-Tank1","2026-05-27 19:00",0
"Trzic-Tank1","2026-05-27 20:00",0
"Trzic-Tank1","2026-05-27 21:00",0
"Trzic-Tank1","2026-05-27 22:00",0
"Trzic-Tank1","2026-05-27 23:00",0
"Trzic-Tank1","2026-05-28 00:00",0
"Trzic-Tank1","2026-05-28 01:00",0
"Trzic-Tank1","2026-05-28 02:00",0
"Trzic-Tank1","2026-05-28 03:00",0
"Trzic-Tank1","2026-05-28 04:00",0
"Trzic-Tank1","2026-05-28 05:00",0
"Trzic-Tank1","2026-05-28 06:00",0
"Trzic-Tank1","2026-05-28 07:00",0
"Trzic-Tank1","2026-05-28 08:00","0.2"
"Trzic-Tank1","2026-05-28 09:00",0
"Trzic-Tank1","2026-05-28 10:00",0
"Trzic-Tank1","2026-05-28 11:00",0
"Trzic-Tank1","2026-05-28 12:00",0
"Trzic-Tank1","2026-05-28 13:00",0
"Trzic-Tank1","2026-05-28 14:00",0
"Trzic-Tank1","2026-05-28 15:00",0
"Trzic-Tank1","2026-05-28 16:00",0
"Trzic-Tank1","2026-05-28 17:00",0
"Trzic-Tank1","2026-05-28 18:00",0
"Trzic-Tank1","2026-05-28 19:00",0
"Trzic-Tank1","2026-05-28 20:00",0
"Trzic-Tank1","2026-05-28 21:00",0
"Trzic-Tank1","2026-05-28 22:00",0
"Trzic-Tank1","2026-05-28 23:00",0
"Trzic-Tank1","2026-05-29 00:00",0
"Trzic-Tank1","2026-05-29 01:00",0
"Trzic-Tank1","2026-05-29 02:00",0
"Trzic-Tank1","2026-05-29 03:00",0
"Trzic-Tank1","2026-05-29 04:00",0
"Trzic-Tank1","2026-05-29 05:00",0
"Trzic-Tank1","2026-05-29 06:00",0
"Trzic-Tank1","2026-05-29 07:00",0
"Trzic-Tank1","2026-05-29 08:00",0
"Trzic-Tank1","2026-05-29 09:00",0
"Trzic-Tank1","2026-05-29 10:00",0
"Trzic-Tank1","2026-05-29 11:00",0
"Trzic-Tank1","2026-05-29 12:00",0
"Trzic-Tank1","2026-05-29 13:00",0
"Trzic-Tank1","2026-05-29 14:00",0
"Trzic-Tank1","2026-05-29 15:00",0
"Trzic-Tank1","2026-05-29 16:00",0
"Trzic-Tank1","2026-05-29 17:00",0
"Trzic-Tank1","2026-05-29 18:00",0
"Trzic-Tank1","2026-05-29 19:00",0
"Trzic-Tank1","2026-05-29 20:00",0
"Trzic-Tank1","2026-05-29 21:00",0
"Trzic-Tank1","2026-05-29 22:00",0
"Trzic-Tank1","2026-05-29 23:00",0
"Trzic-Tank1","2026-05-30 00:00",0
"Trzic-Tank1","2026-05-30 01:00",0
"Trzic-Tank1","2026-05-30 02:00",0
"Trzic-Tank1","2026-05-30 03:00",0
"Trzic-Tank1","2026-05-30 04:00",0
"Trzic-Tank1","2026-05-30 05:00",0
"Trzic-Tank1","2026-05-30 06:00",0
"Trzic-Tank1","2026-05-30 07:00",0
"Trzic-Tank1","2026-05-30 08:00",0
"Trzic-Tank1","2026-05-30 09:00",0
"Trzic-Tank1","2026-05-30 10:00",0
"Trzic-Tank1","2026-05-30 11:00",0
"Trzic-Tank1","2026-05-30 12:00",0
"Trzic-Tank1","2026-05-30 13:00",0
"Trzic-Tank1","2026-05-30 14:00",0
"Trzic-Tank1","2026-05-30 15:00",0
"Trzic-Tank1","2026-05-30 16:00",0
"Trzic-Tank1","2026-05-30 17:00",0
"Trzic-Tank1","2026-05-30 18:00",0
"Trzic-Tank1","2026-05-30 19:00",0
"Trzic-Tank1","2026-05-30 20:00",0
"Trzic-Tank1","2026-05-30 21:00",0
"Trzic-Tank1","2026-05-30 22:00",0
"Trzic-Tank1","2026-05-30 23:00",0
"Trzic-Tank1","2026-05-31 00:00",0
"Trzic-Tank1","2026-05-31 01:00",0
"Trzic-Tank1","2026-05-31 02:00",0
"Trzic-Tank1","2026-05-31 03:00",0
"Trzic-Tank1","2026-05-31 04:00",0
"Trzic-Tank1","2026-05-31 05:00",0
"Trzic-Tank1","2026-05-31 06:00",0
"Trzic-Tank1","2026-05-31 07:00",0
"Trzic-Tank1","2026-05-31 08:00",0
"Trzic-Tank1","2026-05-31 09:00",0
"Trzic-Tank1","2026-05-31 10:00",0
"Trzic-Tank1","2026-05-31 11:00",0
"Trzic-Tank1","2026-05-31 12:00",0
"Trzic-Tank1","2026-05-31 13:00",0
"Trzic-Tank1","2026-05-31 14:00",0
"Trzic-Tank1","2026-05-31 15:00",0
"Trzic-Tank1","2026-05-31 16:00",0
"Trzic-Tank1","2026-05-31 17:00","0.8"
"Trzic-Tank1","2026-05-31 18:00","0.6"
"Trzic-Tank1","2026-05-31 19:00","0.6"
"Trzic-Tank1","2026-05-31 20:00","0.8"
"Trzic-Tank1","2026-05-31 21:00",1
"Trzic-Tank1","2026-05-31 22:00","1.4"
"Trzic-Tank1","2026-05-31 23:00","1.6"
"Trzic-Tank1","2026-06-01 00:00","1.6"
"Trzic-Tank1","2026-06-01 01:00","1.8"
"Trzic-Tank1","2026-06-01 02:00","1.8"
"Trzic-Tank1","2026-06-01 03:00","1.8"
"Trzic-Tank1","2026-06-01 04:00","1.8"
"Trzic-Tank1","2026-06-01 05:00","1.8"
"Trzic-Tank1","2026-06-01 06:00","1.8"
"Trzic-Tank1","2026-06-01 07:00","1.8"
"Trzic-Tank1","2026-06-01 08:00","1.8"
"Trzic-Tank1","2026-06-01 09:00","1.8"
"Trzic-Tank1","2026-06-01 10:00","1.8"
"Trzic-Tank1","2026-06-01 11:00","1.8"
"Trzic-Tank1","2026-06-01 12:00",2
"Trzic-Tank1","2026-06-01 13:00",2
"Trzic-Tank1","2026-06-01 14:00",2
"Trzic-Tank1","2026-06-01 15:00",2
"Trzic-Tank1","2026-06-01 16:00",2
"Trzic-Tank1","2026-06-01 17:00",2
"Trzic-Tank1","2026-06-01 18:00",2
"Trzic-Tank1","2026-06-01 19:00",2
"Trzic-Tank1","2026-06-01 20:00",2
"Trzic-Tank1","2026-06-01 21:00",2
"Trzic-Tank1","2026-06-01 22:00",2
"Trzic-Tank1","2026-06-01 23:00","1.8"
"Trzic-Tank1","2026-06-02 00:00","1.8"
"Trzic-Tank1","2026-06-02 01:00","1.8"
"Trzic-Tank1","2026-06-02 02:00","1.8"
"Trzic-Tank1","2026-06-02 03:00","1.8"
"Trzic-Tank1","2026-06-02 04:00","1.8"
"Trzic-Tank1","2026-06-02 05:00","1.8"
"Trzic-Tank1","2026-06-02 06:00","1.6"
"Trzic-Tank1","2026-06-02 07:00","1.6"
"Trzic-Tank1","2026-06-02 08:00","1.6"
"Trzic-Tank1","2026-06-02 09:00","1.4"
"Trzic-Tank1","2026-06-02 10:00","1.6"
"Trzic-Tank1","2026-06-02 11:00","1.4"
"Trzic-Tank1","2026-06-02 12:00","1.4"
"Trzic-Tank1","2026-06-02 13:00","1.4"
"Trzic-Tank1","2026-06-02 14:00","1.4"
"Trzic-Tank1","2026-06-02 15:00","1.2"
"Trzic-Tank1","2026-06-02 16:00","1.4"
"Trzic-Tank1","2026-06-02 17:00","1.2"
"Trzic-Tank1","2026-06-02 18:00","1.2"
"Trzic-Tank1","2026-06-02 19:00",1
"Trzic-Tank1","2026-06-02 20:00",1
"Trzic-Tank1","2026-06-02 21:00",1
"Trzic-Tank1","2026-06-02 22:00",1
"Trzic-Tank1","2026-06-02 23:00",1
"Trzic-Tank1","2026-06-03 00:00",1
"Trzic-Tank1","2026-06-03 01:00",1
"Trzic-Tank1","2026-06-03 02:00",1
"Trzic-Tank1","2026-06-03 03:00",1
"Trzic-Tank1","2026-06-03 04:00",1
"Trzic-Tank1","2026-06-03 05:00","0.8"
"Trzic-Tank1","2026-06-03 06:00","0.8"
"Trzic-Tank1","2026-06-03 07:00","0.8"
"Trzic-Tank1","2026-06-03 08:00","2.6"
"Trzic-Tank1","2026-06-03 09:00","41.8"
"Trzic-Tank1","2026-06-03 10:00","47.4"
"Trzic-Tank1","2026-06-03 11:00","48.6"
"Trzic-Tank1","2026-06-03 12:00",48
"Trzic-Tank1","2026-06-03 13:00","44.2"
"Trzic-Tank1","2026-06-03 14:00","41.8"
"Trzic-Tank1","2026-06-03 15:00","37.2"
"Trzic-Tank1","2026-06-03 16:00","32.8"
"Trzic-Tank1","2026-06-03 17:00","30.4"
"Trzic-Tank1","2026-06-03 18:00","26.8"
"Trzic-Tank1","2026-06-03 19:00","25.4"
"Trzic-Tank1","2026-06-03 20:00","22.4"
"Trzic-Tank1","2026-06-03 21:00","19.6"
"Trzic-Tank1","2026-06-03 22:00","18.4"
"Trzic-Tank1","2026-06-03 23:00","17.4"
"Trzic-Tank1","2026-06-04 00:00","17.4"
"Trzic-Tank1","2026-06-04 01:00","13.6"
"Trzic-Tank1","2026-06-04 02:00","13.6"
"Trzic-Tank1","2026-06-04 03:00","13.6"
"Trzic-Tank1","2026-06-04 04:00","13.6"
"Trzic-Tank1","2026-06-04 05:00","8.2"
"Trzic-Tank1","2026-06-04 06:00","7.6"
"Trzic-Tank1","2026-06-04 07:00","6.6"
"Trzic-Tank1","2026-06-04 08:00",6
"Trzic-Tank1","2026-06-04 09:00","5.4"
"Trzic-Tank1","2026-06-04 10:00","4.8"
"Trzic-Tank1","2026-06-04 11:00","4.6"
"Trzic-Tank1","2026-06-04 12:00","4.2"
"Trzic-Tank1","2026-06-04 13:00",4
"Trzic-Tank1","2026-06-04 14:00",4
"Trzic-Tank1","2026-06-04 15:00","3.8"
"Trzic-Tank1","2026-06-04 16:00","3.6"
"Trzic-Tank1","2026-06-04 17:00","3.6"
"Trzic-Tank1","2026-06-04 18:00","3.4"
"Trzic-Tank1","2026-06-04 19:00","3.2"
"Trzic-Tank1","2026-06-04 20:00","3.2"
"Trzic-Tank1","2026-06-04 21:00",3
"Trzic-Tank1","2026-06-04 22:00","3.2"
"Trzic-Tank1","2026-06-04 23:00",3
"Trzic-Tank1","2026-06-05 00:00",3
"Trzic-Tank1","2026-06-05 01:00","2.8"
"Trzic-Tank1","2026-06-05 02:00","2.8"
"Trzic-Tank1","2026-06-05 03:00","2.8"
"Trzic-Tank1","2026-06-05 04:00","2.8"
"Trzic-Tank1","2026-06-05 05:00","2.4"
"Trzic-Tank1","2026-06-05 06:00","2.4"
"Trzic-Tank1","2026-06-05 07:00","2.2"
"Trzic-Tank1","2026-06-05 08:00",2
"Trzic-Tank1","2026-06-05 09:00",2
"Trzic-Tank1","2026-06-05 10:00",2
"Trzic-Tank1","2026-06-05 11:00","1.8"
"Trzic-Tank1","2026-06-05 12:00","1.8"
"Trzic-Tank1","2026-06-05 13:00","1.6"
"Trzic-Tank1","2026-06-05 14:00","1.6"
"Trzic-Tank1","2026-06-05 15:00","1.8"
"Trzic-Tank1","2026-06-05 16:00","1.8"
"Trzic-Tank1","2026-06-05 17:00",2
"Trzic-Tank1","2026-06-05 18:00","7.6"
"Trzic-Tank1","2026-06-05 19:00","10.8"
"Trzic-Tank1","2026-06-05 20:00","13.2"
"Trzic-Tank1","2026-06-05 21:00","13.6"
"Trzic-Tank1","2026-06-05 22:00","13.4"
"Trzic-Tank1","2026-06-05 23:00",13
"Trzic-Tank1","2026-06-06 00:00",13
"Trzic-Tank1","2026-06-06 01:00","11.6"
"Trzic-Tank1","2026-06-06 02:00","11.6"
"Trzic-Tank1","2026-06-06 03:00","11.6"
"Trzic-Tank1","2026-06-06 04:00","11.6"
"Trzic-Tank1","2026-06-06 05:00","8.6"
"Trzic-Tank1","2026-06-06 06:00","7.6"
"Trzic-Tank1","2026-06-06 07:00",7
"Trzic-Tank1","2026-06-06 08:00","6.6"
"Trzic-Tank1","2026-06-06 09:00","6.2"
"Trzic-Tank1","2026-06-06 10:00","6.2"
"Trzic-Tank1","2026-06-06 11:00","5.8"
"Trzic-Tank1","2026-06-06 12:00","5.4"
"Trzic-Tank1","2026-06-06 13:00",5
"Trzic-Tank1","2026-06-06 14:00","4.8"
"Trzic-Tank1","2026-06-06 15:00","4.6"
"Trzic-Tank1","2026-06-06 16:00","4.4"
"Trzic-Tank1","2026-06-06 17:00","4.4"
"Trzic-Tank1","2026-06-06 18:00","4.2"
"Trzic-Tank1","2026-06-06 19:00","3.8"
"Trzic-Tank1","2026-06-06 20:00",4
"Trzic-Tank1","2026-06-06 21:00","3.6"
"Trzic-Tank1","2026-06-06 22:00","3.4"
"Trzic-Tank1","2026-06-06 23:00","3.4"
"Trzic-Tank1","2026-06-07 00:00","3.4"
"Trzic-Tank1","2026-06-07 01:00","3.2"
"Trzic-Tank1","2026-06-07 02:00","3.2"
"Trzic-Tank1","2026-06-07 03:00","3.2"
"Trzic-Tank1","2026-06-07 04:00","3.2"
"Trzic-Tank1","2026-06-07 05:00","2.6"
"Trzic-Tank1","2026-06-07 06:00","2.6"
"Trzic-Tank1","2026-06-07 07:00","2.4"
"Trzic-Tank1","2026-06-07 08:00","2.4"
"Trzic-Tank1","2026-06-07 09:00","2.2"
"Trzic-Tank1","2026-06-07 10:00","2.2"
"Trzic-Tank1","2026-06-07 11:00","2.2"
"Trzic-Tank1","2026-06-07 12:00",2
"Trzic-Tank1","2026-06-07 13:00",2
"Trzic-Tank1","2026-06-07 14:00",2
"Trzic-Tank1","2026-06-07 15:00","1.8"
"Trzic-Tank1","2026-06-07 16:00","1.8"
"Trzic-Tank1","2026-06-07 17:00","1.8"
"Trzic-Tank1","2026-06-07 18:00","1.6"
"Trzic-Tank1","2026-06-07 19:00","1.6"
"Trzic-Tank1","2026-06-07 20:00","1.6"
"Trzic-Tank1","2026-06-07 21:00","1.8"
"Trzic-Tank1","2026-06-07 22:00","1.6"
"Trzic-Tank1","2026-06-07 23:00","1.6"
"Trzic-Tank1","2026-06-08 00:00","1.6"
"Trzic-Tank1","2026-06-08 01:00","1.4"
"Trzic-Tank1","2026-06-08 02:00","1.4"
"Trzic-Tank1","2026-06-08 03:00","1.4"
"Trzic-Tank1","2026-06-08 04:00","1.4"
"Trzic-Tank1","2026-06-08 05:00","1.4"
"Trzic-Tank1","2026-06-08 06:00","1.2"
"Trzic-Tank1","2026-06-08 07:00","1.2"
"Trzic-Tank1","2026-06-08 08:00","1.4"
"Trzic-Tank1","2026-06-08 09:00","1.4"
"Trzic-Tank1","2026-06-08 10:00","1.4"
"Trzic-Tank1","2026-06-08 11:00","1.2"
"Trzic-Tank1","2026-06-08 12:00","1.2"
"Trzic-Tank1","2026-06-08 13:00",1
"Trzic-Tank1","2026-06-08 14:00","1.2"
"Trzic-Tank1","2026-06-08 15:00","1.2"
"Trzic-Tank1","2026-06-08 16:00","1.2"
"Trzic-Tank1","2026-06-08 17:00",1
"Trzic-Tank1","2026-06-08 18:00",1
"Trzic-Tank1","2026-06-08 19:00",1
"Trzic-Tank1","2026-06-08 20:00",1
"Trzic-Tank1","2026-06-08 21:00","0.8"
"Trzic-Tank1","2026-06-08 22:00",1
"Trzic-Tank1","2026-06-08 23:00","0.8"
"Trzic-Tank1","2026-06-09 00:00","0.8"
"Trzic-Tank1","2026-06-09 01:00","0.8"
"Trzic-Tank1","2026-06-09 02:00","0.8"
"Trzic-Tank1","2026-06-09 03:00","0.8"
"Trzic-Tank1","2026-06-09 04:00","0.8"
"Trzic-Tank1","2026-06-09 05:00",1
"Trzic-Tank1","2026-06-09 06:00","0.8"
"Trzic-Tank1","2026-06-09 07:00","0.8"
"Trzic-Tank1","2026-06-09 08:00","0.8"
"Trzic-Tank1","2026-06-09 09:00","0.6"
"Trzic-Tank1","2026-06-09 10:00","0.8"
"Trzic-Tank1","2026-06-09 11:00","0.8"
"Trzic-Tank1","2026-06-09 12:00","0.8"
"Trzic-Tank1","2026-06-09 13:00","0.6"
"Trzic-Tank1","2026-06-09 14:00","0.8"
"Trzic-Tank1","2026-06-09 15:00","0.8"
"Trzic-Tank1","2026-06-09 16:00","0.6"
"Trzic-Tank1","2026-06-09 17:00","0.6"
"Trzic-Tank1","2026-06-09 18:00","0.8"
"Trzic-Tank1","2026-06-09 19:00","0.6"
"Trzic-Tank1","2026-06-09 20:00","0.8"
"Trzic-Tank1","2026-06-09 21:00","0.6"
"Trzic-Tank1","2026-06-09 22:00","0.6"
"Trzic-Tank1","2026-06-09 23:00","0.6"
"Trzic-Tank1","2026-06-10 00:00","0.6"
"Trzic-Tank1","2026-06-10 01:00","0.6"
"Trzic-Tank1","2026-06-10 02:00","0.6"
"Trzic-Tank1","2026-06-10 03:00","0.6"
"Trzic-Tank1","2026-06-10 04:00","0.6"
"Trzic-Tank1","2026-06-10 05:00","0.6"
"Trzic-Tank1","2026-06-10 06:00","0.4"
"Trzic-Tank1","2026-06-10 07:00","0.6"
"Trzic-Tank1","2026-06-10 08:00","0.4"
"Trzic-Tank1","2026-06-10 09:00","0.6"
"Trzic-Tank1","2026-06-10 10:00","0.6"
"Trzic-Tank1","2026-06-10 11:00",1
"Trzic-Tank1","2026-06-10 12:00","2.8"
"Trzic-Tank1","2026-06-10 13:00","17.2"
"Trzic-Tank1","2026-06-10 14:00","17.8"
"Trzic-Tank1","2026-06-10 15:00",18
"Trzic-Tank1","2026-06-10 16:00","17.6"
"Trzic-Tank1","2026-06-10 17:00",17
"Trzic-Tank1","2026-06-10 18:00","17.4"
"Trzic-Tank1","2026-06-10 19:00","16.6"
"Trzic-Tank1","2026-06-10 20:00","15.4"
"Trzic-Tank1","2026-06-10 21:00",20
"Trzic-Tank1","2026-06-10 22:00","36.4"
"Trzic-Tank1","2026-06-10 23:00","46.2"
"Trzic-Tank1","2026-06-11 00:00","46.2"
"Trzic-Tank1","2026-06-11 01:00","45.2"
"Trzic-Tank1","2026-06-11 02:00","45.2"
"Trzic-Tank1","2026-06-11 03:00","45.2"
"Trzic-Tank1","2026-06-11 04:00","45.2"
"Trzic-Tank1","2026-06-11 05:00","36.8"
"Trzic-Tank1","2026-06-11 06:00","34.6"
"Trzic-Tank1","2026-06-11 07:00","32.4"
"Trzic-Tank1","2026-06-11 08:00","30.8"
"Trzic-Tank1","2026-06-11 09:00","28.2"
"Trzic-Tank1","2026-06-11 10:00","26.6"
"Trzic-Tank1","2026-06-11 11:00","25.8"
"Trzic-Tank1","2026-06-11 12:00","25.2"
"Trzic-Tank1","2026-06-11 13:00",23
"Trzic-Tank1","2026-06-11 14:00","21.6"
"Trzic-Tank1","2026-06-11 15:00","22.2"
"Trzic-Tank1","2026-06-11 16:00","22.4"
"Trzic-Tank1","2026-06-11 17:00","21.4"
"Trzic-Tank1","2026-06-11 18:00","23.2"
"Trzic-Tank1","2026-06-11 19:00","23.6"
"Trzic-Tank1","2026-06-11 20:00","24.8"
"Trzic-Tank1","2026-06-11 21:00","24.4"
"Trzic-Tank1","2026-06-11 22:00",24
"Trzic-Tank1","2026-06-11 23:00","23.6"
"Trzic-Tank1","2026-06-12 00:00","23.6"
"Trzic-Tank1","2026-06-12 01:00","24.6"
"Trzic-Tank1","2026-06-12 02:00","24.6"
"Trzic-Tank1","2026-06-12 03:00","24.6"
"Trzic-Tank1","2026-06-12 04:00","24.6"
"Trzic-Tank1","2026-06-12 05:00","28.2"
"Trzic-Tank1","2026-06-12 06:00","26.2"
"Trzic-Tank1","2026-06-12 07:00",27
"Trzic-Tank1","2026-06-12 08:00","27.6"
"Trzic-Tank1","2026-06-12 09:00","27.2"
"Trzic-Tank1","2026-06-12 10:00",26
"Trzic-Tank1","2026-06-12 11:00","25.4"
"Trzic-Tank1","2026-06-12 12:00","23.4"
"Trzic-Tank1","2026-06-12 13:00","21.6"
"Trzic-Tank1","2026-06-12 14:00","19.2"
"Trzic-Tank1","2026-06-12 15:00",17
"Trzic-Tank1","2026-06-12 16:00","15.4"
"Trzic-Tank1","2026-06-12 17:00","13.6"
"Trzic-Tank1","2026-06-12 18:00","13.2"
"Trzic-Tank1","2026-06-12 19:00","9.8"
"Trzic-Tank1","2026-06-12 20:00",9
"Trzic-Tank1","2026-06-12 21:00","8.4"
"Trzic-Tank1","2026-06-12 22:00","5.8"
"Trzic-Tank1","2026-06-12 23:00","4.6"
"Trzic-Tank1","2026-06-13 00:00","4.6"
"Trzic-Tank1","2026-06-13 01:00","2.4"
"Trzic-Tank1","2026-06-13 02:00","2.4"
"Trzic-Tank1","2026-06-13 03:00","2.4"
"Trzic-Tank1","2026-06-13 04:00","2.4"
"Trzic-Tank1","2026-06-13 05:00",2
"Trzic-Tank1","2026-06-13 06:00",2
"Trzic-Tank1","2026-06-13 07:00","1.8"
"Trzic-Tank1","2026-06-13 08:00","1.8"
"Trzic-Tank1","2026-06-13 09:00","1.8"
"Trzic-Tank1","2026-06-13 10:00","1.6"
"Trzic-Tank1","2026-06-13 11:00","1.6"
"Trzic-Tank1","2026-06-13 12:00","1.6"
"Trzic-Tank1","2026-06-13 13:00","1.6"
"Trzic-Tank1","2026-06-13 14:00","1.4"
"Trzic-Tank1","2026-06-13 15:00","1.4"
"Trzic-Tank1","2026-06-13 16:00","1.4"
"Trzic-Tank1","2026-06-13 17:00","1.4"
"Trzic-Tank1","2026-06-13 18:00","1.4"
"Trzic-Tank1","2026-06-13 19:00","1.4"
"Trzic-Tank1","2026-06-13 20:00","1.2"
"Trzic-Tank1","2026-06-13 21:00","1.2"
"Trzic-Tank1","2026-06-13 22:00","1.2"
"Trzic-Tank1","2026-06-13 23:00","1.2"
"Trzic-Tank1","2026-06-14 00:00","1.2"
"Trzic-Tank1","2026-06-14 01:00","1.2"
"Trzic-Tank1","2026-06-14 02:00","1.2"
"Trzic-Tank1","2026-06-14 03:00","1.2"
"Trzic-Tank1","2026-06-14 04:00","1.2"
"Trzic-Tank1","2026-06-14 05:00",1
"Trzic-Tank1","2026-06-14 06:00",1
"Trzic-Tank1","2026-06-14 07:00",1
"Trzic-Tank1","2026-06-14 08:00",1
"Trzic-Tank1","2026-06-14 09:00",1
"Trzic-Tank1","2026-06-14 10:00",1
"Trzic-Tank1","2026-06-14 11:00",1
"Trzic-Tank1","2026-06-14 12:00",1
"Trzic-Tank1","2026-06-14 13:00","0.8"
"Trzic-Tank1","2026-06-14 14:00",1
"Trzic-Tank1","2026-06-14 15:00","0.8"
"Trzic-Tank1","2026-06-14 16:00","0.8"
"Trzic-Tank1","2026-06-14 17:00","0.8"
"Trzic-Tank1","2026-06-14 18:00","0.8"
"Trzic-Tank1","2026-06-14 19:00","0.8"
"Trzic-Tank1","2026-06-14 20:00","0.8"
"Trzic-Tank1","2026-06-14 21:00","0.8"
"Trzic-Tank1","2026-06-14 22:00","0.8"
"Trzic-Tank1","2026-06-14 23:00","0.8"
"Trzic-Tank1","2026-06-15 00:00","0.8"
"Trzic-Tank1","2026-06-15 01:00","0.6"
"Trzic-Tank1","2026-06-15 02:00","0.6"
"Trzic-Tank1","2026-06-15 03:00","0.6"
"Trzic-Tank1","2026-06-15 04:00","0.6"
"Trzic-Tank1","2026-06-15 05:00","0.6"
"Trzic-Tank1","2026-06-15 06:00","0.6"
"Trzic-Tank1","2026-06-15 07:00","0.6"
"Trzic-Tank1","2026-06-15 08:00","0.6"
"Trzic-Tank1","2026-06-15 09:00","0.6"
"Trzic-Tank1","2026-06-15 10:00","0.6"
"Trzic-Tank1","2026-06-15 11:00","0.6"
"Trzic-Tank1","2026-06-15 12:00","0.6"
"Trzic-Tank1","2026-06-15 13:00","0.6"
"Trzic-Tank1","2026-06-15 14:00","0.6"
"Trzic-Tank1","2026-06-15 15:00","0.6"
"Trzic-Tank1","2026-06-15 16:00","0.6"
"Trzic-Tank1","2026-06-15 17:00","0.4"
"Trzic-Tank1","2026-06-15 18:00","0.6"
"Trzic-Tank1","2026-06-15 19:00","0.6"
"Trzic-Tank1","2026-06-15 20:00","0.6"
"Trzic-Tank1","2026-06-15 21:00","0.6"
"Trzic-Tank1","2026-06-15 22:00","0.4"
"Trzic-Tank1","2026-06-15 23:00","0.4"
"Trzic-Tank1","2026-06-16 00:00","0.4"
"Trzic-Tank1","2026-06-16 01:00","0.4"
"Trzic-Tank1","2026-06-16 02:00","0.4"
"Trzic-Tank1","2026-06-16 03:00","0.4"
"Trzic-Tank1","2026-06-16 04:00","0.4"
"Trzic-Tank1","2026-06-16 05:00","0.4"
"Trzic-Tank1","2026-06-16 06:00","0.4"
"Trzic-Tank1","2026-06-16 07:00","0.4"
"Trzic-Tank1","2026-06-16 08:00","0.4"
"Trzic-Tank1","2026-06-16 09:00","0.4"
"Trzic-Tank1","2026-06-16 10:00","0.4"
"Trzic-Tank1","2026-06-16 11:00","0.2"
"Trzic-Tank1","2026-06-16 12:00","0.2"
"Trzic-Tank1","2026-06-16 13:00","0.4"
"Trzic-Tank1","2026-06-16 14:00","0.4"
"Trzic-Tank1","2026-06-16 15:00","0.2"
"Trzic-Tank1","2026-06-16 16:00","0.2"
"Trzic-Tank1","2026-06-16 17:00","0.2"
"Trzic-Tank1","2026-06-16 18:00","0.2"
"Trzic-Tank1","2026-06-16 19:00","0.2"
"Trzic-Tank1","2026-06-16 20:00","0.4"
"Trzic-Tank1","2026-06-16 21:00","0.4"
"Trzic-Tank1","2026-06-16 22:00","0.2"
"Trzic-Tank1","2026-06-16 23:00","0.4"
"Trzic-Tank1","2026-06-17 00:00","0.4"
"Trzic-Tank1","2026-06-17 01:00","0.4"
"Trzic-Tank1","2026-06-17 02:00","0.4"
"Trzic-Tank1","2026-06-17 03:00","0.4"
"Trzic-Tank1","2026-06-17 04:00","0.4"
"Trzic-Tank1","2026-06-17 05:00","0.2"
"Trzic-Tank1","2026-06-17 06:00","0.2"
"Trzic-Tank1","2026-06-17 07:00","0.4"
"Trzic-Tank1","2026-06-17 08:00","0.4"
"Trzic-Tank1","2026-06-17 09:00","0.2"
"Trzic-Tank1","2026-06-17 10:00","0.2"
"Trzic-Tank1","2026-06-17 11:00","0.4"
"Trzic-Tank1","2026-06-17 12:00","0.2"
"Trzic-Tank1","2026-06-17 13:00","0.4"
"Trzic-Tank1","2026-06-17 14:00","0.2"
"Trzic-Tank1","2026-06-17 15:00","0.2"
"Trzic-Tank1","2026-06-17 16:00","0.2"
"Trzic-Tank1","2026-06-17 17:00","0.2"
"Trzic-Tank1","2026-06-17 18:00","0.2"
"Trzic-Tank1","2026-06-17 19:00","0.2"
"Trzic-Tank1","2026-06-17 20:00","0.4"
"Trzic-Tank1","2026-06-17 21:00","0.4"
"Trzic-Tank1","2026-06-17 22:00","0.2"
"Trzic-Tank1","2026-06-17 23:00","0.2"
"Trzic-Tank1","2026-06-18 00:00","0.2"
"Trzic-Tank1","2026-06-18 01:00","0.2"
"Trzic-Tank1","2026-06-18 02:00","0.2"
"Trzic-Tank1","2026-06-18 03:00","0.2"
"Trzic-Tank1","2026-06-18 04:00","0.2"
"Trzic-Tank1","2026-06-18 05:00","0.2"
"Trzic-Tank1","2026-06-18 06:00","0.2"
"Trzic-Tank1","2026-06-18 07:00","0.2"
"Trzic-Tank1","2026-06-18 08:00","0.2"
"Trzic-Tank1","2026-06-18 09:00","0.2"
"Trzic-Tank1","2026-06-18 10:00","0.2"
"Trzic-Tank1","2026-06-18 11:00","0.2"
"Trzic-Tank1","2026-06-18 12:00","0.2"
"Trzic-Tank1","2026-06-18 13:00","0.2"
"Trzic-Tank1","2026-06-18 14:00","0.2"
"Trzic-Tank1","2026-06-18 15:00","0.2"
"Trzic-Tank1","2026-06-18 16:00","0.2"
"Trzic-Tank1","2026-06-18 17:00","0.2"
"Trzic-Tank1","2026-06-18 18:00","0.2"
"Trzic-Tank1","2026-06-18 19:00","0.2"
"Trzic-Tank1","2026-06-18 20:00","0.2"
"Trzic-Tank1","2026-06-18 21:00",0
"Trzic-Tank1","2026-06-18 22:00","0.2"
"Trzic-Tank1","2026-06-18 23:00","0.2"
"Trzic-Tank1","2026-06-19 00:00","0.2"
"Trzic-Tank1","2026-06-19 01:00","0.2"
"Trzic-Tank1","2026-06-19 02:00","0.2"
"Trzic-Tank1","2026-06-19 03:00","0.2"
"Trzic-Tank1","2026-06-19 04:00","0.2"
"Trzic-Tank1","2026-06-19 05:00","0.2"
"Trzic-Tank1","2026-06-19 06:00","0.2"
"Trzic-Tank1","2026-06-19 07:00","0.2"
"Trzic-Tank1","2026-06-19 08:00","0.2"
"Trzic-Tank1","2026-06-19 09:00","0.2"
"Trzic-Tank1","2026-06-19 10:00","0.2"
"Trzic-Tank1","2026-06-19 11:00","0.2"
"Trzic-Tank1","2026-06-19 12:00","0.2"
"Trzic-Tank1","2026-06-19 13:00","0.2"
"Trzic-Tank1","2026-06-19 14:00","0.2"
"Trzic-Tank1","2026-06-19 15:00","0.2"
"Trzic-Tank1","2026-06-19 16:00","0.2"
"Trzic-Tank1","2026-06-19 17:00","0.2"
"Trzic-Tank1","2026-06-19 18:00","0.2"
"Trzic-Tank1","2026-06-19 19:00","0.2"
"Trzic-Tank1","2026-06-19 20:00","0.2"
"Trzic-Tank1","2026-06-19 21:00","0.2"
"Trzic-Tank1","2026-06-19 22:00","0.2"
"Trzic-Tank1","2026-06-19 23:00","0.2"
"Trzic-Tank1","2026-06-20 00:00","0.2"
"Trzic-Tank1","2026-06-20 01:00",0
"Trzic-Tank1","2026-06-20 02:00",0
"Trzic-Tank1","2026-06-20 03:00",0
"Trzic-Tank1","2026-06-20 04:00",0
"Trzic-Tank1","2026-06-20 05:00","0.2"
"Trzic-Tank1","2026-06-20 06:00","0.2"
"Trzic-Tank1","2026-06-20 07:00","0.2"
"Trzic-Tank1","2026-06-20 08:00","0.2"
"Trzic-Tank1","2026-06-20 09:00","0.2"
"Trzic-Tank1","2026-06-20 10:00","0.2"
"Trzic-Tank1","2026-06-20 11:00","0.2"
"Trzic-Tank1","2026-06-20 12:00","0.2"
"Trzic-Tank1","2026-06-20 13:00","0.2"
"Trzic-Tank1","2026-06-20 14:00",0
"Trzic-Tank1","2026-06-20 15:00","0.2"
"Trzic-Tank1","2026-06-20 16:00","0.2"
"Trzic-Tank1","2026-06-20 17:00","0.2"
"Trzic-Tank1","2026-06-20 18:00",0
"Trzic-Tank1","2026-06-20 19:00","0.2"
"Trzic-Tank1","2026-06-20 20:00","3.2"
"Trzic-Tank1","2026-06-20 21:00","7.6"
"Trzic-Tank1","2026-06-20 22:00","7.6"
"Trzic-Tank1","2026-06-20 23:00","6.6"
"Trzic-Tank1","2026-06-21 00:00","6.6"
"Trzic-Tank1","2026-06-21 01:00","6.4"
"Trzic-Tank1","2026-06-21 02:00","6.4"
"Trzic-Tank1","2026-06-21 03:00","6.4"
"Trzic-Tank1","2026-06-21 04:00","6.4"
"Trzic-Tank1","2026-06-21 05:00","7.4"
"Trzic-Tank1","2026-06-21 06:00","7.6"
"Trzic-Tank1","2026-06-21 07:00",8
"Trzic-Tank1","2026-06-21 08:00","8.6"
"Trzic-Tank1","2026-06-21 09:00","8.6"
"Trzic-Tank1","2026-06-21 10:00",9
"Trzic-Tank1","2026-06-21 11:00",10
"Trzic-Tank1","2026-06-21 12:00","10.6"
"Trzic-Tank1","2026-06-21 13:00","11.6"
"Trzic-Tank1","2026-06-21 14:00","12.2"
"Trzic-Tank1","2026-06-21 15:00","11.8"
"Trzic-Tank1","2026-06-21 16:00","12.2"
"Trzic-Tank1","2026-06-21 17:00","12.6"
"Trzic-Tank1","2026-06-21 18:00","12.6"
"Trzic-Tank1","2026-06-21 19:00","14.2"
"Trzic-Tank1","2026-06-21 20:00",15
"Trzic-Tank1","2026-06-21 21:00","14.6"
"Trzic-Tank1","2026-06-21 22:00","15.8"
"Trzic-Tank1","2026-06-21 23:00","16.6"
"Trzic-Tank1","2026-06-22 00:00","16.6"
"Trzic-Tank1","2026-06-22 01:00","18.2"
"Trzic-Tank1","2026-06-22 02:00","18.2"
"Trzic-Tank1","2026-06-22 03:00","18.2"
"Trzic-Tank1","2026-06-22 04:00","18.2"
"Trzic-Tank1","2026-06-22 05:00","19.6"
"Trzic-Tank1","2026-06-22 06:00","19.8"
"Trzic-Tank1","2026-06-22 07:00","18.8"
"Trzic-Tank1","2026-06-22 08:00","19.8"
"Trzic-Tank1","2026-06-22 09:00","18.4"
"Trzic-Tank1","2026-06-22 10:00","19.2"
"Trzic-Tank1","2026-06-22 11:00","19.6"
"Trzic-Tank1","2026-06-22 12:00","20.6"
"Trzic-Tank1","2026-06-22 13:00","20.6"
"Trzic-Tank1","2026-06-22 14:00","21.8"
"Trzic-Tank1","2026-06-22 15:00","21.4"
"Trzic-Tank1","2026-06-22 16:00",21
"Trzic-Tank1","2026-06-22 17:00","21.2"
"Trzic-Tank1","2026-06-22 18:00","20.8"
"Trzic-Tank1","2026-06-22 19:00","20.8"
"Trzic-Tank1","2026-06-22 20:00","19.8"
"Trzic-Tank1","2026-06-22 21:00","19.6"
"Trzic-Tank1","2026-06-22 22:00",19
"Trzic-Tank1","2026-06-22 23:00","16.8"
"Trzic-Tank1","2026-06-23 00:00","16.8"
"Trzic-Tank1","2026-06-23 01:00",14
"Trzic-Tank1","2026-06-23 02:00",14
"Trzic-Tank1","2026-06-23 03:00",14
"Trzic-Tank1","2026-06-23 04:00",14
"Trzic-Tank1","2026-06-23 05:00","8.6"
"Trzic-Tank1","2026-06-23 06:00",8
"Trzic-Tank1","2026-06-23 07:00",6
"Trzic-Tank1","2026-06-23 08:00","5.8"
"Trzic-Tank1","2026-06-23 09:00","4.6"
"Trzic-Tank1","2026-06-23 10:00","3.8"
"Trzic-Tank1","2026-06-23 11:00",3
"Trzic-Tank1","2026-06-23 12:00","2.2"
"Trzic-Tank1","2026-06-23 13:00","1.8"
"Trzic-Tank1","2026-06-23 14:00","1.6"
"Trzic-Tank1","2026-06-23 15:00","1.6"
"Trzic-Tank1","2026-06-23 16:00","1.4"
"Trzic-Tank1","2026-06-23 17:00","1.4"
"Trzic-Tank1","2026-06-23 18:00","1.4"
"Trzic-Tank1","2026-06-23 19:00","1.2"
"Trzic-Tank1","2026-06-23 20:00","1.2"
"Trzic-Tank1","2026-06-23 21:00","1.2"
"Trzic-Tank1","2026-06-23 22:00","1.2"
"Trzic-Tank1","2026-06-23 23:00",1
"Trzic-Tank1","2026-06-24 00:00",1
"Trzic-Tank1","2026-06-24 01:00",1
"Trzic-Tank1","2026-06-24 02:00",1
"Trzic-Tank1","2026-06-24 03:00",1
"Trzic-Tank1","2026-06-24 04:00",1
"Trzic-Tank1","2026-06-24 05:00",1
"Trzic-Tank1","2026-06-24 06:00","0.8"
"Trzic-Tank1","2026-06-24 07:00","0.8"
"Trzic-Tank1","2026-06-24 08:00","0.8"
"Trzic-Tank1","2026-06-24 09:00","0.8"
"Trzic-Tank1","2026-06-24 10:00","0.8"
"Trzic-Tank1","2026-06-24 11:00","0.8"
"Trzic-Tank1","2026-06-24 12:00","0.8"
"Trzic-Tank1","2026-06-24 13:00","0.8"
"Trzic-Tank1","2026-06-24 14:00","0.8"
"Trzic-Tank1","2026-06-24 15:00","0.8"
"Trzic-Tank1","2026-06-24 16:00","0.6"
"Trzic-Tank1","2026-06-24 17:00","0.6"
"Trzic-Tank1","2026-06-24 18:00","0.6"
"Trzic-Tank1","2026-06-24 19:00","0.8"
"Trzic-Tank1","2026-06-24 20:00","0.8"
"Trzic-Tank1","2026-06-24 21:00","0.8"
"Trzic-Tank1","2026-06-24 22:00","0.6"
"Trzic-Tank1","2026-06-24 23:00","0.6"
"Trzic-Tank1","2026-06-25 00:00","0.6"
"Trzic-Tank1","2026-06-25 01:00","0.4"
"Trzic-Tank1","2026-06-25 02:00","0.4"
"Trzic-Tank1","2026-06-25 03:00","0.4"
"Trzic-Tank1","2026-06-25 04:00","0.4"
"Trzic-Tank1","2026-06-25 05:00","0.4"
"Trzic-Tank1","2026-06-25 06:00","0.6"
"Trzic-Tank1","2026-06-25 07:00","0.6"
"Trzic-Tank1","2026-06-25 08:00","0.4"
"Trzic-Tank1","2026-06-25 09:00","0.6"
"Trzic-Tank1","2026-06-25 10:00","0.6"
"Trzic-Tank1","2026-06-25 11:00","0.4"
"Trzic-Tank1","2026-06-25 12:00","0.6"
"Trzic-Tank1","2026-06-25 13:00","0.6"
"Trzic-Tank1","2026-06-25 14:00","0.6"
"Trzic-Tank1","2026-06-25 15:00","0.6"
"Trzic-Tank1","2026-06-25 16:00","0.4"
"Trzic-Tank1","2026-06-25 17:00","0.6"
"Trzic-Tank1","2026-06-25 18:00","0.4"
"Trzic-Tank1","2026-06-25 19:00","0.4"
"Trzic-Tank1","2026-06-25 20:00","0.4"
"Trzic-Tank1","2026-06-25 21:00","0.4"
"Trzic-Tank1","2026-06-25 22:00","0.4"
"Trzic-Tank1","2026-06-25 23:00","0.4"
"Trzic-Tank1","2026-06-26 00:00","0.4"
"Trzic-Tank1","2026-06-26 01:00","0.4"
"Trzic-Tank1","2026-06-26 02:00","0.4"
"Trzic-Tank1","2026-06-26 03:00","0.4"
"Trzic-Tank1","2026-06-26 04:00","0.4"
"Trzic-Tank1","2026-06-26 05:00","0.4"
"Trzic-Tank1","2026-06-26 06:00","0.4"
"Trzic-Tank1","2026-06-26 07:00","0.4"
"Trzic-Tank1","2026-06-26 08:00","0.2"
"Trzic-Tank1","2026-06-26 09:00","0.2"
"Trzic-Tank1","2026-06-26 10:00","0.2"
"Trzic-Tank1","2026-06-26 11:00","0.4"
"Trzic-Tank1","2026-06-26 12:00","0.4"
"Trzic-Tank1","2026-06-26 13:00","0.4"
"Trzic-Tank1","2026-06-26 14:00","0.2"
"Trzic-Tank1","2026-06-26 15:00","0.4"
"Trzic-Tank1","2026-06-26 16:00","0.4"
"Trzic-Tank1","2026-06-26 17:00","0.4"
"Trzic-Tank1","2026-06-26 18:00","0.4"
"Trzic-Tank1","2026-06-26 19:00","0.4"
"Trzic-Tank1","2026-06-26 20:00","0.4"
"Trzic-Tank1","2026-06-26 21:00","0.4"
"Trzic-Tank1","2026-06-26 22:00","0.4"
"Trzic-Tank1","2026-06-26 23:00","0.2"
"Trzic-Tank1","2026-06-27 00:00","0.2"
"Trzic-Tank1","2026-06-27 01:00","0.4"
"Trzic-Tank1","2026-06-27 02:00","0.4"
"Trzic-Tank1","2026-06-27 03:00","0.4"
"Trzic-Tank1","2026-06-27 04:00","0.4"
"Trzic-Tank1","2026-06-27 05:00","0.4"
"Trzic-Tank1","2026-06-27 06:00","0.4"
"Trzic-Tank1","2026-06-27 07:00","0.4"
"Trzic-Tank1","2026-06-27 08:00","0.4"
"Trzic-Tank1","2026-06-27 09:00","0.4"
"Trzic-Tank1","2026-06-27 10:00","0.2"
"Trzic-Tank1","2026-06-27 11:00","0.4"
"Trzic-Tank1","2026-06-27 12:00","0.4"
"Trzic-Tank1","2026-06-27 13:00","0.2"
"Trzic-Tank1","2026-06-27 14:00","0.2"
"Trzic-Tank1","2026-06-27 15:00","0.4"
"Trzic-Tank1","2026-06-27 16:00","0.2"
"Trzic-Tank1","2026-06-27 17:00","0.2"
"Trzic-Tank1","2026-06-27 18:00","0.2"
"Trzic-Tank1","2026-06-27 19:00","0.2"
"Trzic-Tank1","2026-06-27 20:00","0.2"
"Trzic-Tank1","2026-06-27 21:00","0.2"
"Trzic-Tank1","2026-06-27 22:00","0.2"
"Trzic-Tank1","2026-06-27 23:00","0.2"
"Trzic-Tank1","2026-06-28 00:00","0.2"
"Trzic-Tank1","2026-06-28 01:00","0.2"
"Trzic-Tank1","2026-06-28 02:00","0.2"
"Trzic-Tank1","2026-06-28 03:00","0.2"
"Trzic-Tank1","2026-06-28 04:00","0.2"
"Trzic-Tank1","2026-06-28 05:00","0.4"
"Trzic-Tank1","2026-06-28 06:00","0.2"
"Trzic-Tank1","2026-06-28 07:00","0.2"
"Trzic-Tank1","2026-06-28 08:00","0.2"
"Trzic-Tank1","2026-06-28 09:00","0.2"
"Trzic-Tank1","2026-06-28 10:00","0.2"
"Trzic-Tank1","2026-06-28 11:00","0.2"
"Trzic-Tank1","2026-06-28 12:00","0.2"
"Trzic-Tank1","2026-06-28 13:00","0.2"
"Trzic-Tank1","2026-06-28 14:00","0.2"
"Trzic-Tank1","2026-06-28 15:00","0.2"
"Trzic-Tank1","2026-06-28 16:00",0
"Trzic-Tank1","2026-06-28 17:00","0.2"
"Trzic-Tank1","2026-06-28 18:00","0.2"
"Trzic-Tank1","2026-06-28 19:00","0.2"
"Trzic-Tank1","2026-06-28 20:00","0.2"
"Trzic-Tank1","2026-06-28 21:00","0.2"
"Trzic-Tank1","2026-06-28 22:00","0.2"
"Trzic-Tank1","2026-06-28 23:00","0.2"
"Trzic-Tank1","2026-06-29 00:00","0.2"
"Trzic-Tank1","2026-06-29 01:00","0.2"
"Trzic-Tank1","2026-06-29 02:00","0.2"
"Trzic-Tank1","2026-06-29 03:00","0.2"
"Trzic-Tank1","2026-06-29 04:00","0.2"
"Trzic-Tank1","2026-06-29 05:00","0.2"
"Trzic-Tank1","2026-06-29 06:00","0.2"
"Trzic-Tank1","2026-06-29 07:00","0.2"
"Trzic-Tank1","2026-06-29 08:00","0.2"
"Trzic-Tank1","2026-06-29 09:00","0.2"
"Trzic-Tank1","2026-06-29 10:00",0
"Trzic-Tank1","2026-06-29 11:00","0.2"
"Trzic-Tank1","2026-06-29 12:00","0.2"
"Trzic-Tank1","2026-06-29 13:00","0.2"
"Trzic-Tank1","2026-06-29 14:00",0
"Trzic-Tank1","2026-06-29 15:00","0.2"
"Trzic-Tank1","2026-06-29 16:00","0.2"
"Trzic-Tank1","2026-06-29 17:00","0.2"
"Trzic-Tank1","2026-06-29 18:00","0.2"
"Trzic-Tank1","2026-06-29 19:00",0
"Trzic-Tank1","2026-06-29 20:00","0.2"
"Trzic-Tank1","2026-06-29 21:00","0.2"
"Trzic-Tank1","2026-06-29 22:00","0.2"
"Trzic-Tank1","2026-06-29 23:00","0.2"
"Trzic-Tank1","2026-06-30 00:00","0.2"
"Trzic-Tank1","2026-06-30 01:00","0.2"
"Trzic-Tank1","2026-06-30 02:00","0.2"
"Trzic-Tank1","2026-06-30 03:00","0.2"
"Trzic-Tank1","2026-06-30 04:00","0.2"
"Trzic-Tank1","2026-06-30 05:00","0.2"
"Trzic-Tank1","2026-06-30 06:00",0
"Trzic-Tank1","2026-06-30 07:00","0.2"
"Trzic-Tank1","2026-06-30 08:00","0.2"
"Trzic-Tank1","2026-06-30 09:00","0.2"
"Trzic-Tank1","2026-06-30 10:00","0.2"
"Trzic-Tank1","2026-06-30 11:00","0.2"
"Trzic-Tank1","2026-06-30 12:00","0.2"
"Trzic-Tank1","2026-06-30 13:00","0.2"
"Trzic-Tank1","2026-06-30 14:00","0.2"
"Trzic-Tank1","2026-06-30 15:00","0.2"
"Trzic-Tank1","2026-06-30 16:00","0.2"
"Trzic-Tank1","2026-06-30 17:00",0
"Trzic-Tank1","2026-06-30 18:00",0
"Trzic-Tank1","2026-06-30 19:00","0.2"
"Trzic-Tank1","2026-06-30 20:00","0.2"
"Trzic-Tank1","2026-06-30 21:00","0.2"
"Trzic-Tank1","2026-06-30 22:00","0.2"
"Trzic-Tank1","2026-06-30 23:00",
"Trzic-Tank1","2026-07-01 00:00",
"Trzic-Tank1","2026-07-01 01:00",
"Trzic-Tank1","2026-07-01 02:00",
"Trzic-Tank1","2026-07-01 03:00",
"Trzic-Tank1","2026-07-01 04:00",
"Trzic-Tank1","2026-07-01 05:00",
"Trzic-Tank1","2026-07-01 06:00",
"Trzic-Tank1","2026-07-01 07:00",
"Trzic-Tank1","2026-07-01 08:00",
"Trzic-Tank1","2026-07-01 09:00","0.2"
"Trzic-Tank1","2026-07-01 10:00",0
"Trzic-Tank1","2026-07-01 11:00","0.2"
"Trzic-Tank1","2026-07-01 12:00","0.2"
"Trzic-Tank1","2026-07-01 13:00","0.2"
"Trzic-Tank1","2026-07-01 14:00","0.2"
"Trzic-Tank1","2026-07-01 15:00","0.2"
"Trzic-Tank1","2026-07-01 16:00","0.2"
"Trzic-Tank1","2026-07-01 17:00","0.2"
"Trzic-Tank1","2026-07-01 18:00",0
"Trzic-Tank1","2026-07-01 19:00","0.2"
"Trzic-Tank1","2026-07-01 20:00","0.2"
"Trzic-Tank1","2026-07-01 21:00","0.2"
"Trzic-Tank1","2026-07-01 22:00","0.2"
"Trzic-Tank1","2026-07-01 23:00","0.2"
"Trzic-Tank1","2026-07-02 00:00","0.2"
"Trzic-Tank1","2026-07-02 01:00","0.2"
"Trzic-Tank1","2026-07-02 02:00","0.2"
"Trzic-Tank1","2026-07-02 03:00","0.2"
"Trzic-Tank1","2026-07-02 04:00","0.2"
"Trzic-Tank1","2026-07-02 05:00",0
"Trzic-Tank1","2026-07-02 06:00","0.2"
"Trzic-Tank1","2026-07-02 07:00","0.2"
"Trzic-Tank1","2026-07-02 08:00","0.2"
"Trzic-Tank1","2026-07-02 09:00","0.2"
"Trzic-Tank1","2026-07-02 10:00","0.2"
"Trzic-Tank1","2026-07-02 11:00","0.2"
"Trzic-Tank1","2026-07-02 12:00","0.2"
"Trzic-Tank1","2026-07-02 13:00","0.2"
"Trzic-Tank1","2026-07-02 14:00","0.2"
"Trzic-Tank1","2026-07-02 15:00","0.2"
"Trzic-Tank1","2026-07-02 16:00","0.2"
"Trzic-Tank1","2026-07-02 17:00","0.2"
"Trzic-Tank1","2026-07-02 18:00",0
"Trzic-Tank1","2026-07-02 19:00","0.2"
"Trzic-Tank1","2026-07-02 20:00",0
"Trzic-Tank1","2026-07-02 21:00","0.2"
"Trzic-Tank1","2026-07-02 22:00","0.2"
"Trzic-Tank1","2026-07-02 23:00",0
"Trzic-Tank1","2026-07-03 00:00",0
"Trzic-Tank1","2026-07-03 01:00",0
"Trzic-Tank1","2026-07-03 02:00",0
"Trzic-Tank1","2026-07-03 03:00",0
"Trzic-Tank1","2026-07-03 04:00",0
"Trzic-Tank1","2026-07-03 05:00","0.2"
"Trzic-Tank1","2026-07-03 06:00",0
"Trzic-Tank1","2026-07-03 07:00","0.2"
"Trzic-Tank1","2026-07-03 08:00",0
"Trzic-Tank1","2026-07-03 09:00",0
"Trzic-Tank1","2026-07-03 10:00","0.2"
"Trzic-Tank1","2026-07-03 11:00","0.2"
"Trzic-Tank1","2026-07-03 12:00",0
"Trzic-Tank1","2026-07-03 13:00","0.2"
"Trzic-Tank1","2026-07-03 14:00","0.2"
"Trzic-Tank1","2026-07-03 15:00","0.2"
"Trzic-Tank1","2026-07-03 16:00",0
"Trzic-Tank1","2026-07-03 17:00",0
"Trzic-Tank1","2026-07-03 18:00",0
"Trzic-Tank1","2026-07-03 19:00","0.2"
"Trzic-Tank1","2026-07-03 20:00","0.2"
"Trzic-Tank1","2026-07-03 21:00","0.2"
"Trzic-Tank1","2026-07-03 22:00","0.2"
"Trzic-Tank1","2026-07-03 23:00",0
"Trzic-Tank1","2026-07-04 00:00",0
"Trzic-Tank1","2026-07-04 01:00",0
"Trzic-Tank1","2026-07-04 02:00",0
"Trzic-Tank1","2026-07-04 03:00",0
"Trzic-Tank1","2026-07-04 04:00",0
"Trzic-Tank1","2026-07-04 05:00","0.2"
"Trzic-Tank1","2026-07-04 06:00","0.2"
"Trzic-Tank1","2026-07-04 07:00",0
"Trzic-Tank1","2026-07-04 08:00","0.2"
"Trzic-Tank1","2026-07-04 09:00","0.2"
"Trzic-Tank1","2026-07-04 10:00",0
"Trzic-Tank1","2026-07-04 11:00","0.2"
"Trzic-Tank1","2026-07-04 12:00",0
"Trzic-Tank1","2026-07-04 13:00",0
"Trzic-Tank1","2026-07-04 14:00",0
"Trzic-Tank1","2026-07-04 15:00",0
"Trzic-Tank1","2026-07-04 16:00","0.2"
"Trzic-Tank1","2026-07-04 17:00","0.2"
"Trzic-Tank1","2026-07-04 18:00",0
"Trzic-Tank1","2026-07-04 19:00",0
"Trzic-Tank1","2026-07-04 20:00","0.2"
"Trzic-Tank1","2026-07-04 21:00",0
"Trzic-Tank1","2026-07-04 22:00",0
"Trzic-Tank1","2026-07-04 23:00","0.2"
"Trzic-Tank1","2026-07-05 00:00","0.2"
"Trzic-Tank1","2026-07-05 01:00","0.2"
"Trzic-Tank1","2026-07-05 02:00","0.2"
"Trzic-Tank1","2026-07-05 03:00","0.2"
"Trzic-Tank1","2026-07-05 04:00","0.2"
"Trzic-Tank1","2026-07-05 05:00",0
"Trzic-Tank1","2026-07-05 06:00",0
"Trzic-Tank1","2026-07-05 07:00",0
"Trzic-Tank1","2026-07-05 08:00","0.2"
"Trzic-Tank1","2026-07-05 09:00",0
"Trzic-Tank1","2026-07-05 10:00","0.2"
"Trzic-Tank1","2026-07-05 11:00",0
"Trzic-Tank1","2026-07-05 12:00",0
"Trzic-Tank1","2026-07-05 13:00",0
"Trzic-Tank1","2026-07-05 14:00",0
"Trzic-Tank1","2026-07-05 15:00","0.2"
"Trzic-Tank1","2026-07-05 16:00","0.2"
"Trzic-Tank1","2026-07-05 17:00",0
"Trzic-Tank1","2026-07-05 18:00","0.2"
"Trzic-Tank1","2026-07-05 19:00",0
"Trzic-Tank1","2026-07-05 20:00",0
"Trzic-Tank1","2026-07-05 21:00",0
"Trzic-Tank1","2026-07-05 22:00","0.2"
"Trzic-Tank1","2026-07-05 23:00","0.2"
"Trzic-Tank1","2026-07-06 00:00","0.2"
"Trzic-Tank1","2026-07-06 01:00",0
"Trzic-Tank1","2026-07-06 02:00",0
"Trzic-Tank1","2026-07-06 03:00",0
"Trzic-Tank1","2026-07-06 04:00",0
"Trzic-Tank1","2026-07-06 05:00",0
"Trzic-Tank1","2026-07-06 06:00",0
"Trzic-Tank1","2026-07-06 07:00","0.2"
"Trzic-Tank1","2026-07-06 08:00","0.2"
"Trzic-Tank1","2026-07-06 09:00",0
"Trzic-Tank1","2026-07-06 10:00","0.2"
"Trzic-Tank1","2026-07-06 11:00","0.2"
"Trzic-Tank1","2026-07-06 12:00","0.2"
"Trzic-Tank1","2026-07-06 13:00",0
"Trzic-Tank1","2026-07-06 14:00",0
"Trzic-Tank1","2026-07-06 15:00","0.2"
"Trzic-Tank1","2026-07-06 16:00","0.2"
"Trzic-Tank1","2026-07-06 17:00","0.2"
"Trzic-Tank1","2026-07-06 18:00",0
"Trzic-Tank1","2026-07-06 19:00",0
"Trzic-Tank1","2026-07-06 20:00",0
"Trzic-Tank1","2026-07-06 21:00",0
"Trzic-Tank1","2026-07-06 22:00",0
"Trzic-Tank1","2026-07-06 23:00",0
"Trzic-Tank1","2026-07-07 00:00",0
"Trzic-Tank1","2026-07-07 01:00","0.2"
"Trzic-Tank1","2026-07-07 02:00","0.2"
"Trzic-Tank1","2026-07-07 03:00","0.2"
"Trzic-Tank1","2026-07-07 04:00","0.2"
"Trzic-Tank1","2026-07-07 05:00","0.2"
"Trzic-Tank1","2026-07-07 06:00",0
"Trzic-Tank1","2026-07-07 07:00",0
"Trzic-Tank1","2026-07-07 08:00","0.2"
"Trzic-Tank1","2026-07-07 09:00",0
"Trzic-Tank1","2026-07-07 10:00",0
"Trzic-Tank1","2026-07-07 11:00",0
"Trzic-Tank1","2026-07-07 12:00",0
"Trzic-Tank1","2026-07-07 13:00",0
"Trzic-Tank1","2026-07-07 14:00","0.2"
"Trzic-Tank1","2026-07-07 15:00",0
"Trzic-Tank1","2026-07-07 16:00",0
"Trzic-Tank1","2026-07-07 17:00",0
"Trzic-Tank1","2026-07-07 18:00",0
"Trzic-Tank1","2026-07-07 19:00",0
"Trzic-Tank1","2026-07-07 20:00",0
"Trzic-Tank1","2026-07-07 21:00","0.2"
"Trzic-Tank1","2026-07-07 22:00",0
"Trzic-Tank1","2026-07-07 23:00",0
"Trzic-Tank1","2026-07-08 00:00",0
"Trzic-Tank1","2026-07-08 01:00","0.2"
"Trzic-Tank1","2026-07-08 02:00","0.2"
"Trzic-Tank1","2026-07-08 03:00","0.2"
"Trzic-Tank1","2026-07-08 04:00","0.2"
"Trzic-Tank1","2026-07-08 05:00",0
"Trzic-Tank1","2026-07-08 06:00",0
"Trzic-Tank1","2026-07-08 07:00","0.2"
"Trzic-Tank1","2026-07-08 08:00",0
"Trzic-Tank1","2026-07-08 09:00",0
"Trzic-Tank1","2026-07-08 10:00",0
"Trzic-Tank1","2026-07-08 11:00",0
"Trzic-Tank1","2026-07-08 12:00",0
"Trzic-Tank1","2026-07-08 13:00",0
"Trzic-Tank1","2026-07-08 14:00","0.2"
"Trzic-Tank1","2026-07-08 15:00",0
"Trzic-Tank1","2026-07-08 16:00",0
"Trzic-Tank1","2026-07-08 17:00",0
"Trzic-Tank1","2026-07-08 18:00","0.2"
"Trzic-Tank1","2026-07-08 19:00","0.2"
"Trzic-Tank1","2026-07-08 20:00","0.2"
"Trzic-Tank1","2026-07-08 21:00",0
"Trzic-Tank1","2026-07-08 22:00","0.2"
"Trzic-Tank1","2026-07-08 23:00",0
"Trzic-Tank1","2026-07-09 00:00",0
"Trzic-Tank1","2026-07-09 01:00",0
"Trzic-Tank1","2026-07-09 02:00",0
"Trzic-Tank1","2026-07-09 03:00",0
"Trzic-Tank1","2026-07-09 04:00",0
"Trzic-Tank1","2026-07-09 05:00",0
"Trzic-Tank1","2026-07-09 06:00",0
"Trzic-Tank1","2026-07-09 07:00",0
"Trzic-Tank1","2026-07-09 08:00",0
"Trzic-Tank1","2026-07-09 09:00",0
"Trzic-Tank1","2026-07-09 10:00",0
"Trzic-Tank1","2026-07-09 11:00",0
"Trzic-Tank1","2026-07-09 12:00",0
"Trzic-Tank1","2026-07-09 13:00",0
"Trzic-Tank1","2026-07-09 14:00",0
"Trzic-Tank1","2026-07-09 15:00",0
"Trzic-Tank1","2026-07-09 16:00",0
"Trzic-Tank1","2026-07-09 17:00",0
"Trzic-Tank1","2026-07-09 18:00","0.2"
"Trzic-Tank1","2026-07-09 19:00","0.2"
"Trzic-Tank1","2026-07-09 20:00","0.2"
"Trzic-Tank1","2026-07-09 21:00",0
"Trzic-Tank1","2026-07-09 22:00","0.2"
"Trzic-Tank1","2026-07-09 23:00",0
"Trzic-Tank1","2026-07-10 00:00",0
"Trzic-Tank1","2026-07-10 01:00",0
"Trzic-Tank1","2026-07-10 02:00",0
"Trzic-Tank1","2026-07-10 03:00",0
"Trzic-Tank1","2026-07-10 04:00",0
"Trzic-Tank1","2026-07-10 05:00","0.2"
"Trzic-Tank1","2026-07-10 06:00","0.2"
"Trzic-Tank1","2026-07-10 07:00","0.2"
"Trzic-Tank1","2026-07-10 08:00",0
"Trzic-Tank1","2026-07-10 09:00",0
"Trzic-Tank1","2026-07-10 10:00",0
"Trzic-Tank1","2026-07-10 11:00","0.2"
"Trzic-Tank1","2026-07-10 12:00",0
"Trzic-Tank1","2026-07-10 13:00",0
"Trzic-Tank1","2026-07-10 14:00","0.2"
"Trzic-Tank1","2026-07-10 15:00",0
"Trzic-Tank1","2026-07-10 16:00","0.2"
"Trzic-Tank1","2026-07-10 17:00",0
"Trzic-Tank1","2026-07-10 18:00",0
"Trzic-Tank1","2026-07-10 19:00","0.2"
"Trzic-Tank1","2026-07-10 20:00",
"Trzic-Tank1","2026-07-10 21:00",0
"Trzic-Tank1","2026-07-10 22:00",0
"Trzic-Tank1","2026-07-10 23:00",0
"Trzic-Tank1","2026-07-11 00:00",0
"Trzic-Tank1","2026-07-11 01:00",0
"Trzic-Tank1","2026-07-11 02:00",0
"Trzic-Tank1","2026-07-11 03:00",0
"Trzic-Tank1","2026-07-11 04:00",0
"Trzic-Tank1","2026-07-11 05:00",0
"Trzic-Tank1","2026-07-11 06:00",0
"Trzic-Tank1","2026-07-11 07:00",0
"Trzic-Tank1","2026-07-11 08:00",0
"Trzic-Tank1","2026-07-11 09:00","0.2"
"Trzic-Tank1","2026-07-11 10:00","0.2"
"Trzic-Tank1","2026-07-11 11:00",0
"Trzic-Tank1","2026-07-11 12:00","0.2"
"Trzic-Tank1","2026-07-11 13:00",0
"Trzic-Tank1","2026-07-11 14:00",0
"Trzic-Tank1","2026-07-11 15:00",0
"Trzic-Tank1","2026-07-11 16:00",0
"Trzic-Tank1","2026-07-11 17:00",0
"Trzic-Tank1","2026-07-11 18:00",0
"Trzic-Tank1","2026-07-11 19:00",0
"Trzic-Tank1","2026-07-11 20:00",0
"Trzic-Tank1","2026-07-11 21:00",0
"Trzic-Tank1","2026-07-11 22:00",0
"Trzic-Tank1","2026-07-11 23:00","0.2"
"Trzic-Tank1","2026-07-12 00:00","0.2"
"Trzic-Tank1","2026-07-12 01:00",0
"Trzic-Tank1","2026-07-12 02:00",0
"Trzic-Tank1","2026-07-12 03:00",0
"Trzic-Tank1","2026-07-12 04:00",0
"Trzic-Tank1","2026-07-12 05:00",0
"Trzic-Tank1","2026-07-12 06:00",0
"Trzic-Tank1","2026-07-12 07:00",0
"Trzic-Tank1","2026-07-12 08:00","0.2"
"Trzic-Tank1","2026-07-12 09:00",0
"Trzic-Tank1","2026-07-12 10:00","0.2"
"Trzic-Tank1","2026-07-12 11:00","0.2"
"Trzic-Tank1","2026-07-12 12:00",0
"Trzic-Tank1","2026-07-12 13:00",0
"Trzic-Tank1","2026-07-12 14:00","0.2"
"Trzic-Tank1","2026-07-12 15:00",0
"Trzic-Tank1","2026-07-12 16:00",0
"Trzic-Tank1","2026-07-12 17:00",0
"Trzic-Tank1","2026-07-12 18:00",0
"Trzic-Tank1","2026-07-12 19:00",0
"Trzic-Tank1","2026-07-12 20:00","0.2"
"Trzic-Tank1","2026-07-12 21:00",0
"Trzic-Tank1","2026-07-12 22:00","0.2"
"Trzic-Tank1","2026-07-12 23:00","0.2"
"Trzic-Tank1","2026-07-13 00:00","0.2"
"Trzic-Tank1","2026-07-13 01:00","0.2"
"Trzic-Tank1","2026-07-13 02:00","0.2"
"Trzic-Tank1","2026-07-13 03:00","0.2"
"Trzic-Tank1","2026-07-13 04:00","0.2"
"Trzic-Tank1","2026-07-13 05:00",0
"Trzic-Tank1","2026-07-13 06:00","0.2"
"Trzic-Tank1","2026-07-13 07:00",0
"Trzic-Tank1","2026-07-13 08:00",0
"Trzic-Tank1","2026-07-13 09:00","0.2"
"Trzic-Tank1","2026-07-13 10:00","0.2"
"Trzic-Tank1","2026-07-13 11:00",0
"Trzic-Tank1","2026-07-13 12:00",0
"Trzic-Tank1","2026-07-13 13:00","0.2"
"Trzic-Tank1","2026-07-13 14:00",0
"Trzic-Tank1","2026-07-13 15:00",0
"Trzic-Tank1","2026-07-13 16:00",0
"Trzic-Tank1","2026-07-13 17:00",0
"Trzic-Tank1","2026-07-13 18:00",0
"Trzic-Tank1","2026-07-13 19:00",0
"Trzic-Tank1","2026-07-13 20:00",0
"Trzic-Tank1","2026-07-13 21:00",0
"Trzic-Tank1","2026-07-13 22:00",0
"Trzic-Tank1","2026-07-13 23:00",0
"Trzic-Tank1","2026-07-14 00:00",0
"Trzic-Tank1","2026-07-14 01:00",0
"Trzic-Tank1","2026-07-14 02:00",0
"Trzic-Tank1","2026-07-14 03:00",0
"Trzic-Tank1","2026-07-14 04:00",0
"Trzic-Tank1","2026-07-14 05:00",0
"Trzic-Tank1","2026-07-14 06:00",0
"Trzic-Tank1","2026-07-14 07:00","0.2"
"Trzic-Tank1","2026-07-14 08:00",0
"Trzic-Tank1","2026-07-14 09:00","0.2"
"Trzic-Tank1","2026-07-14 10:00",0
"Trzic-Tank1","2026-07-14 11:00",0
"Trzic-Tank1","2026-07-14 12:00",0
"Trzic-Tank1","2026-07-14 13:00",0
"Trzic-Tank1","2026-07-14 14:00","0.2"
"Trzic-Tank1","2026-07-14 15:00",0
"Trzic-Tank1","2026-07-14 16:00",0
"Trzic-Tank1","2026-07-14 17:00",0
"Trzic-Tank1","2026-07-14 18:00",0
"Trzic-Tank1","2026-07-14 19:00",0
"Trzic-Tank1","2026-07-14 20:00","0.2"
"Trzic-Tank1","2026-07-14 21:00",0
"Trzic-Tank1","2026-07-14 22:00","0.2"
"Trzic-Tank1","2026-07-14 23:00",0
"Trzic-Tank1","2026-07-15 00:00",0
"Trzic-Tank1","2026-07-15 01:00",0
"Trzic-Tank1","2026-07-15 02:00",0
"Trzic-Tank1","2026-07-15 03:00",0
"Trzic-Tank1","2026-07-15 04:00",0
"Trzic-Tank1","2026-07-15 05:00","0.2"
"Trzic-Tank1","2026-07-15 06:00",0
"Trzic-Tank1","2026-07-15 07:00",0
"Trzic-Tank1","2026-07-15 08:00","0.2"
"Trzic-Tank1","2026-07-15 09:00",0
"Trzic-Tank1","2026-07-15 10:00",0
"Trzic-Tank1","2026-07-15 11:00","0.2"
"Trzic-Tank1","2026-07-15 12:00",0
"Trzic-Tank1","2026-07-15 13:00","0.2"
"Trzic-Tank1","2026-07-15 14:00","0.2"
"Trzic-Tank1","2026-07-15 15:00",0
"Trzic-Tank1","2026-07-15 16:00",0
"Trzic-Tank1","2026-07-15 17:00",0
"Trzic-Tank1","2026-07-15 18:00",0
"Trzic-Tank1","2026-07-15 19:00","0.2"
"Trzic-Tank1","2026-07-15 20:00",0
"Trzic-Tank1","2026-07-15 21:00","0.2"
"Trzic-Tank1","2026-07-15 22:00",1
"Trzic-Tank1","2026-07-15 23:00","1.6"
"Trzic-Tank1","2026-07-16 00:00","1.6"
"Trzic-Tank1","2026-07-16 01:00","1.8"
"Trzic-Tank1","2026-07-16 02:00","1.8"
"Trzic-Tank1","2026-07-16 03:00","1.8"
"Trzic-Tank1","2026-07-16 04:00","1.8"
"Trzic-Tank1","2026-07-16 05:00",2
"Trzic-Tank1","2026-07-16 06:00","1.8"
"Trzic-Tank1","2026-07-16 07:00","1.8"
"Trzic-Tank1","2026-07-16 08:00",2
"Trzic-Tank1","2026-07-16 09:00","1.8"
"Trzic-Tank1","2026-07-16 10:00","1.6"
"Trzic-Tank1","2026-07-16 11:00","1.8"
"Trzic-Tank1","2026-07-16 12:00","1.8"
"Trzic-Tank1","2026-07-16 13:00","1.8"
"Trzic-Tank1","2026-07-16 14:00","1.8"
"Trzic-Tank1","2026-07-16 15:00","1.8"
"Trzic-Tank1","2026-07-16 16:00","1.6"
"Trzic-Tank1","2026-07-16 17:00","1.8"
"Trzic-Tank1","2026-07-16 18:00","1.8"
"Trzic-Tank1","2026-07-16 19:00","1.8"
"Trzic-Tank1","2026-07-16 20:00","1.8"
"Trzic-Tank1","2026-07-16 21:00","1.6"
"Trzic-Tank1","2026-07-16 22:00","1.6"
"Trzic-Tank1","2026-07-16 23:00","1.6"
"Trzic-Tank1","2026-07-17 00:00","1.6"
"Trzic-Tank1","2026-07-17 01:00","1.4"
"Trzic-Tank1","2026-07-17 02:00","1.4"
"Trzic-Tank1","2026-07-17 03:00","1.4"
"Trzic-Tank1","2026-07-17 04:00","1.4"
"Trzic-Tank1","2026-07-17 05:00","1.4"
"Trzic-Tank1","2026-07-17 06:00","1.6"
"Trzic-Tank1","2026-07-17 07:00","1.4"
"Trzic-Tank1","2026-07-17 08:00","1.4"
"Trzic-Tank1","2026-07-17 09:00","1.4"
"Trzic-Tank1","2026-07-17 10:00","1.4"
"Trzic-Tank1","2026-07-17 11:00","1.4"
"Trzic-Tank1","2026-07-17 12:00","1.2"
"Trzic-Tank1","2026-07-17 13:00","1.2"
"Trzic-Tank1","2026-07-17 14:00","1.2"
"Trzic-Tank1","2026-07-17 15:00","1.2"
"Trzic-Tank1","2026-07-17 16:00","1.2"
"Trzic-Tank1","2026-07-17 17:00","1.2"
"Trzic-Tank1","2026-07-17 18:00",1
"Trzic-Tank1","2026-07-17 19:00","1.2"
"Trzic-Tank1","2026-07-17 20:00","1.2"
"Trzic-Tank1","2026-07-17 21:00","1.2"
"Trzic-Tank1","2026-07-17 22:00",1
"Trzic-Tank1","2026-07-17 23:00","1.2"
"Trzic-Tank1","2026-07-18 00:00","1.2"
"Trzic-Tank1","2026-07-18 01:00",1
"Trzic-Tank1","2026-07-18 02:00",1
"Trzic-Tank1","2026-07-18 03:00",1
"Trzic-Tank1","2026-07-18 04:00",1
"Trzic-Tank1","2026-07-18 05:00","0.8"
"Trzic-Tank1","2026-07-18 06:00",1
"Trzic-Tank1","2026-07-18 07:00",1
"Trzic-Tank1","2026-07-18 08:00","0.6"
"Trzic-Tank1","2026-07-18 09:00","0.8"
"Trzic-Tank1","2026-07-18 10:00","0.8"
"Trzic-Tank1","2026-07-18 11:00","0.8"
"Trzic-Tank1","2026-07-18 12:00","0.6"
"Trzic-Tank1","2026-07-18 13:00","0.8"
"Trzic-Tank1","2026-07-18 14:00","0.8"
"Trzic-Tank1","2026-07-18 15:00","0.8"
"Trzic-Tank1","2026-07-18 16:00","0.8"
"Trzic-Tank1","2026-07-18 17:00","0.6"
"Trzic-Tank1","2026-07-18 18:00","0.6"
"Trzic-Tank1","2026-07-18 19:00","3.4"
"Trzic-Tank1","2026-07-18 20:00",5
"Trzic-Tank1","2026-07-18 21:00","5.2"
"Trzic-Tank1","2026-07-18 22:00",5
"Trzic-Tank1","2026-07-18 23:00",5
"Trzic-Tank1","2026-07-19 00:00",5
"Trzic-Tank1","2026-07-19 01:00","4.8"
"Trzic-Tank1","2026-07-19 02:00","4.8"
"Trzic-Tank1","2026-07-19 03:00","4.8"
"Trzic-Tank1","2026-07-19 04:00","4.8"
"Trzic-Tank1","2026-07-19 05:00","3.8"
"Trzic-Tank1","2026-07-19 06:00","3.4"
"Trzic-Tank1","2026-07-19 07:00","3.4"
"Trzic-Tank1","2026-07-19 08:00","3.4"
"Trzic-Tank1","2026-07-19 09:00",3
"Trzic-Tank1","2026-07-19 10:00",3
"Trzic-Tank1","2026-07-19 11:00","2.8"
"Trzic-Tank1","2026-07-19 12:00","2.8"
"Trzic-Tank1","2026-07-19 13:00","2.4"
"Trzic-Tank1","2026-07-19 14:00","2.4"
"Trzic-Tank1","2026-07-19 15:00","2.4"
"Trzic-Tank1","2026-07-19 16:00","2.4"
"Trzic-Tank1","2026-07-19 17:00","2.4"
"Trzic-Tank1","2026-07-19 18:00","2.4"
"Trzic-Tank1","2026-07-19 19:00","2.6"
"Trzic-Tank1","2026-07-19 20:00","2.4"
"Trzic-Tank1","2026-07-19 21:00","2.4"
"Trzic-Tank1","2026-07-19 22:00","2.2"
"Trzic-Tank1","2026-07-19 23:00","2.2"
"Trzic-Tank1","2026-07-20 00:00","2.2"
"Trzic-Tank1","2026-07-20 01:00",
"Trzic-Tank1","2026-07-20 02:00","2.2"
"Trzic-Tank1","2026-07-20 03:00","2.2"
"Trzic-Tank1","2026-07-20 04:00","2.2"
"Trzic-Tank1","2026-07-20 05:00",2
"Trzic-Tank1","2026-07-20 06:00",2
"Trzic-Tank1","2026-07-20 07:00",2
"Trzic-Tank1","2026-07-20 08:00","1.8"
"Trzic-Tank1","2026-07-20 09:00",2
"Trzic-Tank1","2026-07-20 10:00","1.8"
"Trzic-Tank1","2026-07-20 11:00","1.8"
"Trzic-Tank1","2026-07-20 12:00","1.8"
"Trzic-Tank1","2026-07-20 13:00",2
"Trzic-Tank1","2026-07-20 14:00","1.8"
"Trzic-Tank1","2026-07-20 15:00","1.8"
"Trzic-Tank1","2026-07-20 16:00","1.6"
"Trzic-Tank1","2026-07-20 17:00","1.8"
"Trzic-Tank1","2026-07-20 18:00","1.6"
"Trzic-Tank1","2026-07-20 19:00","1.6"
"Trzic-Tank1","2026-07-20 20:00","1.6"
"Trzic-Tank1","2026-07-20 21:00","1.8"
"Trzic-Tank1","2026-07-20 22:00","1.6"
"Trzic-Tank1","2026-07-20 23:00","1.6"
"Trzic-Tank1","2026-07-21 00:00","1.6"
"Trzic-Tank1","2026-07-21 01:00","1.6"
"Trzic-Tank1","2026-07-21 02:00","1.6"
"Trzic-Tank1","2026-07-21 03:00","1.6"
"Trzic-Tank1","2026-07-21 04:00","1.6"
"Trzic-Tank1","2026-07-21 05:00","1.6"
"Trzic-Tank1","2026-07-21 06:00","1.6"
"Trzic-Tank1","2026-07-21 07:00","1.6"
"Trzic-Tank1","2026-07-21 08:00","1.6"
"Trzic-Tank1","2026-07-21 09:00","1.6"
"Trzic-Tank1","2026-07-21 10:00","1.6"
"Trzic-Tank1","2026-07-21 11:00","1.4"
"Trzic-Tank1","2026-07-21 12:00","1.6"
"Trzic-Tank1","2026-07-21 13:00","1.4"
"Trzic-Tank1","2026-07-21 14:00","1.4"
"Trzic-Tank1","2026-07-21 15:00","1.4"
"Trzic-Tank1","2026-07-21 16:00","1.4"
"Trzic-Tank1","2026-07-21 17:00","1.4"
"Trzic-Tank1","2026-07-21 18:00","1.4"
"Trzic-Tank1","2026-07-21 19:00","1.2"
"Trzic-Tank1","2026-07-21 20:00","1.4"
"Trzic-Tank1","2026-07-21 21:00","1.2"
"Trzic-Tank1","2026-07-21 22:00","1.2"
"Trzic-Tank1","2026-07-21 23:00","1.4"
"Trzic-Tank1","2026-07-22 00:00","1.4"
"Trzic-Tank1","2026-07-22 01:00","1.2"
"Trzic-Tank1","2026-07-22 02:00","1.2"
"Trzic-Tank1","2026-07-22 03:00","1.2"
"Trzic-Tank1","2026-07-22 04:00","1.2"
"Trzic-Tank1","2026-07-22 05:00","1.2"
"Trzic-Tank1","2026-07-22 06:00","1.2"
"Trzic-Tank1","2026-07-22 07:00","1.2"
"Trzic-Tank1","2026-07-22 08:00","1.2"
"Trzic-Tank1","2026-07-22 09:00","1.2"
"Trzic-Tank1","2026-07-22 10:00","1.2"
"Trzic-Tank1","2026-07-22 11:00","1.2"
"Trzic-Tank1","2026-07-22 12:00","1.2"
"Trzic-Tank1","2026-07-22 13:00","1.2"
"Trzic-Tank1","2026-07-22 14:00","1.2"
"Trzic-Tank1","2026-07-22 15:00","1.2"
"Trzic-Tank1","2026-07-22 16:00","1.2"
"Trzic-Tank1","2026-07-22 17:00","1.2"
"Trzic-Tank1","2026-07-22 18:00",1
"Trzic-Tank1","2026-07-22 19:00",1
"Trzic-Tank1","2026-07-22 20:00","1.2"
"Trzic-Tank1","2026-07-22 21:00","1.2"
"Trzic-Tank1","2026-07-22 22:00","1.2"
"Trzic-Tank1","2026-07-22 23:00","1.2"
"Trzic-Tank1","2026-07-23 00:00","1.2"
"Trzic-Tank1","2026-07-23 01:00","1.2"
"Trzic-Tank1","2026-07-23 02:00","1.2"
"Trzic-Tank1","2026-07-23 03:00","1.2"
"Trzic-Tank1","2026-07-23 04:00","1.2"
"Trzic-Tank1","2026-07-23 05:00","1.4"
"Trzic-Tank1","2026-07-23 06:00","1.2"
"Trzic-Tank1","2026-07-23 07:00","1.4"
"Trzic-Tank1","2026-07-23 08:00",1
"Trzic-Tank1","2026-07-23 09:00",1
"Trzic-Tank1","2026-07-23 10:00",1
"Trzic-Tank1","2026-07-23 11:00",1
"Trzic-Tank1","2026-07-23 12:00","1.2"
"Trzic-Tank1","2026-07-23 13:00","1.2"
"Trzic-Tank1","2026-07-23 14:00","1.2"
"Trzic-Tank1","2026-07-23 15:00",1
"Trzic-Tank1","2026-07-23 16:00",1
"Trzic-Tank1","2026-07-23 17:00","1.2"
"Trzic-Tank1","2026-07-23 18:00",1
"Trzic-Tank1","2026-07-23 19:00",1
"Trzic-Tank1","2026-07-23 20:00","1.2"
"Trzic-Tank1","2026-07-23 21:00","1.2"
"Trzic-Tank1","2026-07-23 22:00","1.2"
"Trzic-Tank3","2026-05-27 16:00",0
"Trzic-Tank3","2026-05-27 17:00","0.2"
"Trzic-Tank3","2026-05-27 18:00",0
"Trzic-Tank3","2026-05-27 19:00",0
"Trzic-Tank3","2026-05-27 20:00",0
"Trzic-Tank3","2026-05-27 21:00",0
"Trzic-Tank3","2026-05-27 22:00",0
"Trzic-Tank3","2026-05-27 23:00",0
"Trzic-Tank3","2026-05-28 00:00",0
"Trzic-Tank3","2026-05-28 01:00",0
"Trzic-Tank3","2026-05-28 02:00",0
"Trzic-Tank3","2026-05-28 03:00",0
"Trzic-Tank3","2026-05-28 04:00",0
"Trzic-Tank3","2026-05-28 05:00",0
"Trzic-Tank3","2026-05-28 06:00",0
"Trzic-Tank3","2026-05-28 07:00","0.2"
"Trzic-Tank3","2026-05-28 08:00",0
"Trzic-Tank3","2026-05-28 09:00","0.2"
"Trzic-Tank3","2026-05-28 10:00",0
"Trzic-Tank3","2026-05-28 11:00",0
"Trzic-Tank3","2026-05-28 12:00",0
"Trzic-Tank3","2026-05-28 13:00",0
"Trzic-Tank3","2026-05-28 14:00",0
"Trzic-Tank3","2026-05-28 15:00",0
"Trzic-Tank3","2026-05-28 16:00",0
"Trzic-Tank3","2026-05-28 17:00",0
"Trzic-Tank3","2026-05-28 18:00",0
"Trzic-Tank3","2026-05-28 19:00",0
"Trzic-Tank3","2026-05-28 20:00",0
"Trzic-Tank3","2026-05-28 21:00",0
"Trzic-Tank3","2026-05-28 22:00",0
"Trzic-Tank3","2026-05-28 23:00",0
"Trzic-Tank3","2026-05-29 00:00",0
"Trzic-Tank3","2026-05-29 01:00",0
"Trzic-Tank3","2026-05-29 02:00",0
"Trzic-Tank3","2026-05-29 03:00",0
"Trzic-Tank3","2026-05-29 04:00",0
"Trzic-Tank3","2026-05-29 05:00",0
"Trzic-Tank3","2026-05-29 06:00",0
"Trzic-Tank3","2026-05-29 07:00",0
"Trzic-Tank3","2026-05-29 08:00",0
"Trzic-Tank3","2026-05-29 09:00","0.2"
"Trzic-Tank3","2026-05-29 10:00",0
"Trzic-Tank3","2026-05-29 11:00",0
"Trzic-Tank3","2026-05-29 12:00","0.2"
"Trzic-Tank3","2026-05-29 13:00",0
"Trzic-Tank3","2026-05-29 14:00",0
"Trzic-Tank3","2026-05-29 15:00",0
"Trzic-Tank3","2026-05-29 16:00",0
"Trzic-Tank3","2026-05-29 17:00",0
"Trzic-Tank3","2026-05-29 18:00",0
"Trzic-Tank3","2026-05-29 19:00",0
"Trzic-Tank3","2026-05-29 20:00",0
"Trzic-Tank3","2026-05-29 21:00",0
"Trzic-Tank3","2026-05-29 22:00",0
"Trzic-Tank3","2026-05-29 23:00",0
"Trzic-Tank3","2026-05-30 00:00",0
"Trzic-Tank3","2026-05-30 01:00",0
"Trzic-Tank3","2026-05-30 02:00",0
"Trzic-Tank3","2026-05-30 03:00",0
"Trzic-Tank3","2026-05-30 04:00",0
"Trzic-Tank3","2026-05-30 05:00","0.2"
"Trzic-Tank3","2026-05-30 06:00",0
"Trzic-Tank3","2026-05-30 07:00",0
"Trzic-Tank3","2026-05-30 08:00","0.2"
"Trzic-Tank3","2026-05-30 09:00",0
"Trzic-Tank3","2026-05-30 10:00",0
"Trzic-Tank3","2026-05-30 11:00",0
"Trzic-Tank3","2026-05-30 12:00",0
"Trzic-Tank3","2026-05-30 13:00",0
"Trzic-Tank3","2026-05-30 14:00",0
"Trzic-Tank3","2026-05-30 15:00","0.2"
"Trzic-Tank3","2026-05-30 16:00",0
"Trzic-Tank3","2026-05-30 17:00",0
"Trzic-Tank3","2026-05-30 18:00",0
"Trzic-Tank3","2026-05-30 19:00",0
"Trzic-Tank3","2026-05-30 20:00",0
"Trzic-Tank3","2026-05-30 21:00",0
"Trzic-Tank3","2026-05-30 22:00",0
"Trzic-Tank3","2026-05-30 23:00",0
"Trzic-Tank3","2026-05-31 00:00",0
"Trzic-Tank3","2026-05-31 01:00","0.2"
"Trzic-Tank3","2026-05-31 02:00","0.2"
"Trzic-Tank3","2026-05-31 03:00","0.2"
"Trzic-Tank3","2026-05-31 04:00","0.2"
"Trzic-Tank3","2026-05-31 05:00","0.2"
"Trzic-Tank3","2026-05-31 06:00",0
"Trzic-Tank3","2026-05-31 07:00",0
"Trzic-Tank3","2026-05-31 08:00",0
"Trzic-Tank3","2026-05-31 09:00",0
"Trzic-Tank3","2026-05-31 10:00",0
"Trzic-Tank3","2026-05-31 11:00",0
"Trzic-Tank3","2026-05-31 12:00",0
"Trzic-Tank3","2026-05-31 13:00",0
"Trzic-Tank3","2026-05-31 14:00",0
"Trzic-Tank3","2026-05-31 15:00",0
"Trzic-Tank3","2026-05-31 16:00",0
"Trzic-Tank3","2026-05-31 17:00",0
"Trzic-Tank3","2026-05-31 18:00",0
"Trzic-Tank3","2026-05-31 19:00",0
"Trzic-Tank3","2026-05-31 20:00",0
"Trzic-Tank3","2026-05-31 21:00",0
"Trzic-Tank3","2026-05-31 22:00","0.2"
"Trzic-Tank3","2026-05-31 23:00","0.2"
"Trzic-Tank3","2026-06-01 00:00","0.2"
"Trzic-Tank3","2026-06-01 01:00","0.2"
"Trzic-Tank3","2026-06-01 02:00","0.2"
"Trzic-Tank3","2026-06-01 03:00","0.2"
"Trzic-Tank3","2026-06-01 04:00","0.2"
"Trzic-Tank3","2026-06-01 05:00","0.2"
"Trzic-Tank3","2026-06-01 06:00","0.2"
"Trzic-Tank3","2026-06-01 07:00","0.2"
"Trzic-Tank3","2026-06-01 08:00","0.2"
"Trzic-Tank3","2026-06-01 09:00","0.4"
"Trzic-Tank3","2026-06-01 10:00","0.4"
"Trzic-Tank3","2026-06-01 11:00","0.2"
"Trzic-Tank3","2026-06-01 12:00","0.6"
"Trzic-Tank3","2026-06-01 13:00","0.6"
"Trzic-Tank3","2026-06-01 14:00","0.6"
"Trzic-Tank3","2026-06-01 15:00","0.8"
"Trzic-Tank3","2026-06-01 16:00","0.8"
"Trzic-Tank3","2026-06-01 17:00",1
"Trzic-Tank3","2026-06-01 18:00",1
"Trzic-Tank3","2026-06-01 19:00","1.4"
"Trzic-Tank3","2026-06-01 20:00","1.2"
"Trzic-Tank3","2026-06-01 21:00","1.4"
"Trzic-Tank3","2026-06-01 22:00","1.6"
"Trzic-Tank3","2026-06-01 23:00","1.6"
"Trzic-Tank3","2026-06-02 00:00","1.6"
"Trzic-Tank3","2026-06-02 01:00","1.4"
"Trzic-Tank3","2026-06-02 02:00","1.4"
"Trzic-Tank3","2026-06-02 03:00","1.4"
"Trzic-Tank3","2026-06-02 04:00","1.4"
"Trzic-Tank3","2026-06-02 05:00","1.6"
"Trzic-Tank3","2026-06-02 06:00","1.4"
"Trzic-Tank3","2026-06-02 07:00","1.4"
"Trzic-Tank3","2026-06-02 08:00","1.4"
"Trzic-Tank3","2026-06-02 09:00","1.2"
"Trzic-Tank3","2026-06-02 10:00","1.4"
"Trzic-Tank3","2026-06-02 11:00","1.4"
"Trzic-Tank3","2026-06-02 12:00","1.4"
"Trzic-Tank3","2026-06-02 13:00","1.2"
"Trzic-Tank3","2026-06-02 14:00","1.2"
"Trzic-Tank3","2026-06-02 15:00","1.2"
"Trzic-Tank3","2026-06-02 16:00","1.4"
"Trzic-Tank3","2026-06-02 17:00","1.2"
"Trzic-Tank3","2026-06-02 18:00","1.2"
"Trzic-Tank3","2026-06-02 19:00",1
"Trzic-Tank3","2026-06-02 20:00",1
"Trzic-Tank3","2026-06-02 21:00",1
"Trzic-Tank3","2026-06-02 22:00",1
"Trzic-Tank3","2026-06-02 23:00",1
"Trzic-Tank3","2026-06-03 00:00",1
"Trzic-Tank3","2026-06-03 01:00","0.8"
"Trzic-Tank3","2026-06-03 02:00","0.8"
"Trzic-Tank3","2026-06-03 03:00","0.8"
"Trzic-Tank3","2026-06-03 04:00","0.8"
"Trzic-Tank3","2026-06-03 05:00","0.8"
"Trzic-Tank3","2026-06-03 06:00","0.8"
"Trzic-Tank3","2026-06-03 07:00","0.8"
"Trzic-Tank3","2026-06-03 08:00",1
"Trzic-Tank3","2026-06-03 09:00","14.6"
"Trzic-Tank3","2026-06-03 10:00","24.2"
"Trzic-Tank3","2026-06-03 11:00","25.2"
"Trzic-Tank3","2026-06-03 12:00","24.6"
"Trzic-Tank3","2026-06-03 13:00","22.8"
"Trzic-Tank3","2026-06-03 14:00","22.2"
"Trzic-Tank3","2026-06-03 15:00","20.6"
"Trzic-Tank3","2026-06-03 16:00","19.6"
"Trzic-Tank3","2026-06-03 17:00",19
"Trzic-Tank3","2026-06-03 18:00","17.6"
"Trzic-Tank3","2026-06-03 19:00",17
"Trzic-Tank3","2026-06-03 20:00","15.8"
"Trzic-Tank3","2026-06-03 21:00","15.6"
"Trzic-Tank3","2026-06-03 22:00","14.6"
"Trzic-Tank3","2026-06-03 23:00","13.6"
"Trzic-Tank3","2026-06-04 00:00","13.6"
"Trzic-Tank3","2026-06-04 01:00","12.6"
"Trzic-Tank3","2026-06-04 02:00","12.6"
"Trzic-Tank3","2026-06-04 03:00","12.6"
"Trzic-Tank3","2026-06-04 04:00","12.6"
"Trzic-Tank3","2026-06-04 05:00","11.2"
"Trzic-Tank3","2026-06-04 06:00","10.4"
"Trzic-Tank3","2026-06-04 07:00","10.2"
"Trzic-Tank3","2026-06-04 08:00","9.8"
"Trzic-Tank3","2026-06-04 09:00","9.6"
"Trzic-Tank3","2026-06-04 10:00","9.2"
"Trzic-Tank3","2026-06-04 11:00",9
"Trzic-Tank3","2026-06-04 12:00","8.8"
"Trzic-Tank3","2026-06-04 13:00","8.4"
"Trzic-Tank3","2026-06-04 14:00","8.4"
"Trzic-Tank3","2026-06-04 15:00","8.2"
"Trzic-Tank3","2026-06-04 16:00",8
"Trzic-Tank3","2026-06-04 17:00","7.6"
"Trzic-Tank3","2026-06-04 18:00","7.6"
"Trzic-Tank3","2026-06-04 19:00","7.2"
"Trzic-Tank3","2026-06-04 20:00","6.8"
"Trzic-Tank3","2026-06-04 21:00","6.6"
"Trzic-Tank3","2026-06-04 22:00","6.4"
"Trzic-Tank3","2026-06-04 23:00","6.2"
"Trzic-Tank3","2026-06-05 00:00","6.2"
"Trzic-Tank3","2026-06-05 01:00","5.6"
"Trzic-Tank3","2026-06-05 02:00","5.6"
"Trzic-Tank3","2026-06-05 03:00","5.6"
"Trzic-Tank3","2026-06-05 04:00","5.6"
"Trzic-Tank3","2026-06-05 05:00","4.8"
"Trzic-Tank3","2026-06-05 06:00","4.6"
"Trzic-Tank3","2026-06-05 07:00","4.4"
"Trzic-Tank3","2026-06-05 08:00","4.4"
"Trzic-Tank3","2026-06-05 09:00","4.2"
"Trzic-Tank3","2026-06-05 10:00","4.4"
"Trzic-Tank3","2026-06-05 11:00","4.2"
"Trzic-Tank3","2026-06-05 12:00","4.2"
"Trzic-Tank3","2026-06-05 13:00","4.2"
"Trzic-Tank3","2026-06-05 14:00","4.2"
"Trzic-Tank3","2026-06-05 15:00","4.2"
"Trzic-Tank3","2026-06-05 16:00",4
"Trzic-Tank3","2026-06-05 17:00","3.8"
"Trzic-Tank3","2026-06-05 18:00",4
"Trzic-Tank3","2026-06-05 19:00","3.8"
"Trzic-Tank3","2026-06-05 20:00",4
"Trzic-Tank3","2026-06-05 21:00","4.2"
"Trzic-Tank3","2026-06-05 22:00","4.2"
"Trzic-Tank3","2026-06-05 23:00","4.2"
"Trzic-Tank3","2026-06-06 00:00","4.2"
"Trzic-Tank3","2026-06-06 01:00","4.4"
"Trzic-Tank3","2026-06-06 02:00","4.4"
"Trzic-Tank3","2026-06-06 03:00","4.4"
"Trzic-Tank3","2026-06-06 04:00","4.4"
"Trzic-Tank3","2026-06-06 05:00","4.8"
"Trzic-Tank3","2026-06-06 06:00",5
"Trzic-Tank3","2026-06-06 07:00","4.8"
"Trzic-Tank3","2026-06-06 08:00","4.8"
"Trzic-Tank3","2026-06-06 09:00",5
"Trzic-Tank3","2026-06-06 10:00","4.8"
"Trzic-Tank3","2026-06-06 11:00","4.8"
"Trzic-Tank3","2026-06-06 12:00","4.8"
"Trzic-Tank3","2026-06-06 13:00","4.6"
"Trzic-Tank3","2026-06-06 14:00","4.8"
"Trzic-Tank3","2026-06-06 15:00","4.2"
"Trzic-Tank3","2026-06-06 16:00","4.4"
"Trzic-Tank3","2026-06-06 17:00","4.4"
"Trzic-Tank3","2026-06-06 18:00","4.4"
"Trzic-Tank3","2026-06-06 19:00","4.4"
"Trzic-Tank3","2026-06-06 20:00","4.4"
"Trzic-Tank3","2026-06-06 21:00","4.2"
"Trzic-Tank3","2026-06-06 22:00",4
"Trzic-Tank3","2026-06-06 23:00","3.8"
"Trzic-Tank3","2026-06-07 00:00","3.8"
"Trzic-Tank3","2026-06-07 01:00","3.6"
"Trzic-Tank3","2026-06-07 02:00","3.6"
"Trzic-Tank3","2026-06-07 03:00","3.6"
"Trzic-Tank3","2026-06-07 04:00","3.6"
"Trzic-Tank3","2026-06-07 05:00","3.4"
"Trzic-Tank3","2026-06-07 06:00","3.4"
"Trzic-Tank3","2026-06-07 07:00","3.6"
"Trzic-Tank3","2026-06-07 08:00","3.6"
"Trzic-Tank3","2026-06-07 09:00","3.6"
"Trzic-Tank3","2026-06-07 10:00","3.4"
"Trzic-Tank3","2026-06-07 11:00","3.4"
"Trzic-Tank3","2026-06-07 12:00","3.6"
"Trzic-Tank3","2026-06-07 13:00","3.8"
"Trzic-Tank3","2026-06-07 14:00","3.8"
"Trzic-Tank3","2026-06-07 15:00","4.2"
"Trzic-Tank3","2026-06-07 16:00","4.4"
"Trzic-Tank3","2026-06-07 17:00","4.2"
"Trzic-Tank3","2026-06-07 18:00","4.2"
"Trzic-Tank3","2026-06-07 19:00",4
"Trzic-Tank3","2026-06-07 20:00","4.6"
"Trzic-Tank3","2026-06-07 21:00","4.2"
"Trzic-Tank3","2026-06-07 22:00","4.6"
"Trzic-Tank3","2026-06-07 23:00","4.2"
"Trzic-Tank3","2026-06-08 00:00","4.2"
"Trzic-Tank3","2026-06-08 01:00","4.4"
"Trzic-Tank3","2026-06-08 02:00","4.4"
"Trzic-Tank3","2026-06-08 03:00","4.4"
"Trzic-Tank3","2026-06-08 04:00","4.4"
"Trzic-Tank3","2026-06-08 05:00","4.2"
"Trzic-Tank3","2026-06-08 06:00","4.2"
"Trzic-Tank3","2026-06-08 07:00","4.2"
"Trzic-Tank3","2026-06-08 08:00","4.2"
"Trzic-Tank3","2026-06-08 09:00","4.2"
"Trzic-Tank3","2026-06-08 10:00",4
"Trzic-Tank3","2026-06-08 11:00","4.2"
"Trzic-Tank3","2026-06-08 12:00","4.2"
"Trzic-Tank3","2026-06-08 13:00",4
"Trzic-Tank3","2026-06-08 14:00",4
"Trzic-Tank3","2026-06-08 15:00","4.2"
"Trzic-Tank3","2026-06-08 16:00","4.4"
"Trzic-Tank3","2026-06-08 17:00","4.2"
"Trzic-Tank3","2026-06-08 18:00","4.4"
"Trzic-Tank3","2026-06-08 19:00","4.4"
"Trzic-Tank3","2026-06-08 20:00","4.2"
"Trzic-Tank3","2026-06-08 21:00",4
"Trzic-Tank3","2026-06-08 22:00",4
"Trzic-Tank3","2026-06-08 23:00",4
"Trzic-Tank3","2026-06-09 00:00",4
"Trzic-Tank3","2026-06-09 01:00","3.8"
"Trzic-Tank3","2026-06-09 02:00","3.8"
"Trzic-Tank3","2026-06-09 03:00","3.8"
"Trzic-Tank3","2026-06-09 04:00","3.8"
"Trzic-Tank3","2026-06-09 05:00","3.2"
"Trzic-Tank3","2026-06-09 06:00","3.4"
"Trzic-Tank3","2026-06-09 07:00","3.2"
"Trzic-Tank3","2026-06-09 08:00","3.2"
"Trzic-Tank3","2026-06-09 09:00","3.2"
"Trzic-Tank3","2026-06-09 10:00","2.8"
"Trzic-Tank3","2026-06-09 11:00","2.6"
"Trzic-Tank3","2026-06-09 12:00","2.6"
"Trzic-Tank3","2026-06-09 13:00","2.2"
"Trzic-Tank3","2026-06-09 14:00","2.4"
"Trzic-Tank3","2026-06-09 15:00","2.2"
"Trzic-Tank3","2026-06-09 16:00",2
"Trzic-Tank3","2026-06-09 17:00","1.8"
"Trzic-Tank3","2026-06-09 18:00","1.8"
"Trzic-Tank3","2026-06-09 19:00","1.8"
"Trzic-Tank3","2026-06-09 20:00","1.6"
"Trzic-Tank3","2026-06-09 21:00","1.6"
"Trzic-Tank3","2026-06-09 22:00","1.6"
"Trzic-Tank3","2026-06-09 23:00","1.6"
"Trzic-Tank3","2026-06-10 00:00","1.6"
"Trzic-Tank3","2026-06-10 01:00","1.6"
"Trzic-Tank3","2026-06-10 02:00","1.6"
"Trzic-Tank3","2026-06-10 03:00","1.6"
"Trzic-Tank3","2026-06-10 04:00","1.6"
"Trzic-Tank3","2026-06-10 05:00","1.2"
"Trzic-Tank3","2026-06-10 06:00","1.2"
"Trzic-Tank3","2026-06-10 07:00",1
"Trzic-Tank3","2026-06-10 08:00",1
"Trzic-Tank3","2026-06-10 09:00","0.8"
"Trzic-Tank3","2026-06-10 10:00",1
"Trzic-Tank3","2026-06-10 11:00","0.8"
"Trzic-Tank3","2026-06-10 12:00","0.8"
"Trzic-Tank3","2026-06-10 13:00","1.8"
"Trzic-Tank3","2026-06-10 14:00",3
"Trzic-Tank3","2026-06-10 15:00",4
"Trzic-Tank3","2026-06-10 16:00","4.4"
"Trzic-Tank3","2026-06-10 17:00","4.8"
"Trzic-Tank3","2026-06-10 18:00","4.6"
"Trzic-Tank3","2026-06-10 19:00","4.8"
"Trzic-Tank3","2026-06-10 20:00","4.8"
"Trzic-Tank3","2026-06-10 21:00",5
"Trzic-Tank3","2026-06-10 22:00","14.2"
"Trzic-Tank3","2026-06-10 23:00",17
"Trzic-Tank3","2026-06-11 00:00",17
"Trzic-Tank3","2026-06-11 01:00","15.4"
"Trzic-Tank3","2026-06-11 02:00","15.4"
"Trzic-Tank3","2026-06-11 03:00","15.4"
"Trzic-Tank3","2026-06-11 04:00","15.4"
"Trzic-Tank3","2026-06-11 05:00","12.2"
"Trzic-Tank3","2026-06-11 06:00","11.8"
"Trzic-Tank3","2026-06-11 07:00","10.6"
"Trzic-Tank3","2026-06-11 08:00","10.2"
"Trzic-Tank3","2026-06-11 09:00","9.6"
"Trzic-Tank3","2026-06-11 10:00",9
"Trzic-Tank3","2026-06-11 11:00","8.6"
"Trzic-Tank3","2026-06-11 12:00",8
"Trzic-Tank3","2026-06-11 13:00",8
"Trzic-Tank3","2026-06-11 14:00","7.8"
"Trzic-Tank3","2026-06-11 15:00","7.6"
"Trzic-Tank3","2026-06-11 16:00","7.2"
"Trzic-Tank3","2026-06-11 17:00","7.2"
"Trzic-Tank3","2026-06-11 18:00",7
"Trzic-Tank3","2026-06-11 19:00",7
"Trzic-Tank3","2026-06-11 20:00","7.2"
"Trzic-Tank3","2026-06-11 21:00","7.6"
"Trzic-Tank3","2026-06-11 22:00","7.4"
"Trzic-Tank3","2026-06-11 23:00","7.2"
"Trzic-Tank3","2026-06-12 00:00","7.2"
"Trzic-Tank3","2026-06-12 01:00","7.4"
"Trzic-Tank3","2026-06-12 02:00","7.4"
"Trzic-Tank3","2026-06-12 03:00","7.4"
"Trzic-Tank3","2026-06-12 04:00","7.4"
"Trzic-Tank3","2026-06-12 05:00","7.2"
"Trzic-Tank3","2026-06-12 06:00",7
"Trzic-Tank3","2026-06-12 07:00",7
"Trzic-Tank3","2026-06-12 08:00","7.4"
"Trzic-Tank3","2026-06-12 09:00","7.2"
"Trzic-Tank3","2026-06-12 10:00","7.2"
"Trzic-Tank3","2026-06-12 11:00",7
"Trzic-Tank3","2026-06-12 12:00","7.2"
"Trzic-Tank3","2026-06-12 13:00",7
"Trzic-Tank3","2026-06-12 14:00","6.8"
"Trzic-Tank3","2026-06-12 15:00","6.8"
"Trzic-Tank3","2026-06-12 16:00","7.2"
"Trzic-Tank3","2026-06-12 17:00","7.6"
"Trzic-Tank3","2026-06-12 18:00","7.6"
"Trzic-Tank3","2026-06-12 19:00",8
"Trzic-Tank3","2026-06-12 20:00","8.6"
"Trzic-Tank3","2026-06-12 21:00","8.4"
"Trzic-Tank3","2026-06-12 22:00",9
"Trzic-Tank3","2026-06-12 23:00","9.2"
"Trzic-Tank3","2026-06-13 00:00","9.2"
"Trzic-Tank3","2026-06-13 01:00","9.2"
"Trzic-Tank3","2026-06-13 02:00","9.2"
"Trzic-Tank3","2026-06-13 03:00","9.2"
"Trzic-Tank3","2026-06-13 04:00","9.2"
"Trzic-Tank3","2026-06-13 05:00","8.4"
"Trzic-Tank3","2026-06-13 06:00","7.6"
"Trzic-Tank3","2026-06-13 07:00","7.8"
"Trzic-Tank3","2026-06-13 08:00","8.6"
"Trzic-Tank3","2026-06-13 09:00","8.2"
"Trzic-Tank3","2026-06-13 10:00","8.2"
"Trzic-Tank3","2026-06-13 11:00","7.6"
"Trzic-Tank3","2026-06-13 12:00","7.4"
"Trzic-Tank3","2026-06-13 13:00","7.8"
"Trzic-Tank3","2026-06-13 14:00",7
"Trzic-Tank3","2026-06-13 15:00","6.8"
"Trzic-Tank3","2026-06-13 16:00",7
"Trzic-Tank3","2026-06-13 17:00",7
"Trzic-Tank3","2026-06-13 18:00","6.8"
"Trzic-Tank3","2026-06-13 19:00","6.6"
"Trzic-Tank3","2026-06-13 20:00","6.6"
"Trzic-Tank3","2026-06-13 21:00","6.6"
"Trzic-Tank3","2026-06-13 22:00","6.4"
"Trzic-Tank3","2026-06-13 23:00","6.2"
"Trzic-Tank3","2026-06-14 00:00","6.2"
"Trzic-Tank3","2026-06-14 01:00","6.6"
"Trzic-Tank3","2026-06-14 02:00","6.6"
"Trzic-Tank3","2026-06-14 03:00","6.6"
"Trzic-Tank3","2026-06-14 04:00","6.6"
"Trzic-Tank3","2026-06-14 05:00","7.8"
"Trzic-Tank3","2026-06-14 06:00","7.8"
"Trzic-Tank3","2026-06-14 07:00","8.2"
"Trzic-Tank3","2026-06-14 08:00","8.2"
"Trzic-Tank3","2026-06-14 09:00","7.4"
"Trzic-Tank3","2026-06-14 10:00","7.8"
"Trzic-Tank3","2026-06-14 11:00","7.6"
"Trzic-Tank3","2026-06-14 12:00","8.2"
"Trzic-Tank3","2026-06-14 13:00","8.2"
"Trzic-Tank3","2026-06-14 14:00","8.2"
"Trzic-Tank3","2026-06-14 15:00","8.2"
"Trzic-Tank3","2026-06-14 16:00","7.8"
"Trzic-Tank3","2026-06-14 17:00",8
"Trzic-Tank3","2026-06-14 18:00",8
"Trzic-Tank3","2026-06-14 19:00","7.8"
"Trzic-Tank3","2026-06-14 20:00",8
"Trzic-Tank3","2026-06-14 21:00","8.8"
"Trzic-Tank3","2026-06-14 22:00","8.6"
"Trzic-Tank3","2026-06-14 23:00","9.4"
"Trzic-Tank3","2026-06-15 00:00","9.4"
"Trzic-Tank3","2026-06-15 01:00","9.4"
"Trzic-Tank3","2026-06-15 02:00","9.4"
"Trzic-Tank3","2026-06-15 03:00","9.4"
"Trzic-Tank3","2026-06-15 04:00","9.4"
"Trzic-Tank3","2026-06-15 05:00","10.6"
"Trzic-Tank3","2026-06-15 06:00",11
"Trzic-Tank3","2026-06-15 07:00","11.2"
"Trzic-Tank3","2026-06-15 08:00","11.6"
"Trzic-Tank3","2026-06-15 09:00",12
"Trzic-Tank3","2026-06-15 10:00","11.8"
"Trzic-Tank3","2026-06-15 11:00",12
"Trzic-Tank3","2026-06-15 12:00","11.8"
"Trzic-Tank3","2026-06-15 13:00","12.4"
"Trzic-Tank3","2026-06-15 14:00","12.2"
"Trzic-Tank3","2026-06-15 15:00",12
"Trzic-Tank3","2026-06-15 16:00",12
"Trzic-Tank3","2026-06-15 17:00","12.2"
"Trzic-Tank3","2026-06-15 18:00",12
"Trzic-Tank3","2026-06-15 19:00","11.6"
"Trzic-Tank3","2026-06-15 20:00","11.2"
"Trzic-Tank3","2026-06-15 21:00","11.2"
"Trzic-Tank3","2026-06-15 22:00","11.2"
"Trzic-Tank3","2026-06-15 23:00","10.8"
"Trzic-Tank3","2026-06-16 00:00","10.8"
"Trzic-Tank3","2026-06-16 01:00","10.4"
"Trzic-Tank3","2026-06-16 02:00","10.4"
"Trzic-Tank3","2026-06-16 03:00","10.4"
"Trzic-Tank3","2026-06-16 04:00","10.4"
"Trzic-Tank3","2026-06-16 05:00","11.4"
"Trzic-Tank3","2026-06-16 06:00","10.6"
"Trzic-Tank3","2026-06-16 07:00","10.2"
"Trzic-Tank3","2026-06-16 08:00","9.8"
"Trzic-Tank3","2026-06-16 09:00","10.2"
"Trzic-Tank3","2026-06-16 10:00","9.8"
"Trzic-Tank3","2026-06-16 11:00","9.6"
"Trzic-Tank3","2026-06-16 12:00","9.4"
"Trzic-Tank3","2026-06-16 13:00",9
"Trzic-Tank3","2026-06-16 14:00","8.2"
"Trzic-Tank3","2026-06-16 15:00","8.4"
"Trzic-Tank3","2026-06-16 16:00",8
"Trzic-Tank3","2026-06-16 17:00","7.8"
"Trzic-Tank3","2026-06-16 18:00","7.6"
"Trzic-Tank3","2026-06-16 19:00","7.4"
"Trzic-Tank3","2026-06-16 20:00","7.2"
"Trzic-Tank3","2026-06-16 21:00","7.2"
"Trzic-Tank3","2026-06-16 22:00","6.8"
"Trzic-Tank3","2026-06-16 23:00",7
"Trzic-Tank3","2026-06-17 00:00",7
"Trzic-Tank3","2026-06-17 01:00","6.4"
"Trzic-Tank3","2026-06-17 02:00","6.4"
"Trzic-Tank3","2026-06-17 03:00","6.4"
"Trzic-Tank3","2026-06-17 04:00","6.4"
"Trzic-Tank3","2026-06-17 05:00","5.6"
"Trzic-Tank3","2026-06-17 06:00","5.4"
"Trzic-Tank3","2026-06-17 07:00","5.6"
"Trzic-Tank3","2026-06-17 08:00","5.2"
"Trzic-Tank3","2026-06-17 09:00",5
"Trzic-Tank3","2026-06-17 10:00","4.8"
"Trzic-Tank3","2026-06-17 11:00","4.8"
"Trzic-Tank3","2026-06-17 12:00","4.4"
"Trzic-Tank3","2026-06-17 13:00","4.2"
"Trzic-Tank3","2026-06-17 14:00","3.8"
"Trzic-Tank3","2026-06-17 15:00","3.6"
"Trzic-Tank3","2026-06-17 16:00","3.6"
"Trzic-Tank3","2026-06-17 17:00","3.4"
"Trzic-Tank3","2026-06-17 18:00",3
"Trzic-Tank3","2026-06-17 19:00",3
"Trzic-Tank3","2026-06-17 20:00","2.6"
"Trzic-Tank3","2026-06-17 21:00","2.6"
"Trzic-Tank3","2026-06-17 22:00","2.6"
"Trzic-Tank3","2026-06-17 23:00","2.4"
"Trzic-Tank3","2026-06-18 00:00","2.4"
"Trzic-Tank3","2026-06-18 01:00","2.2"
"Trzic-Tank3","2026-06-18 02:00","2.2"
"Trzic-Tank3","2026-06-18 03:00","2.2"
"Trzic-Tank3","2026-06-18 04:00","2.2"
"Trzic-Tank3","2026-06-18 05:00","1.6"
"Trzic-Tank3","2026-06-18 06:00","1.6"
"Trzic-Tank3","2026-06-18 07:00","1.4"
"Trzic-Tank3","2026-06-18 08:00","1.2"
"Trzic-Tank3","2026-06-18 09:00",1
"Trzic-Tank3","2026-06-18 10:00",1
"Trzic-Tank3","2026-06-18 11:00",1
"Trzic-Tank3","2026-06-18 12:00",1
"Trzic-Tank3","2026-06-18 13:00","0.6"
"Trzic-Tank3","2026-06-18 14:00","0.6"
"Trzic-Tank3","2026-06-18 15:00","0.6"
"Trzic-Tank3","2026-06-18 16:00","0.6"
"Trzic-Tank3","2026-06-18 17:00","0.4"
"Trzic-Tank3","2026-06-18 18:00","0.6"
"Trzic-Tank3","2026-06-18 19:00","0.6"
"Trzic-Tank3","2026-06-18 20:00","0.4"
"Trzic-Tank3","2026-06-18 21:00","0.4"
"Trzic-Tank3","2026-06-18 22:00","0.4"
"Trzic-Tank3","2026-06-18 23:00","0.4"
"Trzic-Tank3","2026-06-19 00:00","0.4"
"Trzic-Tank3","2026-06-19 01:00","0.4"
"Trzic-Tank3","2026-06-19 02:00","0.4"
"Trzic-Tank3","2026-06-19 03:00","0.4"
"Trzic-Tank3","2026-06-19 04:00","0.4"
"Trzic-Tank3","2026-06-19 05:00","0.4"
"Trzic-Tank3","2026-06-19 06:00","0.4"
"Trzic-Tank3","2026-06-19 07:00","0.2"
"Trzic-Tank3","2026-06-19 08:00","0.2"
"Trzic-Tank3","2026-06-19 09:00","0.4"
"Trzic-Tank3","2026-06-19 10:00","0.2"
"Trzic-Tank3","2026-06-19 11:00","0.4"
"Trzic-Tank3","2026-06-19 12:00","0.2"
"Trzic-Tank3","2026-06-19 13:00","0.4"
"Trzic-Tank3","2026-06-19 14:00","0.2"
"Trzic-Tank3","2026-06-19 15:00","0.2"
"Trzic-Tank3","2026-06-19 16:00","0.2"
"Trzic-Tank3","2026-06-19 17:00","0.2"
"Trzic-Tank3","2026-06-19 18:00","0.2"
"Trzic-Tank3","2026-06-19 19:00","0.2"
"Trzic-Tank3","2026-06-19 20:00","0.2"
"Trzic-Tank3","2026-06-19 21:00","0.2"
"Trzic-Tank3","2026-06-19 22:00","0.2"
"Trzic-Tank3","2026-06-19 23:00","0.2"
"Trzic-Tank3","2026-06-20 00:00","0.2"
"Trzic-Tank3","2026-06-20 01:00","0.2"
"Trzic-Tank3","2026-06-20 02:00","0.2"
"Trzic-Tank3","2026-06-20 03:00","0.2"
"Trzic-Tank3","2026-06-20 04:00","0.2"
"Trzic-Tank3","2026-06-20 05:00","0.2"
"Trzic-Tank3","2026-06-20 06:00","0.2"
"Trzic-Tank3","2026-06-20 07:00","0.2"
"Trzic-Tank3","2026-06-20 08:00","0.2"
"Trzic-Tank3","2026-06-20 09:00","0.2"
"Trzic-Tank3","2026-06-20 10:00","0.2"
"Trzic-Tank3","2026-06-20 11:00","0.2"
"Trzic-Tank3","2026-06-20 12:00",0
"Trzic-Tank3","2026-06-20 13:00","0.2"
"Trzic-Tank3","2026-06-20 14:00","0.2"
"Trzic-Tank3","2026-06-20 15:00",0
"Trzic-Tank3","2026-06-20 16:00",0
"Trzic-Tank3","2026-06-20 17:00","0.2"
"Trzic-Tank3","2026-06-20 18:00",0
"Trzic-Tank3","2026-06-20 19:00","0.2"
"Trzic-Tank3","2026-06-20 20:00","2.6"
"Trzic-Tank3","2026-06-20 21:00","15.6"
"Trzic-Tank3","2026-06-20 22:00",14
"Trzic-Tank3","2026-06-20 23:00","13.6"
"Trzic-Tank3","2026-06-21 00:00","13.6"
"Trzic-Tank3","2026-06-21 01:00","12.4"
"Trzic-Tank3","2026-06-21 02:00","12.4"
"Trzic-Tank3","2026-06-21 03:00","12.4"
"Trzic-Tank3","2026-06-21 04:00","12.4"
"Trzic-Tank3","2026-06-21 05:00","10.8"
"Trzic-Tank3","2026-06-21 06:00","10.2"
"Trzic-Tank3","2026-06-21 07:00",10
"Trzic-Tank3","2026-06-21 08:00","9.8"
"Trzic-Tank3","2026-06-21 09:00","9.6"
"Trzic-Tank3","2026-06-21 10:00","9.4"
"Trzic-Tank3","2026-06-21 11:00","9.2"
"Trzic-Tank3","2026-06-21 12:00","8.8"
"Trzic-Tank3","2026-06-21 13:00","8.8"
"Trzic-Tank3","2026-06-21 14:00","8.6"
"Trzic-Tank3","2026-06-21 15:00","8.6"
"Trzic-Tank3","2026-06-21 16:00","8.4"
"Trzic-Tank3","2026-06-21 17:00","8.6"
"Trzic-Tank3","2026-06-21 18:00","8.4"
"Trzic-Tank3","2026-06-21 19:00","8.2"
"Trzic-Tank3","2026-06-21 20:00","8.2"
"Trzic-Tank3","2026-06-21 21:00","7.8"
"Trzic-Tank3","2026-06-21 22:00","7.8"
"Trzic-Tank3","2026-06-21 23:00","7.6"
"Trzic-Tank3","2026-06-22 00:00","7.6"
"Trzic-Tank3","2026-06-22 01:00","8.6"
"Trzic-Tank3","2026-06-22 02:00","8.6"
"Trzic-Tank3","2026-06-22 03:00","8.6"
"Trzic-Tank3","2026-06-22 04:00","8.6"
"Trzic-Tank3","2026-06-22 05:00","7.8"
"Trzic-Tank3","2026-06-22 06:00","7.8"
"Trzic-Tank3","2026-06-22 07:00","7.6"
"Trzic-Tank3","2026-06-22 08:00","7.4"
"Trzic-Tank3","2026-06-22 09:00","7.2"
"Trzic-Tank3","2026-06-22 10:00","7.4"
"Trzic-Tank3","2026-06-22 11:00",7
"Trzic-Tank3","2026-06-22 12:00",7
"Trzic-Tank3","2026-06-22 13:00",7
"Trzic-Tank3","2026-06-22 14:00","7.2"
"Trzic-Tank3","2026-06-22 15:00","7.6"
"Trzic-Tank3","2026-06-22 16:00","7.6"
"Trzic-Tank3","2026-06-22 17:00","7.6"
"Trzic-Tank3","2026-06-22 18:00","7.4"
"Trzic-Tank3","2026-06-22 19:00","7.4"
"Trzic-Tank3","2026-06-22 20:00","7.4"
"Trzic-Tank3","2026-06-22 21:00","7.2"
"Trzic-Tank3","2026-06-22 22:00","6.8"
"Trzic-Tank3","2026-06-22 23:00","6.6"
"Trzic-Tank3","2026-06-23 00:00","6.6"
"Trzic-Tank3","2026-06-23 01:00","6.4"
"Trzic-Tank3","2026-06-23 02:00","6.4"
"Trzic-Tank3","2026-06-23 03:00","6.4"
"Trzic-Tank3","2026-06-23 04:00","6.4"
"Trzic-Tank3","2026-06-23 05:00","6.2"
"Trzic-Tank3","2026-06-23 06:00","6.2"
"Trzic-Tank3","2026-06-23 07:00",6
"Trzic-Tank3","2026-06-23 08:00",6
"Trzic-Tank3","2026-06-23 09:00","5.8"
"Trzic-Tank3","2026-06-23 10:00","5.6"
"Trzic-Tank3","2026-06-23 11:00","5.6"
"Trzic-Tank3","2026-06-23 12:00","5.4"
"Trzic-Tank3","2026-06-23 13:00","5.4"
"Trzic-Tank3","2026-06-23 14:00","5.6"
"Trzic-Tank3","2026-06-23 15:00","5.8"
"Trzic-Tank3","2026-06-23 16:00","5.8"
"Trzic-Tank3","2026-06-23 17:00","5.6"
"Trzic-Tank3","2026-06-23 18:00","5.8"
"Trzic-Tank3","2026-06-23 19:00","5.6"
"Trzic-Tank3","2026-06-23 20:00","5.4"
"Trzic-Tank3","2026-06-23 21:00","5.2"
"Trzic-Tank3","2026-06-23 22:00","5.2"
"Trzic-Tank3","2026-06-23 23:00",5
"Trzic-Tank3","2026-06-24 00:00",5
"Trzic-Tank3","2026-06-24 01:00",5
"Trzic-Tank3","2026-06-24 02:00",5
"Trzic-Tank3","2026-06-24 03:00",5
"Trzic-Tank3","2026-06-24 04:00",5
"Trzic-Tank3","2026-06-24 05:00","4.6"
"Trzic-Tank3","2026-06-24 06:00","4.6"
"Trzic-Tank3","2026-06-24 07:00","4.4"
"Trzic-Tank3","2026-06-24 08:00","4.4"
"Trzic-Tank3","2026-06-24 09:00","4.6"
"Trzic-Tank3","2026-06-24 10:00","4.4"
"Trzic-Tank3","2026-06-24 11:00","4.4"
"Trzic-Tank3","2026-06-24 12:00","4.2"
"Trzic-Tank3","2026-06-24 13:00",4
"Trzic-Tank3","2026-06-24 14:00","3.8"
"Trzic-Tank3","2026-06-24 15:00","3.8"
"Trzic-Tank3","2026-06-24 16:00","3.8"
"Trzic-Tank3","2026-06-24 17:00","3.8"
"Trzic-Tank3","2026-06-24 18:00","3.8"
"Trzic-Tank3","2026-06-24 19:00",4
"Trzic-Tank3","2026-06-24 20:00",4
"Trzic-Tank3","2026-06-24 21:00","3.8"
"Trzic-Tank3","2026-06-24 22:00","3.8"
"Trzic-Tank3","2026-06-24 23:00","3.6"
"Trzic-Tank3","2026-06-25 00:00","3.6"
"Trzic-Tank3","2026-06-25 01:00","3.6"
"Trzic-Tank3","2026-06-25 02:00","3.6"
"Trzic-Tank3","2026-06-25 03:00","3.6"
"Trzic-Tank3","2026-06-25 04:00","3.6"
"Trzic-Tank3","2026-06-25 05:00","3.8"
"Trzic-Tank3","2026-06-25 06:00","3.8"
"Trzic-Tank3","2026-06-25 07:00","3.8"
"Trzic-Tank3","2026-06-25 08:00","3.8"
"Trzic-Tank3","2026-06-25 09:00","3.6"
"Trzic-Tank3","2026-06-25 10:00","3.4"
"Trzic-Tank3","2026-06-25 11:00","3.6"
"Trzic-Tank3","2026-06-25 12:00","3.2"
"Trzic-Tank3","2026-06-25 13:00",3
"Trzic-Tank3","2026-06-25 14:00","3.4"
"Trzic-Tank3","2026-06-25 15:00","3.4"
"Trzic-Tank3","2026-06-25 16:00",3
"Trzic-Tank3","2026-06-25 17:00","3.4"
"Trzic-Tank3","2026-06-25 18:00","3.4"
"Trzic-Tank3","2026-06-25 19:00","3.2"
"Trzic-Tank3","2026-06-25 20:00","3.2"
"Trzic-Tank3","2026-06-25 21:00","3.2"
"Trzic-Tank3","2026-06-25 22:00","3.2"
"Trzic-Tank3","2026-06-25 23:00","3.2"
"Trzic-Tank3","2026-06-26 00:00","3.2"
"Trzic-Tank3","2026-06-26 01:00",3
"Trzic-Tank3","2026-06-26 02:00",3
"Trzic-Tank3","2026-06-26 03:00",3
"Trzic-Tank3","2026-06-26 04:00",3
"Trzic-Tank3","2026-06-26 05:00","2.6"
"Trzic-Tank3","2026-06-26 06:00","2.4"
"Trzic-Tank3","2026-06-26 07:00","2.6"
"Trzic-Tank3","2026-06-26 08:00","2.6"
"Trzic-Tank3","2026-06-26 09:00","2.4"
"Trzic-Tank3","2026-06-26 10:00","2.2"
"Trzic-Tank3","2026-06-26 11:00","2.2"
"Trzic-Tank3","2026-06-26 12:00","2.2"
"Trzic-Tank3","2026-06-26 13:00","2.2"
"Trzic-Tank3","2026-06-26 14:00","2.2"
"Trzic-Tank3","2026-06-26 15:00","2.2"
"Trzic-Tank3","2026-06-26 16:00",2
"Trzic-Tank3","2026-06-26 17:00",2
"Trzic-Tank3","2026-06-26 18:00",2
"Trzic-Tank3","2026-06-26 19:00","1.8"
"Trzic-Tank3","2026-06-26 20:00",2
"Trzic-Tank3","2026-06-26 21:00","1.8"
"Trzic-Tank3","2026-06-26 22:00","1.8"
"Trzic-Tank3","2026-06-26 23:00","1.8"
"Trzic-Tank3","2026-06-27 00:00","1.8"
"Trzic-Tank3","2026-06-27 01:00","1.8"
"Trzic-Tank3","2026-06-27 02:00","1.8"
"Trzic-Tank3","2026-06-27 03:00","1.8"
"Trzic-Tank3","2026-06-27 04:00","1.8"
"Trzic-Tank3","2026-06-27 05:00","1.6"
"Trzic-Tank3","2026-06-27 06:00","1.6"
"Trzic-Tank3","2026-06-27 07:00","1.6"
"Trzic-Tank3","2026-06-27 08:00","1.6"
"Trzic-Tank3","2026-06-27 09:00","1.6"
"Trzic-Tank3","2026-06-27 10:00","1.4"
"Trzic-Tank3","2026-06-27 11:00","1.6"
"Trzic-Tank3","2026-06-27 12:00","1.2"
"Trzic-Tank3","2026-06-27 13:00","1.2"
"Trzic-Tank3","2026-06-27 14:00","1.2"
"Trzic-Tank3","2026-06-27 15:00","1.4"
"Trzic-Tank3","2026-06-27 16:00","1.2"
"Trzic-Tank3","2026-06-27 17:00","1.4"
"Trzic-Tank3","2026-06-27 18:00","1.2"
"Trzic-Tank3","2026-06-27 19:00","1.2"
"Trzic-Tank3","2026-06-27 20:00","1.2"
"Trzic-Tank3","2026-06-27 21:00",1
"Trzic-Tank3","2026-06-27 22:00","1.2"
"Trzic-Tank3","2026-06-27 23:00",1
"Trzic-Tank3","2026-06-28 00:00",1
"Trzic-Tank3","2026-06-28 01:00",1
"Trzic-Tank3","2026-06-28 02:00",1
"Trzic-Tank3","2026-06-28 03:00",1
"Trzic-Tank3","2026-06-28 04:00",1
"Trzic-Tank3","2026-06-28 05:00",1
"Trzic-Tank3","2026-06-28 06:00","0.8"
"Trzic-Tank3","2026-06-28 07:00","0.8"
"Trzic-Tank3","2026-06-28 08:00","0.8"
"Trzic-Tank3","2026-06-28 09:00","0.8"
"Trzic-Tank3","2026-06-28 10:00","0.8"
"Trzic-Tank3","2026-06-28 11:00","0.8"
"Trzic-Tank3","2026-06-28 12:00","0.8"
"Trzic-Tank3","2026-06-28 13:00","0.6"
"Trzic-Tank3","2026-06-28 14:00","0.8"
"Trzic-Tank3","2026-06-28 15:00","0.6"
"Trzic-Tank3","2026-06-28 16:00","0.6"
"Trzic-Tank3","2026-06-28 17:00","0.8"
"Trzic-Tank3","2026-06-28 18:00","0.6"
"Trzic-Tank3","2026-06-28 19:00","0.6"
"Trzic-Tank3","2026-06-28 20:00","0.6"
"Trzic-Tank3","2026-06-28 21:00","0.8"
"Trzic-Tank3","2026-06-28 22:00","0.6"
"Trzic-Tank3","2026-06-28 23:00","0.6"
"Trzic-Tank3","2026-06-29 00:00","0.6"
"Trzic-Tank3","2026-06-29 01:00","0.6"
"Trzic-Tank3","2026-06-29 02:00","0.6"
"Trzic-Tank3","2026-06-29 03:00","0.6"
"Trzic-Tank3","2026-06-29 04:00","0.6"
"Trzic-Tank3","2026-06-29 05:00","0.6"
"Trzic-Tank3","2026-06-29 06:00","0.6"
"Trzic-Tank3","2026-06-29 07:00","0.4"
"Trzic-Tank3","2026-06-29 08:00","0.4"
"Trzic-Tank3","2026-06-29 09:00","0.4"
"Trzic-Tank3","2026-06-29 10:00","0.4"
"Trzic-Tank3","2026-06-29 11:00","0.4"
"Trzic-Tank3","2026-06-29 12:00","0.4"
"Trzic-Tank3","2026-06-29 13:00","0.4"
"Trzic-Tank3","2026-06-29 14:00","0.4"
"Trzic-Tank3","2026-06-29 15:00","0.4"
"Trzic-Tank3","2026-06-29 16:00","0.4"
"Trzic-Tank3","2026-06-29 17:00","0.4"
"Trzic-Tank3","2026-06-29 18:00","0.4"
"Trzic-Tank3","2026-06-29 19:00","0.4"
"Trzic-Tank3","2026-06-29 20:00","0.4"
"Trzic-Tank3","2026-06-29 21:00","0.4"
"Trzic-Tank3","2026-06-29 22:00","0.4"
"Trzic-Tank3","2026-06-29 23:00","0.2"
"Trzic-Tank3","2026-06-30 00:00","0.2"
"Trzic-Tank3","2026-06-30 01:00","0.4"
"Trzic-Tank3","2026-06-30 02:00","0.4"
"Trzic-Tank3","2026-06-30 03:00","0.4"
"Trzic-Tank3","2026-06-30 04:00","0.4"
"Trzic-Tank3","2026-06-30 05:00","0.2"
"Trzic-Tank3","2026-06-30 06:00","0.4"
"Trzic-Tank3","2026-06-30 07:00","0.4"
"Trzic-Tank3","2026-06-30 08:00","0.2"
"Trzic-Tank3","2026-06-30 09:00","0.2"
"Trzic-Tank3","2026-06-30 10:00","0.4"
"Trzic-Tank3","2026-06-30 11:00","0.4"
"Trzic-Tank3","2026-06-30 12:00","0.2"
"Trzic-Tank3","2026-06-30 13:00","0.2"
"Trzic-Tank3","2026-06-30 14:00","0.2"
"Trzic-Tank3","2026-06-30 15:00","0.2"
"Trzic-Tank3","2026-06-30 16:00","0.2"
"Trzic-Tank3","2026-06-30 17:00","0.2"
"Trzic-Tank3","2026-06-30 18:00","0.2"
"Trzic-Tank3","2026-06-30 19:00","0.2"
"Trzic-Tank3","2026-06-30 20:00","0.2"
"Trzic-Tank3","2026-06-30 21:00","0.2"
"Trzic-Tank3","2026-06-30 22:00","0.2"
"Trzic-Tank3","2026-06-30 23:00",
"Trzic-Tank3","2026-07-01 00:00",
"Trzic-Tank3","2026-07-01 01:00",
"Trzic-Tank3","2026-07-01 02:00",
"Trzic-Tank3","2026-07-01 03:00",
"Trzic-Tank3","2026-07-01 04:00",
"Trzic-Tank3","2026-07-01 05:00",
"Trzic-Tank3","2026-07-01 06:00",
"Trzic-Tank3","2026-07-01 07:00",
"Trzic-Tank3","2026-07-01 08:00",
"Trzic-Tank3","2026-07-01 09:00","0.2"
"Trzic-Tank3","2026-07-01 10:00","0.2"
"Trzic-Tank3","2026-07-01 11:00",0
"Trzic-Tank3","2026-07-01 12:00","0.2"
"Trzic-Tank3","2026-07-01 13:00","0.2"
"Trzic-Tank3","2026-07-01 14:00","0.2"
"Trzic-Tank3","2026-07-01 15:00",0
"Trzic-Tank3","2026-07-01 16:00",0
"Trzic-Tank3","2026-07-01 17:00",0
"Trzic-Tank3","2026-07-01 18:00","0.2"
"Trzic-Tank3","2026-07-01 19:00","0.2"
"Trzic-Tank3","2026-07-01 20:00",0
"Trzic-Tank3","2026-07-01 21:00","0.2"
"Trzic-Tank3","2026-07-01 22:00","0.2"
"Trzic-Tank3","2026-07-01 23:00",0
"Trzic-Tank3","2026-07-02 00:00",0
"Trzic-Tank3","2026-07-02 01:00",0
"Trzic-Tank3","2026-07-02 02:00",0
"Trzic-Tank3","2026-07-02 03:00",0
"Trzic-Tank3","2026-07-02 04:00",0
"Trzic-Tank3","2026-07-02 05:00",0
"Trzic-Tank3","2026-07-02 06:00",0
"Trzic-Tank3","2026-07-02 07:00",0
"Trzic-Tank3","2026-07-02 08:00",0
"Trzic-Tank3","2026-07-02 09:00","0.2"
"Trzic-Tank3","2026-07-02 10:00",0
"Trzic-Tank3","2026-07-02 11:00",0
"Trzic-Tank3","2026-07-02 12:00","0.2"
"Trzic-Tank3","2026-07-02 13:00",0
"Trzic-Tank3","2026-07-02 14:00",0
"Trzic-Tank3","2026-07-02 15:00",0
"Trzic-Tank3","2026-07-02 16:00",0
"Trzic-Tank3","2026-07-02 17:00","0.2"
"Trzic-Tank3","2026-07-02 18:00",0
"Trzic-Tank3","2026-07-02 19:00",0
"Trzic-Tank3","2026-07-02 20:00",0
"Trzic-Tank3","2026-07-02 21:00",0
"Trzic-Tank3","2026-07-02 22:00",0
"Trzic-Tank3","2026-07-02 23:00",0
"Trzic-Tank3","2026-07-03 00:00",0
"Trzic-Tank3","2026-07-03 01:00",0
"Trzic-Tank3","2026-07-03 02:00",0
"Trzic-Tank3","2026-07-03 03:00",0
"Trzic-Tank3","2026-07-03 04:00",0
"Trzic-Tank3","2026-07-03 05:00",0
"Trzic-Tank3","2026-07-03 06:00","0.2"
"Trzic-Tank3","2026-07-03 07:00",0
"Trzic-Tank3","2026-07-03 08:00",0
"Trzic-Tank3","2026-07-03 09:00",0
"Trzic-Tank3","2026-07-03 10:00",0
"Trzic-Tank3","2026-07-03 11:00",0
"Trzic-Tank3","2026-07-03 12:00","0.2"
"Trzic-Tank3","2026-07-03 13:00",0
"Trzic-Tank3","2026-07-03 14:00",0
"Trzic-Tank3","2026-07-03 15:00",0
"Trzic-Tank3","2026-07-03 16:00",0
"Trzic-Tank3","2026-07-03 17:00",0
"Trzic-Tank3","2026-07-03 18:00",0
"Trzic-Tank3","2026-07-03 19:00",0
"Trzic-Tank3","2026-07-03 20:00",0
"Trzic-Tank3","2026-07-03 21:00",0
"Trzic-Tank3","2026-07-03 22:00",0
"Trzic-Tank3","2026-07-03 23:00",0
"Trzic-Tank3","2026-07-04 00:00",0
"Trzic-Tank3","2026-07-04 01:00",0
"Trzic-Tank3","2026-07-04 02:00",0
"Trzic-Tank3","2026-07-04 03:00",0
"Trzic-Tank3","2026-07-04 04:00",0
"Trzic-Tank3","2026-07-04 05:00",0
"Trzic-Tank3","2026-07-04 06:00",0
"Trzic-Tank3","2026-07-04 07:00",0
"Trzic-Tank3","2026-07-04 08:00",0
"Trzic-Tank3","2026-07-04 09:00",0
"Trzic-Tank3","2026-07-04 10:00",0
"Trzic-Tank3","2026-07-04 11:00",0
"Trzic-Tank3","2026-07-04 12:00",0
"Trzic-Tank3","2026-07-04 13:00",0
"Trzic-Tank3","2026-07-04 14:00","0.2"
"Trzic-Tank3","2026-07-04 15:00",0
"Trzic-Tank3","2026-07-04 16:00",0
"Trzic-Tank3","2026-07-04 17:00",0
"Trzic-Tank3","2026-07-04 18:00",0
"Trzic-Tank3","2026-07-04 19:00",0
"Trzic-Tank3","2026-07-04 20:00",0
"Trzic-Tank3","2026-07-04 21:00",0
"Trzic-Tank3","2026-07-04 22:00",0
"Trzic-Tank3","2026-07-04 23:00",0
"Trzic-Tank3","2026-07-05 00:00",0
"Trzic-Tank3","2026-07-05 01:00",0
"Trzic-Tank3","2026-07-05 02:00",0
"Trzic-Tank3","2026-07-05 03:00",0
"Trzic-Tank3","2026-07-05 04:00",0
"Trzic-Tank3","2026-07-05 05:00",0
"Trzic-Tank3","2026-07-05 06:00",0
"Trzic-Tank3","2026-07-05 07:00",0
"Trzic-Tank3","2026-07-05 08:00",0
"Trzic-Tank3","2026-07-05 09:00",0
"Trzic-Tank3","2026-07-05 10:00",0
"Trzic-Tank3","2026-07-05 11:00",0
"Trzic-Tank3","2026-07-05 12:00",0
"Trzic-Tank3","2026-07-05 13:00",0
"Trzic-Tank3","2026-07-05 14:00",0
"Trzic-Tank3","2026-07-05 15:00",0
"Trzic-Tank3","2026-07-05 16:00",0
"Trzic-Tank3","2026-07-05 17:00",0
"Trzic-Tank3","2026-07-05 18:00",0
"Trzic-Tank3","2026-07-05 19:00",0
"Trzic-Tank3","2026-07-05 20:00",0
"Trzic-Tank3","2026-07-05 21:00",0
"Trzic-Tank3","2026-07-05 22:00",0
"Trzic-Tank3","2026-07-05 23:00",0
"Trzic-Tank3","2026-07-06 00:00",0
"Trzic-Tank3","2026-07-06 01:00",0
"Trzic-Tank3","2026-07-06 02:00",0
"Trzic-Tank3","2026-07-06 03:00",0
"Trzic-Tank3","2026-07-06 04:00",0
"Trzic-Tank3","2026-07-06 05:00",0
"Trzic-Tank3","2026-07-06 06:00",0
"Trzic-Tank3","2026-07-06 07:00",0
"Trzic-Tank3","2026-07-06 08:00",0
"Trzic-Tank3","2026-07-06 09:00",0
"Trzic-Tank3","2026-07-06 10:00",0
"Trzic-Tank3","2026-07-06 11:00",0
"Trzic-Tank3","2026-07-06 12:00",0
"Trzic-Tank3","2026-07-06 13:00",0
"Trzic-Tank3","2026-07-06 14:00",0
"Trzic-Tank3","2026-07-06 15:00",0
"Trzic-Tank3","2026-07-06 16:00",0
"Trzic-Tank3","2026-07-06 17:00",0
"Trzic-Tank3","2026-07-06 18:00",0
"Trzic-Tank3","2026-07-06 19:00",0
"Trzic-Tank3","2026-07-06 20:00",0
"Trzic-Tank3","2026-07-06 21:00",0
"Trzic-Tank3","2026-07-06 22:00",0
"Trzic-Tank3","2026-07-06 23:00",0
"Trzic-Tank3","2026-07-07 00:00",0
"Trzic-Tank3","2026-07-07 01:00",0
"Trzic-Tank3","2026-07-07 02:00",0
"Trzic-Tank3","2026-07-07 03:00",0
"Trzic-Tank3","2026-07-07 04:00",0
"Trzic-Tank3","2026-07-07 05:00",0
"Trzic-Tank3","2026-07-07 06:00",0
"Trzic-Tank3","2026-07-07 07:00",0
"Trzic-Tank3","2026-07-07 08:00",0
"Trzic-Tank3","2026-07-07 09:00",0
"Trzic-Tank3","2026-07-07 10:00",0
"Trzic-Tank3","2026-07-07 11:00",0
"Trzic-Tank3","2026-07-07 12:00",0
"Trzic-Tank3","2026-07-07 13:00",0
"Trzic-Tank3","2026-07-07 14:00",0
"Trzic-Tank3","2026-07-07 15:00",0
"Trzic-Tank3","2026-07-07 16:00",0
"Trzic-Tank3","2026-07-07 17:00",0
"Trzic-Tank3","2026-07-07 18:00",0
"Trzic-Tank3","2026-07-07 19:00",0
"Trzic-Tank3","2026-07-07 20:00",0
"Trzic-Tank3","2026-07-07 21:00",0
"Trzic-Tank3","2026-07-07 22:00",0
"Trzic-Tank3","2026-07-07 23:00",0
"Trzic-Tank3","2026-07-08 00:00",0
"Trzic-Tank3","2026-07-08 01:00",0
"Trzic-Tank3","2026-07-08 02:00",0
"Trzic-Tank3","2026-07-08 03:00",0
"Trzic-Tank3","2026-07-08 04:00",0
"Trzic-Tank3","2026-07-08 05:00",0
"Trzic-Tank3","2026-07-08 06:00",0
"Trzic-Tank3","2026-07-08 07:00",0
"Trzic-Tank3","2026-07-08 08:00",0
"Trzic-Tank3","2026-07-08 09:00",0
"Trzic-Tank3","2026-07-08 10:00",0
"Trzic-Tank3","2026-07-08 11:00",0
"Trzic-Tank3","2026-07-08 12:00",0
"Trzic-Tank3","2026-07-08 13:00",0
"Trzic-Tank3","2026-07-08 14:00",0
"Trzic-Tank3","2026-07-08 15:00",0
"Trzic-Tank3","2026-07-08 16:00",0
"Trzic-Tank3","2026-07-08 17:00",0
"Trzic-Tank3","2026-07-08 18:00",0
"Trzic-Tank3","2026-07-08 19:00",0
"Trzic-Tank3","2026-07-08 20:00",0
"Trzic-Tank3","2026-07-08 21:00",0
"Trzic-Tank3","2026-07-08 22:00",0
"Trzic-Tank3","2026-07-08 23:00",0
"Trzic-Tank3","2026-07-09 00:00",0
"Trzic-Tank3","2026-07-09 01:00",0
"Trzic-Tank3","2026-07-09 02:00",0
"Trzic-Tank3","2026-07-09 03:00",0
"Trzic-Tank3","2026-07-09 04:00",0
"Trzic-Tank3","2026-07-09 05:00",0
"Trzic-Tank3","2026-07-09 06:00",0
"Trzic-Tank3","2026-07-09 07:00",0
"Trzic-Tank3","2026-07-09 08:00",0
"Trzic-Tank3","2026-07-09 09:00",0
"Trzic-Tank3","2026-07-09 10:00",0
"Trzic-Tank3","2026-07-09 11:00",0
"Trzic-Tank3","2026-07-09 12:00",0
"Trzic-Tank3","2026-07-09 13:00",0
"Trzic-Tank3","2026-07-09 14:00",0
"Trzic-Tank3","2026-07-09 15:00",0
"Trzic-Tank3","2026-07-09 16:00",0
"Trzic-Tank3","2026-07-09 17:00",0
"Trzic-Tank3","2026-07-09 18:00",0
"Trzic-Tank3","2026-07-09 19:00",0
"Trzic-Tank3","2026-07-09 20:00",0
"Trzic-Tank3","2026-07-09 21:00",0
"Trzic-Tank3","2026-07-09 22:00",0
"Trzic-Tank3","2026-07-09 23:00",0
"Trzic-Tank3","2026-07-10 00:00",0
"Trzic-Tank3","2026-07-10 01:00",0
"Trzic-Tank3","2026-07-10 02:00",0
"Trzic-Tank3","2026-07-10 03:00",0
"Trzic-Tank3","2026-07-10 04:00",0
"Trzic-Tank3","2026-07-10 05:00",0
"Trzic-Tank3","2026-07-10 06:00",0
"Trzic-Tank3","2026-07-10 07:00",0
"Trzic-Tank3","2026-07-10 08:00",0
"Trzic-Tank3","2026-07-10 09:00",0
"Trzic-Tank3","2026-07-10 10:00",0
"Trzic-Tank3","2026-07-10 11:00",0
"Trzic-Tank3","2026-07-10 12:00",0
"Trzic-Tank3","2026-07-10 13:00",0
"Trzic-Tank3","2026-07-10 14:00",0
"Trzic-Tank3","2026-07-10 15:00",0
"Trzic-Tank3","2026-07-10 16:00",0
"Trzic-Tank3","2026-07-10 17:00",0
"Trzic-Tank3","2026-07-10 18:00",0
"Trzic-Tank3","2026-07-10 19:00",0
"Trzic-Tank3","2026-07-10 20:00",
"Trzic-Tank3","2026-07-10 21:00",0
"Trzic-Tank3","2026-07-10 22:00",0
"Trzic-Tank3","2026-07-10 23:00",0
"Trzic-Tank3","2026-07-11 00:00",0
"Trzic-Tank3","2026-07-11 01:00",0
"Trzic-Tank3","2026-07-11 02:00",0
"Trzic-Tank3","2026-07-11 03:00",0
"Trzic-Tank3","2026-07-11 04:00",0
"Trzic-Tank3","2026-07-11 05:00",0
"Trzic-Tank3","2026-07-11 06:00",0
"Trzic-Tank3","2026-07-11 07:00",0
"Trzic-Tank3","2026-07-11 08:00",0
"Trzic-Tank3","2026-07-11 09:00",0
"Trzic-Tank3","2026-07-11 10:00",0
"Trzic-Tank3","2026-07-11 11:00",0
"Trzic-Tank3","2026-07-11 12:00",0
"Trzic-Tank3","2026-07-11 13:00",0
"Trzic-Tank3","2026-07-11 14:00",0
"Trzic-Tank3","2026-07-11 15:00",0
"Trzic-Tank3","2026-07-11 16:00",0
"Trzic-Tank3","2026-07-11 17:00",0
"Trzic-Tank3","2026-07-11 18:00",0
"Trzic-Tank3","2026-07-11 19:00",0
"Trzic-Tank3","2026-07-11 20:00",0
"Trzic-Tank3","2026-07-11 21:00",0
"Trzic-Tank3","2026-07-11 22:00",0
"Trzic-Tank3","2026-07-11 23:00",0
"Trzic-Tank3","2026-07-12 00:00",0
"Trzic-Tank3","2026-07-12 01:00",0
"Trzic-Tank3","2026-07-12 02:00",0
"Trzic-Tank3","2026-07-12 03:00",0
"Trzic-Tank3","2026-07-12 04:00",0
"Trzic-Tank3","2026-07-12 05:00",0
"Trzic-Tank3","2026-07-12 06:00",0
"Trzic-Tank3","2026-07-12 07:00",0
"Trzic-Tank3","2026-07-12 08:00",0
"Trzic-Tank3","2026-07-12 09:00",0
"Trzic-Tank3","2026-07-12 10:00",0
"Trzic-Tank3","2026-07-12 11:00",0
"Trzic-Tank3","2026-07-12 12:00",0
"Trzic-Tank3","2026-07-12 13:00",0
"Trzic-Tank3","2026-07-12 14:00",0
"Trzic-Tank3","2026-07-12 15:00",0
"Trzic-Tank3","2026-07-12 16:00",0
"Trzic-Tank3","2026-07-12 17:00",0
"Trzic-Tank3","2026-07-12 18:00",0
"Trzic-Tank3","2026-07-12 19:00",0
"Trzic-Tank3","2026-07-12 20:00",0
"Trzic-Tank3","2026-07-12 21:00",0
"Trzic-Tank3","2026-07-12 22:00",0
"Trzic-Tank3","2026-07-12 23:00",0
"Trzic-Tank3","2026-07-13 00:00",0
"Trzic-Tank3","2026-07-13 01:00",0
"Trzic-Tank3","2026-07-13 02:00",0
"Trzic-Tank3","2026-07-13 03:00",0
"Trzic-Tank3","2026-07-13 04:00",0
"Trzic-Tank3","2026-07-13 05:00",0
"Trzic-Tank3","2026-07-13 06:00",0
"Trzic-Tank3","2026-07-13 07:00",0
"Trzic-Tank3","2026-07-13 08:00",0
"Trzic-Tank3","2026-07-13 09:00",0
"Trzic-Tank3","2026-07-13 10:00",0
"Trzic-Tank3","2026-07-13 11:00",0
"Trzic-Tank3","2026-07-13 12:00",0
"Trzic-Tank3","2026-07-13 13:00",0
"Trzic-Tank3","2026-07-13 14:00",0
"Trzic-Tank3","2026-07-13 15:00",0
"Trzic-Tank3","2026-07-13 16:00",0
"Trzic-Tank3","2026-07-13 17:00",0
"Trzic-Tank3","2026-07-13 18:00",0
"Trzic-Tank3","2026-07-13 19:00",0
"Trzic-Tank3","2026-07-13 20:00",0
"Trzic-Tank3","2026-07-13 21:00",0
"Trzic-Tank3","2026-07-13 22:00",0
"Trzic-Tank3","2026-07-13 23:00",0
"Trzic-Tank3","2026-07-14 00:00",0
"Trzic-Tank3","2026-07-14 01:00",0
"Trzic-Tank3","2026-07-14 02:00",0
"Trzic-Tank3","2026-07-14 03:00",0
"Trzic-Tank3","2026-07-14 04:00",0
"Trzic-Tank3","2026-07-14 05:00",0
"Trzic-Tank3","2026-07-14 06:00",0
"Trzic-Tank3","2026-07-14 07:00",0
"Trzic-Tank3","2026-07-14 08:00",0
"Trzic-Tank3","2026-07-14 09:00",0
"Trzic-Tank3","2026-07-14 10:00",0
"Trzic-Tank3","2026-07-14 11:00",0
"Trzic-Tank3","2026-07-14 12:00",0
"Trzic-Tank3","2026-07-14 13:00",0
"Trzic-Tank3","2026-07-14 14:00",0
"Trzic-Tank3","2026-07-14 15:00",0
"Trzic-Tank3","2026-07-14 16:00",0
"Trzic-Tank3","2026-07-14 17:00",0
"Trzic-Tank3","2026-07-14 18:00",0
"Trzic-Tank3","2026-07-14 19:00",0
"Trzic-Tank3","2026-07-14 20:00",0
"Trzic-Tank3","2026-07-14 21:00",0
"Trzic-Tank3","2026-07-14 22:00",0
"Trzic-Tank3","2026-07-14 23:00",0
"Trzic-Tank3","2026-07-15 00:00",0
"Trzic-Tank3","2026-07-15 01:00",0
"Trzic-Tank3","2026-07-15 02:00",0
"Trzic-Tank3","2026-07-15 03:00",0
"Trzic-Tank3","2026-07-15 04:00",0
"Trzic-Tank3","2026-07-15 05:00",0
"Trzic-Tank3","2026-07-15 06:00",0
"Trzic-Tank3","2026-07-15 07:00",0
"Trzic-Tank3","2026-07-15 08:00",0
"Trzic-Tank3","2026-07-15 09:00",0
"Trzic-Tank3","2026-07-15 10:00",0
"Trzic-Tank3","2026-07-15 11:00",0
"Trzic-Tank3","2026-07-15 12:00",0
"Trzic-Tank3","2026-07-15 13:00",0
"Trzic-Tank3","2026-07-15 14:00",0
"Trzic-Tank3","2026-07-15 15:00",0
"Trzic-Tank3","2026-07-15 16:00",0
"Trzic-Tank3","2026-07-15 17:00",0
"Trzic-Tank3","2026-07-15 18:00",0
"Trzic-Tank3","2026-07-15 19:00",0
"Trzic-Tank3","2026-07-15 20:00",0
"Trzic-Tank3","2026-07-15 21:00",0
"Trzic-Tank3","2026-07-15 22:00",0
"Trzic-Tank3","2026-07-15 23:00",0
"Trzic-Tank3","2026-07-16 00:00",0
"Trzic-Tank3","2026-07-16 01:00",0
"Trzic-Tank3","2026-07-16 02:00",0
"Trzic-Tank3","2026-07-16 03:00",0
"Trzic-Tank3","2026-07-16 04:00",0
"Trzic-Tank3","2026-07-16 05:00",0
"Trzic-Tank3","2026-07-16 06:00",0
"Trzic-Tank3","2026-07-16 07:00",0
"Trzic-Tank3","2026-07-16 08:00",0
"Trzic-Tank3","2026-07-16 09:00",0
"Trzic-Tank3","2026-07-16 10:00",0
"Trzic-Tank3","2026-07-16 11:00",0
"Trzic-Tank3","2026-07-16 12:00",0
"Trzic-Tank3","2026-07-16 13:00",0
"Trzic-Tank3","2026-07-16 14:00",0
"Trzic-Tank3","2026-07-16 15:00",0
"Trzic-Tank3","2026-07-16 16:00",0
"Trzic-Tank3","2026-07-16 17:00",0
"Trzic-Tank3","2026-07-16 18:00",0
"Trzic-Tank3","2026-07-16 19:00",0
"Trzic-Tank3","2026-07-16 20:00",0
"Trzic-Tank3","2026-07-16 21:00",0
"Trzic-Tank3","2026-07-16 22:00",0
"Trzic-Tank3","2026-07-16 23:00",0
"Trzic-Tank3","2026-07-17 00:00",0
"Trzic-Tank3","2026-07-17 01:00",0
"Trzic-Tank3","2026-07-17 02:00",0
"Trzic-Tank3","2026-07-17 03:00",0
"Trzic-Tank3","2026-07-17 04:00",0
"Trzic-Tank3","2026-07-17 05:00",0
"Trzic-Tank3","2026-07-17 06:00",0
"Trzic-Tank3","2026-07-17 07:00",0
"Trzic-Tank3","2026-07-17 08:00",0
"Trzic-Tank3","2026-07-17 09:00",0
"Trzic-Tank3","2026-07-17 10:00",0
"Trzic-Tank3","2026-07-17 11:00",0
"Trzic-Tank3","2026-07-17 12:00",0
"Trzic-Tank3","2026-07-17 13:00",0
"Trzic-Tank3","2026-07-17 14:00",0
"Trzic-Tank3","2026-07-17 15:00",0
"Trzic-Tank3","2026-07-17 16:00",0
"Trzic-Tank3","2026-07-17 17:00",0
"Trzic-Tank3","2026-07-17 18:00",0
"Trzic-Tank3","2026-07-17 19:00",0
"Trzic-Tank3","2026-07-17 20:00",0
"Trzic-Tank3","2026-07-17 21:00",0
"Trzic-Tank3","2026-07-17 22:00",0
"Trzic-Tank3","2026-07-17 23:00",0
"Trzic-Tank3","2026-07-18 00:00",0
"Trzic-Tank3","2026-07-18 01:00",0
"Trzic-Tank3","2026-07-18 02:00",0
"Trzic-Tank3","2026-07-18 03:00",0
"Trzic-Tank3","2026-07-18 04:00",0
"Trzic-Tank3","2026-07-18 05:00",0
"Trzic-Tank3","2026-07-18 06:00",0
"Trzic-Tank3","2026-07-18 07:00",0
"Trzic-Tank3","2026-07-18 08:00",0
"Trzic-Tank3","2026-07-18 09:00",0
"Trzic-Tank3","2026-07-18 10:00",0
"Trzic-Tank3","2026-07-18 11:00",0
"Trzic-Tank3","2026-07-18 12:00",0
"Trzic-Tank3","2026-07-18 13:00",0
"Trzic-Tank3","2026-07-18 14:00",0
"Trzic-Tank3","2026-07-18 15:00",0
"Trzic-Tank3","2026-07-18 16:00",0
"Trzic-Tank3","2026-07-18 17:00",0
"Trzic-Tank3","2026-07-18 18:00","0.2"
"Trzic-Tank3","2026-07-18 19:00","52.8"
"Trzic-Tank3","2026-07-18 20:00","29.4"
"Trzic-Tank3","2026-07-18 21:00","19.8"
"Trzic-Tank3","2026-07-18 22:00","9.6"
"Trzic-Tank3","2026-07-18 23:00","4.6"
"Trzic-Tank3","2026-07-19 00:00","4.6"
"Trzic-Tank3","2026-07-19 01:00","2.8"
"Trzic-Tank3","2026-07-19 02:00","2.8"
"Trzic-Tank3","2026-07-19 03:00","2.8"
"Trzic-Tank3","2026-07-19 04:00","2.8"
"Trzic-Tank3","2026-07-19 05:00",2
"Trzic-Tank3","2026-07-19 06:00","1.8"
"Trzic-Tank3","2026-07-19 07:00","1.6"
"Trzic-Tank3","2026-07-19 08:00","1.6"
"Trzic-Tank3","2026-07-19 09:00","1.4"
"Trzic-Tank3","2026-07-19 10:00","1.2"
"Trzic-Tank3","2026-07-19 11:00","1.2"
"Trzic-Tank3","2026-07-19 12:00",1
"Trzic-Tank3","2026-07-19 13:00",1
"Trzic-Tank3","2026-07-19 14:00",1
"Trzic-Tank3","2026-07-19 15:00","0.8"
"Trzic-Tank3","2026-07-19 16:00","0.8"
"Trzic-Tank3","2026-07-19 17:00","0.8"
"Trzic-Tank3","2026-07-19 18:00","0.6"
"Trzic-Tank3","2026-07-19 19:00","0.6"
"Trzic-Tank3","2026-07-19 20:00","0.6"
"Trzic-Tank3","2026-07-19 21:00","0.6"
"Trzic-Tank3","2026-07-19 22:00","0.6"
"Trzic-Tank3","2026-07-19 23:00","0.6"
"Trzic-Tank3","2026-07-20 00:00","0.6"
"Trzic-Tank3","2026-07-20 01:00",
"Trzic-Tank3","2026-07-20 02:00","0.4"
"Trzic-Tank3","2026-07-20 03:00","0.4"
"Trzic-Tank3","2026-07-20 04:00","0.4"
"Trzic-Tank3","2026-07-20 05:00","0.4"
"Trzic-Tank3","2026-07-20 06:00","0.4"
"Trzic-Tank3","2026-07-20 07:00","0.2"
"Trzic-Tank3","2026-07-20 08:00","0.2"
"Trzic-Tank3","2026-07-20 09:00","0.2"
"Trzic-Tank3","2026-07-20 10:00","0.4"
"Trzic-Tank3","2026-07-20 11:00","0.2"
"Trzic-Tank3","2026-07-20 12:00","0.2"
"Trzic-Tank3","2026-07-20 13:00","0.2"
"Trzic-Tank3","2026-07-20 14:00","0.4"
"Trzic-Tank3","2026-07-20 15:00","0.2"
"Trzic-Tank3","2026-07-20 16:00","0.2"
"Trzic-Tank3","2026-07-20 17:00","0.2"
"Trzic-Tank3","2026-07-20 18:00","0.2"
"Trzic-Tank3","2026-07-20 19:00","0.2"
"Trzic-Tank3","2026-07-20 20:00",0
"Trzic-Tank3","2026-07-20 21:00","0.2"
"Trzic-Tank3","2026-07-20 22:00","0.2"
"Trzic-Tank3","2026-07-20 23:00","0.2"
"Trzic-Tank3","2026-07-21 00:00","0.2"
"Trzic-Tank3","2026-07-21 01:00","0.2"
"Trzic-Tank3","2026-07-21 02:00","0.2"
"Trzic-Tank3","2026-07-21 03:00","0.2"
"Trzic-Tank3","2026-07-21 04:00","0.2"
"Trzic-Tank3","2026-07-21 05:00","0.2"
"Trzic-Tank3","2026-07-21 06:00","0.2"
"Trzic-Tank3","2026-07-21 07:00","0.2"
"Trzic-Tank3","2026-07-21 08:00","0.2"
"Trzic-Tank3","2026-07-21 09:00","0.2"
"Trzic-Tank3","2026-07-21 10:00",0
"Trzic-Tank3","2026-07-21 11:00","0.2"
"Trzic-Tank3","2026-07-21 12:00","0.2"
"Trzic-Tank3","2026-07-21 13:00",0
"Trzic-Tank3","2026-07-21 14:00",0
"Trzic-Tank3","2026-07-21 15:00","0.2"
"Trzic-Tank3","2026-07-21 16:00",0
"Trzic-Tank3","2026-07-21 17:00",0
"Trzic-Tank3","2026-07-21 18:00",0
"Trzic-Tank3","2026-07-21 19:00","0.2"
"Trzic-Tank3","2026-07-21 20:00",0
"Trzic-Tank3","2026-07-21 21:00","0.2"
"Trzic-Tank3","2026-07-21 22:00",0
"Trzic-Tank3","2026-07-21 23:00","0.2"
"Trzic-Tank3","2026-07-22 00:00","0.2"
"Trzic-Tank3","2026-07-22 01:00",0
"Trzic-Tank3","2026-07-22 02:00",0
"Trzic-Tank3","2026-07-22 03:00",0
"Trzic-Tank3","2026-07-22 04:00",0
"Trzic-Tank3","2026-07-22 05:00",0
"Trzic-Tank3","2026-07-22 06:00",0
"Trzic-Tank3","2026-07-22 07:00","0.2"
"Trzic-Tank3","2026-07-22 08:00",0
"Trzic-Tank3","2026-07-22 09:00","0.2"
"Trzic-Tank3","2026-07-22 10:00","0.2"
"Trzic-Tank3","2026-07-22 11:00",0
"Trzic-Tank3","2026-07-22 12:00","0.2"
"Trzic-Tank3","2026-07-22 13:00",0
"Trzic-Tank3","2026-07-22 14:00",0
"Trzic-Tank3","2026-07-22 15:00","0.2"
"Trzic-Tank3","2026-07-22 16:00",0
"Trzic-Tank3","2026-07-22 17:00",0
"Trzic-Tank3","2026-07-22 18:00",0
"Trzic-Tank3","2026-07-22 19:00","0.2"
"Trzic-Tank3","2026-07-22 20:00",0
"Trzic-Tank3","2026-07-22 21:00",0
"Trzic-Tank3","2026-07-22 22:00",0
"Trzic-Tank3","2026-07-22 23:00",0
"Trzic-Tank3","2026-07-23 00:00",0
"Trzic-Tank3","2026-07-23 01:00",0
"Trzic-Tank3","2026-07-23 02:00",0
"Trzic-Tank3","2026-07-23 03:00",0
"Trzic-Tank3","2026-07-23 04:00",0
"Trzic-Tank3","2026-07-23 05:00",0
"Trzic-Tank3","2026-07-23 06:00",0
"Trzic-Tank3","2026-07-23 07:00","0.2"
"Trzic-Tank3","2026-07-23 08:00",0
"Trzic-Tank3","2026-07-23 09:00",0
"Trzic-Tank3","2026-07-23 10:00",0
"Trzic-Tank3","2026-07-23 11:00",0
"Trzic-Tank3","2026-07-23 12:00",0
"Trzic-Tank3","2026-07-23 13:00",0
"Trzic-Tank3","2026-07-23 14:00",0
"Trzic-Tank3","2026-07-23 15:00",0
"Trzic-Tank3","2026-07-23 16:00",0
"Trzic-Tank3","2026-07-23 17:00","0.2"
"Trzic-Tank3","2026-07-23 18:00",0
"Trzic-Tank3","2026-07-23 19:00",0
"Trzic-Tank3","2026-07-23 20:00",0
"Trzic-Tank3","2026-07-23 21:00",0
"Trzic-Tank3","2026-07-23 22:00","0.2"
"Trzic-Tank4","2026-05-27 16:00","0.2"
"Trzic-Tank4","2026-05-27 17:00","0.2"
"Trzic-Tank4","2026-05-27 18:00",0
"Trzic-Tank4","2026-05-27 19:00",0
"Trzic-Tank4","2026-05-27 20:00","0.2"
"Trzic-Tank4","2026-05-27 21:00","0.2"
"Trzic-Tank4","2026-05-27 22:00","0.2"
"Trzic-Tank4","2026-05-27 23:00",0
"Trzic-Tank4","2026-05-28 00:00",0
"Trzic-Tank4","2026-05-28 01:00","0.2"
"Trzic-Tank4","2026-05-28 02:00","0.2"
"Trzic-Tank4","2026-05-28 03:00","0.2"
"Trzic-Tank4","2026-05-28 04:00","0.2"
"Trzic-Tank4","2026-05-28 05:00","0.2"
"Trzic-Tank4","2026-05-28 06:00","0.2"
"Trzic-Tank4","2026-05-28 07:00",0
"Trzic-Tank4","2026-05-28 08:00","0.2"
"Trzic-Tank4","2026-05-28 09:00",0
"Trzic-Tank4","2026-05-28 10:00",0
"Trzic-Tank4","2026-05-28 11:00",0
"Trzic-Tank4","2026-05-28 12:00","0.2"
"Trzic-Tank4","2026-05-28 13:00","0.2"
"Trzic-Tank4","2026-05-28 14:00",0
"Trzic-Tank4","2026-05-28 15:00",0
"Trzic-Tank4","2026-05-28 16:00",0
"Trzic-Tank4","2026-05-28 17:00",0
"Trzic-Tank4","2026-05-28 18:00",0
"Trzic-Tank4","2026-05-28 19:00","0.2"
"Trzic-Tank4","2026-05-28 20:00",0
"Trzic-Tank4","2026-05-28 21:00",0
"Trzic-Tank4","2026-05-28 22:00",0
"Trzic-Tank4","2026-05-28 23:00",0
"Trzic-Tank4","2026-05-29 00:00",0
"Trzic-Tank4","2026-05-29 01:00",0
"Trzic-Tank4","2026-05-29 02:00",0
"Trzic-Tank4","2026-05-29 03:00",0
"Trzic-Tank4","2026-05-29 04:00",0
"Trzic-Tank4","2026-05-29 05:00",0
"Trzic-Tank4","2026-05-29 06:00","0.2"
"Trzic-Tank4","2026-05-29 07:00","0.2"
"Trzic-Tank4","2026-05-29 08:00",0
"Trzic-Tank4","2026-05-29 09:00",0
"Trzic-Tank4","2026-05-29 10:00",0
"Trzic-Tank4","2026-05-29 11:00",0
"Trzic-Tank4","2026-05-29 12:00","0.2"
"Trzic-Tank4","2026-05-29 13:00","0.2"
"Trzic-Tank4","2026-05-29 14:00",0
"Trzic-Tank4","2026-05-29 15:00",0
"Trzic-Tank4","2026-05-29 16:00","0.2"
"Trzic-Tank4","2026-05-29 17:00",0
"Trzic-Tank4","2026-05-29 18:00",0
"Trzic-Tank4","2026-05-29 19:00",0
"Trzic-Tank4","2026-05-29 20:00",0
"Trzic-Tank4","2026-05-29 21:00",0
"Trzic-Tank4","2026-05-29 22:00",0
"Trzic-Tank4","2026-05-29 23:00",0
"Trzic-Tank4","2026-05-30 00:00",0
"Trzic-Tank4","2026-05-30 01:00",0
"Trzic-Tank4","2026-05-30 02:00",0
"Trzic-Tank4","2026-05-30 03:00",0
"Trzic-Tank4","2026-05-30 04:00",0
"Trzic-Tank4","2026-05-30 05:00","0.2"
"Trzic-Tank4","2026-05-30 06:00",0
"Trzic-Tank4","2026-05-30 07:00",0
"Trzic-Tank4","2026-05-30 08:00",0
"Trzic-Tank4","2026-05-30 09:00",0
"Trzic-Tank4","2026-05-30 10:00",0
"Trzic-Tank4","2026-05-30 11:00",0
"Trzic-Tank4","2026-05-30 12:00",0
"Trzic-Tank4","2026-05-30 13:00",0
"Trzic-Tank4","2026-05-30 14:00",0
"Trzic-Tank4","2026-05-30 15:00","0.2"
"Trzic-Tank4","2026-05-30 16:00",0
"Trzic-Tank4","2026-05-30 17:00",0
"Trzic-Tank4","2026-05-30 18:00",0
"Trzic-Tank4","2026-05-30 19:00","0.2"
"Trzic-Tank4","2026-05-30 20:00",0
"Trzic-Tank4","2026-05-30 21:00",0
"Trzic-Tank4","2026-05-30 22:00",0
"Trzic-Tank4","2026-05-30 23:00",0
"Trzic-Tank4","2026-05-31 00:00",0
"Trzic-Tank4","2026-05-31 01:00","0.2"
"Trzic-Tank4","2026-05-31 02:00","0.2"
"Trzic-Tank4","2026-05-31 03:00","0.2"
"Trzic-Tank4","2026-05-31 04:00","0.2"
"Trzic-Tank4","2026-05-31 05:00",0
"Trzic-Tank4","2026-05-31 06:00",0
"Trzic-Tank4","2026-05-31 07:00",0
"Trzic-Tank4","2026-05-31 08:00",0
"Trzic-Tank4","2026-05-31 09:00",0
"Trzic-Tank4","2026-05-31 10:00",0
"Trzic-Tank4","2026-05-31 11:00",0
"Trzic-Tank4","2026-05-31 12:00",0
"Trzic-Tank4","2026-05-31 13:00",0
"Trzic-Tank4","2026-05-31 14:00","0.2"
"Trzic-Tank4","2026-05-31 15:00","0.2"
"Trzic-Tank4","2026-05-31 16:00","0.2"
"Trzic-Tank4","2026-05-31 17:00",0
"Trzic-Tank4","2026-05-31 18:00",0
"Trzic-Tank4","2026-05-31 19:00",0
"Trzic-Tank4","2026-05-31 20:00",0
"Trzic-Tank4","2026-05-31 21:00","0.4"
"Trzic-Tank4","2026-05-31 22:00","0.6"
"Trzic-Tank4","2026-05-31 23:00",1
"Trzic-Tank4","2026-06-01 00:00",1
"Trzic-Tank4","2026-06-01 01:00","2.4"
"Trzic-Tank4","2026-06-01 02:00","2.4"
"Trzic-Tank4","2026-06-01 03:00","2.4"
"Trzic-Tank4","2026-06-01 04:00","2.4"
"Trzic-Tank4","2026-06-01 05:00","2.6"
"Trzic-Tank4","2026-06-01 06:00","2.6"
"Trzic-Tank4","2026-06-01 07:00","2.6"
"Trzic-Tank4","2026-06-01 08:00","2.4"
"Trzic-Tank4","2026-06-01 09:00","2.6"
"Trzic-Tank4","2026-06-01 10:00","2.4"
"Trzic-Tank4","2026-06-01 11:00","2.2"
"Trzic-Tank4","2026-06-01 12:00","2.4"
"Trzic-Tank4","2026-06-01 13:00","2.4"
"Trzic-Tank4","2026-06-01 14:00","2.4"
"Trzic-Tank4","2026-06-01 15:00","2.4"
"Trzic-Tank4","2026-06-01 16:00","2.6"
"Trzic-Tank4","2026-06-01 17:00","2.6"
"Trzic-Tank4","2026-06-01 18:00","2.4"
"Trzic-Tank4","2026-06-01 19:00","2.4"
"Trzic-Tank4","2026-06-01 20:00","2.4"
"Trzic-Tank4","2026-06-01 21:00","2.6"
"Trzic-Tank4","2026-06-01 22:00","2.4"
"Trzic-Tank4","2026-06-01 23:00","2.4"
"Trzic-Tank4","2026-06-02 00:00","2.4"
"Trzic-Tank4","2026-06-02 01:00","2.2"
"Trzic-Tank4","2026-06-02 02:00","2.2"
"Trzic-Tank4","2026-06-02 03:00","2.2"
"Trzic-Tank4","2026-06-02 04:00","2.2"
"Trzic-Tank4","2026-06-02 05:00",2
"Trzic-Tank4","2026-06-02 06:00",2
"Trzic-Tank4","2026-06-02 07:00",2
"Trzic-Tank4","2026-06-02 08:00",2
"Trzic-Tank4","2026-06-02 09:00","1.8"
"Trzic-Tank4","2026-06-02 10:00","1.8"
"Trzic-Tank4","2026-06-02 11:00","1.8"
"Trzic-Tank4","2026-06-02 12:00","1.6"
"Trzic-Tank4","2026-06-02 13:00","1.6"
"Trzic-Tank4","2026-06-02 14:00","1.8"
"Trzic-Tank4","2026-06-02 15:00","1.6"
"Trzic-Tank4","2026-06-02 16:00","1.4"
"Trzic-Tank4","2026-06-02 17:00","1.4"
"Trzic-Tank4","2026-06-02 18:00","1.4"
"Trzic-Tank4","2026-06-02 19:00","1.4"
"Trzic-Tank4","2026-06-02 20:00","1.4"
"Trzic-Tank4","2026-06-02 21:00","1.4"
"Trzic-Tank4","2026-06-02 22:00","1.2"
"Trzic-Tank4","2026-06-02 23:00","1.4"
"Trzic-Tank4","2026-06-03 00:00","1.4"
"Trzic-Tank4","2026-06-03 01:00","1.2"
"Trzic-Tank4","2026-06-03 02:00","1.2"
"Trzic-Tank4","2026-06-03 03:00","1.2"
"Trzic-Tank4","2026-06-03 04:00","1.2"
"Trzic-Tank4","2026-06-03 05:00",1
"Trzic-Tank4","2026-06-03 06:00","1.2"
"Trzic-Tank4","2026-06-03 07:00","1.2"
"Trzic-Tank4","2026-06-03 08:00",1
"Trzic-Tank4","2026-06-03 09:00",34
"Trzic-Tank4","2026-06-03 10:00","58.8"
"Trzic-Tank4","2026-06-03 11:00","64.4"
"Trzic-Tank4","2026-06-03 12:00","60.6"
"Trzic-Tank4","2026-06-03 13:00",51
"Trzic-Tank4","2026-06-03 14:00","45.4"
"Trzic-Tank4","2026-06-03 15:00","35.8"
"Trzic-Tank4","2026-06-03 16:00","26.4"
"Trzic-Tank4","2026-06-03 17:00","23.2"
"Trzic-Tank4","2026-06-03 18:00","16.2"
"Trzic-Tank4","2026-06-03 19:00","13.8"
"Trzic-Tank4","2026-06-03 20:00","11.8"
"Trzic-Tank4","2026-06-03 21:00","10.2"
"Trzic-Tank4","2026-06-03 22:00","9.4"
"Trzic-Tank4","2026-06-03 23:00","8.6"
"Trzic-Tank4","2026-06-04 00:00","8.6"
"Trzic-Tank4","2026-06-04 01:00",7
"Trzic-Tank4","2026-06-04 02:00",7
"Trzic-Tank4","2026-06-04 03:00",7
"Trzic-Tank4","2026-06-04 04:00",7
"Trzic-Tank4","2026-06-04 05:00","5.4"
"Trzic-Tank4","2026-06-04 06:00",5
"Trzic-Tank4","2026-06-04 07:00","4.8"
"Trzic-Tank4","2026-06-04 08:00","4.6"
"Trzic-Tank4","2026-06-04 09:00","4.4"
"Trzic-Tank4","2026-06-04 10:00","4.2"
"Trzic-Tank4","2026-06-04 11:00","3.8"
"Trzic-Tank4","2026-06-04 12:00","3.8"
"Trzic-Tank4","2026-06-04 13:00","3.6"
"Trzic-Tank4","2026-06-04 14:00","3.4"
"Trzic-Tank4","2026-06-04 15:00","3.6"
"Trzic-Tank4","2026-06-04 16:00","3.2"
"Trzic-Tank4","2026-06-04 17:00","3.2"
"Trzic-Tank4","2026-06-04 18:00",3
"Trzic-Tank4","2026-06-04 19:00",3
"Trzic-Tank4","2026-06-04 20:00",3
"Trzic-Tank4","2026-06-04 21:00",3
"Trzic-Tank4","2026-06-04 22:00","2.8"
"Trzic-Tank4","2026-06-04 23:00","2.8"
"Trzic-Tank4","2026-06-05 00:00","2.8"
"Trzic-Tank4","2026-06-05 01:00","2.6"
"Trzic-Tank4","2026-06-05 02:00","2.6"
"Trzic-Tank4","2026-06-05 03:00","2.6"
"Trzic-Tank4","2026-06-05 04:00","2.6"
"Trzic-Tank4","2026-06-05 05:00","2.2"
"Trzic-Tank4","2026-06-05 06:00","2.2"
"Trzic-Tank4","2026-06-05 07:00","2.2"
"Trzic-Tank4","2026-06-05 08:00",2
"Trzic-Tank4","2026-06-05 09:00","2.2"
"Trzic-Tank4","2026-06-05 10:00","2.2"
"Trzic-Tank4","2026-06-05 11:00","1.8"
"Trzic-Tank4","2026-06-05 12:00","1.8"
"Trzic-Tank4","2026-06-05 13:00","1.8"
"Trzic-Tank4","2026-06-05 14:00","1.8"
"Trzic-Tank4","2026-06-05 15:00","1.8"
"Trzic-Tank4","2026-06-05 16:00","1.8"
"Trzic-Tank4","2026-06-05 17:00",2
"Trzic-Tank4","2026-06-05 18:00","3.6"
"Trzic-Tank4","2026-06-05 19:00",5
"Trzic-Tank4","2026-06-05 20:00",7
"Trzic-Tank4","2026-06-05 21:00",9
"Trzic-Tank4","2026-06-05 22:00","9.6"
"Trzic-Tank4","2026-06-05 23:00","9.4"
"Trzic-Tank4","2026-06-06 00:00","9.4"
"Trzic-Tank4","2026-06-06 01:00","8.8"
"Trzic-Tank4","2026-06-06 02:00","8.8"
"Trzic-Tank4","2026-06-06 03:00","8.8"
"Trzic-Tank4","2026-06-06 04:00","8.8"
"Trzic-Tank4","2026-06-06 05:00",7
"Trzic-Tank4","2026-06-06 06:00","6.6"
"Trzic-Tank4","2026-06-06 07:00","6.2"
"Trzic-Tank4","2026-06-06 08:00",6
"Trzic-Tank4","2026-06-06 09:00","5.8"
"Trzic-Tank4","2026-06-06 10:00","5.4"
"Trzic-Tank4","2026-06-06 11:00",5
"Trzic-Tank4","2026-06-06 12:00",5
"Trzic-Tank4","2026-06-06 13:00","4.6"
"Trzic-Tank4","2026-06-06 14:00","4.4"
"Trzic-Tank4","2026-06-06 15:00","4.2"
"Trzic-Tank4","2026-06-06 16:00","4.2"
"Trzic-Tank4","2026-06-06 17:00",4
"Trzic-Tank4","2026-06-06 18:00","3.8"
"Trzic-Tank4","2026-06-06 19:00","3.8"
"Trzic-Tank4","2026-06-06 20:00","3.6"
"Trzic-Tank4","2026-06-06 21:00","3.4"
"Trzic-Tank4","2026-06-06 22:00","3.4"
"Trzic-Tank4","2026-06-06 23:00","3.4"
"Trzic-Tank4","2026-06-07 00:00","3.4"
"Trzic-Tank4","2026-06-07 01:00",3
"Trzic-Tank4","2026-06-07 02:00",3
"Trzic-Tank4","2026-06-07 03:00",3
"Trzic-Tank4","2026-06-07 04:00",3
"Trzic-Tank4","2026-06-07 05:00","2.6"
"Trzic-Tank4","2026-06-07 06:00","2.6"
"Trzic-Tank4","2026-06-07 07:00","2.6"
"Trzic-Tank4","2026-06-07 08:00","2.6"
"Trzic-Tank4","2026-06-07 09:00","2.4"
"Trzic-Tank4","2026-06-07 10:00","2.4"
"Trzic-Tank4","2026-06-07 11:00","2.4"
"Trzic-Tank4","2026-06-07 12:00","2.2"
"Trzic-Tank4","2026-06-07 13:00","2.2"
"Trzic-Tank4","2026-06-07 14:00",2
"Trzic-Tank4","2026-06-07 15:00",2
"Trzic-Tank4","2026-06-07 16:00",2
"Trzic-Tank4","2026-06-07 17:00",2
"Trzic-Tank4","2026-06-07 18:00","1.8"
"Trzic-Tank4","2026-06-07 19:00","1.8"
"Trzic-Tank4","2026-06-07 20:00","1.8"
"Trzic-Tank4","2026-06-07 21:00","1.8"
"Trzic-Tank4","2026-06-07 22:00","1.6"
"Trzic-Tank4","2026-06-07 23:00","1.6"
"Trzic-Tank4","2026-06-08 00:00","1.6"
"Trzic-Tank4","2026-06-08 01:00","1.6"
"Trzic-Tank4","2026-06-08 02:00","1.6"
"Trzic-Tank4","2026-06-08 03:00","1.6"
"Trzic-Tank4","2026-06-08 04:00","1.6"
"Trzic-Tank4","2026-06-08 05:00","1.6"
"Trzic-Tank4","2026-06-08 06:00","1.6"
"Trzic-Tank4","2026-06-08 07:00","1.6"
"Trzic-Tank4","2026-06-08 08:00","1.6"
"Trzic-Tank4","2026-06-08 09:00","1.4"
"Trzic-Tank4","2026-06-08 10:00","1.4"
"Trzic-Tank4","2026-06-08 11:00","1.2"
"Trzic-Tank4","2026-06-08 12:00","1.4"
"Trzic-Tank4","2026-06-08 13:00","1.4"
"Trzic-Tank4","2026-06-08 14:00","1.2"
"Trzic-Tank4","2026-06-08 15:00","1.4"
"Trzic-Tank4","2026-06-08 16:00","1.2"
"Trzic-Tank4","2026-06-08 17:00","1.2"
"Trzic-Tank4","2026-06-08 18:00","1.2"
"Trzic-Tank4","2026-06-08 19:00","1.2"
"Trzic-Tank4","2026-06-08 20:00","1.2"
"Trzic-Tank4","2026-06-08 21:00","1.2"
"Trzic-Tank4","2026-06-08 22:00","1.2"
"Trzic-Tank4","2026-06-08 23:00","1.2"
"Trzic-Tank4","2026-06-09 00:00","1.2"
"Trzic-Tank4","2026-06-09 01:00","1.2"
"Trzic-Tank4","2026-06-09 02:00","1.2"
"Trzic-Tank4","2026-06-09 03:00","1.2"
"Trzic-Tank4","2026-06-09 04:00","1.2"
"Trzic-Tank4","2026-06-09 05:00",1
"Trzic-Tank4","2026-06-09 06:00",1
"Trzic-Tank4","2026-06-09 07:00",1
"Trzic-Tank4","2026-06-09 08:00",1
"Trzic-Tank4","2026-06-09 09:00",1
"Trzic-Tank4","2026-06-09 10:00",1
"Trzic-Tank4","2026-06-09 11:00","0.8"
"Trzic-Tank4","2026-06-09 12:00","0.8"
"Trzic-Tank4","2026-06-09 13:00","0.8"
"Trzic-Tank4","2026-06-09 14:00","0.8"
"Trzic-Tank4","2026-06-09 15:00","0.8"
"Trzic-Tank4","2026-06-09 16:00","0.8"
"Trzic-Tank4","2026-06-09 17:00","0.8"
"Trzic-Tank4","2026-06-09 18:00","0.8"
"Trzic-Tank4","2026-06-09 19:00","0.8"
"Trzic-Tank4","2026-06-09 20:00","0.8"
"Trzic-Tank4","2026-06-09 21:00","0.8"
"Trzic-Tank4","2026-06-09 22:00","0.6"
"Trzic-Tank4","2026-06-09 23:00","0.8"
"Trzic-Tank4","2026-06-10 00:00","0.8"
"Trzic-Tank4","2026-06-10 01:00","0.6"
"Trzic-Tank4","2026-06-10 02:00","0.6"
"Trzic-Tank4","2026-06-10 03:00","0.6"
"Trzic-Tank4","2026-06-10 04:00","0.6"
"Trzic-Tank4","2026-06-10 05:00","0.6"
"Trzic-Tank4","2026-06-10 06:00","0.6"
"Trzic-Tank4","2026-06-10 07:00","0.6"
"Trzic-Tank4","2026-06-10 08:00","0.6"
"Trzic-Tank4","2026-06-10 09:00","0.6"
"Trzic-Tank4","2026-06-10 10:00","0.8"
"Trzic-Tank4","2026-06-10 11:00","6.6"
"Trzic-Tank4","2026-06-10 12:00",9
"Trzic-Tank4","2026-06-10 13:00","11.6"
"Trzic-Tank4","2026-06-10 14:00","17.6"
"Trzic-Tank4","2026-06-10 15:00",18
"Trzic-Tank4","2026-06-10 16:00",16
"Trzic-Tank4","2026-06-10 17:00","14.6"
"Trzic-Tank4","2026-06-10 18:00","13.6"
"Trzic-Tank4","2026-06-10 19:00","11.2"
"Trzic-Tank4","2026-06-10 20:00",10
"Trzic-Tank4","2026-06-10 21:00","10.4"
"Trzic-Tank4","2026-06-10 22:00","67.4"
"Trzic-Tank4","2026-06-10 23:00",76
"Trzic-Tank4","2026-06-11 00:00",76
"Trzic-Tank4","2026-06-11 01:00",59
"Trzic-Tank4","2026-06-11 02:00",59
"Trzic-Tank4","2026-06-11 03:00",59
"Trzic-Tank4","2026-06-11 04:00",59
"Trzic-Tank4","2026-06-11 05:00",45
"Trzic-Tank4","2026-06-11 06:00","43.4"
"Trzic-Tank4","2026-06-11 07:00",43
"Trzic-Tank4","2026-06-11 08:00","41.2"
"Trzic-Tank4","2026-06-11 09:00","37.8"
"Trzic-Tank4","2026-06-11 10:00","36.2"
"Trzic-Tank4","2026-06-11 11:00","33.2"
"Trzic-Tank4","2026-06-11 12:00","30.4"
"Trzic-Tank4","2026-06-11 13:00","25.6"
"Trzic-Tank4","2026-06-11 14:00",23
"Trzic-Tank4","2026-06-11 15:00",21
"Trzic-Tank4","2026-06-11 16:00","18.6"
"Trzic-Tank4","2026-06-11 17:00","15.8"
"Trzic-Tank4","2026-06-11 18:00",14
"Trzic-Tank4","2026-06-11 19:00",12
"Trzic-Tank4","2026-06-11 20:00","9.2"
"Trzic-Tank4","2026-06-11 21:00",8
"Trzic-Tank4","2026-06-11 22:00","6.8"
"Trzic-Tank4","2026-06-11 23:00","6.2"
"Trzic-Tank4","2026-06-12 00:00","6.2"
"Trzic-Tank4","2026-06-12 01:00","4.6"
"Trzic-Tank4","2026-06-12 02:00","4.6"
"Trzic-Tank4","2026-06-12 03:00","4.6"
"Trzic-Tank4","2026-06-12 04:00","4.6"
"Trzic-Tank4","2026-06-12 05:00","3.6"
"Trzic-Tank4","2026-06-12 06:00","3.6"
"Trzic-Tank4","2026-06-12 07:00","3.4"
"Trzic-Tank4","2026-06-12 08:00","3.2"
"Trzic-Tank4","2026-06-12 09:00",3
"Trzic-Tank4","2026-06-12 10:00",3
"Trzic-Tank4","2026-06-12 11:00",3
"Trzic-Tank4","2026-06-12 12:00","2.8"
"Trzic-Tank4","2026-06-12 13:00","2.8"
"Trzic-Tank4","2026-06-12 14:00","2.6"
"Trzic-Tank4","2026-06-12 15:00","2.4"
"Trzic-Tank4","2026-06-12 16:00","2.4"
"Trzic-Tank4","2026-06-12 17:00","2.4"
"Trzic-Tank4","2026-06-12 18:00","2.4"
"Trzic-Tank4","2026-06-12 19:00","2.4"
"Trzic-Tank4","2026-06-12 20:00","2.2"
"Trzic-Tank4","2026-06-12 21:00",2
"Trzic-Tank4","2026-06-12 22:00","2.2"
"Trzic-Tank4","2026-06-12 23:00",2
"Trzic-Tank4","2026-06-13 00:00",2
"Trzic-Tank4","2026-06-13 01:00","1.8"
"Trzic-Tank4","2026-06-13 02:00","1.8"
"Trzic-Tank4","2026-06-13 03:00","1.8"
"Trzic-Tank4","2026-06-13 04:00","1.8"
"Trzic-Tank4","2026-06-13 05:00","1.6"
"Trzic-Tank4","2026-06-13 06:00","1.6"
"Trzic-Tank4","2026-06-13 07:00","1.6"
"Trzic-Tank4","2026-06-13 08:00","1.6"
"Trzic-Tank4","2026-06-13 09:00","1.4"
"Trzic-Tank4","2026-06-13 10:00","1.6"
"Trzic-Tank4","2026-06-13 11:00","1.4"
"Trzic-Tank4","2026-06-13 12:00","1.4"
"Trzic-Tank4","2026-06-13 13:00","1.4"
"Trzic-Tank4","2026-06-13 14:00","1.4"
"Trzic-Tank4","2026-06-13 15:00","1.4"
"Trzic-Tank4","2026-06-13 16:00","1.4"
"Trzic-Tank4","2026-06-13 17:00","1.4"
"Trzic-Tank4","2026-06-13 18:00","1.4"
"Trzic-Tank4","2026-06-13 19:00","1.2"
"Trzic-Tank4","2026-06-13 20:00","1.4"
"Trzic-Tank4","2026-06-13 21:00","1.2"
"Trzic-Tank4","2026-06-13 22:00","1.2"
"Trzic-Tank4","2026-06-13 23:00","1.2"
"Trzic-Tank4","2026-06-14 00:00","1.2"
"Trzic-Tank4","2026-06-14 01:00","1.2"
"Trzic-Tank4","2026-06-14 02:00","1.2"
"Trzic-Tank4","2026-06-14 03:00","1.2"
"Trzic-Tank4","2026-06-14 04:00","1.2"
"Trzic-Tank4","2026-06-14 05:00",1
"Trzic-Tank4","2026-06-14 06:00",1
"Trzic-Tank4","2026-06-14 07:00",1
"Trzic-Tank4","2026-06-14 08:00",1
"Trzic-Tank4","2026-06-14 09:00",1
"Trzic-Tank4","2026-06-14 10:00",1
"Trzic-Tank4","2026-06-14 11:00",1
"Trzic-Tank4","2026-06-14 12:00","0.8"
"Trzic-Tank4","2026-06-14 13:00",1
"Trzic-Tank4","2026-06-14 14:00",1
"Trzic-Tank4","2026-06-14 15:00","0.8"
"Trzic-Tank4","2026-06-14 16:00",1
"Trzic-Tank4","2026-06-14 17:00",1
"Trzic-Tank4","2026-06-14 18:00","0.8"
"Trzic-Tank4","2026-06-14 19:00","0.8"
"Trzic-Tank4","2026-06-14 20:00","0.8"
"Trzic-Tank4","2026-06-14 21:00",1
"Trzic-Tank4","2026-06-14 22:00","0.8"
"Trzic-Tank4","2026-06-14 23:00","0.6"
"Trzic-Tank4","2026-06-15 00:00","0.6"
"Trzic-Tank4","2026-06-15 01:00","0.8"
"Trzic-Tank4","2026-06-15 02:00","0.8"
"Trzic-Tank4","2026-06-15 03:00","0.8"
"Trzic-Tank4","2026-06-15 04:00","0.8"
"Trzic-Tank4","2026-06-15 05:00","0.8"
"Trzic-Tank4","2026-06-15 06:00","0.6"
"Trzic-Tank4","2026-06-15 07:00","0.6"
"Trzic-Tank4","2026-06-15 08:00","0.8"
"Trzic-Tank4","2026-06-15 09:00","0.6"
"Trzic-Tank4","2026-06-15 10:00","0.6"
"Trzic-Tank4","2026-06-15 11:00","0.6"
"Trzic-Tank4","2026-06-15 12:00","0.6"
"Trzic-Tank4","2026-06-15 13:00","0.6"
"Trzic-Tank4","2026-06-15 14:00","0.6"
"Trzic-Tank4","2026-06-15 15:00","0.4"
"Trzic-Tank4","2026-06-15 16:00","0.6"
"Trzic-Tank4","2026-06-15 17:00","0.6"
"Trzic-Tank4","2026-06-15 18:00","0.6"
"Trzic-Tank4","2026-06-15 19:00","0.6"
"Trzic-Tank4","2026-06-15 20:00","0.6"
"Trzic-Tank4","2026-06-15 21:00","0.4"
"Trzic-Tank4","2026-06-15 22:00","0.6"
"Trzic-Tank4","2026-06-15 23:00","0.4"
"Trzic-Tank4","2026-06-16 00:00","0.4"
"Trzic-Tank4","2026-06-16 01:00","0.6"
"Trzic-Tank4","2026-06-16 02:00","0.6"
"Trzic-Tank4","2026-06-16 03:00","0.6"
"Trzic-Tank4","2026-06-16 04:00","0.6"
"Trzic-Tank4","2026-06-16 05:00","0.4"
"Trzic-Tank4","2026-06-16 06:00","0.4"
"Trzic-Tank4","2026-06-16 07:00","0.4"
"Trzic-Tank4","2026-06-16 08:00","0.2"
"Trzic-Tank4","2026-06-16 09:00","0.4"
"Trzic-Tank4","2026-06-16 10:00","0.4"
"Trzic-Tank4","2026-06-16 11:00","0.4"
"Trzic-Tank4","2026-06-16 12:00","0.2"
"Trzic-Tank4","2026-06-16 13:00","0.4"
"Trzic-Tank4","2026-06-16 14:00","0.4"
"Trzic-Tank4","2026-06-16 15:00","0.4"
"Trzic-Tank4","2026-06-16 16:00","0.4"
"Trzic-Tank4","2026-06-16 17:00","0.2"
"Trzic-Tank4","2026-06-16 18:00","0.4"
"Trzic-Tank4","2026-06-16 19:00","0.2"
"Trzic-Tank4","2026-06-16 20:00","0.2"
"Trzic-Tank4","2026-06-16 21:00","0.2"
"Trzic-Tank4","2026-06-16 22:00","0.2"
"Trzic-Tank4","2026-06-16 23:00","0.2"
"Trzic-Tank4","2026-06-17 00:00","0.2"
"Trzic-Tank4","2026-06-17 01:00","0.2"
"Trzic-Tank4","2026-06-17 02:00","0.2"
"Trzic-Tank4","2026-06-17 03:00","0.2"
"Trzic-Tank4","2026-06-17 04:00","0.2"
"Trzic-Tank4","2026-06-17 05:00","0.2"
"Trzic-Tank4","2026-06-17 06:00","0.2"
"Trzic-Tank4","2026-06-17 07:00","0.2"
"Trzic-Tank4","2026-06-17 08:00","0.2"
"Trzic-Tank4","2026-06-17 09:00","0.4"
"Trzic-Tank4","2026-06-17 10:00","0.2"
"Trzic-Tank4","2026-06-17 11:00","0.4"
"Trzic-Tank4","2026-06-17 12:00","0.2"
"Trzic-Tank4","2026-06-17 13:00","0.4"
"Trzic-Tank4","2026-06-17 14:00","0.2"
"Trzic-Tank4","2026-06-17 15:00","0.2"
"Trzic-Tank4","2026-06-17 16:00","0.2"
"Trzic-Tank4","2026-06-17 17:00","0.2"
"Trzic-Tank4","2026-06-17 18:00","0.4"
"Trzic-Tank4","2026-06-17 19:00","0.2"
"Trzic-Tank4","2026-06-17 20:00","0.2"
"Trzic-Tank4","2026-06-17 21:00","0.2"
"Trzic-Tank4","2026-06-17 22:00","0.2"
"Trzic-Tank4","2026-06-17 23:00","0.2"
"Trzic-Tank4","2026-06-18 00:00","0.2"
"Trzic-Tank4","2026-06-18 01:00","0.2"
"Trzic-Tank4","2026-06-18 02:00","0.2"
"Trzic-Tank4","2026-06-18 03:00","0.2"
"Trzic-Tank4","2026-06-18 04:00","0.2"
"Trzic-Tank4","2026-06-18 05:00","0.2"
"Trzic-Tank4","2026-06-18 06:00","0.2"
"Trzic-Tank4","2026-06-18 07:00","0.2"
"Trzic-Tank4","2026-06-18 08:00","0.2"
"Trzic-Tank4","2026-06-18 09:00","0.2"
"Trzic-Tank4","2026-06-18 10:00","0.2"
"Trzic-Tank4","2026-06-18 11:00","0.2"
"Trzic-Tank4","2026-06-18 12:00","0.2"
"Trzic-Tank4","2026-06-18 13:00","0.2"
"Trzic-Tank4","2026-06-18 14:00","0.2"
"Trzic-Tank4","2026-06-18 15:00",0
"Trzic-Tank4","2026-06-18 16:00",0
"Trzic-Tank4","2026-06-18 17:00",0
"Trzic-Tank4","2026-06-18 18:00","0.2"
"Trzic-Tank4","2026-06-18 19:00","0.2"
"Trzic-Tank4","2026-06-18 20:00","0.2"
"Trzic-Tank4","2026-06-18 21:00","0.2"
"Trzic-Tank4","2026-06-18 22:00",0
"Trzic-Tank4","2026-06-18 23:00",0
"Trzic-Tank4","2026-06-19 00:00",0
"Trzic-Tank4","2026-06-19 01:00","0.2"
"Trzic-Tank4","2026-06-19 02:00","0.2"
"Trzic-Tank4","2026-06-19 03:00","0.2"
"Trzic-Tank4","2026-06-19 04:00","0.2"
"Trzic-Tank4","2026-06-19 05:00",0
"Trzic-Tank4","2026-06-19 06:00","0.2"
"Trzic-Tank4","2026-06-19 07:00","0.2"
"Trzic-Tank4","2026-06-19 08:00",0
"Trzic-Tank4","2026-06-19 09:00","0.2"
"Trzic-Tank4","2026-06-19 10:00","0.2"
"Trzic-Tank4","2026-06-19 11:00","0.2"
"Trzic-Tank4","2026-06-19 12:00","0.2"
"Trzic-Tank4","2026-06-19 13:00","0.2"
"Trzic-Tank4","2026-06-19 14:00","0.2"
"Trzic-Tank4","2026-06-19 15:00",0
"Trzic-Tank4","2026-06-19 16:00","0.2"
"Trzic-Tank4","2026-06-19 17:00","0.2"
"Trzic-Tank4","2026-06-19 18:00","0.2"
"Trzic-Tank4","2026-06-19 19:00",0
"Trzic-Tank4","2026-06-19 20:00","0.2"
"Trzic-Tank4","2026-06-19 21:00","0.2"
"Trzic-Tank4","2026-06-19 22:00","0.2"
"Trzic-Tank4","2026-06-19 23:00","0.2"
"Trzic-Tank4","2026-06-20 00:00","0.2"
"Trzic-Tank4","2026-06-20 01:00","0.2"
"Trzic-Tank4","2026-06-20 02:00","0.2"
"Trzic-Tank4","2026-06-20 03:00","0.2"
"Trzic-Tank4","2026-06-20 04:00","0.2"
"Trzic-Tank4","2026-06-20 05:00","0.2"
"Trzic-Tank4","2026-06-20 06:00",0
"Trzic-Tank4","2026-06-20 07:00","0.2"
"Trzic-Tank4","2026-06-20 08:00","0.2"
"Trzic-Tank4","2026-06-20 09:00","0.2"
"Trzic-Tank4","2026-06-20 10:00",0
"Trzic-Tank4","2026-06-20 11:00",0
"Trzic-Tank4","2026-06-20 12:00",0
"Trzic-Tank4","2026-06-20 13:00",0
"Trzic-Tank4","2026-06-20 14:00",0
"Trzic-Tank4","2026-06-20 15:00",0
"Trzic-Tank4","2026-06-20 16:00","0.2"
"Trzic-Tank4","2026-06-20 17:00",0
"Trzic-Tank4","2026-06-20 18:00",0
"Trzic-Tank4","2026-06-20 19:00","0.2"
"Trzic-Tank4","2026-06-20 20:00","0.2"
"Trzic-Tank4","2026-06-20 21:00","5.8"
"Trzic-Tank4","2026-06-20 22:00","15.4"
"Trzic-Tank4","2026-06-20 23:00","15.2"
"Trzic-Tank4","2026-06-21 00:00","15.2"
"Trzic-Tank4","2026-06-21 01:00","20.8"
"Trzic-Tank4","2026-06-21 02:00","20.8"
"Trzic-Tank4","2026-06-21 03:00","20.8"
"Trzic-Tank4","2026-06-21 04:00","20.8"
"Trzic-Tank4","2026-06-21 05:00",20
"Trzic-Tank4","2026-06-21 06:00","22.2"
"Trzic-Tank4","2026-06-21 07:00",22
"Trzic-Tank4","2026-06-21 08:00",21
"Trzic-Tank4","2026-06-21 09:00","20.2"
"Trzic-Tank4","2026-06-21 10:00","19.2"
"Trzic-Tank4","2026-06-21 11:00","17.8"
"Trzic-Tank4","2026-06-21 12:00","16.6"
"Trzic-Tank4","2026-06-21 13:00","15.8"
"Trzic-Tank4","2026-06-21 14:00","13.4"
"Trzic-Tank4","2026-06-21 15:00","12.2"
"Trzic-Tank4","2026-06-21 16:00","10.8"
"Trzic-Tank4","2026-06-21 17:00","9.8"
"Trzic-Tank4","2026-06-21 18:00","8.2"
"Trzic-Tank4","2026-06-21 19:00","6.8"
"Trzic-Tank4","2026-06-21 20:00",6
"Trzic-Tank4","2026-06-21 21:00",5
"Trzic-Tank4","2026-06-21 22:00","4.6"
"Trzic-Tank4","2026-06-21 23:00",4
"Trzic-Tank4","2026-06-22 00:00",4
"Trzic-Tank4","2026-06-22 01:00",3
"Trzic-Tank4","2026-06-22 02:00",3
"Trzic-Tank4","2026-06-22 03:00",3
"Trzic-Tank4","2026-06-22 04:00",3
"Trzic-Tank4","2026-06-22 05:00","2.4"
"Trzic-Tank4","2026-06-22 06:00","2.4"
"Trzic-Tank4","2026-06-22 07:00","2.2"
"Trzic-Tank4","2026-06-22 08:00",2
"Trzic-Tank4","2026-06-22 09:00",2
"Trzic-Tank4","2026-06-22 10:00",2
"Trzic-Tank4","2026-06-22 11:00",2
"Trzic-Tank4","2026-06-22 12:00","1.8"
"Trzic-Tank4","2026-06-22 13:00","1.8"
"Trzic-Tank4","2026-06-22 14:00","1.8"
"Trzic-Tank4","2026-06-22 15:00","1.8"
"Trzic-Tank4","2026-06-22 16:00","1.8"
"Trzic-Tank4","2026-06-22 17:00","1.6"
"Trzic-Tank4","2026-06-22 18:00","1.4"
"Trzic-Tank4","2026-06-22 19:00","1.6"
"Trzic-Tank4","2026-06-22 20:00","1.4"
"Trzic-Tank4","2026-06-22 21:00","1.4"
"Trzic-Tank4","2026-06-22 22:00","1.2"
"Trzic-Tank4","2026-06-22 23:00","1.4"
"Trzic-Tank4","2026-06-23 00:00","1.4"
"Trzic-Tank4","2026-06-23 01:00","1.4"
"Trzic-Tank4","2026-06-23 02:00","1.4"
"Trzic-Tank4","2026-06-23 03:00","1.4"
"Trzic-Tank4","2026-06-23 04:00","1.4"
"Trzic-Tank4","2026-06-23 05:00",1
"Trzic-Tank4","2026-06-23 06:00","1.2"
"Trzic-Tank4","2026-06-23 07:00",1
"Trzic-Tank4","2026-06-23 08:00",1
"Trzic-Tank4","2026-06-23 09:00",1
"Trzic-Tank4","2026-06-23 10:00",1
"Trzic-Tank4","2026-06-23 11:00","0.8"
"Trzic-Tank4","2026-06-23 12:00",1
"Trzic-Tank4","2026-06-23 13:00",1
"Trzic-Tank4","2026-06-23 14:00",1
"Trzic-Tank4","2026-06-23 15:00","0.8"
"Trzic-Tank4","2026-06-23 16:00","0.8"
"Trzic-Tank4","2026-06-23 17:00","0.8"
"Trzic-Tank4","2026-06-23 18:00","0.8"
"Trzic-Tank4","2026-06-23 19:00","0.8"
"Trzic-Tank4","2026-06-23 20:00","0.8"
"Trzic-Tank4","2026-06-23 21:00","0.6"
"Trzic-Tank4","2026-06-23 22:00","0.8"
"Trzic-Tank4","2026-06-23 23:00","0.6"
"Trzic-Tank4","2026-06-24 00:00","0.6"
"Trzic-Tank4","2026-06-24 01:00","0.8"
"Trzic-Tank4","2026-06-24 02:00","0.8"
"Trzic-Tank4","2026-06-24 03:00","0.8"
"Trzic-Tank4","2026-06-24 04:00","0.8"
"Trzic-Tank4","2026-06-24 05:00","0.6"
"Trzic-Tank4","2026-06-24 06:00","0.6"
"Trzic-Tank4","2026-06-24 07:00","0.6"
"Trzic-Tank4","2026-06-24 08:00","0.6"
"Trzic-Tank4","2026-06-24 09:00","0.6"
"Trzic-Tank4","2026-06-24 10:00","0.6"
"Trzic-Tank4","2026-06-24 11:00","0.6"
"Trzic-Tank4","2026-06-24 12:00","0.6"
"Trzic-Tank4","2026-06-24 13:00","0.6"
"Trzic-Tank4","2026-06-24 14:00","0.6"
"Trzic-Tank4","2026-06-24 15:00","0.4"
"Trzic-Tank4","2026-06-24 16:00","0.4"
"Trzic-Tank4","2026-06-24 17:00","0.4"
"Trzic-Tank4","2026-06-24 18:00","0.4"
"Trzic-Tank4","2026-06-24 19:00","0.4"
"Trzic-Tank4","2026-06-24 20:00","0.4"
"Trzic-Tank4","2026-06-24 21:00","0.4"
"Trzic-Tank4","2026-06-24 22:00","0.4"
"Trzic-Tank4","2026-06-24 23:00","0.4"
"Trzic-Tank4","2026-06-25 00:00","0.4"
"Trzic-Tank4","2026-06-25 01:00","0.4"
"Trzic-Tank4","2026-06-25 02:00","0.4"
"Trzic-Tank4","2026-06-25 03:00","0.4"
"Trzic-Tank4","2026-06-25 04:00","0.4"
"Trzic-Tank4","2026-06-25 05:00","0.2"
"Trzic-Tank4","2026-06-25 06:00","0.4"
"Trzic-Tank4","2026-06-25 07:00","0.4"
"Trzic-Tank4","2026-06-25 08:00","0.2"
"Trzic-Tank4","2026-06-25 09:00","0.4"
"Trzic-Tank4","2026-06-25 10:00","0.4"
"Trzic-Tank4","2026-06-25 11:00","0.2"
"Trzic-Tank4","2026-06-25 12:00","0.2"
"Trzic-Tank4","2026-06-25 13:00","0.4"
"Trzic-Tank4","2026-06-25 14:00","0.4"
"Trzic-Tank4","2026-06-25 15:00","0.4"
"Trzic-Tank4","2026-06-25 16:00","0.2"
"Trzic-Tank4","2026-06-25 17:00","0.2"
"Trzic-Tank4","2026-06-25 18:00","0.2"
"Trzic-Tank4","2026-06-25 19:00","0.4"
"Trzic-Tank4","2026-06-25 20:00","0.2"
"Trzic-Tank4","2026-06-25 21:00","0.2"
"Trzic-Tank4","2026-06-25 22:00","0.2"
"Trzic-Tank4","2026-06-25 23:00","0.2"
"Trzic-Tank4","2026-06-26 00:00","0.2"
"Trzic-Tank4","2026-06-26 01:00","0.2"
"Trzic-Tank4","2026-06-26 02:00","0.2"
"Trzic-Tank4","2026-06-26 03:00","0.2"
"Trzic-Tank4","2026-06-26 04:00","0.2"
"Trzic-Tank4","2026-06-26 05:00","0.2"
"Trzic-Tank4","2026-06-26 06:00","0.2"
"Trzic-Tank4","2026-06-26 07:00","0.4"
"Trzic-Tank4","2026-06-26 08:00","0.2"
"Trzic-Tank4","2026-06-26 09:00","0.2"
"Trzic-Tank4","2026-06-26 10:00","0.2"
"Trzic-Tank4","2026-06-26 11:00","0.2"
"Trzic-Tank4","2026-06-26 12:00","0.2"
"Trzic-Tank4","2026-06-26 13:00","0.2"
"Trzic-Tank4","2026-06-26 14:00","0.2"
"Trzic-Tank4","2026-06-26 15:00",0
"Trzic-Tank4","2026-06-26 16:00","0.2"
"Trzic-Tank4","2026-06-26 17:00","0.2"
"Trzic-Tank4","2026-06-26 18:00","0.2"
"Trzic-Tank4","2026-06-26 19:00","0.2"
"Trzic-Tank4","2026-06-26 20:00","0.2"
"Trzic-Tank4","2026-06-26 21:00","0.2"
"Trzic-Tank4","2026-06-26 22:00","0.2"
"Trzic-Tank4","2026-06-26 23:00","0.2"
"Trzic-Tank4","2026-06-27 00:00","0.2"
"Trzic-Tank4","2026-06-27 01:00","0.2"
"Trzic-Tank4","2026-06-27 02:00","0.2"
"Trzic-Tank4","2026-06-27 03:00","0.2"
"Trzic-Tank4","2026-06-27 04:00","0.2"
"Trzic-Tank4","2026-06-27 05:00",0
"Trzic-Tank4","2026-06-27 06:00","0.2"
"Trzic-Tank4","2026-06-27 07:00","0.2"
"Trzic-Tank4","2026-06-27 08:00","0.2"
"Trzic-Tank4","2026-06-27 09:00",0
"Trzic-Tank4","2026-06-27 10:00","0.2"
"Trzic-Tank4","2026-06-27 11:00",0
"Trzic-Tank4","2026-06-27 12:00",0
"Trzic-Tank4","2026-06-27 13:00",0
"Trzic-Tank4","2026-06-27 14:00","0.2"
"Trzic-Tank4","2026-06-27 15:00","0.2"
"Trzic-Tank4","2026-06-27 16:00",0
"Trzic-Tank4","2026-06-27 17:00",0
"Trzic-Tank4","2026-06-27 18:00",0
"Trzic-Tank4","2026-06-27 19:00","0.2"
"Trzic-Tank4","2026-06-27 20:00","0.2"
"Trzic-Tank4","2026-06-27 21:00",0
"Trzic-Tank4","2026-06-27 22:00","0.2"
"Trzic-Tank4","2026-06-27 23:00","0.2"
"Trzic-Tank4","2026-06-28 00:00","0.2"
"Trzic-Tank4","2026-06-28 01:00","0.2"
"Trzic-Tank4","2026-06-28 02:00","0.2"
"Trzic-Tank4","2026-06-28 03:00","0.2"
"Trzic-Tank4","2026-06-28 04:00","0.2"
"Trzic-Tank4","2026-06-28 05:00","0.2"
"Trzic-Tank4","2026-06-28 06:00","0.2"
"Trzic-Tank4","2026-06-28 07:00",0
"Trzic-Tank4","2026-06-28 08:00","0.2"
"Trzic-Tank4","2026-06-28 09:00","0.2"
"Trzic-Tank4","2026-06-28 10:00",0
"Trzic-Tank4","2026-06-28 11:00",0
"Trzic-Tank4","2026-06-28 12:00","0.2"
"Trzic-Tank4","2026-06-28 13:00",0
"Trzic-Tank4","2026-06-28 14:00","0.2"
"Trzic-Tank4","2026-06-28 15:00",0
"Trzic-Tank4","2026-06-28 16:00","0.2"
"Trzic-Tank4","2026-06-28 17:00",0
"Trzic-Tank4","2026-06-28 18:00",0
"Trzic-Tank4","2026-06-28 19:00",0
"Trzic-Tank4","2026-06-28 20:00",0
"Trzic-Tank4","2026-06-28 21:00",0
"Trzic-Tank4","2026-06-28 22:00",0
"Trzic-Tank4","2026-06-28 23:00","0.2"
"Trzic-Tank4","2026-06-29 00:00","0.2"
"Trzic-Tank4","2026-06-29 01:00","0.2"
"Trzic-Tank4","2026-06-29 02:00","0.2"
"Trzic-Tank4","2026-06-29 03:00","0.2"
"Trzic-Tank4","2026-06-29 04:00","0.2"
"Trzic-Tank4","2026-06-29 05:00",0
"Trzic-Tank4","2026-06-29 06:00","0.2"
"Trzic-Tank4","2026-06-29 07:00","0.2"
"Trzic-Tank4","2026-06-29 08:00","0.2"
"Trzic-Tank4","2026-06-29 09:00",0
"Trzic-Tank4","2026-06-29 10:00",0
"Trzic-Tank4","2026-06-29 11:00",0
"Trzic-Tank4","2026-06-29 12:00",0
"Trzic-Tank4","2026-06-29 13:00",0
"Trzic-Tank4","2026-06-29 14:00",0
"Trzic-Tank4","2026-06-29 15:00",0
"Trzic-Tank4","2026-06-29 16:00",0
"Trzic-Tank4","2026-06-29 17:00",0
"Trzic-Tank4","2026-06-29 18:00",0
"Trzic-Tank4","2026-06-29 19:00",0
"Trzic-Tank4","2026-06-29 20:00",0
"Trzic-Tank4","2026-06-29 21:00",0
"Trzic-Tank4","2026-06-29 22:00",0
"Trzic-Tank4","2026-06-29 23:00",0
"Trzic-Tank4","2026-06-30 00:00",0
"Trzic-Tank4","2026-06-30 01:00","0.2"
"Trzic-Tank4","2026-06-30 02:00","0.2"
"Trzic-Tank4","2026-06-30 03:00","0.2"
"Trzic-Tank4","2026-06-30 04:00","0.2"
"Trzic-Tank4","2026-06-30 05:00",0
"Trzic-Tank4","2026-06-30 06:00",0
"Trzic-Tank4","2026-06-30 07:00",0
"Trzic-Tank4","2026-06-30 08:00",0
"Trzic-Tank4","2026-06-30 09:00",0
"Trzic-Tank4","2026-06-30 10:00",0
"Trzic-Tank4","2026-06-30 11:00","0.2"
"Trzic-Tank4","2026-06-30 12:00","0.2"
"Trzic-Tank4","2026-06-30 13:00","0.2"
"Trzic-Tank4","2026-06-30 14:00",0
"Trzic-Tank4","2026-06-30 15:00",0
"Trzic-Tank4","2026-06-30 16:00","0.2"
"Trzic-Tank4","2026-06-30 17:00",0
"Trzic-Tank4","2026-06-30 18:00",0
"Trzic-Tank4","2026-06-30 19:00","0.2"
"Trzic-Tank4","2026-06-30 20:00",0
"Trzic-Tank4","2026-06-30 21:00",0
"Trzic-Tank4","2026-06-30 22:00",0
"Trzic-Tank4","2026-06-30 23:00",
"Trzic-Tank4","2026-07-01 00:00",
"Trzic-Tank4","2026-07-01 01:00",
"Trzic-Tank4","2026-07-01 02:00",
"Trzic-Tank4","2026-07-01 03:00",
"Trzic-Tank4","2026-07-01 04:00",
"Trzic-Tank4","2026-07-01 05:00",
"Trzic-Tank4","2026-07-01 06:00",
"Trzic-Tank4","2026-07-01 07:00",
"Trzic-Tank4","2026-07-01 08:00",
"Trzic-Tank4","2026-07-01 09:00",0
"Trzic-Tank4","2026-07-01 10:00",0
"Trzic-Tank4","2026-07-01 11:00",0
"Trzic-Tank4","2026-07-01 12:00",0
"Trzic-Tank4","2026-07-01 13:00",0
"Trzic-Tank4","2026-07-01 14:00",0
"Trzic-Tank4","2026-07-01 15:00",0
"Trzic-Tank4","2026-07-01 16:00",0
"Trzic-Tank4","2026-07-01 17:00",0
"Trzic-Tank4","2026-07-01 18:00",0
"Trzic-Tank4","2026-07-01 19:00",0
"Trzic-Tank4","2026-07-01 20:00",0
"Trzic-Tank4","2026-07-01 21:00",0
"Trzic-Tank4","2026-07-01 22:00",0
"Trzic-Tank4","2026-07-01 23:00",0
"Trzic-Tank4","2026-07-02 00:00",0
"Trzic-Tank4","2026-07-02 01:00",0
"Trzic-Tank4","2026-07-02 02:00",0
"Trzic-Tank4","2026-07-02 03:00",0
"Trzic-Tank4","2026-07-02 04:00",0
"Trzic-Tank4","2026-07-02 05:00",0
"Trzic-Tank4","2026-07-02 06:00",0
"Trzic-Tank4","2026-07-02 07:00",0
"Trzic-Tank4","2026-07-02 08:00",0
"Trzic-Tank4","2026-07-02 09:00",0
"Trzic-Tank4","2026-07-02 10:00",0
"Trzic-Tank4","2026-07-02 11:00",0
"Trzic-Tank4","2026-07-02 12:00",0
"Trzic-Tank4","2026-07-02 13:00",0
"Trzic-Tank4","2026-07-02 14:00",0
"Trzic-Tank4","2026-07-02 15:00",0
"Trzic-Tank4","2026-07-02 16:00",0
"Trzic-Tank4","2026-07-02 17:00",0
"Trzic-Tank4","2026-07-02 18:00",0
"Trzic-Tank4","2026-07-02 19:00",0
"Trzic-Tank4","2026-07-02 20:00",0
"Trzic-Tank4","2026-07-02 21:00",0
"Trzic-Tank4","2026-07-02 22:00",0
"Trzic-Tank4","2026-07-02 23:00",0
"Trzic-Tank4","2026-07-03 00:00",0
"Trzic-Tank4","2026-07-03 01:00",0
"Trzic-Tank4","2026-07-03 02:00",0
"Trzic-Tank4","2026-07-03 03:00",0
"Trzic-Tank4","2026-07-03 04:00",0
"Trzic-Tank4","2026-07-03 05:00",0
"Trzic-Tank4","2026-07-03 06:00",0
"Trzic-Tank4","2026-07-03 07:00",0
"Trzic-Tank4","2026-07-03 08:00",0
"Trzic-Tank4","2026-07-03 09:00",0
"Trzic-Tank4","2026-07-03 10:00",0
"Trzic-Tank4","2026-07-03 11:00",0
"Trzic-Tank4","2026-07-03 12:00",0
"Trzic-Tank4","2026-07-03 13:00",0
"Trzic-Tank4","2026-07-03 14:00",0
"Trzic-Tank4","2026-07-03 15:00",0
"Trzic-Tank4","2026-07-03 16:00",0
"Trzic-Tank4","2026-07-03 17:00",0
"Trzic-Tank4","2026-07-03 18:00",0
"Trzic-Tank4","2026-07-03 19:00",0
"Trzic-Tank4","2026-07-03 20:00",0
"Trzic-Tank4","2026-07-03 21:00",0
"Trzic-Tank4","2026-07-03 22:00",0
"Trzic-Tank4","2026-07-03 23:00",0
"Trzic-Tank4","2026-07-04 00:00",0
"Trzic-Tank4","2026-07-04 01:00",0
"Trzic-Tank4","2026-07-04 02:00",0
"Trzic-Tank4","2026-07-04 03:00",0
"Trzic-Tank4","2026-07-04 04:00",0
"Trzic-Tank4","2026-07-04 05:00",0
"Trzic-Tank4","2026-07-04 06:00",0
"Trzic-Tank4","2026-07-04 07:00",0
"Trzic-Tank4","2026-07-04 08:00",0
"Trzic-Tank4","2026-07-04 09:00",0
"Trzic-Tank4","2026-07-04 10:00",0
"Trzic-Tank4","2026-07-04 11:00",0
"Trzic-Tank4","2026-07-04 12:00",0
"Trzic-Tank4","2026-07-04 13:00",0
"Trzic-Tank4","2026-07-04 14:00",0
"Trzic-Tank4","2026-07-04 15:00",0
"Trzic-Tank4","2026-07-04 16:00",0
"Trzic-Tank4","2026-07-04 17:00",0
"Trzic-Tank4","2026-07-04 18:00",0
"Trzic-Tank4","2026-07-04 19:00",0
"Trzic-Tank4","2026-07-04 20:00",0
"Trzic-Tank4","2026-07-04 21:00",0
"Trzic-Tank4","2026-07-04 22:00",0
"Trzic-Tank4","2026-07-04 23:00",0
"Trzic-Tank4","2026-07-05 00:00",0
"Trzic-Tank4","2026-07-05 01:00",0
"Trzic-Tank4","2026-07-05 02:00",0
"Trzic-Tank4","2026-07-05 03:00",0
"Trzic-Tank4","2026-07-05 04:00",0
"Trzic-Tank4","2026-07-05 05:00",0
"Trzic-Tank4","2026-07-05 06:00",0
"Trzic-Tank4","2026-07-05 07:00",0
"Trzic-Tank4","2026-07-05 08:00",0
"Trzic-Tank4","2026-07-05 09:00",0
"Trzic-Tank4","2026-07-05 10:00",0
"Trzic-Tank4","2026-07-05 11:00",0
"Trzic-Tank4","2026-07-05 12:00",0
"Trzic-Tank4","2026-07-05 13:00",0
"Trzic-Tank4","2026-07-05 14:00",0
"Trzic-Tank4","2026-07-05 15:00",0
"Trzic-Tank4","2026-07-05 16:00",0
"Trzic-Tank4","2026-07-05 17:00",0
"Trzic-Tank4","2026-07-05 18:00",0
"Trzic-Tank4","2026-07-05 19:00",0
"Trzic-Tank4","2026-07-05 20:00",0
"Trzic-Tank4","2026-07-05 21:00",0
"Trzic-Tank4","2026-07-05 22:00",0
"Trzic-Tank4","2026-07-05 23:00",0
"Trzic-Tank4","2026-07-06 00:00",0
"Trzic-Tank4","2026-07-06 01:00",0
"Trzic-Tank4","2026-07-06 02:00",0
"Trzic-Tank4","2026-07-06 03:00",0
"Trzic-Tank4","2026-07-06 04:00",0
"Trzic-Tank4","2026-07-06 05:00",0
"Trzic-Tank4","2026-07-06 06:00",0
"Trzic-Tank4","2026-07-06 07:00",0
"Trzic-Tank4","2026-07-06 08:00",0
"Trzic-Tank4","2026-07-06 09:00",0
"Trzic-Tank4","2026-07-06 10:00",0
"Trzic-Tank4","2026-07-06 11:00",0
"Trzic-Tank4","2026-07-06 12:00",0
"Trzic-Tank4","2026-07-06 13:00",0
"Trzic-Tank4","2026-07-06 14:00",0
"Trzic-Tank4","2026-07-06 15:00",0
"Trzic-Tank4","2026-07-06 16:00",0
"Trzic-Tank4","2026-07-06 17:00",0
"Trzic-Tank4","2026-07-06 18:00",0
"Trzic-Tank4","2026-07-06 19:00",0
"Trzic-Tank4","2026-07-06 20:00",0
"Trzic-Tank4","2026-07-06 21:00",0
"Trzic-Tank4","2026-07-06 22:00",0
"Trzic-Tank4","2026-07-06 23:00",0
"Trzic-Tank4","2026-07-07 00:00",0
"Trzic-Tank4","2026-07-07 01:00",0
"Trzic-Tank4","2026-07-07 02:00",0
"Trzic-Tank4","2026-07-07 03:00",0
"Trzic-Tank4","2026-07-07 04:00",0
"Trzic-Tank4","2026-07-07 05:00",0
"Trzic-Tank4","2026-07-07 06:00",0
"Trzic-Tank4","2026-07-07 07:00",0
"Trzic-Tank4","2026-07-07 08:00",0
"Trzic-Tank4","2026-07-07 09:00",0
"Trzic-Tank4","2026-07-07 10:00",0
"Trzic-Tank4","2026-07-07 11:00",0
"Trzic-Tank4","2026-07-07 12:00",0
"Trzic-Tank4","2026-07-07 13:00",0
"Trzic-Tank4","2026-07-07 14:00",0
"Trzic-Tank4","2026-07-07 15:00",0
"Trzic-Tank4","2026-07-07 16:00",0
"Trzic-Tank4","2026-07-07 17:00",0
"Trzic-Tank4","2026-07-07 18:00",0
"Trzic-Tank4","2026-07-07 19:00",0
"Trzic-Tank4","2026-07-07 20:00",0
"Trzic-Tank4","2026-07-07 21:00",0
"Trzic-Tank4","2026-07-07 22:00",0
"Trzic-Tank4","2026-07-07 23:00",0
"Trzic-Tank4","2026-07-08 00:00",0
"Trzic-Tank4","2026-07-08 01:00",0
"Trzic-Tank4","2026-07-08 02:00",0
"Trzic-Tank4","2026-07-08 03:00",0
"Trzic-Tank4","2026-07-08 04:00",0
"Trzic-Tank4","2026-07-08 05:00",0
"Trzic-Tank4","2026-07-08 06:00",0
"Trzic-Tank4","2026-07-08 07:00",0
"Trzic-Tank4","2026-07-08 08:00",0
"Trzic-Tank4","2026-07-08 09:00",0
"Trzic-Tank4","2026-07-08 10:00",0
"Trzic-Tank4","2026-07-08 11:00",0
"Trzic-Tank4","2026-07-08 12:00",0
"Trzic-Tank4","2026-07-08 13:00",0
"Trzic-Tank4","2026-07-08 14:00",0
"Trzic-Tank4","2026-07-08 15:00",0
"Trzic-Tank4","2026-07-08 16:00",0
"Trzic-Tank4","2026-07-08 17:00",0
"Trzic-Tank4","2026-07-08 18:00",0
"Trzic-Tank4","2026-07-08 19:00",0
"Trzic-Tank4","2026-07-08 20:00",0
"Trzic-Tank4","2026-07-08 21:00",0
"Trzic-Tank4","2026-07-08 22:00",0
"Trzic-Tank4","2026-07-08 23:00",0
"Trzic-Tank4","2026-07-09 00:00",0
"Trzic-Tank4","2026-07-09 01:00",0
"Trzic-Tank4","2026-07-09 02:00",0
"Trzic-Tank4","2026-07-09 03:00",0
"Trzic-Tank4","2026-07-09 04:00",0
"Trzic-Tank4","2026-07-09 05:00",0
"Trzic-Tank4","2026-07-09 06:00",0
"Trzic-Tank4","2026-07-09 07:00",0
"Trzic-Tank4","2026-07-09 08:00",0
"Trzic-Tank4","2026-07-09 09:00",0
"Trzic-Tank4","2026-07-09 10:00",0
"Trzic-Tank4","2026-07-09 11:00",0
"Trzic-Tank4","2026-07-09 12:00",0
"Trzic-Tank4","2026-07-09 13:00",0
"Trzic-Tank4","2026-07-09 14:00",0
"Trzic-Tank4","2026-07-09 15:00",0
"Trzic-Tank4","2026-07-09 16:00",0
"Trzic-Tank4","2026-07-09 17:00",0
"Trzic-Tank4","2026-07-09 18:00",0
"Trzic-Tank4","2026-07-09 19:00",0
"Trzic-Tank4","2026-07-09 20:00",0
"Trzic-Tank4","2026-07-09 21:00",0
"Trzic-Tank4","2026-07-09 22:00",0
"Trzic-Tank4","2026-07-09 23:00",0
"Trzic-Tank4","2026-07-10 00:00",0
"Trzic-Tank4","2026-07-10 01:00",0
"Trzic-Tank4","2026-07-10 02:00",0
"Trzic-Tank4","2026-07-10 03:00",0
"Trzic-Tank4","2026-07-10 04:00",0
"Trzic-Tank4","2026-07-10 05:00",0
"Trzic-Tank4","2026-07-10 06:00",0
"Trzic-Tank4","2026-07-10 07:00",0
"Trzic-Tank4","2026-07-10 08:00",0
"Trzic-Tank4","2026-07-10 09:00",0
"Trzic-Tank4","2026-07-10 10:00",0
"Trzic-Tank4","2026-07-10 11:00",0
"Trzic-Tank4","2026-07-10 12:00",0
"Trzic-Tank4","2026-07-10 13:00",0
"Trzic-Tank4","2026-07-10 14:00",0
"Trzic-Tank4","2026-07-10 15:00",0
"Trzic-Tank4","2026-07-10 16:00",0
"Trzic-Tank4","2026-07-10 17:00",0
"Trzic-Tank4","2026-07-10 18:00",0
"Trzic-Tank4","2026-07-10 19:00",0
"Trzic-Tank4","2026-07-10 20:00",
"Trzic-Tank4","2026-07-10 21:00",0
"Trzic-Tank4","2026-07-10 22:00",0
"Trzic-Tank4","2026-07-10 23:00",0
"Trzic-Tank4","2026-07-11 00:00",0
"Trzic-Tank4","2026-07-11 01:00",0
"Trzic-Tank4","2026-07-11 02:00",0
"Trzic-Tank4","2026-07-11 03:00",0
"Trzic-Tank4","2026-07-11 04:00",0
"Trzic-Tank4","2026-07-11 05:00",0
"Trzic-Tank4","2026-07-11 06:00",0
"Trzic-Tank4","2026-07-11 07:00",0
"Trzic-Tank4","2026-07-11 08:00",0
"Trzic-Tank4","2026-07-11 09:00",0
"Trzic-Tank4","2026-07-11 10:00",0
"Trzic-Tank4","2026-07-11 11:00",0
"Trzic-Tank4","2026-07-11 12:00",0
"Trzic-Tank4","2026-07-11 13:00",0
"Trzic-Tank4","2026-07-11 14:00",0
"Trzic-Tank4","2026-07-11 15:00",0
"Trzic-Tank4","2026-07-11 16:00",0
"Trzic-Tank4","2026-07-11 17:00",0
"Trzic-Tank4","2026-07-11 18:00",0
"Trzic-Tank4","2026-07-11 19:00",0
"Trzic-Tank4","2026-07-11 20:00",0
"Trzic-Tank4","2026-07-11 21:00",0
"Trzic-Tank4","2026-07-11 22:00",0
"Trzic-Tank4","2026-07-11 23:00",0
"Trzic-Tank4","2026-07-12 00:00",0
"Trzic-Tank4","2026-07-12 01:00",0
"Trzic-Tank4","2026-07-12 02:00",0
"Trzic-Tank4","2026-07-12 03:00",0
"Trzic-Tank4","2026-07-12 04:00",0
"Trzic-Tank4","2026-07-12 05:00",0
"Trzic-Tank4","2026-07-12 06:00",0
"Trzic-Tank4","2026-07-12 07:00",0
"Trzic-Tank4","2026-07-12 08:00",0
"Trzic-Tank4","2026-07-12 09:00",0
"Trzic-Tank4","2026-07-12 10:00",0
"Trzic-Tank4","2026-07-12 11:00",0
"Trzic-Tank4","2026-07-12 12:00",0
"Trzic-Tank4","2026-07-12 13:00",0
"Trzic-Tank4","2026-07-12 14:00",0
"Trzic-Tank4","2026-07-12 15:00",0
"Trzic-Tank4","2026-07-12 16:00",0
"Trzic-Tank4","2026-07-12 17:00",0
"Trzic-Tank4","2026-07-12 18:00",0
"Trzic-Tank4","2026-07-12 19:00",0
"Trzic-Tank4","2026-07-12 20:00",0
"Trzic-Tank4","2026-07-12 21:00",0
"Trzic-Tank4","2026-07-12 22:00",0
"Trzic-Tank4","2026-07-12 23:00",0
"Trzic-Tank4","2026-07-13 00:00",0
"Trzic-Tank4","2026-07-13 01:00",0
"Trzic-Tank4","2026-07-13 02:00",0
"Trzic-Tank4","2026-07-13 03:00",0
"Trzic-Tank4","2026-07-13 04:00",0
"Trzic-Tank4","2026-07-13 05:00",0
"Trzic-Tank4","2026-07-13 06:00",0
"Trzic-Tank4","2026-07-13 07:00",0
"Trzic-Tank4","2026-07-13 08:00",0
"Trzic-Tank4","2026-07-13 09:00",0
"Trzic-Tank4","2026-07-13 10:00",0
"Trzic-Tank4","2026-07-13 11:00",0
"Trzic-Tank4","2026-07-13 12:00",0
"Trzic-Tank4","2026-07-13 13:00",0
"Trzic-Tank4","2026-07-13 14:00",0
"Trzic-Tank4","2026-07-13 15:00",0
"Trzic-Tank4","2026-07-13 16:00",0
"Trzic-Tank4","2026-07-13 17:00",0
"Trzic-Tank4","2026-07-13 18:00",0
"Trzic-Tank4","2026-07-13 19:00",0
"Trzic-Tank4","2026-07-13 20:00",0
"Trzic-Tank4","2026-07-13 21:00",0
"Trzic-Tank4","2026-07-13 22:00",0
"Trzic-Tank4","2026-07-13 23:00",0
"Trzic-Tank4","2026-07-14 00:00",0
"Trzic-Tank4","2026-07-14 01:00",0
"Trzic-Tank4","2026-07-14 02:00",0
"Trzic-Tank4","2026-07-14 03:00",0
"Trzic-Tank4","2026-07-14 04:00",0
"Trzic-Tank4","2026-07-14 05:00",0
"Trzic-Tank4","2026-07-14 06:00",0
"Trzic-Tank4","2026-07-14 07:00",0
"Trzic-Tank4","2026-07-14 08:00",0
"Trzic-Tank4","2026-07-14 09:00",0
"Trzic-Tank4","2026-07-14 10:00",0
"Trzic-Tank4","2026-07-14 11:00",0
"Trzic-Tank4","2026-07-14 12:00",0
"Trzic-Tank4","2026-07-14 13:00",0
"Trzic-Tank4","2026-07-14 14:00",0
"Trzic-Tank4","2026-07-14 15:00",0
"Trzic-Tank4","2026-07-14 16:00",0
"Trzic-Tank4","2026-07-14 17:00",0
"Trzic-Tank4","2026-07-14 18:00",0
"Trzic-Tank4","2026-07-14 19:00",0
"Trzic-Tank4","2026-07-14 20:00",0
"Trzic-Tank4","2026-07-14 21:00",0
"Trzic-Tank4","2026-07-14 22:00",0
"Trzic-Tank4","2026-07-14 23:00",0
"Trzic-Tank4","2026-07-15 00:00",0
"Trzic-Tank4","2026-07-15 01:00",0
"Trzic-Tank4","2026-07-15 02:00",0
"Trzic-Tank4","2026-07-15 03:00",0
"Trzic-Tank4","2026-07-15 04:00",0
"Trzic-Tank4","2026-07-15 05:00",0
"Trzic-Tank4","2026-07-15 06:00",0
"Trzic-Tank4","2026-07-15 07:00",0
"Trzic-Tank4","2026-07-15 08:00",0
"Trzic-Tank4","2026-07-15 09:00",0
"Trzic-Tank4","2026-07-15 10:00",0
"Trzic-Tank4","2026-07-15 11:00",0
"Trzic-Tank4","2026-07-15 12:00",0
"Trzic-Tank4","2026-07-15 13:00",0
"Trzic-Tank4","2026-07-15 14:00",0
"Trzic-Tank4","2026-07-15 15:00",0
"Trzic-Tank4","2026-07-15 16:00",0
"Trzic-Tank4","2026-07-15 17:00",0
"Trzic-Tank4","2026-07-15 18:00",0
"Trzic-Tank4","2026-07-15 19:00",0
"Trzic-Tank4","2026-07-15 20:00",0
"Trzic-Tank4","2026-07-15 21:00",0
"Trzic-Tank4","2026-07-15 22:00",0
"Trzic-Tank4","2026-07-15 23:00",0
"Trzic-Tank4","2026-07-16 00:00",0
"Trzic-Tank4","2026-07-16 01:00",0
"Trzic-Tank4","2026-07-16 02:00",0
"Trzic-Tank4","2026-07-16 03:00",0
"Trzic-Tank4","2026-07-16 04:00",0
"Trzic-Tank4","2026-07-16 05:00",0
"Trzic-Tank4","2026-07-16 06:00",0
"Trzic-Tank4","2026-07-16 07:00",0
"Trzic-Tank4","2026-07-16 08:00",0
"Trzic-Tank4","2026-07-16 09:00",0
"Trzic-Tank4","2026-07-16 10:00",0
"Trzic-Tank4","2026-07-16 11:00",0
"Trzic-Tank4","2026-07-16 12:00",0
"Trzic-Tank4","2026-07-16 13:00",0
"Trzic-Tank4","2026-07-16 14:00",0
"Trzic-Tank4","2026-07-16 15:00",0
"Trzic-Tank4","2026-07-16 16:00",0
"Trzic-Tank4","2026-07-16 17:00",0
"Trzic-Tank4","2026-07-16 18:00",0
"Trzic-Tank4","2026-07-16 19:00",0
"Trzic-Tank4","2026-07-16 20:00",0
"Trzic-Tank4","2026-07-16 21:00",0
"Trzic-Tank4","2026-07-16 22:00",0
"Trzic-Tank4","2026-07-16 23:00",0
"Trzic-Tank4","2026-07-17 00:00",0
"Trzic-Tank4","2026-07-17 01:00",0
"Trzic-Tank4","2026-07-17 02:00",0
"Trzic-Tank4","2026-07-17 03:00",0
"Trzic-Tank4","2026-07-17 04:00",0
"Trzic-Tank4","2026-07-17 05:00",0
"Trzic-Tank4","2026-07-17 06:00",0
"Trzic-Tank4","2026-07-17 07:00",0
"Trzic-Tank4","2026-07-17 08:00",0
"Trzic-Tank4","2026-07-17 09:00",0
"Trzic-Tank4","2026-07-17 10:00",0
"Trzic-Tank4","2026-07-17 11:00",0
"Trzic-Tank4","2026-07-17 12:00",0
"Trzic-Tank4","2026-07-17 13:00",0
"Trzic-Tank4","2026-07-17 14:00",0
"Trzic-Tank4","2026-07-17 15:00",0
"Trzic-Tank4","2026-07-17 16:00",0
"Trzic-Tank4","2026-07-17 17:00",0
"Trzic-Tank4","2026-07-17 18:00",0
"Trzic-Tank4","2026-07-17 19:00",0
"Trzic-Tank4","2026-07-17 20:00",0
"Trzic-Tank4","2026-07-17 21:00",0
"Trzic-Tank4","2026-07-17 22:00",0
"Trzic-Tank4","2026-07-17 23:00",0
"Trzic-Tank4","2026-07-18 00:00",0
"Trzic-Tank4","2026-07-18 01:00",0
"Trzic-Tank4","2026-07-18 02:00",0
"Trzic-Tank4","2026-07-18 03:00",0
"Trzic-Tank4","2026-07-18 04:00",0
"Trzic-Tank4","2026-07-18 05:00",0
"Trzic-Tank4","2026-07-18 06:00",0
"Trzic-Tank4","2026-07-18 07:00",0
"Trzic-Tank4","2026-07-18 08:00",0
"Trzic-Tank4","2026-07-18 09:00",0
"Trzic-Tank4","2026-07-18 10:00",0
"Trzic-Tank4","2026-07-18 11:00",0
"Trzic-Tank4","2026-07-18 12:00",0
"Trzic-Tank4","2026-07-18 13:00",0
"Trzic-Tank4","2026-07-18 14:00",0
"Trzic-Tank4","2026-07-18 15:00",0
"Trzic-Tank4","2026-07-18 16:00",0
"Trzic-Tank4","2026-07-18 17:00",0
"Trzic-Tank4","2026-07-18 18:00",0
"Trzic-Tank4","2026-07-18 19:00","32.2"
"Trzic-Tank4","2026-07-18 20:00","18.2"
"Trzic-Tank4","2026-07-18 21:00","11.6"
"Trzic-Tank4","2026-07-18 22:00","7.8"
"Trzic-Tank4","2026-07-18 23:00","6.6"
"Trzic-Tank4","2026-07-19 00:00","6.6"
"Trzic-Tank4","2026-07-19 01:00",5
"Trzic-Tank4","2026-07-19 02:00",5
"Trzic-Tank4","2026-07-19 03:00",5
"Trzic-Tank4","2026-07-19 04:00",5
"Trzic-Tank4","2026-07-19 05:00","3.8"
"Trzic-Tank4","2026-07-19 06:00","3.8"
"Trzic-Tank4","2026-07-19 07:00","3.2"
"Trzic-Tank4","2026-07-19 08:00","2.8"
"Trzic-Tank4","2026-07-19 09:00","2.6"
"Trzic-Tank4","2026-07-19 10:00","2.6"
"Trzic-Tank4","2026-07-19 11:00","2.4"
"Trzic-Tank4","2026-07-19 12:00",2
"Trzic-Tank4","2026-07-19 13:00",2
"Trzic-Tank4","2026-07-19 14:00","1.8"
"Trzic-Tank4","2026-07-19 15:00","1.4"
"Trzic-Tank4","2026-07-19 16:00","1.4"
"Trzic-Tank4","2026-07-19 17:00","1.4"
"Trzic-Tank4","2026-07-19 18:00","1.2"
"Trzic-Tank4","2026-07-19 19:00","1.2"
"Trzic-Tank4","2026-07-19 20:00","1.2"
"Trzic-Tank4","2026-07-19 21:00","1.2"
"Trzic-Tank4","2026-07-19 22:00",1
"Trzic-Tank4","2026-07-19 23:00","0.8"
"Trzic-Tank4","2026-07-20 00:00","0.8"
"Trzic-Tank4","2026-07-20 01:00",
"Trzic-Tank4","2026-07-20 02:00","0.8"
"Trzic-Tank4","2026-07-20 03:00","0.8"
"Trzic-Tank4","2026-07-20 04:00","0.8"
"Trzic-Tank4","2026-07-20 05:00","0.8"
"Trzic-Tank4","2026-07-20 06:00","0.6"
"Trzic-Tank4","2026-07-20 07:00","0.6"
"Trzic-Tank4","2026-07-20 08:00","0.6"
"Trzic-Tank4","2026-07-20 09:00","0.6"
"Trzic-Tank4","2026-07-20 10:00","0.4"
"Trzic-Tank4","2026-07-20 11:00","0.4"
"Trzic-Tank4","2026-07-20 12:00","0.6"
"Trzic-Tank4","2026-07-20 13:00","0.4"
"Trzic-Tank4","2026-07-20 14:00","0.4"
"Trzic-Tank4","2026-07-20 15:00","0.4"
"Trzic-Tank4","2026-07-20 16:00","0.4"
"Trzic-Tank4","2026-07-20 17:00","0.4"
"Trzic-Tank4","2026-07-20 18:00","0.2"
"Trzic-Tank4","2026-07-20 19:00","0.4"
"Trzic-Tank4","2026-07-20 20:00","0.2"
"Trzic-Tank4","2026-07-20 21:00","0.2"
"Trzic-Tank4","2026-07-20 22:00","0.2"
"Trzic-Tank4","2026-07-20 23:00","0.2"
"Trzic-Tank4","2026-07-21 00:00","0.2"
"Trzic-Tank4","2026-07-21 01:00","0.2"
"Trzic-Tank4","2026-07-21 02:00","0.2"
"Trzic-Tank4","2026-07-21 03:00","0.2"
"Trzic-Tank4","2026-07-21 04:00","0.2"
"Trzic-Tank4","2026-07-21 05:00","0.2"
"Trzic-Tank4","2026-07-21 06:00","0.2"
"Trzic-Tank4","2026-07-21 07:00","0.2"
"Trzic-Tank4","2026-07-21 08:00","0.2"
"Trzic-Tank4","2026-07-21 09:00","0.2"
"Trzic-Tank4","2026-07-21 10:00",0
"Trzic-Tank4","2026-07-21 11:00","0.2"
"Trzic-Tank4","2026-07-21 12:00",0
"Trzic-Tank4","2026-07-21 13:00",0
"Trzic-Tank4","2026-07-21 14:00","0.2"
"Trzic-Tank4","2026-07-21 15:00",0
"Trzic-Tank4","2026-07-21 16:00","0.2"
"Trzic-Tank4","2026-07-21 17:00","0.2"
"Trzic-Tank4","2026-07-21 18:00",0
"Trzic-Tank4","2026-07-21 19:00","0.2"
"Trzic-Tank4","2026-07-21 20:00",0
"Trzic-Tank4","2026-07-21 21:00",0
"Trzic-Tank4","2026-07-21 22:00",0
"Trzic-Tank4","2026-07-21 23:00",0
"Trzic-Tank4","2026-07-22 00:00",0
"Trzic-Tank4","2026-07-22 01:00","0.2"
"Trzic-Tank4","2026-07-22 02:00","0.2"
"Trzic-Tank4","2026-07-22 03:00","0.2"
"Trzic-Tank4","2026-07-22 04:00","0.2"
"Trzic-Tank4","2026-07-22 05:00","0.2"
"Trzic-Tank4","2026-07-22 06:00","0.2"
"Trzic-Tank4","2026-07-22 07:00","0.2"
"Trzic-Tank4","2026-07-22 08:00",0
"Trzic-Tank4","2026-07-22 09:00",0
"Trzic-Tank4","2026-07-22 10:00",0
"Trzic-Tank4","2026-07-22 11:00","0.2"
"Trzic-Tank4","2026-07-22 12:00","0.2"
"Trzic-Tank4","2026-07-22 13:00",0
"Trzic-Tank4","2026-07-22 14:00",0
"Trzic-Tank4","2026-07-22 15:00",0
"Trzic-Tank4","2026-07-22 16:00",0
"Trzic-Tank4","2026-07-22 17:00",0
"Trzic-Tank4","2026-07-22 18:00",0
"Trzic-Tank4","2026-07-22 19:00",0
"Trzic-Tank4","2026-07-22 20:00",0
"Trzic-Tank4","2026-07-22 21:00",0
"Trzic-Tank4","2026-07-22 22:00",0
"Trzic-Tank4","2026-07-22 23:00",0
"Trzic-Tank4","2026-07-23 00:00",0
"Trzic-Tank4","2026-07-23 01:00","0.2"
"Trzic-Tank4","2026-07-23 02:00","0.2"
"Trzic-Tank4","2026-07-23 03:00","0.2"
"Trzic-Tank4","2026-07-23 04:00","0.2"
"Trzic-Tank4","2026-07-23 05:00",0
"Trzic-Tank4","2026-07-23 06:00",0
"Trzic-Tank4","2026-07-23 07:00",0
"Trzic-Tank4","2026-07-23 08:00",0
"Trzic-Tank4","2026-07-23 09:00",0
"Trzic-Tank4","2026-07-23 10:00",0
"Trzic-Tank4","2026-07-23 11:00",0
"Trzic-Tank4","2026-07-23 12:00",0
"Trzic-Tank4","2026-07-23 13:00",0
"Trzic-Tank4","2026-07-23 14:00",0
"Trzic-Tank4","2026-07-23 15:00",0
"Trzic-Tank4","2026-07-23 16:00",0
"Trzic-Tank4","2026-07-23 17:00",0
"Trzic-Tank4","2026-07-23 18:00",0
"Trzic-Tank4","2026-07-23 19:00",0
"Trzic-Tank4","2026-07-23 20:00",0
"Trzic-Tank4","2026-07-23 21:00",0
"Trzic-Tank4","2026-07-23 22:00","0.2"
"Trzic-Tank2","2026-05-27 16:00",0
"Trzic-Tank2","2026-05-27 17:00",0
"Trzic-Tank2","2026-05-27 18:00","0.1"
"Trzic-Tank2","2026-05-27 19:00",0
"Trzic-Tank2","2026-05-27 20:00",0
"Trzic-Tank2","2026-05-27 21:00",0
"Trzic-Tank2","2026-05-27 22:00",0
"Trzic-Tank2","2026-05-27 23:00",0
"Trzic-Tank2","2026-05-28 00:00",0
"Trzic-Tank2","2026-05-28 01:00",0
"Trzic-Tank2","2026-05-28 02:00",0
"Trzic-Tank2","2026-05-28 03:00",0
"Trzic-Tank2","2026-05-28 04:00",0
"Trzic-Tank2","2026-05-28 05:00",0
"Trzic-Tank2","2026-05-28 06:00",0
"Trzic-Tank2","2026-05-28 07:00",0
"Trzic-Tank2","2026-05-28 08:00",0
"Trzic-Tank2","2026-05-28 09:00",0
"Trzic-Tank2","2026-05-28 10:00",0
"Trzic-Tank2","2026-05-28 11:00",0
"Trzic-Tank2","2026-05-28 12:00",0
"Trzic-Tank2","2026-05-28 13:00",0
"Trzic-Tank2","2026-05-28 14:00",0
"Trzic-Tank2","2026-05-28 15:00",0
"Trzic-Tank2","2026-05-28 16:00",0
"Trzic-Tank2","2026-05-28 17:00",0
"Trzic-Tank2","2026-05-28 18:00",0
"Trzic-Tank2","2026-05-28 19:00",0
"Trzic-Tank2","2026-05-28 20:00",0
"Trzic-Tank2","2026-05-28 21:00",0
"Trzic-Tank2","2026-05-28 22:00",0
"Trzic-Tank2","2026-05-28 23:00",0
"Trzic-Tank2","2026-05-29 00:00",0
"Trzic-Tank2","2026-05-29 01:00",0
"Trzic-Tank2","2026-05-29 02:00",0
"Trzic-Tank2","2026-05-29 03:00",0
"Trzic-Tank2","2026-05-29 04:00",0
"Trzic-Tank2","2026-05-29 05:00",0
"Trzic-Tank2","2026-05-29 06:00",0
"Trzic-Tank2","2026-05-29 07:00",0
"Trzic-Tank2","2026-05-29 08:00",0
"Trzic-Tank2","2026-05-29 09:00",0
"Trzic-Tank2","2026-05-29 10:00",0
"Trzic-Tank2","2026-05-29 11:00",0
"Trzic-Tank2","2026-05-29 12:00",0
"Trzic-Tank2","2026-05-29 13:00",0
"Trzic-Tank2","2026-05-29 14:00",0
"Trzic-Tank2","2026-05-29 15:00",0
"Trzic-Tank2","2026-05-29 16:00",0
"Trzic-Tank2","2026-05-29 17:00",0
"Trzic-Tank2","2026-05-29 18:00",0
"Trzic-Tank2","2026-05-29 19:00",0
"Trzic-Tank2","2026-05-29 20:00",0
"Trzic-Tank2","2026-05-29 21:00",0
"Trzic-Tank2","2026-05-29 22:00",0
"Trzic-Tank2","2026-05-29 23:00",0
"Trzic-Tank2","2026-05-30 00:00",0
"Trzic-Tank2","2026-05-30 01:00",0
"Trzic-Tank2","2026-05-30 02:00",0
"Trzic-Tank2","2026-05-30 03:00",0
"Trzic-Tank2","2026-05-30 04:00",0
"Trzic-Tank2","2026-05-30 05:00",0
"Trzic-Tank2","2026-05-30 06:00",0
"Trzic-Tank2","2026-05-30 07:00",0
"Trzic-Tank2","2026-05-30 08:00",0
"Trzic-Tank2","2026-05-30 09:00",0
"Trzic-Tank2","2026-05-30 10:00",0
"Trzic-Tank2","2026-05-30 11:00",0
"Trzic-Tank2","2026-05-30 12:00",0
"Trzic-Tank2","2026-05-30 13:00",0
"Trzic-Tank2","2026-05-30 14:00",0
"Trzic-Tank2","2026-05-30 15:00",0
"Trzic-Tank2","2026-05-30 16:00",0
"Trzic-Tank2","2026-05-30 17:00",0
"Trzic-Tank2","2026-05-30 18:00",0
"Trzic-Tank2","2026-05-30 19:00",0
"Trzic-Tank2","2026-05-30 20:00",0
"Trzic-Tank2","2026-05-30 21:00",0
"Trzic-Tank2","2026-05-30 22:00",0
"Trzic-Tank2","2026-05-30 23:00",0
"Trzic-Tank2","2026-05-31 00:00",0
"Trzic-Tank2","2026-05-31 01:00",0
"Trzic-Tank2","2026-05-31 02:00",0
"Trzic-Tank2","2026-05-31 03:00",0
"Trzic-Tank2","2026-05-31 04:00",0
"Trzic-Tank2","2026-05-31 05:00",0
"Trzic-Tank2","2026-05-31 06:00",0
"Trzic-Tank2","2026-05-31 07:00",0
"Trzic-Tank2","2026-05-31 08:00",0
"Trzic-Tank2","2026-05-31 09:00",0
"Trzic-Tank2","2026-05-31 10:00",0
"Trzic-Tank2","2026-05-31 11:00",0
"Trzic-Tank2","2026-05-31 12:00",0
"Trzic-Tank2","2026-05-31 13:00",0
"Trzic-Tank2","2026-05-31 14:00",0
"Trzic-Tank2","2026-05-31 15:00",0
"Trzic-Tank2","2026-05-31 16:00",0
"Trzic-Tank2","2026-05-31 17:00",0
"Trzic-Tank2","2026-05-31 18:00",0
"Trzic-Tank2","2026-05-31 19:00","0.1"
"Trzic-Tank2","2026-05-31 20:00","0.2"
"Trzic-Tank2","2026-05-31 21:00","0.3"
"Trzic-Tank2","2026-05-31 22:00","0.4"
"Trzic-Tank2","2026-05-31 23:00","0.517"
"Trzic-Tank2","2026-06-01 00:00","0.517"
"Trzic-Tank2","2026-06-01 01:00","0.8"
"Trzic-Tank2","2026-06-01 02:00","0.8"
"Trzic-Tank2","2026-06-01 03:00","0.8"
"Trzic-Tank2","2026-06-01 04:00","0.8"
"Trzic-Tank2","2026-06-01 05:00","1.185"
"Trzic-Tank2","2026-06-01 06:00","1.1"
"Trzic-Tank2","2026-06-01 07:00","1.1"
"Trzic-Tank2","2026-06-01 08:00",1
"Trzic-Tank2","2026-06-01 09:00","1.1"
"Trzic-Tank2","2026-06-01 10:00","1.2"
"Trzic-Tank2","2026-06-01 11:00","1.2"
"Trzic-Tank2","2026-06-01 12:00","1.1"
"Trzic-Tank2","2026-06-01 13:00","1.2"
"Trzic-Tank2","2026-06-01 14:00","1.2"
"Trzic-Tank2","2026-06-01 15:00","1.2"
"Trzic-Tank2","2026-06-01 16:00","1.2"
"Trzic-Tank2","2026-06-01 17:00","1.2"
"Trzic-Tank2","2026-06-01 18:00","1.2"
"Trzic-Tank2","2026-06-01 19:00","1.2"
"Trzic-Tank2","2026-06-01 20:00","1.2"
"Trzic-Tank2","2026-06-01 21:00","1.3"
"Trzic-Tank2","2026-06-01 22:00","1.2"
"Trzic-Tank2","2026-06-01 23:00","1.2"
"Trzic-Tank2","2026-06-02 00:00","1.2"
"Trzic-Tank2","2026-06-02 01:00",1
"Trzic-Tank2","2026-06-02 02:00",1
"Trzic-Tank2","2026-06-02 03:00",1
"Trzic-Tank2","2026-06-02 04:00",1
"Trzic-Tank2","2026-06-02 05:00","0.9"
"Trzic-Tank2","2026-06-02 06:00",1
"Trzic-Tank2","2026-06-02 07:00","0.9"
"Trzic-Tank2","2026-06-02 08:00","0.9"
"Trzic-Tank2","2026-06-02 09:00","0.8"
"Trzic-Tank2","2026-06-02 10:00","0.9"
"Trzic-Tank2","2026-06-02 11:00","0.8"
"Trzic-Tank2","2026-06-02 12:00","0.8"
"Trzic-Tank2","2026-06-02 13:00","0.8"
"Trzic-Tank2","2026-06-02 14:00","0.7"
"Trzic-Tank2","2026-06-02 15:00","0.7"
"Trzic-Tank2","2026-06-02 16:00","0.7"
"Trzic-Tank2","2026-06-02 17:00","0.6"
"Trzic-Tank2","2026-06-02 18:00","0.6"
"Trzic-Tank2","2026-06-02 19:00","0.7"
"Trzic-Tank2","2026-06-02 20:00","0.6"
"Trzic-Tank2","2026-06-02 21:00","0.6"
"Trzic-Tank2","2026-06-02 22:00","0.6"
"Trzic-Tank2","2026-06-02 23:00","0.5"
"Trzic-Tank2","2026-06-03 00:00","0.5"
"Trzic-Tank2","2026-06-03 01:00","0.6"
"Trzic-Tank2","2026-06-03 02:00","0.6"
"Trzic-Tank2","2026-06-03 03:00","0.6"
"Trzic-Tank2","2026-06-03 04:00","0.6"
"Trzic-Tank2","2026-06-03 05:00","0.705"
"Trzic-Tank2","2026-06-03 06:00","0.849"
"Trzic-Tank2","2026-06-03 07:00","1.005"
"Trzic-Tank2","2026-06-03 08:00","1.027"
"Trzic-Tank2","2026-06-03 09:00","11.4"
"Trzic-Tank2","2026-06-03 10:00","25.041"
"Trzic-Tank2","2026-06-03 11:00","27.228"
"Trzic-Tank2","2026-06-03 12:00","26.451"
"Trzic-Tank2","2026-06-03 13:00",24
"Trzic-Tank2","2026-06-03 14:00","22.5"
"Trzic-Tank2","2026-06-03 15:00","18.3"
"Trzic-Tank2","2026-06-03 16:00","16.8"
"Trzic-Tank2","2026-06-03 17:00","14.7"
"Trzic-Tank2","2026-06-03 18:00","12.9"
"Trzic-Tank2","2026-06-03 19:00","11.2"
"Trzic-Tank2","2026-06-03 20:00","9.3"
"Trzic-Tank2","2026-06-03 21:00","8.1"
"Trzic-Tank2","2026-06-03 22:00","7.3"
"Trzic-Tank2","2026-06-03 23:00","6.2"
"Trzic-Tank2","2026-06-04 00:00","6.2"
"Trzic-Tank2","2026-06-04 01:00","4.4"
"Trzic-Tank2","2026-06-04 02:00","4.4"
"Trzic-Tank2","2026-06-04 03:00","4.4"
"Trzic-Tank2","2026-06-04 04:00","4.4"
"Trzic-Tank2","2026-06-04 05:00",3
"Trzic-Tank2","2026-06-04 06:00","2.6"
"Trzic-Tank2","2026-06-04 07:00","2.5"
"Trzic-Tank2","2026-06-04 08:00","2.4"
"Trzic-Tank2","2026-06-04 09:00","2.2"
"Trzic-Tank2","2026-06-04 10:00","2.2"
"Trzic-Tank2","2026-06-04 11:00",2
"Trzic-Tank2","2026-06-04 12:00","1.9"
"Trzic-Tank2","2026-06-04 13:00","1.8"
"Trzic-Tank2","2026-06-04 14:00","1.7"
"Trzic-Tank2","2026-06-04 15:00","1.7"
"Trzic-Tank2","2026-06-04 16:00","1.6"
"Trzic-Tank2","2026-06-04 17:00","1.6"
"Trzic-Tank2","2026-06-04 18:00","1.5"
"Trzic-Tank2","2026-06-04 19:00","1.5"
"Trzic-Tank2","2026-06-04 20:00","1.4"
"Trzic-Tank2","2026-06-04 21:00","1.3"
"Trzic-Tank2","2026-06-04 22:00","1.3"
"Trzic-Tank2","2026-06-04 23:00","1.3"
"Trzic-Tank2","2026-06-05 00:00","1.3"
"Trzic-Tank2","2026-06-05 01:00","1.2"
"Trzic-Tank2","2026-06-05 02:00","1.2"
"Trzic-Tank2","2026-06-05 03:00","1.2"
"Trzic-Tank2","2026-06-05 04:00","1.2"
"Trzic-Tank2","2026-06-05 05:00","1.1"
"Trzic-Tank2","2026-06-05 06:00","1.1"
"Trzic-Tank2","2026-06-05 07:00",1
"Trzic-Tank2","2026-06-05 08:00","0.9"
"Trzic-Tank2","2026-06-05 09:00",1
"Trzic-Tank2","2026-06-05 10:00","0.976"
"Trzic-Tank2","2026-06-05 11:00","1.036"
"Trzic-Tank2","2026-06-05 12:00","1.121"
"Trzic-Tank2","2026-06-05 13:00","1.01"
"Trzic-Tank2","2026-06-05 14:00","1.064"
"Trzic-Tank2","2026-06-05 15:00","0.885"
"Trzic-Tank2","2026-06-05 16:00","0.942"
"Trzic-Tank2","2026-06-05 17:00","1.2"
"Trzic-Tank2","2026-06-05 18:00","1.9"
"Trzic-Tank2","2026-06-05 19:00","3.4"
"Trzic-Tank2","2026-06-05 20:00","4.9"
"Trzic-Tank2","2026-06-05 21:00","5.509"
"Trzic-Tank2","2026-06-05 22:00","5.509"
"Trzic-Tank2","2026-06-05 23:00","5.4"
"Trzic-Tank2","2026-06-06 00:00","5.4"
"Trzic-Tank2","2026-06-06 01:00","4.8"
"Trzic-Tank2","2026-06-06 02:00","4.8"
"Trzic-Tank2","2026-06-06 03:00","4.8"
"Trzic-Tank2","2026-06-06 04:00","4.8"
"Trzic-Tank2","2026-06-06 05:00","3.6"
"Trzic-Tank2","2026-06-06 06:00","3.4"
"Trzic-Tank2","2026-06-06 07:00","3.3"
"Trzic-Tank2","2026-06-06 08:00","3.1"
"Trzic-Tank2","2026-06-06 09:00","2.9"
"Trzic-Tank2","2026-06-06 10:00","2.8"
"Trzic-Tank2","2026-06-06 11:00","2.7"
"Trzic-Tank2","2026-06-06 12:00","2.4"
"Trzic-Tank2","2026-06-06 13:00","2.3"
"Trzic-Tank2","2026-06-06 14:00","2.3"
"Trzic-Tank2","2026-06-06 15:00","2.1"
"Trzic-Tank2","2026-06-06 16:00",2
"Trzic-Tank2","2026-06-06 17:00",2
"Trzic-Tank2","2026-06-06 18:00","1.8"
"Trzic-Tank2","2026-06-06 19:00","1.8"
"Trzic-Tank2","2026-06-06 20:00","1.7"
"Trzic-Tank2","2026-06-06 21:00","1.6"
"Trzic-Tank2","2026-06-06 22:00","1.5"
"Trzic-Tank2","2026-06-06 23:00","1.5"
"Trzic-Tank2","2026-06-07 00:00","1.5"
"Trzic-Tank2","2026-06-07 01:00","1.4"
"Trzic-Tank2","2026-06-07 02:00","1.4"
"Trzic-Tank2","2026-06-07 03:00","1.4"
"Trzic-Tank2","2026-06-07 04:00","1.4"
"Trzic-Tank2","2026-06-07 05:00","1.3"
"Trzic-Tank2","2026-06-07 06:00","1.2"
"Trzic-Tank2","2026-06-07 07:00","1.2"
"Trzic-Tank2","2026-06-07 08:00",1
"Trzic-Tank2","2026-06-07 09:00",1
"Trzic-Tank2","2026-06-07 10:00",1
"Trzic-Tank2","2026-06-07 11:00",1
"Trzic-Tank2","2026-06-07 12:00",1
"Trzic-Tank2","2026-06-07 13:00","0.9"
"Trzic-Tank2","2026-06-07 14:00","0.9"
"Trzic-Tank2","2026-06-07 15:00","0.9"
"Trzic-Tank2","2026-06-07 16:00","0.9"
"Trzic-Tank2","2026-06-07 17:00","0.8"
"Trzic-Tank2","2026-06-07 18:00","0.8"
"Trzic-Tank2","2026-06-07 19:00","0.8"
"Trzic-Tank2","2026-06-07 20:00","0.7"
"Trzic-Tank2","2026-06-07 21:00","0.8"
"Trzic-Tank2","2026-06-07 22:00","0.7"
"Trzic-Tank2","2026-06-07 23:00","0.7"
"Trzic-Tank2","2026-06-08 00:00","0.7"
"Trzic-Tank2","2026-06-08 01:00","0.7"
"Trzic-Tank2","2026-06-08 02:00","0.7"
"Trzic-Tank2","2026-06-08 03:00","0.7"
"Trzic-Tank2","2026-06-08 04:00","0.7"
"Trzic-Tank2","2026-06-08 05:00","0.6"
"Trzic-Tank2","2026-06-08 06:00","0.6"
"Trzic-Tank2","2026-06-08 07:00","0.6"
"Trzic-Tank2","2026-06-08 08:00","0.6"
"Trzic-Tank2","2026-06-08 09:00","0.6"
"Trzic-Tank2","2026-06-08 10:00","0.6"
"Trzic-Tank2","2026-06-08 11:00","0.5"
"Trzic-Tank2","2026-06-08 12:00","0.5"
"Trzic-Tank2","2026-06-08 13:00","0.5"
"Trzic-Tank2","2026-06-08 14:00","0.5"
"Trzic-Tank2","2026-06-08 15:00","0.5"
"Trzic-Tank2","2026-06-08 16:00","0.5"
"Trzic-Tank2","2026-06-08 17:00","0.5"
"Trzic-Tank2","2026-06-08 18:00","0.5"
"Trzic-Tank2","2026-06-08 19:00","0.5"
"Trzic-Tank2","2026-06-08 20:00","0.5"
"Trzic-Tank2","2026-06-08 21:00","0.5"
"Trzic-Tank2","2026-06-08 22:00","0.4"
"Trzic-Tank2","2026-06-08 23:00","0.4"
"Trzic-Tank2","2026-06-09 00:00","0.4"
"Trzic-Tank2","2026-06-09 01:00","0.4"
"Trzic-Tank2","2026-06-09 02:00","0.4"
"Trzic-Tank2","2026-06-09 03:00","0.4"
"Trzic-Tank2","2026-06-09 04:00","0.4"
"Trzic-Tank2","2026-06-09 05:00","0.4"
"Trzic-Tank2","2026-06-09 06:00","0.3"
"Trzic-Tank2","2026-06-09 07:00","0.3"
"Trzic-Tank2","2026-06-09 08:00","0.3"
"Trzic-Tank2","2026-06-09 09:00","0.3"
"Trzic-Tank2","2026-06-09 10:00","0.3"
"Trzic-Tank2","2026-06-09 11:00","0.3"
"Trzic-Tank2","2026-06-09 12:00","0.3"
"Trzic-Tank2","2026-06-09 13:00","0.3"
"Trzic-Tank2","2026-06-09 14:00","0.3"
"Trzic-Tank2","2026-06-09 15:00","0.3"
"Trzic-Tank2","2026-06-09 16:00","0.3"
"Trzic-Tank2","2026-06-09 17:00","0.3"
"Trzic-Tank2","2026-06-09 18:00","0.3"
"Trzic-Tank2","2026-06-09 19:00","0.2"
"Trzic-Tank2","2026-06-09 20:00","0.3"
"Trzic-Tank2","2026-06-09 21:00","0.2"
"Trzic-Tank2","2026-06-09 22:00","0.2"
"Trzic-Tank2","2026-06-09 23:00","0.2"
"Trzic-Tank2","2026-06-10 00:00","0.2"
"Trzic-Tank2","2026-06-10 01:00","0.2"
"Trzic-Tank2","2026-06-10 02:00","0.2"
"Trzic-Tank2","2026-06-10 03:00","0.2"
"Trzic-Tank2","2026-06-10 04:00","0.2"
"Trzic-Tank2","2026-06-10 05:00","0.2"
"Trzic-Tank2","2026-06-10 06:00","0.2"
"Trzic-Tank2","2026-06-10 07:00","0.319"
"Trzic-Tank2","2026-06-10 08:00","0.37"
"Trzic-Tank2","2026-06-10 09:00","0.2"
"Trzic-Tank2","2026-06-10 10:00","0.2"
"Trzic-Tank2","2026-06-10 11:00","2.317"
"Trzic-Tank2","2026-06-10 12:00","5.017"
"Trzic-Tank2","2026-06-10 13:00","6.1"
"Trzic-Tank2","2026-06-10 14:00","7.909"
"Trzic-Tank2","2026-06-10 15:00","9.2"
"Trzic-Tank2","2026-06-10 16:00","8.4"
"Trzic-Tank2","2026-06-10 17:00",8
"Trzic-Tank2","2026-06-10 18:00","7.4"
"Trzic-Tank2","2026-06-10 19:00","6.217"
"Trzic-Tank2","2026-06-10 20:00","5.759"
"Trzic-Tank2","2026-06-10 21:00","39.113"
"Trzic-Tank2","2026-06-10 22:00","64.4"
"Trzic-Tank2","2026-06-10 23:00","0.46"
"Trzic-Tank2","2026-06-11 00:00","0.46"
"Trzic-Tank2","2026-06-11 01:00",0
"Trzic-Tank2","2026-06-11 02:00",0
"Trzic-Tank2","2026-06-11 03:00",0
"Trzic-Tank2","2026-06-11 04:00",0
"Trzic-Tank2","2026-06-11 05:00",49
"Trzic-Tank2","2026-06-11 06:00","45.1"
"Trzic-Tank2","2026-06-11 07:00","39.4"
"Trzic-Tank2","2026-06-11 08:00","32.6"
"Trzic-Tank2","2026-06-11 09:00","26.4"
"Trzic-Tank2","2026-06-11 10:00","21.5"
"Trzic-Tank2","2026-06-11 11:00","14.4"
"Trzic-Tank2","2026-06-11 12:00","10.2"
"Trzic-Tank2","2026-06-11 13:00","6.3"
"Trzic-Tank2","2026-06-11 14:00","5.4"
"Trzic-Tank2","2026-06-11 15:00","4.9"
"Trzic-Tank2","2026-06-11 16:00","4.6"
"Trzic-Tank2","2026-06-11 17:00","4.1"
"Trzic-Tank2","2026-06-11 18:00","3.9"
"Trzic-Tank2","2026-06-11 19:00","3.7"
"Trzic-Tank2","2026-06-11 20:00","3.3"
"Trzic-Tank2","2026-06-11 21:00","3.4"
"Trzic-Tank2","2026-06-11 22:00","3.1"
"Trzic-Tank2","2026-06-11 23:00","2.9"
"Trzic-Tank2","2026-06-12 00:00","2.9"
"Trzic-Tank2","2026-06-12 01:00","2.6"
"Trzic-Tank2","2026-06-12 02:00","2.6"
"Trzic-Tank2","2026-06-12 03:00","2.6"
"Trzic-Tank2","2026-06-12 04:00","2.6"
"Trzic-Tank2","2026-06-12 05:00","2.1"
"Trzic-Tank2","2026-06-12 06:00",2
"Trzic-Tank2","2026-06-12 07:00","1.8"
"Trzic-Tank2","2026-06-12 08:00","1.8"
"Trzic-Tank2","2026-06-12 09:00","1.7"
"Trzic-Tank2","2026-06-12 10:00","1.5"
"Trzic-Tank2","2026-06-12 11:00","1.6"
"Trzic-Tank2","2026-06-12 12:00","1.4"
"Trzic-Tank2","2026-06-12 13:00","1.4"
"Trzic-Tank2","2026-06-12 14:00","1.3"
"Trzic-Tank2","2026-06-12 15:00","1.3"
"Trzic-Tank2","2026-06-12 16:00","1.2"
"Trzic-Tank2","2026-06-12 17:00","1.2"
"Trzic-Tank2","2026-06-12 18:00","1.1"
"Trzic-Tank2","2026-06-12 19:00","1.1"
"Trzic-Tank2","2026-06-12 20:00","1.1"
"Trzic-Tank2","2026-06-12 21:00",1
"Trzic-Tank2","2026-06-12 22:00",1
"Trzic-Tank2","2026-06-12 23:00","0.9"
"Trzic-Tank2","2026-06-13 00:00","0.9"
"Trzic-Tank2","2026-06-13 01:00","0.9"
"Trzic-Tank2","2026-06-13 02:00","0.9"
"Trzic-Tank2","2026-06-13 03:00","0.9"
"Trzic-Tank2","2026-06-13 04:00","0.9"
"Trzic-Tank2","2026-06-13 05:00","0.8"
"Trzic-Tank2","2026-06-13 06:00","0.7"
"Trzic-Tank2","2026-06-13 07:00","0.7"
"Trzic-Tank2","2026-06-13 08:00","0.7"
"Trzic-Tank2","2026-06-13 09:00","0.7"
"Trzic-Tank2","2026-06-13 10:00","0.7"
"Trzic-Tank2","2026-06-13 11:00","0.7"
"Trzic-Tank2","2026-06-13 12:00","0.7"
"Trzic-Tank2","2026-06-13 13:00","0.6"
"Trzic-Tank2","2026-06-13 14:00","0.6"
"Trzic-Tank2","2026-06-13 15:00","0.5"
"Trzic-Tank2","2026-06-13 16:00","0.5"
"Trzic-Tank2","2026-06-13 17:00","0.5"
"Trzic-Tank2","2026-06-13 18:00","0.5"
"Trzic-Tank2","2026-06-13 19:00","0.5"
"Trzic-Tank2","2026-06-13 20:00","0.5"
"Trzic-Tank2","2026-06-13 21:00","0.4"
"Trzic-Tank2","2026-06-13 22:00","0.5"
"Trzic-Tank2","2026-06-13 23:00","0.4"
"Trzic-Tank2","2026-06-14 00:00","0.4"
"Trzic-Tank2","2026-06-14 01:00","0.5"
"Trzic-Tank2","2026-06-14 02:00","0.5"
"Trzic-Tank2","2026-06-14 03:00","0.5"
"Trzic-Tank2","2026-06-14 04:00","0.5"
"Trzic-Tank2","2026-06-14 05:00","0.4"
"Trzic-Tank2","2026-06-14 06:00","0.3"
"Trzic-Tank2","2026-06-14 07:00","0.4"
"Trzic-Tank2","2026-06-14 08:00","0.4"
"Trzic-Tank2","2026-06-14 09:00","0.3"
"Trzic-Tank2","2026-06-14 10:00","0.4"
"Trzic-Tank2","2026-06-14 11:00","0.2"
"Trzic-Tank2","2026-06-14 12:00","0.4"
"Trzic-Tank2","2026-06-14 13:00","0.4"
"Trzic-Tank2","2026-06-14 14:00","0.3"
"Trzic-Tank2","2026-06-14 15:00","0.3"
"Trzic-Tank2","2026-06-14 16:00","0.3"
"Trzic-Tank2","2026-06-14 17:00","0.3"
"Trzic-Tank2","2026-06-14 18:00","0.3"
"Trzic-Tank2","2026-06-14 19:00","0.2"
"Trzic-Tank2","2026-06-14 20:00","0.2"
"Trzic-Tank2","2026-06-14 21:00","0.2"
"Trzic-Tank2","2026-06-14 22:00","0.2"
"Trzic-Tank2","2026-06-14 23:00","0.2"
"Trzic-Tank2","2026-06-15 00:00","0.2"
"Trzic-Tank2","2026-06-15 01:00","0.2"
"Trzic-Tank2","2026-06-15 02:00","0.2"
"Trzic-Tank2","2026-06-15 03:00","0.2"
"Trzic-Tank2","2026-06-15 04:00","0.2"
"Trzic-Tank2","2026-06-15 05:00","0.2"
"Trzic-Tank2","2026-06-15 06:00","0.1"
"Trzic-Tank2","2026-06-15 07:00","0.1"
"Trzic-Tank2","2026-06-15 08:00","0.2"
"Trzic-Tank2","2026-06-15 09:00","0.2"
"Trzic-Tank2","2026-06-15 10:00","0.2"
"Trzic-Tank2","2026-06-15 11:00","0.2"
"Trzic-Tank2","2026-06-15 12:00","0.2"
"Trzic-Tank2","2026-06-15 13:00","0.1"
"Trzic-Tank2","2026-06-15 14:00","0.1"
"Trzic-Tank2","2026-06-15 15:00","0.2"
"Trzic-Tank2","2026-06-15 16:00","0.1"
"Trzic-Tank2","2026-06-15 17:00","0.1"
"Trzic-Tank2","2026-06-15 18:00","0.1"
"Trzic-Tank2","2026-06-15 19:00","0.1"
"Trzic-Tank2","2026-06-15 20:00","0.1"
"Trzic-Tank2","2026-06-15 21:00","0.1"
"Trzic-Tank2","2026-06-15 22:00","0.1"
"Trzic-Tank2","2026-06-15 23:00","0.1"
"Trzic-Tank2","2026-06-16 00:00","0.1"
"Trzic-Tank2","2026-06-16 01:00","0.1"
"Trzic-Tank2","2026-06-16 02:00","0.1"
"Trzic-Tank2","2026-06-16 03:00","0.1"
"Trzic-Tank2","2026-06-16 04:00","0.1"
"Trzic-Tank2","2026-06-16 05:00","0.1"
"Trzic-Tank2","2026-06-16 06:00","0.1"
"Trzic-Tank2","2026-06-16 07:00","0.1"
"Trzic-Tank2","2026-06-16 08:00","0.1"
"Trzic-Tank2","2026-06-16 09:00","0.1"
"Trzic-Tank2","2026-06-16 10:00","0.1"
"Trzic-Tank2","2026-06-16 11:00","0.1"
"Trzic-Tank2","2026-06-16 12:00","0.1"
"Trzic-Tank2","2026-06-16 13:00",0
"Trzic-Tank2","2026-06-16 14:00","0.1"
"Trzic-Tank2","2026-06-16 15:00",0
"Trzic-Tank2","2026-06-16 16:00",0
"Trzic-Tank2","2026-06-16 17:00",0
"Trzic-Tank2","2026-06-16 18:00","0.1"
"Trzic-Tank2","2026-06-16 19:00",0
"Trzic-Tank2","2026-06-16 20:00","0.1"
"Trzic-Tank2","2026-06-16 21:00",0
"Trzic-Tank2","2026-06-16 22:00",0
"Trzic-Tank2","2026-06-16 23:00","0.1"
"Trzic-Tank2","2026-06-17 00:00","0.1"
"Trzic-Tank2","2026-06-17 01:00","0.1"
"Trzic-Tank2","2026-06-17 02:00","0.1"
"Trzic-Tank2","2026-06-17 03:00","0.1"
"Trzic-Tank2","2026-06-17 04:00","0.1"
"Trzic-Tank2","2026-06-17 05:00",0
"Trzic-Tank2","2026-06-17 06:00",0
"Trzic-Tank2","2026-06-17 07:00",0
"Trzic-Tank2","2026-06-17 08:00",0
"Trzic-Tank2","2026-06-17 09:00","0.1"
"Trzic-Tank2","2026-06-17 10:00","0.1"
"Trzic-Tank2","2026-06-17 11:00",0
"Trzic-Tank2","2026-06-17 12:00",0
"Trzic-Tank2","2026-06-17 13:00",0
"Trzic-Tank2","2026-06-17 14:00",0
"Trzic-Tank2","2026-06-17 15:00","0.1"
"Trzic-Tank2","2026-06-17 16:00",0
"Trzic-Tank2","2026-06-17 17:00",0
"Trzic-Tank2","2026-06-17 18:00",0
"Trzic-Tank2","2026-06-17 19:00",0
"Trzic-Tank2","2026-06-17 20:00",0
"Trzic-Tank2","2026-06-17 21:00",0
"Trzic-Tank2","2026-06-17 22:00","0.1"
"Trzic-Tank2","2026-06-17 23:00",0
"Trzic-Tank2","2026-06-18 00:00",0
"Trzic-Tank2","2026-06-18 01:00",0
"Trzic-Tank2","2026-06-18 02:00",0
"Trzic-Tank2","2026-06-18 03:00",0
"Trzic-Tank2","2026-06-18 04:00",0
"Trzic-Tank2","2026-06-18 05:00",0
"Trzic-Tank2","2026-06-18 06:00",0
"Trzic-Tank2","2026-06-18 07:00",0
"Trzic-Tank2","2026-06-18 08:00","0.1"
"Trzic-Tank2","2026-06-18 09:00",0
"Trzic-Tank2","2026-06-18 10:00",0
"Trzic-Tank2","2026-06-18 11:00",0
"Trzic-Tank2","2026-06-18 12:00",0
"Trzic-Tank2","2026-06-18 13:00",0
"Trzic-Tank2","2026-06-18 14:00",0
"Trzic-Tank2","2026-06-18 15:00",0
"Trzic-Tank2","2026-06-18 16:00",0
"Trzic-Tank2","2026-06-18 17:00",0
"Trzic-Tank2","2026-06-18 18:00","0.094"
"Trzic-Tank2","2026-06-18 19:00",0
"Trzic-Tank2","2026-06-18 20:00","0.009"
"Trzic-Tank2","2026-06-18 21:00",0
"Trzic-Tank2","2026-06-18 22:00",0
"Trzic-Tank2","2026-06-18 23:00",0
"Trzic-Tank2","2026-06-19 00:00",0
"Trzic-Tank2","2026-06-19 01:00",0
"Trzic-Tank2","2026-06-19 02:00",0
"Trzic-Tank2","2026-06-19 03:00",0
"Trzic-Tank2","2026-06-19 04:00",0
"Trzic-Tank2","2026-06-19 05:00",0
"Trzic-Tank2","2026-06-19 06:00","0.1"
"Trzic-Tank2","2026-06-19 07:00",0
"Trzic-Tank2","2026-06-19 08:00",0
"Trzic-Tank2","2026-06-19 09:00",0
"Trzic-Tank2","2026-06-19 10:00","0.1"
"Trzic-Tank2","2026-06-19 11:00",0
"Trzic-Tank2","2026-06-19 12:00",0
"Trzic-Tank2","2026-06-19 13:00",0
"Trzic-Tank2","2026-06-19 14:00",0
"Trzic-Tank2","2026-06-19 15:00",0
"Trzic-Tank2","2026-06-19 16:00",0
"Trzic-Tank2","2026-06-19 17:00",0
"Trzic-Tank2","2026-06-19 18:00",0
"Trzic-Tank2","2026-06-19 19:00",0
"Trzic-Tank2","2026-06-19 20:00",0
"Trzic-Tank2","2026-06-19 21:00",0
"Trzic-Tank2","2026-06-19 22:00",0
"Trzic-Tank2","2026-06-19 23:00",0
"Trzic-Tank2","2026-06-20 00:00",0
"Trzic-Tank2","2026-06-20 01:00",0
"Trzic-Tank2","2026-06-20 02:00",0
"Trzic-Tank2","2026-06-20 03:00",0
"Trzic-Tank2","2026-06-20 04:00",0
"Trzic-Tank2","2026-06-20 05:00",0
"Trzic-Tank2","2026-06-20 06:00",0
"Trzic-Tank2","2026-06-20 07:00",0
"Trzic-Tank2","2026-06-20 08:00",0
"Trzic-Tank2","2026-06-20 09:00",0
"Trzic-Tank2","2026-06-20 10:00",0
"Trzic-Tank2","2026-06-20 11:00",0
"Trzic-Tank2","2026-06-20 12:00",0
"Trzic-Tank2","2026-06-20 13:00",0
"Trzic-Tank2","2026-06-20 14:00",0
"Trzic-Tank2","2026-06-20 15:00",0
"Trzic-Tank2","2026-06-20 16:00",0
"Trzic-Tank2","2026-06-20 17:00",0
"Trzic-Tank2","2026-06-20 18:00",0
"Trzic-Tank2","2026-06-20 19:00","1.164"
"Trzic-Tank2","2026-06-20 20:00","1.109"
"Trzic-Tank2","2026-06-20 21:00","14.368"
"Trzic-Tank2","2026-06-20 22:00","17.1"
"Trzic-Tank2","2026-06-20 23:00",19
"Trzic-Tank2","2026-06-21 00:00",19
"Trzic-Tank2","2026-06-21 01:00","19.2"
"Trzic-Tank2","2026-06-21 02:00","19.2"
"Trzic-Tank2","2026-06-21 03:00","19.2"
"Trzic-Tank2","2026-06-21 04:00","19.2"
"Trzic-Tank2","2026-06-21 05:00","17.9"
"Trzic-Tank2","2026-06-21 06:00","17.4"
"Trzic-Tank2","2026-06-21 07:00","17.2"
"Trzic-Tank2","2026-06-21 08:00",17
"Trzic-Tank2","2026-06-21 09:00","16.7"
"Trzic-Tank2","2026-06-21 10:00","16.4"
"Trzic-Tank2","2026-06-21 11:00","15.9"
"Trzic-Tank2","2026-06-21 12:00","15.8"
"Trzic-Tank2","2026-06-21 13:00","15.4"
"Trzic-Tank2","2026-06-21 14:00",15
"Trzic-Tank2","2026-06-21 15:00","14.4"
"Trzic-Tank2","2026-06-21 16:00","14.1"
"Trzic-Tank2","2026-06-21 17:00","13.5"
"Trzic-Tank2","2026-06-21 18:00","13.3"
"Trzic-Tank2","2026-06-21 19:00","12.7"
"Trzic-Tank2","2026-06-21 20:00","12.5"
"Trzic-Tank2","2026-06-21 21:00","12.2"
"Trzic-Tank2","2026-06-21 22:00","11.8"
"Trzic-Tank2","2026-06-21 23:00","11.6"
"Trzic-Tank2","2026-06-22 00:00","11.6"
"Trzic-Tank2","2026-06-22 01:00","11.4"
"Trzic-Tank2","2026-06-22 02:00","11.4"
"Trzic-Tank2","2026-06-22 03:00","11.4"
"Trzic-Tank2","2026-06-22 04:00","11.4"
"Trzic-Tank2","2026-06-22 05:00","9.2"
"Trzic-Tank2","2026-06-22 06:00",9
"Trzic-Tank2","2026-06-22 07:00","8.6"
"Trzic-Tank2","2026-06-22 08:00","7.6"
"Trzic-Tank2","2026-06-22 09:00","6.9"
"Trzic-Tank2","2026-06-22 10:00","6.3"
"Trzic-Tank2","2026-06-22 11:00","5.6"
"Trzic-Tank2","2026-06-22 12:00","5.1"
"Trzic-Tank2","2026-06-22 13:00","4.5"
"Trzic-Tank2","2026-06-22 14:00",4
"Trzic-Tank2","2026-06-22 15:00","3.5"
"Trzic-Tank2","2026-06-22 16:00","2.9"
"Trzic-Tank2","2026-06-22 17:00","2.2"
"Trzic-Tank2","2026-06-22 18:00","1.3"
"Trzic-Tank2","2026-06-22 19:00","1.1"
"Trzic-Tank2","2026-06-22 20:00",1
"Trzic-Tank2","2026-06-22 21:00","0.8"
"Trzic-Tank2","2026-06-22 22:00","0.8"
"Trzic-Tank2","2026-06-22 23:00","0.7"
"Trzic-Tank2","2026-06-23 00:00","0.7"
"Trzic-Tank2","2026-06-23 01:00","0.7"
"Trzic-Tank2","2026-06-23 02:00","0.7"
"Trzic-Tank2","2026-06-23 03:00","0.7"
"Trzic-Tank2","2026-06-23 04:00","0.7"
"Trzic-Tank2","2026-06-23 05:00","0.5"
"Trzic-Tank2","2026-06-23 06:00","0.5"
"Trzic-Tank2","2026-06-23 07:00","0.5"
"Trzic-Tank2","2026-06-23 08:00","0.5"
"Trzic-Tank2","2026-06-23 09:00","0.5"
"Trzic-Tank2","2026-06-23 10:00","0.5"
"Trzic-Tank2","2026-06-23 11:00","0.4"
"Trzic-Tank2","2026-06-23 12:00","0.4"
"Trzic-Tank2","2026-06-23 13:00","0.4"
"Trzic-Tank2","2026-06-23 14:00","0.4"
"Trzic-Tank2","2026-06-23 15:00","0.4"
"Trzic-Tank2","2026-06-23 16:00","0.3"
"Trzic-Tank2","2026-06-23 17:00","0.3"
"Trzic-Tank2","2026-06-23 18:00","0.3"
"Trzic-Tank2","2026-06-23 19:00","0.3"
"Trzic-Tank2","2026-06-23 20:00","0.3"
"Trzic-Tank2","2026-06-23 21:00","0.3"
"Trzic-Tank2","2026-06-23 22:00","0.2"
"Trzic-Tank2","2026-06-23 23:00","0.3"
"Trzic-Tank2","2026-06-24 00:00","0.3"
"Trzic-Tank2","2026-06-24 01:00","0.2"
"Trzic-Tank2","2026-06-24 02:00","0.2"
"Trzic-Tank2","2026-06-24 03:00","0.2"
"Trzic-Tank2","2026-06-24 04:00","0.2"
"Trzic-Tank2","2026-06-24 05:00","0.2"
"Trzic-Tank2","2026-06-24 06:00","0.2"
"Trzic-Tank2","2026-06-24 07:00","0.2"
"Trzic-Tank2","2026-06-24 08:00","0.2"
"Trzic-Tank2","2026-06-24 09:00","0.1"
"Trzic-Tank2","2026-06-24 10:00","0.2"
"Trzic-Tank2","2026-06-24 11:00","0.2"
"Trzic-Tank2","2026-06-24 12:00","0.2"
"Trzic-Tank2","2026-06-24 13:00","0.1"
"Trzic-Tank2","2026-06-24 14:00","0.2"
"Trzic-Tank2","2026-06-24 15:00","0.2"
"Trzic-Tank2","2026-06-24 16:00","0.1"
"Trzic-Tank2","2026-06-24 17:00","0.1"
"Trzic-Tank2","2026-06-24 18:00","0.1"
"Trzic-Tank2","2026-06-24 19:00","0.1"
"Trzic-Tank2","2026-06-24 20:00","0.1"
"Trzic-Tank2","2026-06-24 21:00","0.1"
"Trzic-Tank2","2026-06-24 22:00","0.1"
"Trzic-Tank2","2026-06-24 23:00","0.1"
"Trzic-Tank2","2026-06-25 00:00","0.1"
"Trzic-Tank2","2026-06-25 01:00","0.1"
"Trzic-Tank2","2026-06-25 02:00","0.1"
"Trzic-Tank2","2026-06-25 03:00","0.1"
"Trzic-Tank2","2026-06-25 04:00","0.1"
"Trzic-Tank2","2026-06-25 05:00",0
"Trzic-Tank2","2026-06-25 06:00","0.1"
"Trzic-Tank2","2026-06-25 07:00",0
"Trzic-Tank2","2026-06-25 08:00","0.1"
"Trzic-Tank2","2026-06-25 09:00",0
"Trzic-Tank2","2026-06-25 10:00",0
"Trzic-Tank2","2026-06-25 11:00","0.1"
"Trzic-Tank2","2026-06-25 12:00","0.1"
"Trzic-Tank2","2026-06-25 13:00","0.1"
"Trzic-Tank2","2026-06-25 14:00",0
"Trzic-Tank2","2026-06-25 15:00","0.1"
"Trzic-Tank2","2026-06-25 16:00",0
"Trzic-Tank2","2026-06-25 17:00","0.1"
"Trzic-Tank2","2026-06-25 18:00",0
"Trzic-Tank2","2026-06-25 19:00",0
"Trzic-Tank2","2026-06-25 20:00",0
"Trzic-Tank2","2026-06-25 21:00",0
"Trzic-Tank2","2026-06-25 22:00",0
"Trzic-Tank2","2026-06-25 23:00",0
"Trzic-Tank2","2026-06-26 00:00",0
"Trzic-Tank2","2026-06-26 01:00",0
"Trzic-Tank2","2026-06-26 02:00",0
"Trzic-Tank2","2026-06-26 03:00",0
"Trzic-Tank2","2026-06-26 04:00",0
"Trzic-Tank2","2026-06-26 05:00","0.1"
"Trzic-Tank2","2026-06-26 06:00",0
"Trzic-Tank2","2026-06-26 07:00","0.1"
"Trzic-Tank2","2026-06-26 08:00",0
"Trzic-Tank2","2026-06-26 09:00",0
"Trzic-Tank2","2026-06-26 10:00",0
"Trzic-Tank2","2026-06-26 11:00",0
"Trzic-Tank2","2026-06-26 12:00",0
"Trzic-Tank2","2026-06-26 13:00",0
"Trzic-Tank2","2026-06-26 14:00",0
"Trzic-Tank2","2026-06-26 15:00","0.1"
"Trzic-Tank2","2026-06-26 16:00",0
"Trzic-Tank2","2026-06-26 17:00",0
"Trzic-Tank2","2026-06-26 18:00",0
"Trzic-Tank2","2026-06-26 19:00",0
"Trzic-Tank2","2026-06-26 20:00",0
"Trzic-Tank2","2026-06-26 21:00",0
"Trzic-Tank2","2026-06-26 22:00",0
"Trzic-Tank2","2026-06-26 23:00",0
"Trzic-Tank2","2026-06-27 00:00",0
"Trzic-Tank2","2026-06-27 01:00",0
"Trzic-Tank2","2026-06-27 02:00",0
"Trzic-Tank2","2026-06-27 03:00",0
"Trzic-Tank2","2026-06-27 04:00",0
"Trzic-Tank2","2026-06-27 05:00",0
"Trzic-Tank2","2026-06-27 06:00",0
"Trzic-Tank2","2026-06-27 07:00",0
"Trzic-Tank2","2026-06-27 08:00",0
"Trzic-Tank2","2026-06-27 09:00",0
"Trzic-Tank2","2026-06-27 10:00",0
"Trzic-Tank2","2026-06-27 11:00",0
"Trzic-Tank2","2026-06-27 12:00",0
"Trzic-Tank2","2026-06-27 13:00",0
"Trzic-Tank2","2026-06-27 14:00",0
"Trzic-Tank2","2026-06-27 15:00",0
"Trzic-Tank2","2026-06-27 16:00",0
"Trzic-Tank2","2026-06-27 17:00",0
"Trzic-Tank2","2026-06-27 18:00",0
"Trzic-Tank2","2026-06-27 19:00",0
"Trzic-Tank2","2026-06-27 20:00",0
"Trzic-Tank2","2026-06-27 21:00",0
"Trzic-Tank2","2026-06-27 22:00",0
"Trzic-Tank2","2026-06-27 23:00",0
"Trzic-Tank2","2026-06-28 00:00",0
"Trzic-Tank2","2026-06-28 01:00",0
"Trzic-Tank2","2026-06-28 02:00",0
"Trzic-Tank2","2026-06-28 03:00",0
"Trzic-Tank2","2026-06-28 04:00",0
"Trzic-Tank2","2026-06-28 05:00",0
"Trzic-Tank2","2026-06-28 06:00",0
"Trzic-Tank2","2026-06-28 07:00",0
"Trzic-Tank2","2026-06-28 08:00",0
"Trzic-Tank2","2026-06-28 09:00",0
"Trzic-Tank2","2026-06-28 10:00",0
"Trzic-Tank2","2026-06-28 11:00",0
"Trzic-Tank2","2026-06-28 12:00",0
"Trzic-Tank2","2026-06-28 13:00",0
"Trzic-Tank2","2026-06-28 14:00",0
"Trzic-Tank2","2026-06-28 15:00",0
"Trzic-Tank2","2026-06-28 16:00",0
"Trzic-Tank2","2026-06-28 17:00",0
"Trzic-Tank2","2026-06-28 18:00",0
"Trzic-Tank2","2026-06-28 19:00",0
"Trzic-Tank2","2026-06-28 20:00",0
"Trzic-Tank2","2026-06-28 21:00",0
"Trzic-Tank2","2026-06-28 22:00",0
"Trzic-Tank2","2026-06-28 23:00",0
"Trzic-Tank2","2026-06-29 00:00",0
"Trzic-Tank2","2026-06-29 01:00",0
"Trzic-Tank2","2026-06-29 02:00",0
"Trzic-Tank2","2026-06-29 03:00",0
"Trzic-Tank2","2026-06-29 04:00",0
"Trzic-Tank2","2026-06-29 05:00",0
"Trzic-Tank2","2026-06-29 06:00",0
"Trzic-Tank2","2026-06-29 07:00",0
"Trzic-Tank2","2026-06-29 08:00",0
"Trzic-Tank2","2026-06-29 09:00",0
"Trzic-Tank2","2026-06-29 10:00",0
"Trzic-Tank2","2026-06-29 11:00",0
"Trzic-Tank2","2026-06-29 12:00",0
"Trzic-Tank2","2026-06-29 13:00",0
"Trzic-Tank2","2026-06-29 14:00",0
"Trzic-Tank2","2026-06-29 15:00",0
"Trzic-Tank2","2026-06-29 16:00",0
"Trzic-Tank2","2026-06-29 17:00",0
"Trzic-Tank2","2026-06-29 18:00",0
"Trzic-Tank2","2026-06-29 19:00",0
"Trzic-Tank2","2026-06-29 20:00",0
"Trzic-Tank2","2026-06-29 21:00",0
"Trzic-Tank2","2026-06-29 22:00",0
"Trzic-Tank2","2026-06-29 23:00",0
"Trzic-Tank2","2026-06-30 00:00",0
"Trzic-Tank2","2026-06-30 01:00",0
"Trzic-Tank2","2026-06-30 02:00",0
"Trzic-Tank2","2026-06-30 03:00",0
"Trzic-Tank2","2026-06-30 04:00",0
"Trzic-Tank2","2026-06-30 05:00",0
"Trzic-Tank2","2026-06-30 06:00",0
"Trzic-Tank2","2026-06-30 07:00",0
"Trzic-Tank2","2026-06-30 08:00",0
"Trzic-Tank2","2026-06-30 09:00",0
"Trzic-Tank2","2026-06-30 10:00",0
"Trzic-Tank2","2026-06-30 11:00",0
"Trzic-Tank2","2026-06-30 12:00",0
"Trzic-Tank2","2026-06-30 13:00",0
"Trzic-Tank2","2026-06-30 14:00",0
"Trzic-Tank2","2026-06-30 15:00",0
"Trzic-Tank2","2026-06-30 16:00",0
"Trzic-Tank2","2026-06-30 17:00",0
"Trzic-Tank2","2026-06-30 18:00",0
"Trzic-Tank2","2026-06-30 19:00",0
"Trzic-Tank2","2026-06-30 20:00",0
"Trzic-Tank2","2026-06-30 21:00",0
"Trzic-Tank2","2026-06-30 22:00",0
"Trzic-Tank2","2026-06-30 23:00",
"Trzic-Tank2","2026-07-01 00:00",
"Trzic-Tank2","2026-07-01 01:00",
"Trzic-Tank2","2026-07-01 02:00",
"Trzic-Tank2","2026-07-01 03:00",
"Trzic-Tank2","2026-07-01 04:00",
"Trzic-Tank2","2026-07-01 05:00",
"Trzic-Tank2","2026-07-01 06:00",
"Trzic-Tank2","2026-07-01 07:00",
"Trzic-Tank2","2026-07-01 08:00",
"Trzic-Tank2","2026-07-01 09:00",0
"Trzic-Tank2","2026-07-01 10:00",0
"Trzic-Tank2","2026-07-01 11:00",0
"Trzic-Tank2","2026-07-01 12:00",0
"Trzic-Tank2","2026-07-01 13:00",0
"Trzic-Tank2","2026-07-01 14:00",0
"Trzic-Tank2","2026-07-01 15:00",0
"Trzic-Tank2","2026-07-01 16:00",0
"Trzic-Tank2","2026-07-01 17:00",0
"Trzic-Tank2","2026-07-01 18:00",0
"Trzic-Tank2","2026-07-01 19:00",0
"Trzic-Tank2","2026-07-01 20:00",0
"Trzic-Tank2","2026-07-01 21:00",0
"Trzic-Tank2","2026-07-01 22:00",0
"Trzic-Tank2","2026-07-01 23:00",0
"Trzic-Tank2","2026-07-02 00:00",0
"Trzic-Tank2","2026-07-02 01:00",0
"Trzic-Tank2","2026-07-02 02:00",0
"Trzic-Tank2","2026-07-02 03:00",0
"Trzic-Tank2","2026-07-02 04:00",0
"Trzic-Tank2","2026-07-02 05:00",0
"Trzic-Tank2","2026-07-02 06:00",0
"Trzic-Tank2","2026-07-02 07:00",0
"Trzic-Tank2","2026-07-02 08:00",0
"Trzic-Tank2","2026-07-02 09:00",0
"Trzic-Tank2","2026-07-02 10:00",0
"Trzic-Tank2","2026-07-02 11:00",0
"Trzic-Tank2","2026-07-02 12:00",0
"Trzic-Tank2","2026-07-02 13:00",0
"Trzic-Tank2","2026-07-02 14:00",0
"Trzic-Tank2","2026-07-02 15:00",0
"Trzic-Tank2","2026-07-02 16:00",0
"Trzic-Tank2","2026-07-02 17:00",0
"Trzic-Tank2","2026-07-02 18:00",0
"Trzic-Tank2","2026-07-02 19:00",0
"Trzic-Tank2","2026-07-02 20:00",0
"Trzic-Tank2","2026-07-02 21:00",0
"Trzic-Tank2","2026-07-02 22:00",0
"Trzic-Tank2","2026-07-02 23:00",0
"Trzic-Tank2","2026-07-03 00:00",0
"Trzic-Tank2","2026-07-03 01:00",0
"Trzic-Tank2","2026-07-03 02:00",0
"Trzic-Tank2","2026-07-03 03:00",0
"Trzic-Tank2","2026-07-03 04:00",0
"Trzic-Tank2","2026-07-03 05:00",0
"Trzic-Tank2","2026-07-03 06:00",0
"Trzic-Tank2","2026-07-03 07:00",0
"Trzic-Tank2","2026-07-03 08:00",0
"Trzic-Tank2","2026-07-03 09:00",0
"Trzic-Tank2","2026-07-03 10:00",0
"Trzic-Tank2","2026-07-03 11:00",0
"Trzic-Tank2","2026-07-03 12:00",0
"Trzic-Tank2","2026-07-03 13:00",0
"Trzic-Tank2","2026-07-03 14:00",0
"Trzic-Tank2","2026-07-03 15:00",0
"Trzic-Tank2","2026-07-03 16:00",0
"Trzic-Tank2","2026-07-03 17:00",0
"Trzic-Tank2","2026-07-03 18:00",0
"Trzic-Tank2","2026-07-03 19:00",0
"Trzic-Tank2","2026-07-03 20:00",0
"Trzic-Tank2","2026-07-03 21:00",0
"Trzic-Tank2","2026-07-03 22:00",0
"Trzic-Tank2","2026-07-03 23:00",0
"Trzic-Tank2","2026-07-04 00:00",0
"Trzic-Tank2","2026-07-04 01:00",0
"Trzic-Tank2","2026-07-04 02:00",0
"Trzic-Tank2","2026-07-04 03:00",0
"Trzic-Tank2","2026-07-04 04:00",0
"Trzic-Tank2","2026-07-04 05:00",0
"Trzic-Tank2","2026-07-04 06:00",0
"Trzic-Tank2","2026-07-04 07:00",0
"Trzic-Tank2","2026-07-04 08:00",0
"Trzic-Tank2","2026-07-04 09:00",0
"Trzic-Tank2","2026-07-04 10:00",0
"Trzic-Tank2","2026-07-04 11:00",0
"Trzic-Tank2","2026-07-04 12:00",0
"Trzic-Tank2","2026-07-04 13:00",0
"Trzic-Tank2","2026-07-04 14:00",0
"Trzic-Tank2","2026-07-04 15:00",0
"Trzic-Tank2","2026-07-04 16:00",0
"Trzic-Tank2","2026-07-04 17:00",0
"Trzic-Tank2","2026-07-04 18:00",0
"Trzic-Tank2","2026-07-04 19:00",0
"Trzic-Tank2","2026-07-04 20:00",0
"Trzic-Tank2","2026-07-04 21:00",0
"Trzic-Tank2","2026-07-04 22:00",0
"Trzic-Tank2","2026-07-04 23:00",0
"Trzic-Tank2","2026-07-05 00:00",0
"Trzic-Tank2","2026-07-05 01:00",0
"Trzic-Tank2","2026-07-05 02:00",0
"Trzic-Tank2","2026-07-05 03:00",0
"Trzic-Tank2","2026-07-05 04:00",0
"Trzic-Tank2","2026-07-05 05:00",0
"Trzic-Tank2","2026-07-05 06:00",0
"Trzic-Tank2","2026-07-05 07:00",0
"Trzic-Tank2","2026-07-05 08:00",0
"Trzic-Tank2","2026-07-05 09:00",0
"Trzic-Tank2","2026-07-05 10:00",0
"Trzic-Tank2","2026-07-05 11:00",0
"Trzic-Tank2","2026-07-05 12:00",0
"Trzic-Tank2","2026-07-05 13:00",0
"Trzic-Tank2","2026-07-05 14:00",0
"Trzic-Tank2","2026-07-05 15:00",0
"Trzic-Tank2","2026-07-05 16:00",0
"Trzic-Tank2","2026-07-05 17:00",0
"Trzic-Tank2","2026-07-05 18:00",0
"Trzic-Tank2","2026-07-05 19:00",0
"Trzic-Tank2","2026-07-05 20:00",0
"Trzic-Tank2","2026-07-05 21:00",0
"Trzic-Tank2","2026-07-05 22:00",0
"Trzic-Tank2","2026-07-05 23:00",0
"Trzic-Tank2","2026-07-06 00:00",0
"Trzic-Tank2","2026-07-06 01:00",0
"Trzic-Tank2","2026-07-06 02:00",0
"Trzic-Tank2","2026-07-06 03:00",0
"Trzic-Tank2","2026-07-06 04:00",0
"Trzic-Tank2","2026-07-06 05:00",0
"Trzic-Tank2","2026-07-06 06:00",0
"Trzic-Tank2","2026-07-06 07:00",0
"Trzic-Tank2","2026-07-06 08:00",0
"Trzic-Tank2","2026-07-06 09:00",0
"Trzic-Tank2","2026-07-06 10:00",0
"Trzic-Tank2","2026-07-06 11:00",0
"Trzic-Tank2","2026-07-06 12:00",0
"Trzic-Tank2","2026-07-06 13:00",0
"Trzic-Tank2","2026-07-06 14:00",0
"Trzic-Tank2","2026-07-06 15:00",0
"Trzic-Tank2","2026-07-06 16:00",0
"Trzic-Tank2","2026-07-06 17:00",0
"Trzic-Tank2","2026-07-06 18:00",0
"Trzic-Tank2","2026-07-06 19:00",0
"Trzic-Tank2","2026-07-06 20:00",0
"Trzic-Tank2","2026-07-06 21:00",0
"Trzic-Tank2","2026-07-06 22:00",0
"Trzic-Tank2","2026-07-06 23:00",0
"Trzic-Tank2","2026-07-07 00:00",0
"Trzic-Tank2","2026-07-07 01:00",0
"Trzic-Tank2","2026-07-07 02:00",0
"Trzic-Tank2","2026-07-07 03:00",0
"Trzic-Tank2","2026-07-07 04:00",0
"Trzic-Tank2","2026-07-07 05:00",0
"Trzic-Tank2","2026-07-07 06:00",0
"Trzic-Tank2","2026-07-07 07:00",0
"Trzic-Tank2","2026-07-07 08:00",0
"Trzic-Tank2","2026-07-07 09:00",0
"Trzic-Tank2","2026-07-07 10:00",0
"Trzic-Tank2","2026-07-07 11:00",0
"Trzic-Tank2","2026-07-07 12:00",0
"Trzic-Tank2","2026-07-07 13:00",0
"Trzic-Tank2","2026-07-07 14:00",0
"Trzic-Tank2","2026-07-07 15:00",0
"Trzic-Tank2","2026-07-07 16:00",0
"Trzic-Tank2","2026-07-07 17:00",0
"Trzic-Tank2","2026-07-07 18:00",0
"Trzic-Tank2","2026-07-07 19:00",0
"Trzic-Tank2","2026-07-07 20:00",0
"Trzic-Tank2","2026-07-07 21:00",0
"Trzic-Tank2","2026-07-07 22:00",0
"Trzic-Tank2","2026-07-07 23:00",0
"Trzic-Tank2","2026-07-08 00:00",0
"Trzic-Tank2","2026-07-08 01:00",0
"Trzic-Tank2","2026-07-08 02:00",0
"Trzic-Tank2","2026-07-08 03:00",0
"Trzic-Tank2","2026-07-08 04:00",0
"Trzic-Tank2","2026-07-08 05:00",0
"Trzic-Tank2","2026-07-08 06:00",0
"Trzic-Tank2","2026-07-08 07:00",0
"Trzic-Tank2","2026-07-08 08:00",0
"Trzic-Tank2","2026-07-08 09:00",0
"Trzic-Tank2","2026-07-08 10:00",0
"Trzic-Tank2","2026-07-08 11:00",0
"Trzic-Tank2","2026-07-08 12:00",0
"Trzic-Tank2","2026-07-08 13:00",0
"Trzic-Tank2","2026-07-08 14:00",0
"Trzic-Tank2","2026-07-08 15:00",0
"Trzic-Tank2","2026-07-08 16:00",0
"Trzic-Tank2","2026-07-08 17:00",0
"Trzic-Tank2","2026-07-08 18:00",0
"Trzic-Tank2","2026-07-08 19:00",0
"Trzic-Tank2","2026-07-08 20:00",0
"Trzic-Tank2","2026-07-08 21:00",0
"Trzic-Tank2","2026-07-08 22:00",0
"Trzic-Tank2","2026-07-08 23:00",0
"Trzic-Tank2","2026-07-09 00:00",0
"Trzic-Tank2","2026-07-09 01:00",0
"Trzic-Tank2","2026-07-09 02:00",0
"Trzic-Tank2","2026-07-09 03:00",0
"Trzic-Tank2","2026-07-09 04:00",0
"Trzic-Tank2","2026-07-09 05:00",0
"Trzic-Tank2","2026-07-09 06:00",0
"Trzic-Tank2","2026-07-09 07:00",0
"Trzic-Tank2","2026-07-09 08:00",0
"Trzic-Tank2","2026-07-09 09:00",0
"Trzic-Tank2","2026-07-09 10:00",0
"Trzic-Tank2","2026-07-09 11:00",0
"Trzic-Tank2","2026-07-09 12:00",0
"Trzic-Tank2","2026-07-09 13:00",0
"Trzic-Tank2","2026-07-09 14:00",0
"Trzic-Tank2","2026-07-09 15:00",0
"Trzic-Tank2","2026-07-09 16:00",0
"Trzic-Tank2","2026-07-09 17:00",0
"Trzic-Tank2","2026-07-09 18:00",0
"Trzic-Tank2","2026-07-09 19:00",0
"Trzic-Tank2","2026-07-09 20:00",0
"Trzic-Tank2","2026-07-09 21:00",0
"Trzic-Tank2","2026-07-09 22:00",0
"Trzic-Tank2","2026-07-09 23:00",0
"Trzic-Tank2","2026-07-10 00:00",0
"Trzic-Tank2","2026-07-10 01:00",0
"Trzic-Tank2","2026-07-10 02:00",0
"Trzic-Tank2","2026-07-10 03:00",0
"Trzic-Tank2","2026-07-10 04:00",0
"Trzic-Tank2","2026-07-10 05:00",0
"Trzic-Tank2","2026-07-10 06:00",0
"Trzic-Tank2","2026-07-10 07:00",0
"Trzic-Tank2","2026-07-10 08:00",0
"Trzic-Tank2","2026-07-10 09:00",0
"Trzic-Tank2","2026-07-10 10:00",0
"Trzic-Tank2","2026-07-10 11:00",0
"Trzic-Tank2","2026-07-10 12:00",0
"Trzic-Tank2","2026-07-10 13:00",0
"Trzic-Tank2","2026-07-10 14:00",0
"Trzic-Tank2","2026-07-10 15:00",0
"Trzic-Tank2","2026-07-10 16:00",0
"Trzic-Tank2","2026-07-10 17:00",0
"Trzic-Tank2","2026-07-10 18:00",0
"Trzic-Tank2","2026-07-10 19:00",0
"Trzic-Tank2","2026-07-10 20:00",
"Trzic-Tank2","2026-07-10 21:00",0
"Trzic-Tank2","2026-07-10 22:00",0
"Trzic-Tank2","2026-07-10 23:00",0
"Trzic-Tank2","2026-07-11 00:00",0
"Trzic-Tank2","2026-07-11 01:00",0
"Trzic-Tank2","2026-07-11 02:00",0
"Trzic-Tank2","2026-07-11 03:00",0
"Trzic-Tank2","2026-07-11 04:00",0
"Trzic-Tank2","2026-07-11 05:00",0
"Trzic-Tank2","2026-07-11 06:00",0
"Trzic-Tank2","2026-07-11 07:00",0
"Trzic-Tank2","2026-07-11 08:00",0
"Trzic-Tank2","2026-07-11 09:00",0
"Trzic-Tank2","2026-07-11 10:00",0
"Trzic-Tank2","2026-07-11 11:00",0
"Trzic-Tank2","2026-07-11 12:00",0
"Trzic-Tank2","2026-07-11 13:00",0
"Trzic-Tank2","2026-07-11 14:00",0
"Trzic-Tank2","2026-07-11 15:00",0
"Trzic-Tank2","2026-07-11 16:00",0
"Trzic-Tank2","2026-07-11 17:00",0
"Trzic-Tank2","2026-07-11 18:00",0
"Trzic-Tank2","2026-07-11 19:00",0
"Trzic-Tank2","2026-07-11 20:00",0
"Trzic-Tank2","2026-07-11 21:00","0.085"
"Trzic-Tank2","2026-07-11 22:00",0
"Trzic-Tank2","2026-07-11 23:00","2.279"
"Trzic-Tank2","2026-07-12 00:00","2.279"
"Trzic-Tank2","2026-07-12 01:00",0
"Trzic-Tank2","2026-07-12 02:00",0
"Trzic-Tank2","2026-07-12 03:00",0
"Trzic-Tank2","2026-07-12 04:00",0
"Trzic-Tank2","2026-07-12 05:00",0
"Trzic-Tank2","2026-07-12 06:00",0
"Trzic-Tank2","2026-07-12 07:00",0
"Trzic-Tank2","2026-07-12 08:00",0
"Trzic-Tank2","2026-07-12 09:00",0
"Trzic-Tank2","2026-07-12 10:00",0
"Trzic-Tank2","2026-07-12 11:00",0
"Trzic-Tank2","2026-07-12 12:00",0
"Trzic-Tank2","2026-07-12 13:00",0
"Trzic-Tank2","2026-07-12 14:00",0
"Trzic-Tank2","2026-07-12 15:00",0
"Trzic-Tank2","2026-07-12 16:00",0
"Trzic-Tank2","2026-07-12 17:00",0
"Trzic-Tank2","2026-07-12 18:00",0
"Trzic-Tank2","2026-07-12 19:00",0
"Trzic-Tank2","2026-07-12 20:00",0
"Trzic-Tank2","2026-07-12 21:00",0
"Trzic-Tank2","2026-07-12 22:00",0
"Trzic-Tank2","2026-07-12 23:00",0
"Trzic-Tank2","2026-07-13 00:00",0
"Trzic-Tank2","2026-07-13 01:00",0
"Trzic-Tank2","2026-07-13 02:00",0
"Trzic-Tank2","2026-07-13 03:00",0
"Trzic-Tank2","2026-07-13 04:00",0
"Trzic-Tank2","2026-07-13 05:00",0
"Trzic-Tank2","2026-07-13 06:00",0
"Trzic-Tank2","2026-07-13 07:00",0
"Trzic-Tank2","2026-07-13 08:00",0
"Trzic-Tank2","2026-07-13 09:00",0
"Trzic-Tank2","2026-07-13 10:00",0
"Trzic-Tank2","2026-07-13 11:00",0
"Trzic-Tank2","2026-07-13 12:00",0
"Trzic-Tank2","2026-07-13 13:00",0
"Trzic-Tank2","2026-07-13 14:00",0
"Trzic-Tank2","2026-07-13 15:00",0
"Trzic-Tank2","2026-07-13 16:00",0
"Trzic-Tank2","2026-07-13 17:00",0
"Trzic-Tank2","2026-07-13 18:00",0
"Trzic-Tank2","2026-07-13 19:00",0
"Trzic-Tank2","2026-07-13 20:00",0
"Trzic-Tank2","2026-07-13 21:00",0
"Trzic-Tank2","2026-07-13 22:00",0
"Trzic-Tank2","2026-07-13 23:00",0
"Trzic-Tank2","2026-07-14 00:00",0
"Trzic-Tank2","2026-07-14 01:00",0
"Trzic-Tank2","2026-07-14 02:00",0
"Trzic-Tank2","2026-07-14 03:00",0
"Trzic-Tank2","2026-07-14 04:00",0
"Trzic-Tank2","2026-07-14 05:00",0
"Trzic-Tank2","2026-07-14 06:00",0
"Trzic-Tank2","2026-07-14 07:00",0
"Trzic-Tank2","2026-07-14 08:00",0
"Trzic-Tank2","2026-07-14 09:00",0
"Trzic-Tank2","2026-07-14 10:00",0
"Trzic-Tank2","2026-07-14 11:00",0
"Trzic-Tank2","2026-07-14 12:00",0
"Trzic-Tank2","2026-07-14 13:00",0
"Trzic-Tank2","2026-07-14 14:00",0
"Trzic-Tank2","2026-07-14 15:00",0
"Trzic-Tank2","2026-07-14 16:00",0
"Trzic-Tank2","2026-07-14 17:00","0.076"
"Trzic-Tank2","2026-07-14 18:00","0.06"
"Trzic-Tank2","2026-07-14 19:00",0
"Trzic-Tank2","2026-07-14 20:00",0
"Trzic-Tank2","2026-07-14 21:00",0
"Trzic-Tank2","2026-07-14 22:00",0
"Trzic-Tank2","2026-07-14 23:00",0
"Trzic-Tank2","2026-07-15 00:00",0
"Trzic-Tank2","2026-07-15 01:00",0
"Trzic-Tank2","2026-07-15 02:00",0
"Trzic-Tank2","2026-07-15 03:00",0
"Trzic-Tank2","2026-07-15 04:00",0
"Trzic-Tank2","2026-07-15 05:00",0
"Trzic-Tank2","2026-07-15 06:00",0
"Trzic-Tank2","2026-07-15 07:00",0
"Trzic-Tank2","2026-07-15 08:00",0
"Trzic-Tank2","2026-07-15 09:00",0
"Trzic-Tank2","2026-07-15 10:00",0
"Trzic-Tank2","2026-07-15 11:00",0
"Trzic-Tank2","2026-07-15 12:00",0
"Trzic-Tank2","2026-07-15 13:00",0
"Trzic-Tank2","2026-07-15 14:00",0
"Trzic-Tank2","2026-07-15 15:00",0
"Trzic-Tank2","2026-07-15 16:00",0
"Trzic-Tank2","2026-07-15 17:00",0
"Trzic-Tank2","2026-07-15 18:00",0
"Trzic-Tank2","2026-07-15 19:00",0
"Trzic-Tank2","2026-07-15 20:00",0
"Trzic-Tank2","2026-07-15 21:00",0
"Trzic-Tank2","2026-07-15 22:00","0.468"
"Trzic-Tank2","2026-07-15 23:00",0
"Trzic-Tank2","2026-07-16 00:00",0
"Trzic-Tank2","2026-07-16 01:00",0
"Trzic-Tank2","2026-07-16 02:00",0
"Trzic-Tank2","2026-07-16 03:00",0
"Trzic-Tank2","2026-07-16 04:00",0
"Trzic-Tank2","2026-07-16 05:00",0
"Trzic-Tank2","2026-07-16 06:00",0
"Trzic-Tank2","2026-07-16 07:00",0
"Trzic-Tank2","2026-07-16 08:00",0
"Trzic-Tank2","2026-07-16 09:00",0
"Trzic-Tank2","2026-07-16 10:00",0
"Trzic-Tank2","2026-07-16 11:00",0
"Trzic-Tank2","2026-07-16 12:00",0
"Trzic-Tank2","2026-07-16 13:00",0
"Trzic-Tank2","2026-07-16 14:00",0
"Trzic-Tank2","2026-07-16 15:00",0
"Trzic-Tank2","2026-07-16 16:00",0
"Trzic-Tank2","2026-07-16 17:00",0
"Trzic-Tank2","2026-07-16 18:00",0
"Trzic-Tank2","2026-07-16 19:00",0
"Trzic-Tank2","2026-07-16 20:00",0
"Trzic-Tank2","2026-07-16 21:00",0
"Trzic-Tank2","2026-07-16 22:00",0
"Trzic-Tank2","2026-07-16 23:00",0
"Trzic-Tank2","2026-07-17 00:00",0
"Trzic-Tank2","2026-07-17 01:00",0
"Trzic-Tank2","2026-07-17 02:00",0
"Trzic-Tank2","2026-07-17 03:00",0
"Trzic-Tank2","2026-07-17 04:00",0
"Trzic-Tank2","2026-07-17 05:00",0
"Trzic-Tank2","2026-07-17 06:00",0
"Trzic-Tank2","2026-07-17 07:00",0
"Trzic-Tank2","2026-07-17 08:00",0
"Trzic-Tank2","2026-07-17 09:00",0
"Trzic-Tank2","2026-07-17 10:00",0
"Trzic-Tank2","2026-07-17 11:00",0
"Trzic-Tank2","2026-07-17 12:00",0
"Trzic-Tank2","2026-07-17 13:00",0
"Trzic-Tank2","2026-07-17 14:00",0
"Trzic-Tank2","2026-07-17 15:00",0
"Trzic-Tank2","2026-07-17 16:00",0
"Trzic-Tank2","2026-07-17 17:00",0
"Trzic-Tank2","2026-07-17 18:00",0
"Trzic-Tank2","2026-07-17 19:00",0
"Trzic-Tank2","2026-07-17 20:00",0
"Trzic-Tank2","2026-07-17 21:00",0
"Trzic-Tank2","2026-07-17 22:00",0
"Trzic-Tank2","2026-07-17 23:00",0
"Trzic-Tank2","2026-07-18 00:00",0
"Trzic-Tank2","2026-07-18 01:00",0
"Trzic-Tank2","2026-07-18 02:00",0
"Trzic-Tank2","2026-07-18 03:00",0
"Trzic-Tank2","2026-07-18 04:00",0
"Trzic-Tank2","2026-07-18 05:00",0
"Trzic-Tank2","2026-07-18 06:00",0
"Trzic-Tank2","2026-07-18 07:00",0
"Trzic-Tank2","2026-07-18 08:00",0
"Trzic-Tank2","2026-07-18 09:00",0
"Trzic-Tank2","2026-07-18 10:00",0
"Trzic-Tank2","2026-07-18 11:00",0
"Trzic-Tank2","2026-07-18 12:00",0
"Trzic-Tank2","2026-07-18 13:00",0
"Trzic-Tank2","2026-07-18 14:00",0
"Trzic-Tank2","2026-07-18 15:00",0
"Trzic-Tank2","2026-07-18 16:00",0
"Trzic-Tank2","2026-07-18 17:00",0
"Trzic-Tank2","2026-07-18 18:00","5.081"
"Trzic-Tank2","2026-07-18 19:00","0.068"
"Trzic-Tank2","2026-07-18 20:00",0
"Trzic-Tank2","2026-07-18 21:00","48.1"
"Trzic-Tank2","2026-07-18 22:00","10.5"
"Trzic-Tank2","2026-07-18 23:00","8.8"
"Trzic-Tank2","2026-07-19 00:00","8.8"
"Trzic-Tank2","2026-07-19 01:00","6.2"
"Trzic-Tank2","2026-07-19 02:00","6.2"
"Trzic-Tank2","2026-07-19 03:00","6.2"
"Trzic-Tank2","2026-07-19 04:00","6.2"
"Trzic-Tank2","2026-07-19 05:00","4.3"
"Trzic-Tank2","2026-07-19 06:00","3.8"
"Trzic-Tank2","2026-07-19 07:00","3.5"
"Trzic-Tank2","2026-07-19 08:00","3.3"
"Trzic-Tank2","2026-07-19 09:00","2.9"
"Trzic-Tank2","2026-07-19 10:00","2.6"
"Trzic-Tank2","2026-07-19 11:00","2.5"
"Trzic-Tank2","2026-07-19 12:00","2.3"
"Trzic-Tank2","2026-07-19 13:00",2
"Trzic-Tank2","2026-07-19 14:00","1.9"
"Trzic-Tank2","2026-07-19 15:00","1.6"
"Trzic-Tank2","2026-07-19 16:00","1.5"
"Trzic-Tank2","2026-07-19 17:00","1.4"
"Trzic-Tank2","2026-07-19 18:00","1.308"
"Trzic-Tank2","2026-07-19 19:00","1.1"
"Trzic-Tank2","2026-07-19 20:00","1.1"
"Trzic-Tank2","2026-07-19 21:00",1
"Trzic-Tank2","2026-07-19 22:00",1
"Trzic-Tank2","2026-07-19 23:00",1
"Trzic-Tank2","2026-07-20 00:00",1
"Trzic-Tank2","2026-07-20 01:00",
"Trzic-Tank2","2026-07-20 02:00","0.7"
"Trzic-Tank2","2026-07-20 03:00","0.7"
"Trzic-Tank2","2026-07-20 04:00","0.7"
"Trzic-Tank2","2026-07-20 05:00","0.6"
"Trzic-Tank2","2026-07-20 06:00","0.6"
"Trzic-Tank2","2026-07-20 07:00","0.534"
"Trzic-Tank2","2026-07-20 08:00","0.5"
"Trzic-Tank2","2026-07-20 09:00","0.5"
"Trzic-Tank2","2026-07-20 10:00","0.4"
"Trzic-Tank2","2026-07-20 11:00","0.4"
"Trzic-Tank2","2026-07-20 12:00","0.4"
"Trzic-Tank2","2026-07-20 13:00","0.4"
"Trzic-Tank2","2026-07-20 14:00","0.4"
"Trzic-Tank2","2026-07-20 15:00","0.3"
"Trzic-Tank2","2026-07-20 16:00","0.3"
"Trzic-Tank2","2026-07-20 17:00","0.3"
"Trzic-Tank2","2026-07-20 18:00","0.2"
"Trzic-Tank2","2026-07-20 19:00","0.2"
"Trzic-Tank2","2026-07-20 20:00","0.2"
"Trzic-Tank2","2026-07-20 21:00","0.2"
"Trzic-Tank2","2026-07-20 22:00","0.2"
"Trzic-Tank2","2026-07-20 23:00","0.2"
"Trzic-Tank2","2026-07-21 00:00","0.2"
"Trzic-Tank2","2026-07-21 01:00","0.1"
"Trzic-Tank2","2026-07-21 02:00","0.1"
"Trzic-Tank2","2026-07-21 03:00","0.1"
"Trzic-Tank2","2026-07-21 04:00","0.1"
"Trzic-Tank2","2026-07-21 05:00","0.2"
"Trzic-Tank2","2026-07-21 06:00","0.1"
"Trzic-Tank2","2026-07-21 07:00","0.1"
"Trzic-Tank2","2026-07-21 08:00","0.1"
"Trzic-Tank2","2026-07-21 09:00","0.2"
"Trzic-Tank2","2026-07-21 10:00","0.1"
"Trzic-Tank2","2026-07-21 11:00","0.1"
"Trzic-Tank2","2026-07-21 12:00","0.1"
"Trzic-Tank2","2026-07-21 13:00","0.1"
"Trzic-Tank2","2026-07-21 14:00","0.1"
"Trzic-Tank2","2026-07-21 15:00","0.1"
"Trzic-Tank2","2026-07-21 16:00","0.1"
"Trzic-Tank2","2026-07-21 17:00",0
"Trzic-Tank2","2026-07-21 18:00",0
"Trzic-Tank2","2026-07-21 19:00","0.1"
"Trzic-Tank2","2026-07-21 20:00","0.1"
"Trzic-Tank2","2026-07-21 21:00",0
"Trzic-Tank2","2026-07-21 22:00","0.1"
"Trzic-Tank2","2026-07-21 23:00","0.1"
"Trzic-Tank2","2026-07-22 00:00","0.1"
"Trzic-Tank2","2026-07-22 01:00","0.1"
"Trzic-Tank2","2026-07-22 02:00","0.1"
"Trzic-Tank2","2026-07-22 03:00","0.1"
"Trzic-Tank2","2026-07-22 04:00","0.1"
"Trzic-Tank2","2026-07-22 05:00",0
"Trzic-Tank2","2026-07-22 06:00",0
"Trzic-Tank2","2026-07-22 07:00","0.1"
"Trzic-Tank2","2026-07-22 08:00","0.1"
"Trzic-Tank2","2026-07-22 09:00","0.1"
"Trzic-Tank2","2026-07-22 10:00","0.1"
"Trzic-Tank2","2026-07-22 11:00","0.1"
"Trzic-Tank2","2026-07-22 12:00","0.1"
"Trzic-Tank2","2026-07-22 13:00","0.1"
"Trzic-Tank2","2026-07-22 14:00",0
"Trzic-Tank2","2026-07-22 15:00",0
"Trzic-Tank2","2026-07-22 16:00",0
"Trzic-Tank2","2026-07-22 17:00","0.1"
"Trzic-Tank2","2026-07-22 18:00","0.1"
"Trzic-Tank2","2026-07-22 19:00",0
"Trzic-Tank2","2026-07-22 20:00",0
"Trzic-Tank2","2026-07-22 21:00",0
"Trzic-Tank2","2026-07-22 22:00",0
"Trzic-Tank2","2026-07-22 23:00",0
"Trzic-Tank2","2026-07-23 00:00",0
"Trzic-Tank2","2026-07-23 01:00","0.1"
"Trzic-Tank2","2026-07-23 02:00","0.1"
"Trzic-Tank2","2026-07-23 03:00","0.1"
"Trzic-Tank2","2026-07-23 04:00","0.1"
"Trzic-Tank2","2026-07-23 05:00",0
"Trzic-Tank2","2026-07-23 06:00",0
"Trzic-Tank2","2026-07-23 07:00","0.1"
"Trzic-Tank2","2026-07-23 08:00",0
"Trzic-Tank2","2026-07-23 09:00",0
"Trzic-Tank2","2026-07-23 10:00",0
"Trzic-Tank2","2026-07-23 11:00",0
"Trzic-Tank2","2026-07-23 12:00",0
"Trzic-Tank2","2026-07-23 13:00",0
"Trzic-Tank2","2026-07-23 14:00",0
"Trzic-Tank2","2026-07-23 15:00","1.164"
"Trzic-Tank2","2026-07-23 16:00",0
"Trzic-Tank2","2026-07-23 17:00",0
"Trzic-Tank2","2026-07-23 18:00",0
"Trzic-Tank2","2026-07-23 19:00",0
"Trzic-Tank2","2026-07-23 20:00",0
"Trzic-Tank2","2026-07-23 21:00","0.085"
"Trzic-Tank2","2026-07-23 22:00",0
"Trzic-Tank5","2026-05-27 16:00","0.2"
"Trzic-Tank5","2026-05-27 17:00","0.2"
"Trzic-Tank5","2026-05-27 18:00","0.2"
"Trzic-Tank5","2026-05-27 19:00","0.2"
"Trzic-Tank5","2026-05-27 20:00",0
"Trzic-Tank5","2026-05-27 21:00","0.2"
"Trzic-Tank5","2026-05-27 22:00","0.2"
"Trzic-Tank5","2026-05-27 23:00","0.2"
"Trzic-Tank5","2026-05-28 00:00","0.2"
"Trzic-Tank5","2026-05-28 01:00","0.2"
"Trzic-Tank5","2026-05-28 02:00","0.2"
"Trzic-Tank5","2026-05-28 03:00","0.2"
"Trzic-Tank5","2026-05-28 04:00","0.2"
"Trzic-Tank5","2026-05-28 05:00","0.2"
"Trzic-Tank5","2026-05-28 06:00",0
"Trzic-Tank5","2026-05-28 07:00",0
"Trzic-Tank5","2026-05-28 08:00","0.2"
"Trzic-Tank5","2026-05-28 09:00",0
"Trzic-Tank5","2026-05-28 10:00",0
"Trzic-Tank5","2026-05-28 11:00",0
"Trzic-Tank5","2026-05-28 12:00",0
"Trzic-Tank5","2026-05-28 13:00","0.2"
"Trzic-Tank5","2026-05-28 14:00","0.2"
"Trzic-Tank5","2026-05-28 15:00",0
"Trzic-Tank5","2026-05-28 16:00","0.2"
"Trzic-Tank5","2026-05-28 17:00",0
"Trzic-Tank5","2026-05-28 18:00","0.2"
"Trzic-Tank5","2026-05-28 19:00",0
"Trzic-Tank5","2026-05-28 20:00","0.2"
"Trzic-Tank5","2026-05-28 21:00","0.2"
"Trzic-Tank5","2026-05-28 22:00",0
"Trzic-Tank5","2026-05-28 23:00","0.2"
"Trzic-Tank5","2026-05-29 00:00","0.2"
"Trzic-Tank5","2026-05-29 01:00","0.2"
"Trzic-Tank5","2026-05-29 02:00","0.2"
"Trzic-Tank5","2026-05-29 03:00","0.2"
"Trzic-Tank5","2026-05-29 04:00","0.2"
"Trzic-Tank5","2026-05-29 05:00","0.2"
"Trzic-Tank5","2026-05-29 06:00",0
"Trzic-Tank5","2026-05-29 07:00","0.2"
"Trzic-Tank5","2026-05-29 08:00",0
"Trzic-Tank5","2026-05-29 09:00","0.2"
"Trzic-Tank5","2026-05-29 10:00","0.2"
"Trzic-Tank5","2026-05-29 11:00",0
"Trzic-Tank5","2026-05-29 12:00",0
"Trzic-Tank5","2026-05-29 13:00","0.2"
"Trzic-Tank5","2026-05-29 14:00",0
"Trzic-Tank5","2026-05-29 15:00",0
"Trzic-Tank5","2026-05-29 16:00",0
"Trzic-Tank5","2026-05-29 17:00","0.2"
"Trzic-Tank5","2026-05-29 18:00","0.2"
"Trzic-Tank5","2026-05-29 19:00","0.2"
"Trzic-Tank5","2026-05-29 20:00",0
"Trzic-Tank5","2026-05-29 21:00",0
"Trzic-Tank5","2026-05-29 22:00","0.2"
"Trzic-Tank5","2026-05-29 23:00",0
"Trzic-Tank5","2026-05-30 00:00",0
"Trzic-Tank5","2026-05-30 01:00",0
"Trzic-Tank5","2026-05-30 02:00",0
"Trzic-Tank5","2026-05-30 03:00",0
"Trzic-Tank5","2026-05-30 04:00",0
"Trzic-Tank5","2026-05-30 05:00",0
"Trzic-Tank5","2026-05-30 06:00",0
"Trzic-Tank5","2026-05-30 07:00",0
"Trzic-Tank5","2026-05-30 08:00",0
"Trzic-Tank5","2026-05-30 09:00",0
"Trzic-Tank5","2026-05-30 10:00",0
"Trzic-Tank5","2026-05-30 11:00",0
"Trzic-Tank5","2026-05-30 12:00",0
"Trzic-Tank5","2026-05-30 13:00",0
"Trzic-Tank5","2026-05-30 14:00",0
"Trzic-Tank5","2026-05-30 15:00",0
"Trzic-Tank5","2026-05-30 16:00",0
"Trzic-Tank5","2026-05-30 17:00","0.2"
"Trzic-Tank5","2026-05-30 18:00","0.2"
"Trzic-Tank5","2026-05-30 19:00","0.2"
"Trzic-Tank5","2026-05-30 20:00",0
"Trzic-Tank5","2026-05-30 21:00",0
"Trzic-Tank5","2026-05-30 22:00","0.2"
"Trzic-Tank5","2026-05-30 23:00","0.2"
"Trzic-Tank5","2026-05-31 00:00","0.2"
"Trzic-Tank5","2026-05-31 01:00","0.2"
"Trzic-Tank5","2026-05-31 02:00","0.2"
"Trzic-Tank5","2026-05-31 03:00","0.2"
"Trzic-Tank5","2026-05-31 04:00","0.2"
"Trzic-Tank5","2026-05-31 05:00",0
"Trzic-Tank5","2026-05-31 06:00",0
"Trzic-Tank5","2026-05-31 07:00",0
"Trzic-Tank5","2026-05-31 08:00",0
"Trzic-Tank5","2026-05-31 09:00","0.2"
"Trzic-Tank5","2026-05-31 10:00",0
"Trzic-Tank5","2026-05-31 11:00",0
"Trzic-Tank5","2026-05-31 12:00",0
"Trzic-Tank5","2026-05-31 13:00",0
"Trzic-Tank5","2026-05-31 14:00","0.2"
"Trzic-Tank5","2026-05-31 15:00",0
"Trzic-Tank5","2026-05-31 16:00",0
"Trzic-Tank5","2026-05-31 17:00",0
"Trzic-Tank5","2026-05-31 18:00","0.2"
"Trzic-Tank5","2026-05-31 19:00","0.4"
"Trzic-Tank5","2026-05-31 20:00","0.8"
"Trzic-Tank5","2026-05-31 21:00",1
"Trzic-Tank5","2026-05-31 22:00","1.4"
"Trzic-Tank5","2026-05-31 23:00","1.4"
"Trzic-Tank5","2026-06-01 00:00","1.4"
"Trzic-Tank5","2026-06-01 01:00","1.6"
"Trzic-Tank5","2026-06-01 02:00","1.6"
"Trzic-Tank5","2026-06-01 03:00","1.6"
"Trzic-Tank5","2026-06-01 04:00","1.6"
"Trzic-Tank5","2026-06-01 05:00","1.6"
"Trzic-Tank5","2026-06-01 06:00","1.6"
"Trzic-Tank5","2026-06-01 07:00","1.6"
"Trzic-Tank5","2026-06-01 08:00","1.6"
"Trzic-Tank5","2026-06-01 09:00","1.6"
"Trzic-Tank5","2026-06-01 10:00","1.6"
"Trzic-Tank5","2026-06-01 11:00","1.8"
"Trzic-Tank5","2026-06-01 12:00","1.8"
"Trzic-Tank5","2026-06-01 13:00","1.8"
"Trzic-Tank5","2026-06-01 14:00","1.6"
"Trzic-Tank5","2026-06-01 15:00","1.6"
"Trzic-Tank5","2026-06-01 16:00","1.6"
"Trzic-Tank5","2026-06-01 17:00","1.6"
"Trzic-Tank5","2026-06-01 18:00","1.6"
"Trzic-Tank5","2026-06-01 19:00","1.6"
"Trzic-Tank5","2026-06-01 20:00","1.6"
"Trzic-Tank5","2026-06-01 21:00","1.6"
"Trzic-Tank5","2026-06-01 22:00","1.4"
"Trzic-Tank5","2026-06-01 23:00","1.4"
"Trzic-Tank5","2026-06-02 00:00","1.4"
"Trzic-Tank5","2026-06-02 01:00","1.4"
"Trzic-Tank5","2026-06-02 02:00","1.4"
"Trzic-Tank5","2026-06-02 03:00","1.4"
"Trzic-Tank5","2026-06-02 04:00","1.4"
"Trzic-Tank5","2026-06-02 05:00","1.2"
"Trzic-Tank5","2026-06-02 06:00","1.2"
"Trzic-Tank5","2026-06-02 07:00","1.4"
"Trzic-Tank5","2026-06-02 08:00","1.4"
"Trzic-Tank5","2026-06-02 09:00","1.2"
"Trzic-Tank5","2026-06-02 10:00","1.2"
"Trzic-Tank5","2026-06-02 11:00",1
"Trzic-Tank5","2026-06-02 12:00",1
"Trzic-Tank5","2026-06-02 13:00",1
"Trzic-Tank5","2026-06-02 14:00",1
"Trzic-Tank5","2026-06-02 15:00","1.2"
"Trzic-Tank5","2026-06-02 16:00",1
"Trzic-Tank5","2026-06-02 17:00",1
"Trzic-Tank5","2026-06-02 18:00",1
"Trzic-Tank5","2026-06-02 19:00",1
"Trzic-Tank5","2026-06-02 20:00",1
"Trzic-Tank5","2026-06-02 21:00",1
"Trzic-Tank5","2026-06-02 22:00",1
"Trzic-Tank5","2026-06-02 23:00",1
"Trzic-Tank5","2026-06-03 00:00",1
"Trzic-Tank5","2026-06-03 01:00","0.8"
"Trzic-Tank5","2026-06-03 02:00","0.8"
"Trzic-Tank5","2026-06-03 03:00","0.8"
"Trzic-Tank5","2026-06-03 04:00","0.8"
"Trzic-Tank5","2026-06-03 05:00","0.8"
"Trzic-Tank5","2026-06-03 06:00","0.8"
"Trzic-Tank5","2026-06-03 07:00","0.8"
"Trzic-Tank5","2026-06-03 08:00",1
"Trzic-Tank5","2026-06-03 09:00","0.8"
"Trzic-Tank5","2026-06-03 10:00","1.2"
"Trzic-Tank5","2026-06-03 11:00","1.4"
"Trzic-Tank5","2026-06-03 12:00","1.6"
"Trzic-Tank5","2026-06-03 13:00","1.6"
"Trzic-Tank5","2026-06-03 14:00","1.6"
"Trzic-Tank5","2026-06-03 15:00","1.8"
"Trzic-Tank5","2026-06-03 16:00","1.6"
"Trzic-Tank5","2026-06-03 17:00","1.8"
"Trzic-Tank5","2026-06-03 18:00","1.6"
"Trzic-Tank5","2026-06-03 19:00","1.6"
"Trzic-Tank5","2026-06-03 20:00","1.4"
"Trzic-Tank5","2026-06-03 21:00","1.4"
"Trzic-Tank5","2026-06-03 22:00","1.6"
"Trzic-Tank5","2026-06-03 23:00","1.6"
"Trzic-Tank5","2026-06-04 00:00","1.6"
"Trzic-Tank5","2026-06-04 01:00","1.6"
"Trzic-Tank5","2026-06-04 02:00","1.6"
"Trzic-Tank5","2026-06-04 03:00","1.6"
"Trzic-Tank5","2026-06-04 04:00","1.6"
"Trzic-Tank5","2026-06-04 05:00","1.4"
"Trzic-Tank5","2026-06-04 06:00","1.4"
"Trzic-Tank5","2026-06-04 07:00","1.4"
"Trzic-Tank5","2026-06-04 08:00","1.2"
"Trzic-Tank5","2026-06-04 09:00","1.2"
"Trzic-Tank5","2026-06-04 10:00","1.2"
"Trzic-Tank5","2026-06-04 11:00","1.2"
"Trzic-Tank5","2026-06-04 12:00","1.2"
"Trzic-Tank5","2026-06-04 13:00","1.2"
"Trzic-Tank5","2026-06-04 14:00",1
"Trzic-Tank5","2026-06-04 15:00","1.2"
"Trzic-Tank5","2026-06-04 16:00","1.2"
"Trzic-Tank5","2026-06-04 17:00","1.2"
"Trzic-Tank5","2026-06-04 18:00","1.2"
"Trzic-Tank5","2026-06-04 19:00","1.2"
"Trzic-Tank5","2026-06-04 20:00","1.2"
"Trzic-Tank5","2026-06-04 21:00",1
"Trzic-Tank5","2026-06-04 22:00",1
"Trzic-Tank5","2026-06-04 23:00",1
"Trzic-Tank5","2026-06-05 00:00",1
"Trzic-Tank5","2026-06-05 01:00",1
"Trzic-Tank5","2026-06-05 02:00",1
"Trzic-Tank5","2026-06-05 03:00",1
"Trzic-Tank5","2026-06-05 04:00",1
"Trzic-Tank5","2026-06-05 05:00",1
"Trzic-Tank5","2026-06-05 06:00",1
"Trzic-Tank5","2026-06-05 07:00",1
"Trzic-Tank5","2026-06-05 08:00",1
"Trzic-Tank5","2026-06-05 09:00","0.8"
"Trzic-Tank5","2026-06-05 10:00",1
"Trzic-Tank5","2026-06-05 11:00","0.8"
"Trzic-Tank5","2026-06-05 12:00","0.8"
"Trzic-Tank5","2026-06-05 13:00",1
"Trzic-Tank5","2026-06-05 14:00",1
"Trzic-Tank5","2026-06-05 15:00",1
"Trzic-Tank5","2026-06-05 16:00",1
"Trzic-Tank5","2026-06-05 17:00",1
"Trzic-Tank5","2026-06-05 18:00",1
"Trzic-Tank5","2026-06-05 19:00",1
"Trzic-Tank5","2026-06-05 20:00","0.8"
"Trzic-Tank5","2026-06-05 21:00","0.8"
"Trzic-Tank5","2026-06-05 22:00",1
"Trzic-Tank5","2026-06-05 23:00",1
"Trzic-Tank5","2026-06-06 00:00",1
"Trzic-Tank5","2026-06-06 01:00",1
"Trzic-Tank5","2026-06-06 02:00",1
"Trzic-Tank5","2026-06-06 03:00",1
"Trzic-Tank5","2026-06-06 04:00",1
"Trzic-Tank5","2026-06-06 05:00",1
"Trzic-Tank5","2026-06-06 06:00","1.2"
"Trzic-Tank5","2026-06-06 07:00","1.2"
"Trzic-Tank5","2026-06-06 08:00","0.8"
"Trzic-Tank5","2026-06-06 09:00",1
"Trzic-Tank5","2026-06-06 10:00","1.2"
"Trzic-Tank5","2026-06-06 11:00",1
"Trzic-Tank5","2026-06-06 12:00",1
"Trzic-Tank5","2026-06-06 13:00",1
"Trzic-Tank5","2026-06-06 14:00",1
"Trzic-Tank5","2026-06-06 15:00",1
"Trzic-Tank5","2026-06-06 16:00",1
"Trzic-Tank5","2026-06-06 17:00","0.8"
"Trzic-Tank5","2026-06-06 18:00","0.8"
"Trzic-Tank5","2026-06-06 19:00","0.8"
"Trzic-Tank5","2026-06-06 20:00","0.8"
"Trzic-Tank5","2026-06-06 21:00","0.8"
"Trzic-Tank5","2026-06-06 22:00","0.8"
"Trzic-Tank5","2026-06-06 23:00","0.8"
"Trzic-Tank5","2026-06-07 00:00","0.8"
"Trzic-Tank5","2026-06-07 01:00",1
"Trzic-Tank5","2026-06-07 02:00",1
"Trzic-Tank5","2026-06-07 03:00",1
"Trzic-Tank5","2026-06-07 04:00",1
"Trzic-Tank5","2026-06-07 05:00","0.8"
"Trzic-Tank5","2026-06-07 06:00",1
"Trzic-Tank5","2026-06-07 07:00","0.8"
"Trzic-Tank5","2026-06-07 08:00","0.8"
"Trzic-Tank5","2026-06-07 09:00","0.8"
"Trzic-Tank5","2026-06-07 10:00","0.8"
"Trzic-Tank5","2026-06-07 11:00","0.8"
"Trzic-Tank5","2026-06-07 12:00","0.8"
"Trzic-Tank5","2026-06-07 13:00","0.8"
"Trzic-Tank5","2026-06-07 14:00",1
"Trzic-Tank5","2026-06-07 15:00","0.8"
"Trzic-Tank5","2026-06-07 16:00",1
"Trzic-Tank5","2026-06-07 17:00","0.8"
"Trzic-Tank5","2026-06-07 18:00",1
"Trzic-Tank5","2026-06-07 19:00","0.8"
"Trzic-Tank5","2026-06-07 20:00","0.8"
"Trzic-Tank5","2026-06-07 21:00","0.8"
"Trzic-Tank5","2026-06-07 22:00","0.8"
"Trzic-Tank5","2026-06-07 23:00","0.8"
"Trzic-Tank5","2026-06-08 00:00","0.8"
"Trzic-Tank5","2026-06-08 01:00","0.8"
"Trzic-Tank5","2026-06-08 02:00","0.8"
"Trzic-Tank5","2026-06-08 03:00","0.8"
"Trzic-Tank5","2026-06-08 04:00","0.8"
"Trzic-Tank5","2026-06-08 05:00","0.8"
"Trzic-Tank5","2026-06-08 06:00","0.8"
"Trzic-Tank5","2026-06-08 07:00","0.8"
"Trzic-Tank5","2026-06-08 08:00","0.8"
"Trzic-Tank5","2026-06-08 09:00","0.6"
"Trzic-Tank5","2026-06-08 10:00","0.8"
"Trzic-Tank5","2026-06-08 11:00","0.8"
"Trzic-Tank5","2026-06-08 12:00","0.8"
"Trzic-Tank5","2026-06-08 13:00","0.8"
"Trzic-Tank5","2026-06-08 14:00","0.8"
"Trzic-Tank5","2026-06-08 15:00","0.6"
"Trzic-Tank5","2026-06-08 16:00","0.6"
"Trzic-Tank5","2026-06-08 17:00","0.6"
"Trzic-Tank5","2026-06-08 18:00","0.8"
"Trzic-Tank5","2026-06-08 19:00","0.8"
"Trzic-Tank5","2026-06-08 20:00","0.6"
"Trzic-Tank5","2026-06-08 21:00","0.8"
"Trzic-Tank5","2026-06-08 22:00","0.8"
"Trzic-Tank5","2026-06-08 23:00","0.8"
"Trzic-Tank5","2026-06-09 00:00","0.8"
"Trzic-Tank5","2026-06-09 01:00","0.8"
"Trzic-Tank5","2026-06-09 02:00","0.8"
"Trzic-Tank5","2026-06-09 03:00","0.8"
"Trzic-Tank5","2026-06-09 04:00","0.8"
"Trzic-Tank5","2026-06-09 05:00","0.8"
"Trzic-Tank5","2026-06-09 06:00","0.8"
"Trzic-Tank5","2026-06-09 07:00","0.8"
"Trzic-Tank5","2026-06-09 08:00","0.8"
"Trzic-Tank5","2026-06-09 09:00","0.8"
"Trzic-Tank5","2026-06-09 10:00","0.8"
"Trzic-Tank5","2026-06-09 11:00","0.8"
"Trzic-Tank5","2026-06-09 12:00","0.8"
"Trzic-Tank5","2026-06-09 13:00","0.8"
"Trzic-Tank5","2026-06-09 14:00","0.8"
"Trzic-Tank5","2026-06-09 15:00","0.8"
"Trzic-Tank5","2026-06-09 16:00","0.8"
"Trzic-Tank5","2026-06-09 17:00","0.6"
"Trzic-Tank5","2026-06-09 18:00","0.8"
"Trzic-Tank5","2026-06-09 19:00","0.8"
"Trzic-Tank5","2026-06-09 20:00","0.8"
"Trzic-Tank5","2026-06-09 21:00","0.8"
"Trzic-Tank5","2026-06-09 22:00","0.8"
"Trzic-Tank5","2026-06-09 23:00",1
"Trzic-Tank5","2026-06-10 00:00",1
"Trzic-Tank5","2026-06-10 01:00","0.8"
"Trzic-Tank5","2026-06-10 02:00","0.8"
"Trzic-Tank5","2026-06-10 03:00","0.8"
"Trzic-Tank5","2026-06-10 04:00","0.8"
"Trzic-Tank5","2026-06-10 05:00","0.8"
"Trzic-Tank5","2026-06-10 06:00","0.8"
"Trzic-Tank5","2026-06-10 07:00","0.8"
"Trzic-Tank5","2026-06-10 08:00","0.8"
"Trzic-Tank5","2026-06-10 09:00","0.8"
"Trzic-Tank5","2026-06-10 10:00","0.8"
"Trzic-Tank5","2026-06-10 11:00","0.8"
"Trzic-Tank5","2026-06-10 12:00","0.8"
"Trzic-Tank5","2026-06-10 13:00","0.8"
"Trzic-Tank5","2026-06-10 14:00",1
"Trzic-Tank5","2026-06-10 15:00","0.8"
"Trzic-Tank5","2026-06-10 16:00","0.8"
"Trzic-Tank5","2026-06-10 17:00",1
"Trzic-Tank5","2026-06-10 18:00","0.8"
"Trzic-Tank5","2026-06-10 19:00",1
"Trzic-Tank5","2026-06-10 20:00","0.8"
"Trzic-Tank5","2026-06-10 21:00","0.8"
"Trzic-Tank5","2026-06-10 22:00",1
"Trzic-Tank5","2026-06-10 23:00",1
"Trzic-Tank5","2026-06-11 00:00",1
"Trzic-Tank5","2026-06-11 01:00","1.2"
"Trzic-Tank5","2026-06-11 02:00","1.2"
"Trzic-Tank5","2026-06-11 03:00","1.2"
"Trzic-Tank5","2026-06-11 04:00","1.2"
"Trzic-Tank5","2026-06-11 05:00","1.2"
"Trzic-Tank5","2026-06-11 06:00","1.2"
"Trzic-Tank5","2026-06-11 07:00",1
"Trzic-Tank5","2026-06-11 08:00",1
"Trzic-Tank5","2026-06-11 09:00",1
"Trzic-Tank5","2026-06-11 10:00",1
"Trzic-Tank5","2026-06-11 11:00","0.8"
"Trzic-Tank5","2026-06-11 12:00","0.8"
"Trzic-Tank5","2026-06-11 13:00","0.8"
"Trzic-Tank5","2026-06-11 14:00","0.8"
"Trzic-Tank5","2026-06-11 15:00","0.8"
"Trzic-Tank5","2026-06-11 16:00","0.8"
"Trzic-Tank5","2026-06-11 17:00","0.8"
"Trzic-Tank5","2026-06-11 18:00","0.8"
"Trzic-Tank5","2026-06-11 19:00","0.6"
"Trzic-Tank5","2026-06-11 20:00","0.6"
"Trzic-Tank5","2026-06-11 21:00","0.6"
"Trzic-Tank5","2026-06-11 22:00","0.6"
"Trzic-Tank5","2026-06-11 23:00","0.6"
"Trzic-Tank5","2026-06-12 00:00","0.6"
"Trzic-Tank5","2026-06-12 01:00","0.6"
"Trzic-Tank5","2026-06-12 02:00","0.6"
"Trzic-Tank5","2026-06-12 03:00","0.6"
"Trzic-Tank5","2026-06-12 04:00","0.6"
"Trzic-Tank5","2026-06-12 05:00","0.6"
"Trzic-Tank5","2026-06-12 06:00","0.6"
"Trzic-Tank5","2026-06-12 07:00","0.6"
"Trzic-Tank5","2026-06-12 08:00","0.6"
"Trzic-Tank5","2026-06-12 09:00","0.6"
"Trzic-Tank5","2026-06-12 10:00","0.6"
"Trzic-Tank5","2026-06-12 11:00","0.6"
"Trzic-Tank5","2026-06-12 12:00","0.6"
"Trzic-Tank5","2026-06-12 13:00","0.6"
"Trzic-Tank5","2026-06-12 14:00","0.6"
"Trzic-Tank5","2026-06-12 15:00","0.6"
"Trzic-Tank5","2026-06-12 16:00","0.6"
"Trzic-Tank5","2026-06-12 17:00","0.6"
"Trzic-Tank5","2026-06-12 18:00","0.6"
"Trzic-Tank5","2026-06-12 19:00","0.8"
"Trzic-Tank5","2026-06-12 20:00","0.8"
"Trzic-Tank5","2026-06-12 21:00","0.8"
"Trzic-Tank5","2026-06-12 22:00","0.8"
"Trzic-Tank5","2026-06-12 23:00","0.8"
"Trzic-Tank5","2026-06-13 00:00","0.8"
"Trzic-Tank5","2026-06-13 01:00","0.6"
"Trzic-Tank5","2026-06-13 02:00","0.6"
"Trzic-Tank5","2026-06-13 03:00","0.6"
"Trzic-Tank5","2026-06-13 04:00","0.6"
"Trzic-Tank5","2026-06-13 05:00","0.8"
"Trzic-Tank5","2026-06-13 06:00","0.8"
"Trzic-Tank5","2026-06-13 07:00","0.8"
"Trzic-Tank5","2026-06-13 08:00","0.8"
"Trzic-Tank5","2026-06-13 09:00","0.8"
"Trzic-Tank5","2026-06-13 10:00","0.8"
"Trzic-Tank5","2026-06-13 11:00","0.8"
"Trzic-Tank5","2026-06-13 12:00","0.8"
"Trzic-Tank5","2026-06-13 13:00","0.8"
"Trzic-Tank5","2026-06-13 14:00","0.8"
"Trzic-Tank5","2026-06-13 15:00","0.8"
"Trzic-Tank5","2026-06-13 16:00","0.8"
"Trzic-Tank5","2026-06-13 17:00","0.8"
"Trzic-Tank5","2026-06-13 18:00","0.8"
"Trzic-Tank5","2026-06-13 19:00","0.8"
"Trzic-Tank5","2026-06-13 20:00",1
"Trzic-Tank5","2026-06-13 21:00","0.8"
"Trzic-Tank5","2026-06-13 22:00","0.8"
"Trzic-Tank5","2026-06-13 23:00","0.8"
"Trzic-Tank5","2026-06-14 00:00","0.8"
"Trzic-Tank5","2026-06-14 01:00","0.8"
"Trzic-Tank5","2026-06-14 02:00","0.8"
"Trzic-Tank5","2026-06-14 03:00","0.8"
"Trzic-Tank5","2026-06-14 04:00","0.8"
"Trzic-Tank5","2026-06-14 05:00","0.6"
"Trzic-Tank5","2026-06-14 06:00","0.8"
"Trzic-Tank5","2026-06-14 07:00","0.8"
"Trzic-Tank5","2026-06-14 08:00","0.8"
"Trzic-Tank5","2026-06-14 09:00","0.8"
"Trzic-Tank5","2026-06-14 10:00","0.8"
"Trzic-Tank5","2026-06-14 11:00","0.6"
"Trzic-Tank5","2026-06-14 12:00","0.8"
"Trzic-Tank5","2026-06-14 13:00","0.8"
"Trzic-Tank5","2026-06-14 14:00","0.8"
"Trzic-Tank5","2026-06-14 15:00","0.8"
"Trzic-Tank5","2026-06-14 16:00","0.8"
"Trzic-Tank5","2026-06-14 17:00",1
"Trzic-Tank5","2026-06-14 18:00","1.2"
"Trzic-Tank5","2026-06-14 19:00","1.2"
"Trzic-Tank5","2026-06-14 20:00",1
"Trzic-Tank5","2026-06-14 21:00","1.2"
"Trzic-Tank5","2026-06-14 22:00",1
"Trzic-Tank5","2026-06-14 23:00","1.2"
"Trzic-Tank5","2026-06-15 00:00","1.2"
"Trzic-Tank5","2026-06-15 01:00","1.2"
"Trzic-Tank5","2026-06-15 02:00","1.2"
"Trzic-Tank5","2026-06-15 03:00","1.2"
"Trzic-Tank5","2026-06-15 04:00","1.2"
"Trzic-Tank5","2026-06-15 05:00","1.2"
"Trzic-Tank5","2026-06-15 06:00",1
"Trzic-Tank5","2026-06-15 07:00","1.2"
"Trzic-Tank5","2026-06-15 08:00","1.2"
"Trzic-Tank5","2026-06-15 09:00","1.2"
"Trzic-Tank5","2026-06-15 10:00","1.4"
"Trzic-Tank5","2026-06-15 11:00","1.4"
"Trzic-Tank5","2026-06-15 12:00","1.4"
"Trzic-Tank5","2026-06-15 13:00","1.4"
"Trzic-Tank5","2026-06-15 14:00","1.8"
"Trzic-Tank5","2026-06-15 15:00","1.8"
"Trzic-Tank5","2026-06-15 16:00","1.8"
"Trzic-Tank5","2026-06-15 17:00","2.2"
"Trzic-Tank5","2026-06-15 18:00",2
"Trzic-Tank5","2026-06-15 19:00",2
"Trzic-Tank5","2026-06-15 20:00","2.4"
"Trzic-Tank5","2026-06-15 21:00","2.4"
"Trzic-Tank5","2026-06-15 22:00","2.2"
"Trzic-Tank5","2026-06-15 23:00","2.2"
"Trzic-Tank5","2026-06-16 00:00","2.2"
"Trzic-Tank5","2026-06-16 01:00","2.4"
"Trzic-Tank5","2026-06-16 02:00","2.4"
"Trzic-Tank5","2026-06-16 03:00","2.4"
"Trzic-Tank5","2026-06-16 04:00","2.4"
"Trzic-Tank5","2026-06-16 05:00","2.2"
"Trzic-Tank5","2026-06-16 06:00","2.2"
"Trzic-Tank5","2026-06-16 07:00","2.2"
"Trzic-Tank5","2026-06-16 08:00","2.2"
"Trzic-Tank5","2026-06-16 09:00","2.4"
"Trzic-Tank5","2026-06-16 10:00","2.4"
"Trzic-Tank5","2026-06-16 11:00","2.6"
"Trzic-Tank5","2026-06-16 12:00",3
"Trzic-Tank5","2026-06-16 13:00","3.2"
"Trzic-Tank5","2026-06-16 14:00","3.8"
"Trzic-Tank5","2026-06-16 15:00","3.8"
"Trzic-Tank5","2026-06-16 16:00","3.8"
"Trzic-Tank5","2026-06-16 17:00","3.8"
"Trzic-Tank5","2026-06-16 18:00","3.8"
"Trzic-Tank5","2026-06-16 19:00","3.8"
"Trzic-Tank5","2026-06-16 20:00","3.8"
"Trzic-Tank5","2026-06-16 21:00","4.8"
"Trzic-Tank5","2026-06-16 22:00","5.4"
"Trzic-Tank5","2026-06-16 23:00",6
"Trzic-Tank5","2026-06-17 00:00",6
"Trzic-Tank5","2026-06-17 01:00","7.2"
"Trzic-Tank5","2026-06-17 02:00","7.2"
"Trzic-Tank5","2026-06-17 03:00","7.2"
"Trzic-Tank5","2026-06-17 04:00","7.2"
"Trzic-Tank5","2026-06-17 05:00","7.2"
"Trzic-Tank5","2026-06-17 06:00","7.4"
"Trzic-Tank5","2026-06-17 07:00","7.6"
"Trzic-Tank5","2026-06-17 08:00","8.4"
"Trzic-Tank5","2026-06-17 09:00","8.2"
"Trzic-Tank5","2026-06-17 10:00","8.2"
"Trzic-Tank5","2026-06-17 11:00","8.2"
"Trzic-Tank5","2026-06-17 12:00","8.4"
"Trzic-Tank5","2026-06-17 13:00",9
"Trzic-Tank5","2026-06-17 14:00","9.2"
"Trzic-Tank5","2026-06-17 15:00","9.8"
"Trzic-Tank5","2026-06-17 16:00","9.8"
"Trzic-Tank5","2026-06-17 17:00","10.2"
"Trzic-Tank5","2026-06-17 18:00",11
"Trzic-Tank5","2026-06-17 19:00","10.8"
"Trzic-Tank5","2026-06-17 20:00",11
"Trzic-Tank5","2026-06-17 21:00",11
"Trzic-Tank5","2026-06-17 22:00","10.8"
"Trzic-Tank5","2026-06-17 23:00","10.4"
"Trzic-Tank5","2026-06-18 00:00","10.4"
"Trzic-Tank5","2026-06-18 01:00","10.6"
"Trzic-Tank5","2026-06-18 02:00","10.6"
"Trzic-Tank5","2026-06-18 03:00","10.6"
"Trzic-Tank5","2026-06-18 04:00","10.6"
"Trzic-Tank5","2026-06-18 05:00","11.4"
"Trzic-Tank5","2026-06-18 06:00",11
"Trzic-Tank5","2026-06-18 07:00","10.8"
"Trzic-Tank5","2026-06-18 08:00","11.8"
"Trzic-Tank5","2026-06-18 09:00","11.8"
"Trzic-Tank5","2026-06-18 10:00","11.2"
"Trzic-Tank5","2026-06-18 11:00",11
"Trzic-Tank5","2026-06-18 12:00","10.8"
"Trzic-Tank5","2026-06-18 13:00",10
"Trzic-Tank5","2026-06-18 14:00","9.8"
"Trzic-Tank5","2026-06-18 15:00","9.4"
"Trzic-Tank5","2026-06-18 16:00",9
"Trzic-Tank5","2026-06-18 17:00","8.2"
"Trzic-Tank5","2026-06-18 18:00","7.6"
"Trzic-Tank5","2026-06-18 19:00","6.8"
"Trzic-Tank5","2026-06-18 20:00","5.8"
"Trzic-Tank5","2026-06-18 21:00","4.8"
"Trzic-Tank5","2026-06-18 22:00","4.4"
"Trzic-Tank5","2026-06-18 23:00","3.6"
"Trzic-Tank5","2026-06-19 00:00","3.6"
"Trzic-Tank5","2026-06-19 01:00","2.2"
"Trzic-Tank5","2026-06-19 02:00","2.2"
"Trzic-Tank5","2026-06-19 03:00","2.2"
"Trzic-Tank5","2026-06-19 04:00","2.2"
"Trzic-Tank5","2026-06-19 05:00","1.4"
"Trzic-Tank5","2026-06-19 06:00","1.2"
"Trzic-Tank5","2026-06-19 07:00","1.2"
"Trzic-Tank5","2026-06-19 08:00","1.2"
"Trzic-Tank5","2026-06-19 09:00",1
"Trzic-Tank5","2026-06-19 10:00",1
"Trzic-Tank5","2026-06-19 11:00",1
"Trzic-Tank5","2026-06-19 12:00",1
"Trzic-Tank5","2026-06-19 13:00","0.8"
"Trzic-Tank5","2026-06-19 14:00","0.8"
"Trzic-Tank5","2026-06-19 15:00","0.8"
"Trzic-Tank5","2026-06-19 16:00","0.6"
"Trzic-Tank5","2026-06-19 17:00","0.6"
"Trzic-Tank5","2026-06-19 18:00","0.6"
"Trzic-Tank5","2026-06-19 19:00","0.6"
"Trzic-Tank5","2026-06-19 20:00","0.6"
"Trzic-Tank5","2026-06-19 21:00","0.4"
"Trzic-Tank5","2026-06-19 22:00","0.4"
"Trzic-Tank5","2026-06-19 23:00","0.4"
"Trzic-Tank5","2026-06-20 00:00","0.4"
"Trzic-Tank5","2026-06-20 01:00","0.4"
"Trzic-Tank5","2026-06-20 02:00","0.4"
"Trzic-Tank5","2026-06-20 03:00","0.4"
"Trzic-Tank5","2026-06-20 04:00","0.4"
"Trzic-Tank5","2026-06-20 05:00","0.4"
"Trzic-Tank5","2026-06-20 06:00","0.2"
"Trzic-Tank5","2026-06-20 07:00","0.2"
"Trzic-Tank5","2026-06-20 08:00","0.4"
"Trzic-Tank5","2026-06-20 09:00","0.4"
"Trzic-Tank5","2026-06-20 10:00","0.2"
"Trzic-Tank5","2026-06-20 11:00","0.4"
"Trzic-Tank5","2026-06-20 12:00","0.2"
"Trzic-Tank5","2026-06-20 13:00","0.2"
"Trzic-Tank5","2026-06-20 14:00","0.2"
"Trzic-Tank5","2026-06-20 15:00","0.2"
"Trzic-Tank5","2026-06-20 16:00","0.2"
"Trzic-Tank5","2026-06-20 17:00","0.2"
"Trzic-Tank5","2026-06-20 18:00","0.2"
"Trzic-Tank5","2026-06-20 19:00","0.2"
"Trzic-Tank5","2026-06-20 20:00",11
"Trzic-Tank5","2026-06-20 21:00",12
"Trzic-Tank5","2026-06-20 22:00",13
"Trzic-Tank5","2026-06-20 23:00","12.8"
"Trzic-Tank5","2026-06-21 00:00","12.8"
"Trzic-Tank5","2026-06-21 01:00",15
"Trzic-Tank5","2026-06-21 02:00",15
"Trzic-Tank5","2026-06-21 03:00",15
"Trzic-Tank5","2026-06-21 04:00",15
"Trzic-Tank5","2026-06-21 05:00","13.4"
"Trzic-Tank5","2026-06-21 06:00","13.2"
"Trzic-Tank5","2026-06-21 07:00","12.2"
"Trzic-Tank5","2026-06-21 08:00","11.2"
"Trzic-Tank5","2026-06-21 09:00","9.6"
"Trzic-Tank5","2026-06-21 10:00","9.2"
"Trzic-Tank5","2026-06-21 11:00","8.6"
"Trzic-Tank5","2026-06-21 12:00","7.8"
"Trzic-Tank5","2026-06-21 13:00","7.6"
"Trzic-Tank5","2026-06-21 14:00","7.4"
"Trzic-Tank5","2026-06-21 15:00","6.6"
"Trzic-Tank5","2026-06-21 16:00","6.4"
"Trzic-Tank5","2026-06-21 17:00",6
"Trzic-Tank5","2026-06-21 18:00","5.6"
"Trzic-Tank5","2026-06-21 19:00","5.2"
"Trzic-Tank5","2026-06-21 20:00",5
"Trzic-Tank5","2026-06-21 21:00","4.6"
"Trzic-Tank5","2026-06-21 22:00","4.6"
"Trzic-Tank5","2026-06-21 23:00","4.2"
"Trzic-Tank5","2026-06-22 00:00","4.2"
"Trzic-Tank5","2026-06-22 01:00",4
"Trzic-Tank5","2026-06-22 02:00",4
"Trzic-Tank5","2026-06-22 03:00",4
"Trzic-Tank5","2026-06-22 04:00",4
"Trzic-Tank5","2026-06-22 05:00","3.2"
"Trzic-Tank5","2026-06-22 06:00","3.2"
"Trzic-Tank5","2026-06-22 07:00",3
"Trzic-Tank5","2026-06-22 08:00","2.8"
"Trzic-Tank5","2026-06-22 09:00",3
"Trzic-Tank5","2026-06-22 10:00","2.8"
"Trzic-Tank5","2026-06-22 11:00","2.6"
"Trzic-Tank5","2026-06-22 12:00","2.6"
"Trzic-Tank5","2026-06-22 13:00","2.4"
"Trzic-Tank5","2026-06-22 14:00","2.2"
"Trzic-Tank5","2026-06-22 15:00","2.2"
"Trzic-Tank5","2026-06-22 16:00","2.2"
"Trzic-Tank5","2026-06-22 17:00","2.2"
"Trzic-Tank5","2026-06-22 18:00",2
"Trzic-Tank5","2026-06-22 19:00","1.8"
"Trzic-Tank5","2026-06-22 20:00","1.8"
"Trzic-Tank5","2026-06-22 21:00","1.8"
"Trzic-Tank5","2026-06-22 22:00","1.6"
"Trzic-Tank5","2026-06-22 23:00","1.6"
"Trzic-Tank5","2026-06-23 00:00","1.6"
"Trzic-Tank5","2026-06-23 01:00","1.6"
"Trzic-Tank5","2026-06-23 02:00","1.6"
"Trzic-Tank5","2026-06-23 03:00","1.6"
"Trzic-Tank5","2026-06-23 04:00","1.6"
"Trzic-Tank5","2026-06-23 05:00","1.2"
"Trzic-Tank5","2026-06-23 06:00","1.4"
"Trzic-Tank5","2026-06-23 07:00","1.4"
"Trzic-Tank5","2026-06-23 08:00","1.2"
"Trzic-Tank5","2026-06-23 09:00","1.2"
"Trzic-Tank5","2026-06-23 10:00",1
"Trzic-Tank5","2026-06-23 11:00",1
"Trzic-Tank5","2026-06-23 12:00",1
"Trzic-Tank5","2026-06-23 13:00",1
"Trzic-Tank5","2026-06-23 14:00","0.8"
"Trzic-Tank5","2026-06-23 15:00",1
"Trzic-Tank5","2026-06-23 16:00",1
"Trzic-Tank5","2026-06-23 17:00","0.8"
"Trzic-Tank5","2026-06-23 18:00","0.8"
"Trzic-Tank5","2026-06-23 19:00","0.8"
"Trzic-Tank5","2026-06-23 20:00","0.8"
"Trzic-Tank5","2026-06-23 21:00","0.8"
"Trzic-Tank5","2026-06-23 22:00","0.6"
"Trzic-Tank5","2026-06-23 23:00","0.6"
"Trzic-Tank5","2026-06-24 00:00","0.6"
"Trzic-Tank5","2026-06-24 01:00","0.4"
"Trzic-Tank5","2026-06-24 02:00","0.4"
"Trzic-Tank5","2026-06-24 03:00","0.4"
"Trzic-Tank5","2026-06-24 04:00","0.4"
"Trzic-Tank5","2026-06-24 05:00","0.6"
"Trzic-Tank5","2026-06-24 06:00","0.6"
"Trzic-Tank5","2026-06-24 07:00","0.4"
"Trzic-Tank5","2026-06-24 08:00","0.6"
"Trzic-Tank5","2026-06-24 09:00","0.4"
"Trzic-Tank5","2026-06-24 10:00","0.4"
"Trzic-Tank5","2026-06-24 11:00","0.6"
"Trzic-Tank5","2026-06-24 12:00","0.4"
"Trzic-Tank5","2026-06-24 13:00","0.4"
"Trzic-Tank5","2026-06-24 14:00","0.4"
"Trzic-Tank5","2026-06-24 15:00","0.4"
"Trzic-Tank5","2026-06-24 16:00","0.2"
"Trzic-Tank5","2026-06-24 17:00","0.2"
"Trzic-Tank5","2026-06-24 18:00","0.2"
"Trzic-Tank5","2026-06-24 19:00","0.4"
"Trzic-Tank5","2026-06-24 20:00","0.2"
"Trzic-Tank5","2026-06-24 21:00","0.4"
"Trzic-Tank5","2026-06-24 22:00","0.2"
"Trzic-Tank5","2026-06-24 23:00","0.2"
"Trzic-Tank5","2026-06-25 00:00","0.2"
"Trzic-Tank5","2026-06-25 01:00","0.2"
"Trzic-Tank5","2026-06-25 02:00","0.2"
"Trzic-Tank5","2026-06-25 03:00","0.2"
"Trzic-Tank5","2026-06-25 04:00","0.2"
"Trzic-Tank5","2026-06-25 05:00","0.2"
"Trzic-Tank5","2026-06-25 06:00","0.2"
"Trzic-Tank5","2026-06-25 07:00",0
"Trzic-Tank5","2026-06-25 08:00",0
"Trzic-Tank5","2026-06-25 09:00","0.2"
"Trzic-Tank5","2026-06-25 10:00","0.2"
"Trzic-Tank5","2026-06-25 11:00","0.2"
"Trzic-Tank5","2026-06-25 12:00",0
"Trzic-Tank5","2026-06-25 13:00",0
"Trzic-Tank5","2026-06-25 14:00","0.2"
"Trzic-Tank5","2026-06-25 15:00","0.2"
"Trzic-Tank5","2026-06-25 16:00",0
"Trzic-Tank5","2026-06-25 17:00","0.2"
"Trzic-Tank5","2026-06-25 18:00",0
"Trzic-Tank5","2026-06-25 19:00",0
"Trzic-Tank5","2026-06-25 20:00",0
"Trzic-Tank5","2026-06-25 21:00",0
"Trzic-Tank5","2026-06-25 22:00","0.2"
"Trzic-Tank5","2026-06-25 23:00",0
"Trzic-Tank5","2026-06-26 00:00",0
"Trzic-Tank5","2026-06-26 01:00",0
"Trzic-Tank5","2026-06-26 02:00",0
"Trzic-Tank5","2026-06-26 03:00",0
"Trzic-Tank5","2026-06-26 04:00",0
"Trzic-Tank5","2026-06-26 05:00",0
"Trzic-Tank5","2026-06-26 06:00",0
"Trzic-Tank5","2026-06-26 07:00",0
"Trzic-Tank5","2026-06-26 08:00",0
"Trzic-Tank5","2026-06-26 09:00",0
"Trzic-Tank5","2026-06-26 10:00",0
"Trzic-Tank5","2026-06-26 11:00",0
"Trzic-Tank5","2026-06-26 12:00",0
"Trzic-Tank5","2026-06-26 13:00",0
"Trzic-Tank5","2026-06-26 14:00",0
"Trzic-Tank5","2026-06-26 15:00",0
"Trzic-Tank5","2026-06-26 16:00",0
"Trzic-Tank5","2026-06-26 17:00",0
"Trzic-Tank5","2026-06-26 18:00",0
"Trzic-Tank5","2026-06-26 19:00",0
"Trzic-Tank5","2026-06-26 20:00",0
"Trzic-Tank5","2026-06-26 21:00",0
"Trzic-Tank5","2026-06-26 22:00",0
"Trzic-Tank5","2026-06-26 23:00",0
"Trzic-Tank5","2026-06-27 00:00",0
"Trzic-Tank5","2026-06-27 01:00",0
"Trzic-Tank5","2026-06-27 02:00",0
"Trzic-Tank5","2026-06-27 03:00",0
"Trzic-Tank5","2026-06-27 04:00",0
"Trzic-Tank5","2026-06-27 05:00",0
"Trzic-Tank5","2026-06-27 06:00",0
"Trzic-Tank5","2026-06-27 07:00",0
"Trzic-Tank5","2026-06-27 08:00",0
"Trzic-Tank5","2026-06-27 09:00",0
"Trzic-Tank5","2026-06-27 10:00",0
"Trzic-Tank5","2026-06-27 11:00",0
"Trzic-Tank5","2026-06-27 12:00",0
"Trzic-Tank5","2026-06-27 13:00",0
"Trzic-Tank5","2026-06-27 14:00",0
"Trzic-Tank5","2026-06-27 15:00",0
"Trzic-Tank5","2026-06-27 16:00",0
"Trzic-Tank5","2026-06-27 17:00",0
"Trzic-Tank5","2026-06-27 18:00",0
"Trzic-Tank5","2026-06-27 19:00",0
"Trzic-Tank5","2026-06-27 20:00",0
"Trzic-Tank5","2026-06-27 21:00",0
"Trzic-Tank5","2026-06-27 22:00",0
"Trzic-Tank5","2026-06-27 23:00",0
"Trzic-Tank5","2026-06-28 00:00",0
"Trzic-Tank5","2026-06-28 01:00",0
"Trzic-Tank5","2026-06-28 02:00",0
"Trzic-Tank5","2026-06-28 03:00",0
"Trzic-Tank5","2026-06-28 04:00",0
"Trzic-Tank5","2026-06-28 05:00",0
"Trzic-Tank5","2026-06-28 06:00",0
"Trzic-Tank5","2026-06-28 07:00",0
"Trzic-Tank5","2026-06-28 08:00",0
"Trzic-Tank5","2026-06-28 09:00",0
"Trzic-Tank5","2026-06-28 10:00",0
"Trzic-Tank5","2026-06-28 11:00",0
"Trzic-Tank5","2026-06-28 12:00",0
"Trzic-Tank5","2026-06-28 13:00",0
"Trzic-Tank5","2026-06-28 14:00",0
"Trzic-Tank5","2026-06-28 15:00",0
"Trzic-Tank5","2026-06-28 16:00",0
"Trzic-Tank5","2026-06-28 17:00",0
"Trzic-Tank5","2026-06-28 18:00",0
"Trzic-Tank5","2026-06-28 19:00",0
"Trzic-Tank5","2026-06-28 20:00",0
"Trzic-Tank5","2026-06-28 21:00",0
"Trzic-Tank5","2026-06-28 22:00",0
"Trzic-Tank5","2026-06-28 23:00",0
"Trzic-Tank5","2026-06-29 00:00",0
"Trzic-Tank5","2026-06-29 01:00",0
"Trzic-Tank5","2026-06-29 02:00",0
"Trzic-Tank5","2026-06-29 03:00",0
"Trzic-Tank5","2026-06-29 04:00",0
"Trzic-Tank5","2026-06-29 05:00",0
"Trzic-Tank5","2026-06-29 06:00",0
"Trzic-Tank5","2026-06-29 07:00",0
"Trzic-Tank5","2026-06-29 08:00",0
"Trzic-Tank5","2026-06-29 09:00",0
"Trzic-Tank5","2026-06-29 10:00",0
"Trzic-Tank5","2026-06-29 11:00",0
"Trzic-Tank5","2026-06-29 12:00",0
"Trzic-Tank5","2026-06-29 13:00",0
"Trzic-Tank5","2026-06-29 14:00",0
"Trzic-Tank5","2026-06-29 15:00",0
"Trzic-Tank5","2026-06-29 16:00",0
"Trzic-Tank5","2026-06-29 17:00",0
"Trzic-Tank5","2026-06-29 18:00",0
"Trzic-Tank5","2026-06-29 19:00",0
"Trzic-Tank5","2026-06-29 20:00",0
"Trzic-Tank5","2026-06-29 21:00",0
"Trzic-Tank5","2026-06-29 22:00",0
"Trzic-Tank5","2026-06-29 23:00",0
"Trzic-Tank5","2026-06-30 00:00",0
"Trzic-Tank5","2026-06-30 01:00",0
"Trzic-Tank5","2026-06-30 02:00",0
"Trzic-Tank5","2026-06-30 03:00",0
"Trzic-Tank5","2026-06-30 04:00",0
"Trzic-Tank5","2026-06-30 05:00",0
"Trzic-Tank5","2026-06-30 06:00",0
"Trzic-Tank5","2026-06-30 07:00",0
"Trzic-Tank5","2026-06-30 08:00",0
"Trzic-Tank5","2026-06-30 09:00",0
"Trzic-Tank5","2026-06-30 10:00",0
"Trzic-Tank5","2026-06-30 11:00",0
"Trzic-Tank5","2026-06-30 12:00",0
"Trzic-Tank5","2026-06-30 13:00",0
"Trzic-Tank5","2026-06-30 14:00",0
"Trzic-Tank5","2026-06-30 15:00",0
"Trzic-Tank5","2026-06-30 16:00",0
"Trzic-Tank5","2026-06-30 17:00",0
"Trzic-Tank5","2026-06-30 18:00",0
"Trzic-Tank5","2026-06-30 19:00",0
"Trzic-Tank5","2026-06-30 20:00",0
"Trzic-Tank5","2026-06-30 21:00",0
"Trzic-Tank5","2026-06-30 22:00",0
"Trzic-Tank5","2026-06-30 23:00",
"Trzic-Tank5","2026-07-01 00:00",
"Trzic-Tank5","2026-07-01 01:00",
"Trzic-Tank5","2026-07-01 02:00",
"Trzic-Tank5","2026-07-01 03:00",
"Trzic-Tank5","2026-07-01 04:00",
"Trzic-Tank5","2026-07-01 05:00",
"Trzic-Tank5","2026-07-01 06:00",
"Trzic-Tank5","2026-07-01 07:00",
"Trzic-Tank5","2026-07-01 08:00",
"Trzic-Tank5","2026-07-01 09:00",0
"Trzic-Tank5","2026-07-01 10:00",0
"Trzic-Tank5","2026-07-01 11:00",0
"Trzic-Tank5","2026-07-01 12:00",0
"Trzic-Tank5","2026-07-01 13:00",0
"Trzic-Tank5","2026-07-01 14:00",0
"Trzic-Tank5","2026-07-01 15:00",0
"Trzic-Tank5","2026-07-01 16:00",0
"Trzic-Tank5","2026-07-01 17:00",0
"Trzic-Tank5","2026-07-01 18:00",0
"Trzic-Tank5","2026-07-01 19:00",0
"Trzic-Tank5","2026-07-01 20:00",0
"Trzic-Tank5","2026-07-01 21:00",0
"Trzic-Tank5","2026-07-01 22:00",0
"Trzic-Tank5","2026-07-01 23:00",0
"Trzic-Tank5","2026-07-02 00:00",0
"Trzic-Tank5","2026-07-02 01:00",0
"Trzic-Tank5","2026-07-02 02:00",0
"Trzic-Tank5","2026-07-02 03:00",0
"Trzic-Tank5","2026-07-02 04:00",0
"Trzic-Tank5","2026-07-02 05:00",0
"Trzic-Tank5","2026-07-02 06:00",0
"Trzic-Tank5","2026-07-02 07:00",0
"Trzic-Tank5","2026-07-02 08:00",0
"Trzic-Tank5","2026-07-02 09:00",0
"Trzic-Tank5","2026-07-02 10:00",0
"Trzic-Tank5","2026-07-02 11:00",0
"Trzic-Tank5","2026-07-02 12:00",0
"Trzic-Tank5","2026-07-02 13:00",0
"Trzic-Tank5","2026-07-02 14:00",0
"Trzic-Tank5","2026-07-02 15:00",0
"Trzic-Tank5","2026-07-02 16:00",0
"Trzic-Tank5","2026-07-02 17:00",0
"Trzic-Tank5","2026-07-02 18:00",0
"Trzic-Tank5","2026-07-02 19:00",0
"Trzic-Tank5","2026-07-02 20:00",0
"Trzic-Tank5","2026-07-02 21:00",0
"Trzic-Tank5","2026-07-02 22:00",0
"Trzic-Tank5","2026-07-02 23:00",0
"Trzic-Tank5","2026-07-03 00:00",0
"Trzic-Tank5","2026-07-03 01:00",0
"Trzic-Tank5","2026-07-03 02:00",0
"Trzic-Tank5","2026-07-03 03:00",0
"Trzic-Tank5","2026-07-03 04:00",0
"Trzic-Tank5","2026-07-03 05:00",0
"Trzic-Tank5","2026-07-03 06:00",0
"Trzic-Tank5","2026-07-03 07:00",0
"Trzic-Tank5","2026-07-03 08:00",0
"Trzic-Tank5","2026-07-03 09:00",0
"Trzic-Tank5","2026-07-03 10:00",0
"Trzic-Tank5","2026-07-03 11:00",0
"Trzic-Tank5","2026-07-03 12:00",0
"Trzic-Tank5","2026-07-03 13:00",0
"Trzic-Tank5","2026-07-03 14:00",0
"Trzic-Tank5","2026-07-03 15:00",0
"Trzic-Tank5","2026-07-03 16:00",0
"Trzic-Tank5","2026-07-03 17:00",0
"Trzic-Tank5","2026-07-03 18:00",0
"Trzic-Tank5","2026-07-03 19:00",0
"Trzic-Tank5","2026-07-03 20:00",0
"Trzic-Tank5","2026-07-03 21:00",0
"Trzic-Tank5","2026-07-03 22:00",0
"Trzic-Tank5","2026-07-03 23:00",0
"Trzic-Tank5","2026-07-04 00:00",0
"Trzic-Tank5","2026-07-04 01:00",0
"Trzic-Tank5","2026-07-04 02:00",0
"Trzic-Tank5","2026-07-04 03:00",0
"Trzic-Tank5","2026-07-04 04:00",0
"Trzic-Tank5","2026-07-04 05:00",0
"Trzic-Tank5","2026-07-04 06:00",0
"Trzic-Tank5","2026-07-04 07:00",0
"Trzic-Tank5","2026-07-04 08:00",0
"Trzic-Tank5","2026-07-04 09:00",0
"Trzic-Tank5","2026-07-04 10:00",0
"Trzic-Tank5","2026-07-04 11:00",0
"Trzic-Tank5","2026-07-04 12:00",0
"Trzic-Tank5","2026-07-04 13:00",0
"Trzic-Tank5","2026-07-04 14:00",0
"Trzic-Tank5","2026-07-04 15:00",0
"Trzic-Tank5","2026-07-04 16:00",0
"Trzic-Tank5","2026-07-04 17:00",0
"Trzic-Tank5","2026-07-04 18:00",0
"Trzic-Tank5","2026-07-04 19:00",0
"Trzic-Tank5","2026-07-04 20:00",0
"Trzic-Tank5","2026-07-04 21:00",0
"Trzic-Tank5","2026-07-04 22:00",0
"Trzic-Tank5","2026-07-04 23:00",0
"Trzic-Tank5","2026-07-05 00:00",0
"Trzic-Tank5","2026-07-05 01:00",0
"Trzic-Tank5","2026-07-05 02:00",0
"Trzic-Tank5","2026-07-05 03:00",0
"Trzic-Tank5","2026-07-05 04:00",0
"Trzic-Tank5","2026-07-05 05:00",0
"Trzic-Tank5","2026-07-05 06:00",0
"Trzic-Tank5","2026-07-05 07:00",0
"Trzic-Tank5","2026-07-05 08:00",0
"Trzic-Tank5","2026-07-05 09:00",0
"Trzic-Tank5","2026-07-05 10:00",0
"Trzic-Tank5","2026-07-05 11:00",0
"Trzic-Tank5","2026-07-05 12:00",0
"Trzic-Tank5","2026-07-05 13:00",0
"Trzic-Tank5","2026-07-05 14:00",0
"Trzic-Tank5","2026-07-05 15:00",0
"Trzic-Tank5","2026-07-05 16:00",0
"Trzic-Tank5","2026-07-05 17:00",0
"Trzic-Tank5","2026-07-05 18:00",0
"Trzic-Tank5","2026-07-05 19:00",0
"Trzic-Tank5","2026-07-05 20:00",0
"Trzic-Tank5","2026-07-05 21:00",0
"Trzic-Tank5","2026-07-05 22:00",0
"Trzic-Tank5","2026-07-05 23:00",0
"Trzic-Tank5","2026-07-06 00:00",0
"Trzic-Tank5","2026-07-06 01:00",0
"Trzic-Tank5","2026-07-06 02:00",0
"Trzic-Tank5","2026-07-06 03:00",0
"Trzic-Tank5","2026-07-06 04:00",0
"Trzic-Tank5","2026-07-06 05:00",0
"Trzic-Tank5","2026-07-06 06:00",0
"Trzic-Tank5","2026-07-06 07:00",0
"Trzic-Tank5","2026-07-06 08:00",0
"Trzic-Tank5","2026-07-06 09:00",0
"Trzic-Tank5","2026-07-06 10:00",0
"Trzic-Tank5","2026-07-06 11:00",0
"Trzic-Tank5","2026-07-06 12:00",0
"Trzic-Tank5","2026-07-06 13:00",0
"Trzic-Tank5","2026-07-06 14:00",0
"Trzic-Tank5","2026-07-06 15:00",0
"Trzic-Tank5","2026-07-06 16:00",0
"Trzic-Tank5","2026-07-06 17:00",0
"Trzic-Tank5","2026-07-06 18:00",0
"Trzic-Tank5","2026-07-06 19:00",0
"Trzic-Tank5","2026-07-06 20:00",0
"Trzic-Tank5","2026-07-06 21:00",0
"Trzic-Tank5","2026-07-06 22:00",0
"Trzic-Tank5","2026-07-06 23:00",0
"Trzic-Tank5","2026-07-07 00:00",0
"Trzic-Tank5","2026-07-07 01:00",0
"Trzic-Tank5","2026-07-07 02:00",0
"Trzic-Tank5","2026-07-07 03:00",0
"Trzic-Tank5","2026-07-07 04:00",0
"Trzic-Tank5","2026-07-07 05:00",0
"Trzic-Tank5","2026-07-07 06:00",0
"Trzic-Tank5","2026-07-07 07:00",0
"Trzic-Tank5","2026-07-07 08:00",0
"Trzic-Tank5","2026-07-07 09:00",0
"Trzic-Tank5","2026-07-07 10:00",0
"Trzic-Tank5","2026-07-07 11:00",0
"Trzic-Tank5","2026-07-07 12:00",0
"Trzic-Tank5","2026-07-07 13:00",0
"Trzic-Tank5","2026-07-07 14:00",0
"Trzic-Tank5","2026-07-07 15:00",0
"Trzic-Tank5","2026-07-07 16:00",0
"Trzic-Tank5","2026-07-07 17:00",0
"Trzic-Tank5","2026-07-07 18:00",0
"Trzic-Tank5","2026-07-07 19:00",0
"Trzic-Tank5","2026-07-07 20:00",0
"Trzic-Tank5","2026-07-07 21:00",0
"Trzic-Tank5","2026-07-07 22:00",0
"Trzic-Tank5","2026-07-07 23:00",0
"Trzic-Tank5","2026-07-08 00:00",0
"Trzic-Tank5","2026-07-08 01:00",0
"Trzic-Tank5","2026-07-08 02:00",0
"Trzic-Tank5","2026-07-08 03:00",0
"Trzic-Tank5","2026-07-08 04:00",0
"Trzic-Tank5","2026-07-08 05:00",0
"Trzic-Tank5","2026-07-08 06:00",0
"Trzic-Tank5","2026-07-08 07:00",0
"Trzic-Tank5","2026-07-08 08:00",0
"Trzic-Tank5","2026-07-08 09:00",0
"Trzic-Tank5","2026-07-08 10:00",0
"Trzic-Tank5","2026-07-08 11:00",0
"Trzic-Tank5","2026-07-08 12:00",0
"Trzic-Tank5","2026-07-08 13:00",0
"Trzic-Tank5","2026-07-08 14:00",0
"Trzic-Tank5","2026-07-08 15:00",0
"Trzic-Tank5","2026-07-08 16:00",0
"Trzic-Tank5","2026-07-08 17:00",0
"Trzic-Tank5","2026-07-08 18:00",0
"Trzic-Tank5","2026-07-08 19:00",0
"Trzic-Tank5","2026-07-08 20:00",0
"Trzic-Tank5","2026-07-08 21:00",0
"Trzic-Tank5","2026-07-08 22:00",0
"Trzic-Tank5","2026-07-08 23:00",0
"Trzic-Tank5","2026-07-09 00:00",0
"Trzic-Tank5","2026-07-09 01:00",0
"Trzic-Tank5","2026-07-09 02:00",0
"Trzic-Tank5","2026-07-09 03:00",0
"Trzic-Tank5","2026-07-09 04:00",0
"Trzic-Tank5","2026-07-09 05:00",0
"Trzic-Tank5","2026-07-09 06:00",0
"Trzic-Tank5","2026-07-09 07:00",0
"Trzic-Tank5","2026-07-09 08:00",0
"Trzic-Tank5","2026-07-09 09:00",0
"Trzic-Tank5","2026-07-09 10:00",0
"Trzic-Tank5","2026-07-09 11:00",0
"Trzic-Tank5","2026-07-09 12:00",0
"Trzic-Tank5","2026-07-09 13:00",0
"Trzic-Tank5","2026-07-09 14:00",0
"Trzic-Tank5","2026-07-09 15:00",0
"Trzic-Tank5","2026-07-09 16:00",0
"Trzic-Tank5","2026-07-09 17:00",0
"Trzic-Tank5","2026-07-09 18:00",0
"Trzic-Tank5","2026-07-09 19:00",0
"Trzic-Tank5","2026-07-09 20:00",0
"Trzic-Tank5","2026-07-09 21:00",0
"Trzic-Tank5","2026-07-09 22:00",0
"Trzic-Tank5","2026-07-09 23:00",0
"Trzic-Tank5","2026-07-10 00:00",0
"Trzic-Tank5","2026-07-10 01:00",0
"Trzic-Tank5","2026-07-10 02:00",0
"Trzic-Tank5","2026-07-10 03:00",0
"Trzic-Tank5","2026-07-10 04:00",0
"Trzic-Tank5","2026-07-10 05:00",0
"Trzic-Tank5","2026-07-10 06:00",0
"Trzic-Tank5","2026-07-10 07:00",0
"Trzic-Tank5","2026-07-10 08:00",0
"Trzic-Tank5","2026-07-10 09:00",0
"Trzic-Tank5","2026-07-10 10:00",0
"Trzic-Tank5","2026-07-10 11:00",0
"Trzic-Tank5","2026-07-10 12:00",0
"Trzic-Tank5","2026-07-10 13:00",0
"Trzic-Tank5","2026-07-10 14:00",0
"Trzic-Tank5","2026-07-10 15:00",0
"Trzic-Tank5","2026-07-10 16:00",0
"Trzic-Tank5","2026-07-10 17:00",0
"Trzic-Tank5","2026-07-10 18:00",0
"Trzic-Tank5","2026-07-10 19:00",0
"Trzic-Tank5","2026-07-10 20:00",
"Trzic-Tank5","2026-07-10 21:00",0
"Trzic-Tank5","2026-07-10 22:00",0
"Trzic-Tank5","2026-07-10 23:00",0
"Trzic-Tank5","2026-07-11 00:00",0
"Trzic-Tank5","2026-07-11 01:00",0
"Trzic-Tank5","2026-07-11 02:00",0
"Trzic-Tank5","2026-07-11 03:00",0
"Trzic-Tank5","2026-07-11 04:00",0
"Trzic-Tank5","2026-07-11 05:00",0
"Trzic-Tank5","2026-07-11 06:00",0
"Trzic-Tank5","2026-07-11 07:00",0
"Trzic-Tank5","2026-07-11 08:00",0
"Trzic-Tank5","2026-07-11 09:00",0
"Trzic-Tank5","2026-07-11 10:00",0
"Trzic-Tank5","2026-07-11 11:00",0
"Trzic-Tank5","2026-07-11 12:00",0
"Trzic-Tank5","2026-07-11 13:00",0
"Trzic-Tank5","2026-07-11 14:00",0
"Trzic-Tank5","2026-07-11 15:00",0
"Trzic-Tank5","2026-07-11 16:00",0
"Trzic-Tank5","2026-07-11 17:00",0
"Trzic-Tank5","2026-07-11 18:00",0
"Trzic-Tank5","2026-07-11 19:00",0
"Trzic-Tank5","2026-07-11 20:00",0
"Trzic-Tank5","2026-07-11 21:00",0
"Trzic-Tank5","2026-07-11 22:00",0
"Trzic-Tank5","2026-07-11 23:00",0
"Trzic-Tank5","2026-07-12 00:00",0
"Trzic-Tank5","2026-07-12 01:00",0
"Trzic-Tank5","2026-07-12 02:00",0
"Trzic-Tank5","2026-07-12 03:00",0
"Trzic-Tank5","2026-07-12 04:00",0
"Trzic-Tank5","2026-07-12 05:00",0
"Trzic-Tank5","2026-07-12 06:00",0
"Trzic-Tank5","2026-07-12 07:00",0
"Trzic-Tank5","2026-07-12 08:00",0
"Trzic-Tank5","2026-07-12 09:00",0
"Trzic-Tank5","2026-07-12 10:00",0
"Trzic-Tank5","2026-07-12 11:00",0
"Trzic-Tank5","2026-07-12 12:00",0
"Trzic-Tank5","2026-07-12 13:00",0
"Trzic-Tank5","2026-07-12 14:00",0
"Trzic-Tank5","2026-07-12 15:00",0
"Trzic-Tank5","2026-07-12 16:00",0
"Trzic-Tank5","2026-07-12 17:00",0
"Trzic-Tank5","2026-07-12 18:00",0
"Trzic-Tank5","2026-07-12 19:00",0
"Trzic-Tank5","2026-07-12 20:00",0
"Trzic-Tank5","2026-07-12 21:00",0
"Trzic-Tank5","2026-07-12 22:00",0
"Trzic-Tank5","2026-07-12 23:00",0
"Trzic-Tank5","2026-07-13 00:00",0
"Trzic-Tank5","2026-07-13 01:00",0
"Trzic-Tank5","2026-07-13 02:00",0
"Trzic-Tank5","2026-07-13 03:00",0
"Trzic-Tank5","2026-07-13 04:00",0
"Trzic-Tank5","2026-07-13 05:00",0
"Trzic-Tank5","2026-07-13 06:00",0
"Trzic-Tank5","2026-07-13 07:00",0
"Trzic-Tank5","2026-07-13 08:00",0
"Trzic-Tank5","2026-07-13 09:00",0
"Trzic-Tank5","2026-07-13 10:00",0
"Trzic-Tank5","2026-07-13 11:00",0
"Trzic-Tank5","2026-07-13 12:00",0
"Trzic-Tank5","2026-07-13 13:00",0
"Trzic-Tank5","2026-07-13 14:00",0
"Trzic-Tank5","2026-07-13 15:00",0
"Trzic-Tank5","2026-07-13 16:00",0
"Trzic-Tank5","2026-07-13 17:00",0
"Trzic-Tank5","2026-07-13 18:00",0
"Trzic-Tank5","2026-07-13 19:00",0
"Trzic-Tank5","2026-07-13 20:00",0
"Trzic-Tank5","2026-07-13 21:00",0
"Trzic-Tank5","2026-07-13 22:00",0
"Trzic-Tank5","2026-07-13 23:00",0
"Trzic-Tank5","2026-07-14 00:00",0
"Trzic-Tank5","2026-07-14 01:00",0
"Trzic-Tank5","2026-07-14 02:00",0
"Trzic-Tank5","2026-07-14 03:00",0
"Trzic-Tank5","2026-07-14 04:00",0
"Trzic-Tank5","2026-07-14 05:00",0
"Trzic-Tank5","2026-07-14 06:00",0
"Trzic-Tank5","2026-07-14 07:00",0
"Trzic-Tank5","2026-07-14 08:00",0
"Trzic-Tank5","2026-07-14 09:00",0
"Trzic-Tank5","2026-07-14 10:00",0
"Trzic-Tank5","2026-07-14 11:00",0
"Trzic-Tank5","2026-07-14 12:00",0
"Trzic-Tank5","2026-07-14 13:00",0
"Trzic-Tank5","2026-07-14 14:00",0
"Trzic-Tank5","2026-07-14 15:00",0
"Trzic-Tank5","2026-07-14 16:00",0
"Trzic-Tank5","2026-07-14 17:00",0
"Trzic-Tank5","2026-07-14 18:00",0
"Trzic-Tank5","2026-07-14 19:00",0
"Trzic-Tank5","2026-07-14 20:00",0
"Trzic-Tank5","2026-07-14 21:00",0
"Trzic-Tank5","2026-07-14 22:00",0
"Trzic-Tank5","2026-07-14 23:00",0
"Trzic-Tank5","2026-07-15 00:00",0
"Trzic-Tank5","2026-07-15 01:00",0
"Trzic-Tank5","2026-07-15 02:00",0
"Trzic-Tank5","2026-07-15 03:00",0
"Trzic-Tank5","2026-07-15 04:00",0
"Trzic-Tank5","2026-07-15 05:00",0
"Trzic-Tank5","2026-07-15 06:00",0
"Trzic-Tank5","2026-07-15 07:00",0
"Trzic-Tank5","2026-07-15 08:00",0
"Trzic-Tank5","2026-07-15 09:00",0
"Trzic-Tank5","2026-07-15 10:00",0
"Trzic-Tank5","2026-07-15 11:00",0
"Trzic-Tank5","2026-07-15 12:00",0
"Trzic-Tank5","2026-07-15 13:00",0
"Trzic-Tank5","2026-07-15 14:00",0
"Trzic-Tank5","2026-07-15 15:00",0
"Trzic-Tank5","2026-07-15 16:00",0
"Trzic-Tank5","2026-07-15 17:00",0
"Trzic-Tank5","2026-07-15 18:00",0
"Trzic-Tank5","2026-07-15 19:00",0
"Trzic-Tank5","2026-07-15 20:00",0
"Trzic-Tank5","2026-07-15 21:00",0
"Trzic-Tank5","2026-07-15 22:00",0
"Trzic-Tank5","2026-07-15 23:00",0
"Trzic-Tank5","2026-07-16 00:00",0
"Trzic-Tank5","2026-07-16 01:00",0
"Trzic-Tank5","2026-07-16 02:00",0
"Trzic-Tank5","2026-07-16 03:00",0
"Trzic-Tank5","2026-07-16 04:00",0
"Trzic-Tank5","2026-07-16 05:00",0
"Trzic-Tank5","2026-07-16 06:00",0
"Trzic-Tank5","2026-07-16 07:00",0
"Trzic-Tank5","2026-07-16 08:00",0
"Trzic-Tank5","2026-07-16 09:00",0
"Trzic-Tank5","2026-07-16 10:00",0
"Trzic-Tank5","2026-07-16 11:00",0
"Trzic-Tank5","2026-07-16 12:00",0
"Trzic-Tank5","2026-07-16 13:00",0
"Trzic-Tank5","2026-07-16 14:00",0
"Trzic-Tank5","2026-07-16 15:00",0
"Trzic-Tank5","2026-07-16 16:00",0
"Trzic-Tank5","2026-07-16 17:00",0
"Trzic-Tank5","2026-07-16 18:00",0
"Trzic-Tank5","2026-07-16 19:00",0
"Trzic-Tank5","2026-07-16 20:00",0
"Trzic-Tank5","2026-07-16 21:00",0
"Trzic-Tank5","2026-07-16 22:00",0
"Trzic-Tank5","2026-07-16 23:00",0
"Trzic-Tank5","2026-07-17 00:00",0
"Trzic-Tank5","2026-07-17 01:00",0
"Trzic-Tank5","2026-07-17 02:00",0
"Trzic-Tank5","2026-07-17 03:00",0
"Trzic-Tank5","2026-07-17 04:00",0
"Trzic-Tank5","2026-07-17 05:00",0
"Trzic-Tank5","2026-07-17 06:00",0
"Trzic-Tank5","2026-07-17 07:00",0
"Trzic-Tank5","2026-07-17 08:00",0
"Trzic-Tank5","2026-07-17 09:00",0
"Trzic-Tank5","2026-07-17 10:00",0
"Trzic-Tank5","2026-07-17 11:00",0
"Trzic-Tank5","2026-07-17 12:00",0
"Trzic-Tank5","2026-07-17 13:00",0
"Trzic-Tank5","2026-07-17 14:00",0
"Trzic-Tank5","2026-07-17 15:00",0
"Trzic-Tank5","2026-07-17 16:00",0
"Trzic-Tank5","2026-07-17 17:00",0
"Trzic-Tank5","2026-07-17 18:00",0
"Trzic-Tank5","2026-07-17 19:00",0
"Trzic-Tank5","2026-07-17 20:00",0
"Trzic-Tank5","2026-07-17 21:00",0
"Trzic-Tank5","2026-07-17 22:00",0
"Trzic-Tank5","2026-07-17 23:00",0
"Trzic-Tank5","2026-07-18 00:00",0
"Trzic-Tank5","2026-07-18 01:00",0
"Trzic-Tank5","2026-07-18 02:00",0
"Trzic-Tank5","2026-07-18 03:00",0
"Trzic-Tank5","2026-07-18 04:00",0
"Trzic-Tank5","2026-07-18 05:00",0
"Trzic-Tank5","2026-07-18 06:00",0
"Trzic-Tank5","2026-07-18 07:00",0
"Trzic-Tank5","2026-07-18 08:00",0
"Trzic-Tank5","2026-07-18 09:00",0
"Trzic-Tank5","2026-07-18 10:00",0
"Trzic-Tank5","2026-07-18 11:00",0
"Trzic-Tank5","2026-07-18 12:00",0
"Trzic-Tank5","2026-07-18 13:00",0
"Trzic-Tank5","2026-07-18 14:00",0
"Trzic-Tank5","2026-07-18 15:00",0
"Trzic-Tank5","2026-07-18 16:00",0
"Trzic-Tank5","2026-07-18 17:00",0
"Trzic-Tank5","2026-07-18 18:00","62.2"
"Trzic-Tank5","2026-07-18 19:00",102
"Trzic-Tank5","2026-07-18 20:00","53.4"
"Trzic-Tank5","2026-07-18 21:00","29.8"
"Trzic-Tank5","2026-07-18 22:00","14.2"
"Trzic-Tank5","2026-07-18 23:00","9.4"
"Trzic-Tank5","2026-07-19 00:00","9.4"
"Trzic-Tank5","2026-07-19 01:00","6.8"
"Trzic-Tank5","2026-07-19 02:00","6.8"
"Trzic-Tank5","2026-07-19 03:00","6.8"
"Trzic-Tank5","2026-07-19 04:00","6.8"
"Trzic-Tank5","2026-07-19 05:00",5
"Trzic-Tank5","2026-07-19 06:00","4.8"
"Trzic-Tank5","2026-07-19 07:00","4.2"
"Trzic-Tank5","2026-07-19 08:00","3.8"
"Trzic-Tank5","2026-07-19 09:00","3.4"
"Trzic-Tank5","2026-07-19 10:00","3.6"
"Trzic-Tank5","2026-07-19 11:00",3
"Trzic-Tank5","2026-07-19 12:00","2.8"
"Trzic-Tank5","2026-07-19 13:00","2.8"
"Trzic-Tank5","2026-07-19 14:00","2.4"
"Trzic-Tank5","2026-07-19 15:00",2
"Trzic-Tank5","2026-07-19 16:00",2
"Trzic-Tank5","2026-07-19 17:00",2
"Trzic-Tank5","2026-07-19 18:00","1.6"
"Trzic-Tank5","2026-07-19 19:00","1.4"
"Trzic-Tank5","2026-07-19 20:00","1.4"
"Trzic-Tank5","2026-07-19 21:00","1.2"
"Trzic-Tank5","2026-07-19 22:00",1
"Trzic-Tank5","2026-07-19 23:00","1.2"
"Trzic-Tank5","2026-07-20 00:00","1.2"
"Trzic-Tank5","2026-07-20 01:00",
"Trzic-Tank5","2026-07-20 02:00",1
"Trzic-Tank5","2026-07-20 03:00",1
"Trzic-Tank5","2026-07-20 04:00",1
"Trzic-Tank5","2026-07-20 05:00","0.8"
"Trzic-Tank5","2026-07-20 06:00","0.8"
"Trzic-Tank5","2026-07-20 07:00","0.6"
"Trzic-Tank5","2026-07-20 08:00","0.4"
"Trzic-Tank5","2026-07-20 09:00","0.6"
"Trzic-Tank5","2026-07-20 10:00","0.4"
"Trzic-Tank5","2026-07-20 11:00","0.6"
"Trzic-Tank5","2026-07-20 12:00","0.6"
"Trzic-Tank5","2026-07-20 13:00","0.4"
"Trzic-Tank5","2026-07-20 14:00","0.4"
"Trzic-Tank5","2026-07-20 15:00","0.4"
"Trzic-Tank5","2026-07-20 16:00","0.2"
"Trzic-Tank5","2026-07-20 17:00","0.4"
"Trzic-Tank5","2026-07-20 18:00","0.4"
"Trzic-Tank5","2026-07-20 19:00","0.2"
"Trzic-Tank5","2026-07-20 20:00","0.2"
"Trzic-Tank5","2026-07-20 21:00","0.2"
"Trzic-Tank5","2026-07-20 22:00","0.2"
"Trzic-Tank5","2026-07-20 23:00","0.2"
"Trzic-Tank5","2026-07-21 00:00","0.2"
"Trzic-Tank5","2026-07-21 01:00","0.2"
"Trzic-Tank5","2026-07-21 02:00","0.2"
"Trzic-Tank5","2026-07-21 03:00","0.2"
"Trzic-Tank5","2026-07-21 04:00","0.2"
"Trzic-Tank5","2026-07-21 05:00","0.2"
"Trzic-Tank5","2026-07-21 06:00",0
"Trzic-Tank5","2026-07-21 07:00","0.2"
"Trzic-Tank5","2026-07-21 08:00","0.2"
"Trzic-Tank5","2026-07-21 09:00","0.2"
"Trzic-Tank5","2026-07-21 10:00",0
"Trzic-Tank5","2026-07-21 11:00",0
"Trzic-Tank5","2026-07-21 12:00",0
"Trzic-Tank5","2026-07-21 13:00",0
"Trzic-Tank5","2026-07-21 14:00",0
"Trzic-Tank5","2026-07-21 15:00","0.2"
"Trzic-Tank5","2026-07-21 16:00",0
"Trzic-Tank5","2026-07-21 17:00","0.2"
"Trzic-Tank5","2026-07-21 18:00",0
"Trzic-Tank5","2026-07-21 19:00",0
"Trzic-Tank5","2026-07-21 20:00",0
"Trzic-Tank5","2026-07-21 21:00",0
"Trzic-Tank5","2026-07-21 22:00",0
"Trzic-Tank5","2026-07-21 23:00",0
"Trzic-Tank5","2026-07-22 00:00",0
"Trzic-Tank5","2026-07-22 01:00","0.2"
"Trzic-Tank5","2026-07-22 02:00","0.2"
"Trzic-Tank5","2026-07-22 03:00","0.2"
"Trzic-Tank5","2026-07-22 04:00","0.2"
"Trzic-Tank5","2026-07-22 05:00",0
"Trzic-Tank5","2026-07-22 06:00",0
"Trzic-Tank5","2026-07-22 07:00",0
"Trzic-Tank5","2026-07-22 08:00",0
"Trzic-Tank5","2026-07-22 09:00",0
"Trzic-Tank5","2026-07-22 10:00",0
"Trzic-Tank5","2026-07-22 11:00",0
"Trzic-Tank5","2026-07-22 12:00",0
"Trzic-Tank5","2026-07-22 13:00",0
"Trzic-Tank5","2026-07-22 14:00",0
"Trzic-Tank5","2026-07-22 15:00",0
"Trzic-Tank5","2026-07-22 16:00",0
"Trzic-Tank5","2026-07-22 17:00",0
"Trzic-Tank5","2026-07-22 18:00",0
"Trzic-Tank5","2026-07-22 19:00",0
"Trzic-Tank5","2026-07-22 20:00",0
"Trzic-Tank5","2026-07-22 21:00",0
"Trzic-Tank5","2026-07-22 22:00",0
"Trzic-Tank5","2026-07-22 23:00",0
"Trzic-Tank5","2026-07-23 00:00",0
"Trzic-Tank5","2026-07-23 01:00",0
"Trzic-Tank5","2026-07-23 02:00",0
"Trzic-Tank5","2026-07-23 03:00",0
"Trzic-Tank5","2026-07-23 04:00",0
"Trzic-Tank5","2026-07-23 05:00",0
"Trzic-Tank5","2026-07-23 06:00",0
"Trzic-Tank5","2026-07-23 07:00",0
"Trzic-Tank5","2026-07-23 08:00",0
"Trzic-Tank5","2026-07-23 09:00",0
"Trzic-Tank5","2026-07-23 10:00",0
"Trzic-Tank5","2026-07-23 11:00",0
"Trzic-Tank5","2026-07-23 12:00",0
"Trzic-Tank5","2026-07-23 13:00",0
"Trzic-Tank5","2026-07-23 14:00",0
"Trzic-Tank5","2026-07-23 15:00",0
"Trzic-Tank5","2026-07-23 16:00",0
"Trzic-Tank5","2026-07-23 17:00",0
"Trzic-Tank5","2026-07-23 18:00",0
"Trzic-Tank5","2026-07-23 19:00",0
"Trzic-Tank5","2026-07-23 20:00",0
"Trzic-Tank5","2026-07-23 21:00",0
"Trzic-Tank5","2026-07-23 22:00",0
