"Tank št.","Čas per hour","Povprečna vrednost (kPa)"
"Trzic-Tank1","2026-05-27 16:00","-0.2"
"Trzic-Tank1","2026-05-27 17:00","-0.2"
"Trzic-Tank1","2026-05-27 18:00","-0.2"
"Trzic-Tank1","2026-05-27 19:00","-0.2"
"Trzic-Tank1","2026-05-27 20:00","-0.2"
"Trzic-Tank1","2026-05-27 21:00","-0.2"
"Trzic-Tank1","2026-05-27 22:00","-0.2"
"Trzic-Tank1","2026-05-27 23:00","-0.2"
"Trzic-Tank1","2026-05-28 00:00","-0.2"
"Trzic-Tank1","2026-05-28 01:00","-0.2"
"Trzic-Tank1","2026-05-28 02:00","-0.2"
"Trzic-Tank1","2026-05-28 03:00","-0.2"
"Trzic-Tank1","2026-05-28 04:00","-0.2"
"Trzic-Tank1","2026-05-28 05:00","-0.2"
"Trzic-Tank1","2026-05-28 06:00","-0.2"
"Trzic-Tank1","2026-05-28 07:00","-0.2"
"Trzic-Tank1","2026-05-28 08:00","-0.2"
"Trzic-Tank1","2026-05-28 09:00","-0.2"
"Trzic-Tank1","2026-05-28 10:00","-0.2"
"Trzic-Tank1","2026-05-28 11:00","-0.2"
"Trzic-Tank1","2026-05-28 12:00","-0.2"
"Trzic-Tank1","2026-05-28 13:00","-0.3"
"Trzic-Tank1","2026-05-28 14:00","-0.2"
"Trzic-Tank1","2026-05-28 15:00","-0.2"
"Trzic-Tank1","2026-05-28 16:00","-0.2"
"Trzic-Tank1","2026-05-28 17:00","-0.2"
"Trzic-Tank1","2026-05-28 18:00","-0.2"
"Trzic-Tank1","2026-05-28 19:00","-0.2"
"Trzic-Tank1","2026-05-28 20:00","-0.2"
"Trzic-Tank1","2026-05-28 21:00","-0.2"
"Trzic-Tank1","2026-05-28 22:00","-0.2"
"Trzic-Tank1","2026-05-28 23:00","-0.2"
"Trzic-Tank1","2026-05-29 00:00","-0.2"
"Trzic-Tank1","2026-05-29 01:00","-0.2"
"Trzic-Tank1","2026-05-29 02:00","-0.2"
"Trzic-Tank1","2026-05-29 03:00","-0.2"
"Trzic-Tank1","2026-05-29 04:00","-0.2"
"Trzic-Tank1","2026-05-29 05:00","-0.3"
"Trzic-Tank1","2026-05-29 06:00","-0.3"
"Trzic-Tank1","2026-05-29 07:00","-0.3"
"Trzic-Tank1","2026-05-29 08:00","-0.3"
"Trzic-Tank1","2026-05-29 09:00","-0.3"
"Trzic-Tank1","2026-05-29 10:00","-0.3"
"Trzic-Tank1","2026-05-29 11:00","-0.3"
"Trzic-Tank1","2026-05-29 12:00","-0.3"
"Trzic-Tank1","2026-05-29 13:00","-0.3"
"Trzic-Tank1","2026-05-29 14:00","-0.3"
"Trzic-Tank1","2026-05-29 15:00","-0.3"
"Trzic-Tank1","2026-05-29 16:00","-0.3"
"Trzic-Tank1","2026-05-29 17:00","-0.3"
"Trzic-Tank1","2026-05-29 18:00","-0.3"
"Trzic-Tank1","2026-05-29 19:00","-0.3"
"Trzic-Tank1","2026-05-29 20:00","-0.3"
"Trzic-Tank1","2026-05-29 21:00","-0.3"
"Trzic-Tank1","2026-05-29 22:00","-0.3"
"Trzic-Tank1","2026-05-29 23:00","-0.3"
"Trzic-Tank1","2026-05-30 00:00","-0.3"
"Trzic-Tank1","2026-05-30 01:00","-0.3"
"Trzic-Tank1","2026-05-30 02:00","-0.3"
"Trzic-Tank1","2026-05-30 03:00","-0.3"
"Trzic-Tank1","2026-05-30 04:00","-0.3"
"Trzic-Tank1","2026-05-30 05:00","-0.3"
"Trzic-Tank1","2026-05-30 06:00","-0.3"
"Trzic-Tank1","2026-05-30 07:00","-0.3"
"Trzic-Tank1","2026-05-30 08:00","-0.3"
"Trzic-Tank1","2026-05-30 09:00","-0.3"
"Trzic-Tank1","2026-05-30 10:00","-0.2"
"Trzic-Tank1","2026-05-30 11:00","-0.2"
"Trzic-Tank1","2026-05-30 12:00","-0.3"
"Trzic-Tank1","2026-05-30 13:00","-0.3"
"Trzic-Tank1","2026-05-30 14:00","-0.3"
"Trzic-Tank1","2026-05-30 15:00","-0.3"
"Trzic-Tank1","2026-05-30 16:00","-0.2"
"Trzic-Tank1","2026-05-30 17:00","-0.2"
"Trzic-Tank1","2026-05-30 18:00","-0.2"
"Trzic-Tank1","2026-05-30 19:00","-0.2"
"Trzic-Tank1","2026-05-30 20:00","-0.2"
"Trzic-Tank1","2026-05-30 21:00","-0.2"
"Trzic-Tank1","2026-05-30 22:00","-0.2"
"Trzic-Tank1","2026-05-30 23:00","-0.2"
"Trzic-Tank1","2026-05-31 00:00","-0.2"
"Trzic-Tank1","2026-05-31 01:00","-0.2"
"Trzic-Tank1","2026-05-31 02:00","-0.2"
"Trzic-Tank1","2026-05-31 03:00","-0.2"
"Trzic-Tank1","2026-05-31 04:00","-0.2"
"Trzic-Tank1","2026-05-31 05:00","-0.3"
"Trzic-Tank1","2026-05-31 06:00","-0.3"
"Trzic-Tank1","2026-05-31 07:00","-0.2"
"Trzic-Tank1","2026-05-31 08:00","-0.2"
"Trzic-Tank1","2026-05-31 09:00","-0.2"
"Trzic-Tank1","2026-05-31 10:00","-0.2"
"Trzic-Tank1","2026-05-31 11:00","-0.2"
"Trzic-Tank1","2026-05-31 12:00","-0.3"
"Trzic-Tank1","2026-05-31 13:00","-0.3"
"Trzic-Tank1","2026-05-31 14:00","-0.2"
"Trzic-Tank1","2026-05-31 15:00","-0.2"
"Trzic-Tank1","2026-05-31 16:00","-0.2"
"Trzic-Tank1","2026-05-31 17:00","-0.1"
"Trzic-Tank1","2026-05-31 18:00","-0.1"
"Trzic-Tank1","2026-05-31 19:00","-0.1"
"Trzic-Tank1","2026-05-31 20:00","-0.1"
"Trzic-Tank1","2026-05-31 21:00","-0.1"
"Trzic-Tank1","2026-05-31 22:00","-0.1"
"Trzic-Tank1","2026-05-31 23:00","-0.1"
"Trzic-Tank1","2026-06-01 00:00","-0.1"
"Trzic-Tank1","2026-06-01 01:00","-0.1"
"Trzic-Tank1","2026-06-01 02:00","-0.1"
"Trzic-Tank1","2026-06-01 03:00","-0.1"
"Trzic-Tank1","2026-06-01 04:00","-0.1"
"Trzic-Tank1","2026-06-01 05:00","-0.1"
"Trzic-Tank1","2026-06-01 06:00","-0.1"
"Trzic-Tank1","2026-06-01 07:00","-0.1"
"Trzic-Tank1","2026-06-01 08:00","-0.1"
"Trzic-Tank1","2026-06-01 09:00","-0.1"
"Trzic-Tank1","2026-06-01 10:00","-0.1"
"Trzic-Tank1","2026-06-01 11:00","-0.1"
"Trzic-Tank1","2026-06-01 12:00","-0.1"
"Trzic-Tank1","2026-06-01 13:00","-0.1"
"Trzic-Tank1","2026-06-01 14:00","-0.1"
"Trzic-Tank1","2026-06-01 15:00","-0.1"
"Trzic-Tank1","2026-06-01 16:00","-0.1"
"Trzic-Tank1","2026-06-01 17:00","-0.1"
"Trzic-Tank1","2026-06-01 18:00","-0.1"
"Trzic-Tank1","2026-06-01 19:00","-0.1"
"Trzic-Tank1","2026-06-01 20:00","-0.1"
"Trzic-Tank1","2026-06-01 21:00","-0.1"
"Trzic-Tank1","2026-06-01 22:00","-0.1"
"Trzic-Tank1","2026-06-01 23:00","-0.1"
"Trzic-Tank1","2026-06-02 00:00","-0.1"
"Trzic-Tank1","2026-06-02 01:00","-0.1"
"Trzic-Tank1","2026-06-02 02:00","-0.1"
"Trzic-Tank1","2026-06-02 03:00","-0.1"
"Trzic-Tank1","2026-06-02 04:00","-0.1"
"Trzic-Tank1","2026-06-02 05:00","-0.1"
"Trzic-Tank1","2026-06-02 06:00","-0.1"
"Trzic-Tank1","2026-06-02 07:00","-0.1"
"Trzic-Tank1","2026-06-02 08:00","-0.1"
"Trzic-Tank1","2026-06-02 09:00","-0.1"
"Trzic-Tank1","2026-06-02 10:00","-0.1"
"Trzic-Tank1","2026-06-02 11:00","-0.1"
"Trzic-Tank1","2026-06-02 12:00","-0.1"
"Trzic-Tank1","2026-06-02 13:00","-0.1"
"Trzic-Tank1","2026-06-02 14:00","-0.1"
"Trzic-Tank1","2026-06-02 15:00","-0.1"
"Trzic-Tank1","2026-06-02 16:00","-0.1"
"Trzic-Tank1","2026-06-02 17:00","-0.1"
"Trzic-Tank1","2026-06-02 18:00","-0.1"
"Trzic-Tank1","2026-06-02 19:00","-0.1"
"Trzic-Tank1","2026-06-02 20:00","-0.1"
"Trzic-Tank1","2026-06-02 21:00","-0.1"
"Trzic-Tank1","2026-06-02 22:00","-0.1"
"Trzic-Tank1","2026-06-02 23:00","-0.1"
"Trzic-Tank1","2026-06-03 00:00","-0.1"
"Trzic-Tank1","2026-06-03 01:00","-0.1"
"Trzic-Tank1","2026-06-03 02:00","-0.1"
"Trzic-Tank1","2026-06-03 03:00","-0.1"
"Trzic-Tank1","2026-06-03 04:00","-0.1"
"Trzic-Tank1","2026-06-03 05:00","-0.1"
"Trzic-Tank1","2026-06-03 06:00","-0.1"
"Trzic-Tank1","2026-06-03 07:00","-0.1"
"Trzic-Tank1","2026-06-03 08:00","-0.1"
"Trzic-Tank1","2026-06-03 09:00","-0.1"
"Trzic-Tank1","2026-06-03 10:00","-0.1"
"Trzic-Tank1","2026-06-03 11:00","-0.1"
"Trzic-Tank1","2026-06-03 12:00","-0.1"
"Trzic-Tank1","2026-06-03 13:00","-0.1"
"Trzic-Tank1","2026-06-03 14:00","-0.1"
"Trzic-Tank1","2026-06-03 15:00","-0.1"
"Trzic-Tank1","2026-06-03 16:00","-0.1"
"Trzic-Tank1","2026-06-03 17:00","-0.1"
"Trzic-Tank1","2026-06-03 18:00","-0.1"
"Trzic-Tank1","2026-06-03 19:00","-0.1"
"Trzic-Tank1","2026-06-03 20:00","-0.1"
"Trzic-Tank1","2026-06-03 21:00","-0.1"
"Trzic-Tank1","2026-06-03 22:00","-0.1"
"Trzic-Tank1","2026-06-03 23:00","-0.1"
"Trzic-Tank1","2026-06-04 00:00","-0.1"
"Trzic-Tank1","2026-06-04 01:00","-0.1"
"Trzic-Tank1","2026-06-04 02:00","-0.1"
"Trzic-Tank1","2026-06-04 03:00","-0.1"
"Trzic-Tank1","2026-06-04 04:00","-0.1"
"Trzic-Tank1","2026-06-04 05:00","-0.1"
"Trzic-Tank1","2026-06-04 06:00","-0.1"
"Trzic-Tank1","2026-06-04 07:00","-0.1"
"Trzic-Tank1","2026-06-04 08:00","-0.1"
"Trzic-Tank1","2026-06-04 09:00","-0.1"
"Trzic-Tank1","2026-06-04 10:00","-0.1"
"Trzic-Tank1","2026-06-04 11:00","-0.1"
"Trzic-Tank1","2026-06-04 12:00","-0.1"
"Trzic-Tank1","2026-06-04 13:00","-0.1"
"Trzic-Tank1","2026-06-04 14:00","-0.1"
"Trzic-Tank1","2026-06-04 15:00","-0.1"
"Trzic-Tank1","2026-06-04 16:00","-0.1"
"Trzic-Tank1","2026-06-04 17:00","-0.1"
"Trzic-Tank1","2026-06-04 18:00","-0.1"
"Trzic-Tank1","2026-06-04 19:00","-0.1"
"Trzic-Tank1","2026-06-04 20:00","-0.1"
"Trzic-Tank1","2026-06-04 21:00","-0.1"
"Trzic-Tank1","2026-06-04 22:00","-0.1"
"Trzic-Tank1","2026-06-04 23:00","-0.1"
"Trzic-Tank1","2026-06-05 00:00","-0.1"
"Trzic-Tank1","2026-06-05 01:00","-0.1"
"Trzic-Tank1","2026-06-05 02:00","-0.1"
"Trzic-Tank1","2026-06-05 03:00","-0.1"
"Trzic-Tank1","2026-06-05 04:00","-0.1"
"Trzic-Tank1","2026-06-05 05:00","-0.1"
"Trzic-Tank1","2026-06-05 06:00","-0.1"
"Trzic-Tank1","2026-06-05 07:00","-0.1"
"Trzic-Tank1","2026-06-05 08:00","-0.1"
"Trzic-Tank1","2026-06-05 09:00","-0.1"
"Trzic-Tank1","2026-06-05 10:00","-0.1"
"Trzic-Tank1","2026-06-05 11:00","-0.1"
"Trzic-Tank1","2026-06-05 12:00","-0.1"
"Trzic-Tank1","2026-06-05 13:00","-0.1"
"Trzic-Tank1","2026-06-05 14:00","-0.1"
"Trzic-Tank1","2026-06-05 15:00","-0.1"
"Trzic-Tank1","2026-06-05 16:00","-0.1"
"Trzic-Tank1","2026-06-05 17:00","-0.1"
"Trzic-Tank1","2026-06-05 18:00","-0.1"
"Trzic-Tank1","2026-06-05 19:00","-0.1"
"Trzic-Tank1","2026-06-05 20:00","-0.1"
"Trzic-Tank1","2026-06-05 21:00","-0.1"
"Trzic-Tank1","2026-06-05 22:00","-0.1"
"Trzic-Tank1","2026-06-05 23:00","-0.1"
"Trzic-Tank1","2026-06-06 00:00","-0.1"
"Trzic-Tank1","2026-06-06 01:00","-0.1"
"Trzic-Tank1","2026-06-06 02:00","-0.1"
"Trzic-Tank1","2026-06-06 03:00","-0.1"
"Trzic-Tank1","2026-06-06 04:00","-0.1"
"Trzic-Tank1","2026-06-06 05:00","-0.1"
"Trzic-Tank1","2026-06-06 06:00","-0.1"
"Trzic-Tank1","2026-06-06 07:00","-0.1"
"Trzic-Tank1","2026-06-06 08:00","-0.1"
"Trzic-Tank1","2026-06-06 09:00","-0.1"
"Trzic-Tank1","2026-06-06 10:00","-0.1"
"Trzic-Tank1","2026-06-06 11:00","-0.1"
"Trzic-Tank1","2026-06-06 12:00","-0.1"
"Trzic-Tank1","2026-06-06 13:00","-0.1"
"Trzic-Tank1","2026-06-06 14:00","-0.1"
"Trzic-Tank1","2026-06-06 15:00","-0.1"
"Trzic-Tank1","2026-06-06 16:00","-0.1"
"Trzic-Tank1","2026-06-06 17:00","-0.1"
"Trzic-Tank1","2026-06-06 18:00","-0.1"
"Trzic-Tank1","2026-06-06 19:00","-0.1"
"Trzic-Tank1","2026-06-06 20:00","-0.1"
"Trzic-Tank1","2026-06-06 21:00","-0.1"
"Trzic-Tank1","2026-06-06 22:00","-0.1"
"Trzic-Tank1","2026-06-06 23:00","-0.1"
"Trzic-Tank1","2026-06-07 00:00","-0.1"
"Trzic-Tank1","2026-06-07 01:00","-0.1"
"Trzic-Tank1","2026-06-07 02:00","-0.1"
"Trzic-Tank1","2026-06-07 03:00","-0.1"
"Trzic-Tank1","2026-06-07 04:00","-0.1"
"Trzic-Tank1","2026-06-07 05:00","-0.1"
"Trzic-Tank1","2026-06-07 06:00","-0.1"
"Trzic-Tank1","2026-06-07 07:00","-0.1"
"Trzic-Tank1","2026-06-07 08:00","-0.1"
"Trzic-Tank1","2026-06-07 09:00","-0.1"
"Trzic-Tank1","2026-06-07 10:00","-0.1"
"Trzic-Tank1","2026-06-07 11:00","-0.1"
"Trzic-Tank1","2026-06-07 12:00","-0.1"
"Trzic-Tank1","2026-06-07 13:00","-0.1"
"Trzic-Tank1","2026-06-07 14:00","-0.1"
"Trzic-Tank1","2026-06-07 15:00","-0.1"
"Trzic-Tank1","2026-06-07 16:00","-0.1"
"Trzic-Tank1","2026-06-07 17:00","-0.1"
"Trzic-Tank1","2026-06-07 18:00","-0.1"
"Trzic-Tank1","2026-06-07 19:00","-0.1"
"Trzic-Tank1","2026-06-07 20:00","-0.1"
"Trzic-Tank1","2026-06-07 21:00","-0.1"
"Trzic-Tank1","2026-06-07 22:00","-0.1"
"Trzic-Tank1","2026-06-07 23:00","-0.1"
"Trzic-Tank1","2026-06-08 00:00","-0.1"
"Trzic-Tank1","2026-06-08 01:00","-0.1"
"Trzic-Tank1","2026-06-08 02:00","-0.1"
"Trzic-Tank1","2026-06-08 03:00","-0.1"
"Trzic-Tank1","2026-06-08 04:00","-0.1"
"Trzic-Tank1","2026-06-08 05:00","-0.1"
"Trzic-Tank1","2026-06-08 06:00","-0.1"
"Trzic-Tank1","2026-06-08 07:00","-0.1"
"Trzic-Tank1","2026-06-08 08:00","-0.1"
"Trzic-Tank1","2026-06-08 09:00","-0.1"
"Trzic-Tank1","2026-06-08 10:00","-0.1"
"Trzic-Tank1","2026-06-08 11:00","-0.1"
"Trzic-Tank1","2026-06-08 12:00","-0.1"
"Trzic-Tank1","2026-06-08 13:00","-0.1"
"Trzic-Tank1","2026-06-08 14:00","-0.1"
"Trzic-Tank1","2026-06-08 15:00","-0.1"
"Trzic-Tank1","2026-06-08 16:00","-0.1"
"Trzic-Tank1","2026-06-08 17:00","-0.1"
"Trzic-Tank1","2026-06-08 18:00","-0.1"
"Trzic-Tank1","2026-06-08 19:00","-0.1"
"Trzic-Tank1","2026-06-08 20:00","-0.1"
"Trzic-Tank1","2026-06-08 21:00","-0.1"
"Trzic-Tank1","2026-06-08 22:00","-0.1"
"Trzic-Tank1","2026-06-08 23:00","-0.1"
"Trzic-Tank1","2026-06-09 00:00","-0.1"
"Trzic-Tank1","2026-06-09 01:00","-0.1"
"Trzic-Tank1","2026-06-09 02:00","-0.1"
"Trzic-Tank1","2026-06-09 03:00","-0.1"
"Trzic-Tank1","2026-06-09 04:00","-0.1"
"Trzic-Tank1","2026-06-09 05:00","-0.1"
"Trzic-Tank1","2026-06-09 06:00","-0.1"
"Trzic-Tank1","2026-06-09 07:00","-0.1"
"Trzic-Tank1","2026-06-09 08:00","-0.1"
"Trzic-Tank1","2026-06-09 09:00","-0.1"
"Trzic-Tank1","2026-06-09 10:00","-0.1"
"Trzic-Tank1","2026-06-09 11:00","-0.1"
"Trzic-Tank1","2026-06-09 12:00","-0.1"
"Trzic-Tank1","2026-06-09 13:00","-0.1"
"Trzic-Tank1","2026-06-09 14:00","-0.1"
"Trzic-Tank1","2026-06-09 15:00","-0.1"
"Trzic-Tank1","2026-06-09 16:00","-0.1"
"Trzic-Tank1","2026-06-09 17:00","-0.1"
"Trzic-Tank1","2026-06-09 18:00","-0.1"
"Trzic-Tank1","2026-06-09 19:00","-0.1"
"Trzic-Tank1","2026-06-09 20:00","-0.1"
"Trzic-Tank1","2026-06-09 21:00","-0.1"
"Trzic-Tank1","2026-06-09 22:00","-0.1"
"Trzic-Tank1","2026-06-09 23:00","-0.1"
"Trzic-Tank1","2026-06-10 00:00","-0.1"
"Trzic-Tank1","2026-06-10 01:00","-0.1"
"Trzic-Tank1","2026-06-10 02:00","-0.1"
"Trzic-Tank1","2026-06-10 03:00","-0.1"
"Trzic-Tank1","2026-06-10 04:00","-0.1"
"Trzic-Tank1","2026-06-10 05:00","-0.1"
"Trzic-Tank1","2026-06-10 06:00","-0.1"
"Trzic-Tank1","2026-06-10 07:00","-0.1"
"Trzic-Tank1","2026-06-10 08:00","-0.1"
"Trzic-Tank1","2026-06-10 09:00","-0.1"
"Trzic-Tank1","2026-06-10 10:00","-0.1"
"Trzic-Tank1","2026-06-10 11:00","-0.1"
"Trzic-Tank1","2026-06-10 12:00","-0.1"
"Trzic-Tank1","2026-06-10 13:00","-0.1"
"Trzic-Tank1","2026-06-10 14:00","-0.1"
"Trzic-Tank1","2026-06-10 15:00","-0.1"
"Trzic-Tank1","2026-06-10 16:00","-0.1"
"Trzic-Tank1","2026-06-10 17:00","-0.1"
"Trzic-Tank1","2026-06-10 18:00","-0.1"
"Trzic-Tank1","2026-06-10 19:00","-0.1"
"Trzic-Tank1","2026-06-10 20:00","-0.1"
"Trzic-Tank1","2026-06-10 21:00","-0.1"
"Trzic-Tank1","2026-06-10 22:00","-0.1"
"Trzic-Tank1","2026-06-10 23:00","-0.1"
"Trzic-Tank1","2026-06-11 00:00","-0.1"
"Trzic-Tank1","2026-06-11 01:00","-0.1"
"Trzic-Tank1","2026-06-11 02:00","-0.1"
"Trzic-Tank1","2026-06-11 03:00","-0.1"
"Trzic-Tank1","2026-06-11 04:00","-0.1"
"Trzic-Tank1","2026-06-11 05:00","-0.1"
"Trzic-Tank1","2026-06-11 06:00","-0.1"
"Trzic-Tank1","2026-06-11 07:00","-0.1"
"Trzic-Tank1","2026-06-11 08:00","-0.1"
"Trzic-Tank1","2026-06-11 09:00","-0.1"
"Trzic-Tank1","2026-06-11 10:00","-0.1"
"Trzic-Tank1","2026-06-11 11:00","-0.1"
"Trzic-Tank1","2026-06-11 12:00","-0.1"
"Trzic-Tank1","2026-06-11 13:00","-0.1"
"Trzic-Tank1","2026-06-11 14:00","-0.1"
"Trzic-Tank1","2026-06-11 15:00","-0.1"
"Trzic-Tank1","2026-06-11 16:00","-0.1"
"Trzic-Tank1","2026-06-11 17:00","-0.1"
"Trzic-Tank1","2026-06-11 18:00","-0.1"
"Trzic-Tank1","2026-06-11 19:00","-0.1"
"Trzic-Tank1","2026-06-11 20:00","-0.1"
"Trzic-Tank1","2026-06-11 21:00","-0.1"
"Trzic-Tank1","2026-06-11 22:00","-0.1"
"Trzic-Tank1","2026-06-11 23:00","-0.1"
"Trzic-Tank1","2026-06-12 00:00","-0.1"
"Trzic-Tank1","2026-06-12 01:00","-0.1"
"Trzic-Tank1","2026-06-12 02:00","-0.1"
"Trzic-Tank1","2026-06-12 03:00","-0.1"
"Trzic-Tank1","2026-06-12 04:00","-0.1"
"Trzic-Tank1","2026-06-12 05:00","-0.1"
"Trzic-Tank1","2026-06-12 06:00","-0.1"
"Trzic-Tank1","2026-06-12 07:00","-0.1"
"Trzic-Tank1","2026-06-12 08:00","-0.1"
"Trzic-Tank1","2026-06-12 09:00","-0.1"
"Trzic-Tank1","2026-06-12 10:00","-0.1"
"Trzic-Tank1","2026-06-12 11:00","-0.1"
"Trzic-Tank1","2026-06-12 12:00","-0.1"
"Trzic-Tank1","2026-06-12 13:00","-0.1"
"Trzic-Tank1","2026-06-12 14:00","-0.1"
"Trzic-Tank1","2026-06-12 15:00","-0.1"
"Trzic-Tank1","2026-06-12 16:00","-0.1"
"Trzic-Tank1","2026-06-12 17:00","-0.1"
"Trzic-Tank1","2026-06-12 18:00","-0.1"
"Trzic-Tank1","2026-06-12 19:00","-0.1"
"Trzic-Tank1","2026-06-12 20:00","-0.1"
"Trzic-Tank1","2026-06-12 21:00","-0.1"
"Trzic-Tank1","2026-06-12 22:00","-0.1"
"Trzic-Tank1","2026-06-12 23:00","-0.1"
"Trzic-Tank1","2026-06-13 00:00","-0.1"
"Trzic-Tank1","2026-06-13 01:00","-0.1"
"Trzic-Tank1","2026-06-13 02:00","-0.1"
"Trzic-Tank1","2026-06-13 03:00","-0.1"
"Trzic-Tank1","2026-06-13 04:00","-0.1"
"Trzic-Tank1","2026-06-13 05:00","-0.1"
"Trzic-Tank1","2026-06-13 06:00","-0.1"
"Trzic-Tank1","2026-06-13 07:00","-0.1"
"Trzic-Tank1","2026-06-13 08:00","-0.1"
"Trzic-Tank1","2026-06-13 09:00","-0.1"
"Trzic-Tank1","2026-06-13 10:00","-0.1"
"Trzic-Tank1","2026-06-13 11:00","-0.1"
"Trzic-Tank1","2026-06-13 12:00","-0.1"
"Trzic-Tank1","2026-06-13 13:00","-0.1"
"Trzic-Tank1","2026-06-13 14:00","-0.1"
"Trzic-Tank1","2026-06-13 15:00","-0.1"
"Trzic-Tank1","2026-06-13 16:00","-0.1"
"Trzic-Tank1","2026-06-13 17:00","-0.1"
"Trzic-Tank1","2026-06-13 18:00","-0.1"
"Trzic-Tank1","2026-06-13 19:00","-0.1"
"Trzic-Tank1","2026-06-13 20:00","-0.1"
"Trzic-Tank1","2026-06-13 21:00","-0.1"
"Trzic-Tank1","2026-06-13 22:00","-0.1"
"Trzic-Tank1","2026-06-13 23:00","-0.1"
"Trzic-Tank1","2026-06-14 00:00","-0.1"
"Trzic-Tank1","2026-06-14 01:00","-0.1"
"Trzic-Tank1","2026-06-14 02:00","-0.1"
"Trzic-Tank1","2026-06-14 03:00","-0.1"
"Trzic-Tank1","2026-06-14 04:00","-0.1"
"Trzic-Tank1","2026-06-14 05:00","-0.1"
"Trzic-Tank1","2026-06-14 06:00","-0.1"
"Trzic-Tank1","2026-06-14 07:00","-0.1"
"Trzic-Tank1","2026-06-14 08:00","-0.1"
"Trzic-Tank1","2026-06-14 09:00","-0.1"
"Trzic-Tank1","2026-06-14 10:00","-0.1"
"Trzic-Tank1","2026-06-14 11:00","-0.1"
"Trzic-Tank1","2026-06-14 12:00","-0.1"
"Trzic-Tank1","2026-06-14 13:00","-0.1"
"Trzic-Tank1","2026-06-14 14:00","-0.1"
"Trzic-Tank1","2026-06-14 15:00","-0.1"
"Trzic-Tank1","2026-06-14 16:00","-0.1"
"Trzic-Tank1","2026-06-14 17:00","-0.1"
"Trzic-Tank1","2026-06-14 18:00","-0.1"
"Trzic-Tank1","2026-06-14 19:00","-0.1"
"Trzic-Tank1","2026-06-14 20:00","-0.1"
"Trzic-Tank1","2026-06-14 21:00","-0.1"
"Trzic-Tank1","2026-06-14 22:00","-0.1"
"Trzic-Tank1","2026-06-14 23:00","-0.1"
"Trzic-Tank1","2026-06-15 00:00","-0.1"
"Trzic-Tank1","2026-06-15 01:00","-0.1"
"Trzic-Tank1","2026-06-15 02:00","-0.1"
"Trzic-Tank1","2026-06-15 03:00","-0.1"
"Trzic-Tank1","2026-06-15 04:00","-0.1"
"Trzic-Tank1","2026-06-15 05:00","-0.1"
"Trzic-Tank1","2026-06-15 06:00","-0.1"
"Trzic-Tank1","2026-06-15 07:00","-0.1"
"Trzic-Tank1","2026-06-15 08:00","-0.1"
"Trzic-Tank1","2026-06-15 09:00","-0.1"
"Trzic-Tank1","2026-06-15 10:00","-0.1"
"Trzic-Tank1","2026-06-15 11:00","-0.1"
"Trzic-Tank1","2026-06-15 12:00","-0.1"
"Trzic-Tank1","2026-06-15 13:00","-0.1"
"Trzic-Tank1","2026-06-15 14:00","-0.1"
"Trzic-Tank1","2026-06-15 15:00","-0.1"
"Trzic-Tank1","2026-06-15 16:00","-0.1"
"Trzic-Tank1","2026-06-15 17:00","-0.1"
"Trzic-Tank1","2026-06-15 18:00","-0.1"
"Trzic-Tank1","2026-06-15 19:00","-0.1"
"Trzic-Tank1","2026-06-15 20:00","-0.1"
"Trzic-Tank1","2026-06-15 21:00","-0.1"
"Trzic-Tank1","2026-06-15 22:00","-0.1"
"Trzic-Tank1","2026-06-15 23:00","-0.1"
"Trzic-Tank1","2026-06-16 00:00","-0.1"
"Trzic-Tank1","2026-06-16 01:00","-0.1"
"Trzic-Tank1","2026-06-16 02:00","-0.1"
"Trzic-Tank1","2026-06-16 03:00","-0.1"
"Trzic-Tank1","2026-06-16 04:00","-0.1"
"Trzic-Tank1","2026-06-16 05:00","-0.1"
"Trzic-Tank1","2026-06-16 06:00","-0.1"
"Trzic-Tank1","2026-06-16 07:00","-0.1"
"Trzic-Tank1","2026-06-16 08:00","-0.1"
"Trzic-Tank1","2026-06-16 09:00","-0.1"
"Trzic-Tank1","2026-06-16 10:00","-0.1"
"Trzic-Tank1","2026-06-16 11:00","-0.1"
"Trzic-Tank1","2026-06-16 12:00","-0.1"
"Trzic-Tank1","2026-06-16 13:00","-0.1"
"Trzic-Tank1","2026-06-16 14:00","-0.1"
"Trzic-Tank1","2026-06-16 15:00","-0.1"
"Trzic-Tank1","2026-06-16 16:00","-0.1"
"Trzic-Tank1","2026-06-16 17:00","-0.1"
"Trzic-Tank1","2026-06-16 18:00","-0.1"
"Trzic-Tank1","2026-06-16 19:00","-0.1"
"Trzic-Tank1","2026-06-16 20:00","-0.1"
"Trzic-Tank1","2026-06-16 21:00","-0.1"
"Trzic-Tank1","2026-06-16 22:00","-0.1"
"Trzic-Tank1","2026-06-16 23:00","-0.1"
"Trzic-Tank1","2026-06-17 00:00","-0.1"
"Trzic-Tank1","2026-06-17 01:00","-0.1"
"Trzic-Tank1","2026-06-17 02:00","-0.1"
"Trzic-Tank1","2026-06-17 03:00","-0.1"
"Trzic-Tank1","2026-06-17 04:00","-0.1"
"Trzic-Tank1","2026-06-17 05:00","-0.1"
"Trzic-Tank1","2026-06-17 06:00","-0.1"
"Trzic-Tank1","2026-06-17 07:00","-0.1"
"Trzic-Tank1","2026-06-17 08:00","-0.1"
"Trzic-Tank1","2026-06-17 09:00","-0.1"
"Trzic-Tank1","2026-06-17 10:00","-0.1"
"Trzic-Tank1","2026-06-17 11:00","-0.1"
"Trzic-Tank1","2026-06-17 12:00","-0.1"
"Trzic-Tank1","2026-06-17 13:00","-0.1"
"Trzic-Tank1","2026-06-17 14:00","-0.1"
"Trzic-Tank1","2026-06-17 15:00","-0.1"
"Trzic-Tank1","2026-06-17 16:00","-0.1"
"Trzic-Tank1","2026-06-17 17:00","-0.1"
"Trzic-Tank1","2026-06-17 18:00","-0.1"
"Trzic-Tank1","2026-06-17 19:00","-0.1"
"Trzic-Tank1","2026-06-17 20:00","-0.1"
"Trzic-Tank1","2026-06-17 21:00","-0.1"
"Trzic-Tank1","2026-06-17 22:00","-0.1"
"Trzic-Tank1","2026-06-17 23:00","-0.1"
"Trzic-Tank1","2026-06-18 00:00","-0.1"
"Trzic-Tank1","2026-06-18 01:00","-0.1"
"Trzic-Tank1","2026-06-18 02:00","-0.1"
"Trzic-Tank1","2026-06-18 03:00","-0.1"
"Trzic-Tank1","2026-06-18 04:00","-0.1"
"Trzic-Tank1","2026-06-18 05:00","-0.1"
"Trzic-Tank1","2026-06-18 06:00","-0.1"
"Trzic-Tank1","2026-06-18 07:00","-0.1"
"Trzic-Tank1","2026-06-18 08:00","-0.1"
"Trzic-Tank1","2026-06-18 09:00","-0.1"
"Trzic-Tank1","2026-06-18 10:00","-0.1"
"Trzic-Tank1","2026-06-18 11:00","-0.1"
"Trzic-Tank1","2026-06-18 12:00","-0.1"
"Trzic-Tank1","2026-06-18 13:00","-0.1"
"Trzic-Tank1","2026-06-18 14:00","-0.1"
"Trzic-Tank1","2026-06-18 15:00","-0.1"
"Trzic-Tank1","2026-06-18 16:00","-0.1"
"Trzic-Tank1","2026-06-18 17:00","-0.1"
"Trzic-Tank1","2026-06-18 18:00","-0.1"
"Trzic-Tank1","2026-06-18 19:00","-0.1"
"Trzic-Tank1","2026-06-18 20:00","-0.1"
"Trzic-Tank1","2026-06-18 21:00","-0.1"
"Trzic-Tank1","2026-06-18 22:00","-0.1"
"Trzic-Tank1","2026-06-18 23:00","-0.1"
"Trzic-Tank1","2026-06-19 00:00","-0.1"
"Trzic-Tank1","2026-06-19 01:00","-0.1"
"Trzic-Tank1","2026-06-19 02:00","-0.1"
"Trzic-Tank1","2026-06-19 03:00","-0.1"
"Trzic-Tank1","2026-06-19 04:00","-0.1"
"Trzic-Tank1","2026-06-19 05:00","-0.1"
"Trzic-Tank1","2026-06-19 06:00","-0.1"
"Trzic-Tank1","2026-06-19 07:00","-0.1"
"Trzic-Tank1","2026-06-19 08:00","-0.1"
"Trzic-Tank1","2026-06-19 09:00","-0.1"
"Trzic-Tank1","2026-06-19 10:00","-0.1"
"Trzic-Tank1","2026-06-19 11:00","-0.1"
"Trzic-Tank1","2026-06-19 12:00","-0.1"
"Trzic-Tank1","2026-06-19 13:00","-0.1"
"Trzic-Tank1","2026-06-19 14:00","-0.1"
"Trzic-Tank1","2026-06-19 15:00","-0.1"
"Trzic-Tank1","2026-06-19 16:00","-0.1"
"Trzic-Tank1","2026-06-19 17:00","-0.1"
"Trzic-Tank1","2026-06-19 18:00","-0.1"
"Trzic-Tank1","2026-06-19 19:00","-0.1"
"Trzic-Tank1","2026-06-19 20:00","-0.1"
"Trzic-Tank1","2026-06-19 21:00","-0.1"
"Trzic-Tank1","2026-06-19 22:00","-0.1"
"Trzic-Tank1","2026-06-19 23:00","-0.1"
"Trzic-Tank1","2026-06-20 00:00","-0.1"
"Trzic-Tank1","2026-06-20 01:00","-0.1"
"Trzic-Tank1","2026-06-20 02:00","-0.1"
"Trzic-Tank1","2026-06-20 03:00","-0.1"
"Trzic-Tank1","2026-06-20 04:00","-0.1"
"Trzic-Tank1","2026-06-20 05:00","-0.1"
"Trzic-Tank1","2026-06-20 06:00","-0.1"
"Trzic-Tank1","2026-06-20 07:00","-0.1"
"Trzic-Tank1","2026-06-20 08:00","-0.1"
"Trzic-Tank1","2026-06-20 09:00","-0.1"
"Trzic-Tank1","2026-06-20 10:00","-0.1"
"Trzic-Tank1","2026-06-20 11:00","-0.1"
"Trzic-Tank1","2026-06-20 12:00","-0.1"
"Trzic-Tank1","2026-06-20 13:00","-0.1"
"Trzic-Tank1","2026-06-20 14:00","-0.1"
"Trzic-Tank1","2026-06-20 15:00","-0.1"
"Trzic-Tank1","2026-06-20 16:00","-0.1"
"Trzic-Tank1","2026-06-20 17:00","-0.1"
"Trzic-Tank1","2026-06-20 18:00","-0.1"
"Trzic-Tank1","2026-06-20 19:00","-0.1"
"Trzic-Tank1","2026-06-20 20:00","-0.1"
"Trzic-Tank1","2026-06-20 21:00","-0.1"
"Trzic-Tank1","2026-06-20 22:00","-0.1"
"Trzic-Tank1","2026-06-20 23:00","-0.1"
"Trzic-Tank1","2026-06-21 00:00","-0.1"
"Trzic-Tank1","2026-06-21 01:00","-0.1"
"Trzic-Tank1","2026-06-21 02:00","-0.1"
"Trzic-Tank1","2026-06-21 03:00","-0.1"
"Trzic-Tank1","2026-06-21 04:00","-0.1"
"Trzic-Tank1","2026-06-21 05:00","-0.1"
"Trzic-Tank1","2026-06-21 06:00","-0.1"
"Trzic-Tank1","2026-06-21 07:00","-0.1"
"Trzic-Tank1","2026-06-21 08:00","-0.1"
"Trzic-Tank1","2026-06-21 09:00","-0.1"
"Trzic-Tank1","2026-06-21 10:00","-0.1"
"Trzic-Tank1","2026-06-21 11:00","-0.1"
"Trzic-Tank1","2026-06-21 12:00","-0.1"
"Trzic-Tank1","2026-06-21 13:00","-0.1"
"Trzic-Tank1","2026-06-21 14:00","-0.1"
"Trzic-Tank1","2026-06-21 15:00","-0.1"
"Trzic-Tank1","2026-06-21 16:00","-0.1"
"Trzic-Tank1","2026-06-21 17:00","-0.1"
"Trzic-Tank1","2026-06-21 18:00","-0.1"
"Trzic-Tank1","2026-06-21 19:00","-0.1"
"Trzic-Tank1","2026-06-21 20:00","-0.1"
"Trzic-Tank1","2026-06-21 21:00","-0.1"
"Trzic-Tank1","2026-06-21 22:00","-0.1"
"Trzic-Tank1","2026-06-21 23:00","-0.1"
"Trzic-Tank1","2026-06-22 00:00","-0.1"
"Trzic-Tank1","2026-06-22 01:00","-0.1"
"Trzic-Tank1","2026-06-22 02:00","-0.1"
"Trzic-Tank1","2026-06-22 03:00","-0.1"
"Trzic-Tank1","2026-06-22 04:00","-0.1"
"Trzic-Tank1","2026-06-22 05:00","-0.1"
"Trzic-Tank1","2026-06-22 06:00","-0.1"
"Trzic-Tank1","2026-06-22 07:00","-0.1"
"Trzic-Tank1","2026-06-22 08:00","-0.1"
"Trzic-Tank1","2026-06-22 09:00","-0.1"
"Trzic-Tank1","2026-06-22 10:00","-0.1"
"Trzic-Tank1","2026-06-22 11:00","-0.1"
"Trzic-Tank1","2026-06-22 12:00","-0.1"
"Trzic-Tank1","2026-06-22 13:00","-0.1"
"Trzic-Tank1","2026-06-22 14:00","-0.1"
"Trzic-Tank1","2026-06-22 15:00","-0.1"
"Trzic-Tank1","2026-06-22 16:00","-0.1"
"Trzic-Tank1","2026-06-22 17:00","-0.1"
"Trzic-Tank1","2026-06-22 18:00","-0.1"
"Trzic-Tank1","2026-06-22 19:00","-0.1"
"Trzic-Tank1","2026-06-22 20:00","-0.1"
"Trzic-Tank1","2026-06-22 21:00","-0.1"
"Trzic-Tank1","2026-06-22 22:00","-0.1"
"Trzic-Tank1","2026-06-22 23:00","-0.1"
"Trzic-Tank1","2026-06-23 00:00","-0.1"
"Trzic-Tank1","2026-06-23 01:00","-0.1"
"Trzic-Tank1","2026-06-23 02:00","-0.1"
"Trzic-Tank1","2026-06-23 03:00","-0.1"
"Trzic-Tank1","2026-06-23 04:00","-0.1"
"Trzic-Tank1","2026-06-23 05:00","-0.1"
"Trzic-Tank1","2026-06-23 06:00","-0.1"
"Trzic-Tank1","2026-06-23 07:00","-0.1"
"Trzic-Tank1","2026-06-23 08:00","-0.1"
"Trzic-Tank1","2026-06-23 09:00","-0.1"
"Trzic-Tank1","2026-06-23 10:00","-0.1"
"Trzic-Tank1","2026-06-23 11:00","-0.1"
"Trzic-Tank1","2026-06-23 12:00","-0.1"
"Trzic-Tank1","2026-06-23 13:00","-0.1"
"Trzic-Tank1","2026-06-23 14:00","-0.1"
"Trzic-Tank1","2026-06-23 15:00","-0.1"
"Trzic-Tank1","2026-06-23 16:00","-0.1"
"Trzic-Tank1","2026-06-23 17:00","-0.1"
"Trzic-Tank1","2026-06-23 18:00","-0.1"
"Trzic-Tank1","2026-06-23 19:00","-0.1"
"Trzic-Tank1","2026-06-23 20:00","-0.1"
"Trzic-Tank1","2026-06-23 21:00","-0.1"
"Trzic-Tank1","2026-06-23 22:00","-0.1"
"Trzic-Tank1","2026-06-23 23:00","-0.1"
"Trzic-Tank1","2026-06-24 00:00","-0.1"
"Trzic-Tank1","2026-06-24 01:00","-0.1"
"Trzic-Tank1","2026-06-24 02:00","-0.1"
"Trzic-Tank1","2026-06-24 03:00","-0.1"
"Trzic-Tank1","2026-06-24 04:00","-0.1"
"Trzic-Tank1","2026-06-24 05:00","-0.1"
"Trzic-Tank1","2026-06-24 06:00","-0.1"
"Trzic-Tank1","2026-06-24 07:00","-0.1"
"Trzic-Tank1","2026-06-24 08:00","-0.1"
"Trzic-Tank1","2026-06-24 09:00","-0.1"
"Trzic-Tank1","2026-06-24 10:00","-0.1"
"Trzic-Tank1","2026-06-24 11:00","-0.1"
"Trzic-Tank1","2026-06-24 12:00","-0.1"
"Trzic-Tank1","2026-06-24 13:00","-0.1"
"Trzic-Tank1","2026-06-24 14:00","-0.1"
"Trzic-Tank1","2026-06-24 15:00","-0.1"
"Trzic-Tank1","2026-06-24 16:00","-0.1"
"Trzic-Tank1","2026-06-24 17:00","-0.1"
"Trzic-Tank1","2026-06-24 18:00","-0.1"
"Trzic-Tank1","2026-06-24 19:00","-0.1"
"Trzic-Tank1","2026-06-24 20:00","-0.1"
"Trzic-Tank1","2026-06-24 21:00","-0.1"
"Trzic-Tank1","2026-06-24 22:00","-0.1"
"Trzic-Tank1","2026-06-24 23:00","-0.1"
"Trzic-Tank1","2026-06-25 00:00","-0.1"
"Trzic-Tank1","2026-06-25 01:00","-0.1"
"Trzic-Tank1","2026-06-25 02:00","-0.1"
"Trzic-Tank1","2026-06-25 03:00","-0.1"
"Trzic-Tank1","2026-06-25 04:00","-0.1"
"Trzic-Tank1","2026-06-25 05:00","-0.1"
"Trzic-Tank1","2026-06-25 06:00","-0.1"
"Trzic-Tank1","2026-06-25 07:00","-0.1"
"Trzic-Tank1","2026-06-25 08:00","-0.1"
"Trzic-Tank1","2026-06-25 09:00","-0.1"
"Trzic-Tank1","2026-06-25 10:00","-0.1"
"Trzic-Tank1","2026-06-25 11:00","-0.1"
"Trzic-Tank1","2026-06-25 12:00","-0.1"
"Trzic-Tank1","2026-06-25 13:00","-0.1"
"Trzic-Tank1","2026-06-25 14:00","-0.1"
"Trzic-Tank1","2026-06-25 15:00","-0.1"
"Trzic-Tank1","2026-06-25 16:00","-0.1"
"Trzic-Tank1","2026-06-25 17:00","-0.1"
"Trzic-Tank1","2026-06-25 18:00","-0.1"
"Trzic-Tank1","2026-06-25 19:00","-0.1"
"Trzic-Tank1","2026-06-25 20:00","-0.1"
"Trzic-Tank1","2026-06-25 21:00","-0.1"
"Trzic-Tank1","2026-06-25 22:00","-0.1"
"Trzic-Tank1","2026-06-25 23:00","-0.1"
"Trzic-Tank1","2026-06-26 00:00","-0.1"
"Trzic-Tank1","2026-06-26 01:00","-0.1"
"Trzic-Tank1","2026-06-26 02:00","-0.1"
"Trzic-Tank1","2026-06-26 03:00","-0.1"
"Trzic-Tank1","2026-06-26 04:00","-0.1"
"Trzic-Tank1","2026-06-26 05:00","-0.1"
"Trzic-Tank1","2026-06-26 06:00","-0.1"
"Trzic-Tank1","2026-06-26 07:00","-0.1"
"Trzic-Tank1","2026-06-26 08:00","-0.1"
"Trzic-Tank1","2026-06-26 09:00","-0.1"
"Trzic-Tank1","2026-06-26 10:00","-0.1"
"Trzic-Tank1","2026-06-26 11:00","-0.1"
"Trzic-Tank1","2026-06-26 12:00","-0.1"
"Trzic-Tank1","2026-06-26 13:00","-0.1"
"Trzic-Tank1","2026-06-26 14:00","-0.1"
"Trzic-Tank1","2026-06-26 15:00","-0.1"
"Trzic-Tank1","2026-06-26 16:00","-0.1"
"Trzic-Tank1","2026-06-26 17:00","-0.1"
"Trzic-Tank1","2026-06-26 18:00","-0.1"
"Trzic-Tank1","2026-06-26 19:00","-0.1"
"Trzic-Tank1","2026-06-26 20:00","-0.1"
"Trzic-Tank1","2026-06-26 21:00","-0.1"
"Trzic-Tank1","2026-06-26 22:00","-0.1"
"Trzic-Tank1","2026-06-26 23:00","-0.1"
"Trzic-Tank1","2026-06-27 00:00","-0.1"
"Trzic-Tank1","2026-06-27 01:00","-0.1"
"Trzic-Tank1","2026-06-27 02:00","-0.1"
"Trzic-Tank1","2026-06-27 03:00","-0.1"
"Trzic-Tank1","2026-06-27 04:00","-0.1"
"Trzic-Tank1","2026-06-27 05:00","-0.1"
"Trzic-Tank1","2026-06-27 06:00","-0.1"
"Trzic-Tank1","2026-06-27 07:00","-0.1"
"Trzic-Tank1","2026-06-27 08:00","-0.1"
"Trzic-Tank1","2026-06-27 09:00","-0.1"
"Trzic-Tank1","2026-06-27 10:00","-0.1"
"Trzic-Tank1","2026-06-27 11:00","-0.1"
"Trzic-Tank1","2026-06-27 12:00","-0.1"
"Trzic-Tank1","2026-06-27 13:00","-0.1"
"Trzic-Tank1","2026-06-27 14:00","-0.1"
"Trzic-Tank1","2026-06-27 15:00","-0.1"
"Trzic-Tank1","2026-06-27 16:00","-0.1"
"Trzic-Tank1","2026-06-27 17:00","-0.1"
"Trzic-Tank1","2026-06-27 18:00","-0.1"
"Trzic-Tank1","2026-06-27 19:00","-0.1"
"Trzic-Tank1","2026-06-27 20:00","-0.1"
"Trzic-Tank1","2026-06-27 21:00","-0.1"
"Trzic-Tank1","2026-06-27 22:00","-0.1"
"Trzic-Tank1","2026-06-27 23:00","-0.1"
"Trzic-Tank1","2026-06-28 00:00","-0.1"
"Trzic-Tank1","2026-06-28 01:00","-0.1"
"Trzic-Tank1","2026-06-28 02:00","-0.1"
"Trzic-Tank1","2026-06-28 03:00","-0.1"
"Trzic-Tank1","2026-06-28 04:00","-0.1"
"Trzic-Tank1","2026-06-28 05:00","-0.1"
"Trzic-Tank1","2026-06-28 06:00","-0.1"
"Trzic-Tank1","2026-06-28 07:00","-0.1"
"Trzic-Tank1","2026-06-28 08:00","-0.1"
"Trzic-Tank1","2026-06-28 09:00","-0.1"
"Trzic-Tank1","2026-06-28 10:00","-0.1"
"Trzic-Tank1","2026-06-28 11:00","-0.1"
"Trzic-Tank1","2026-06-28 12:00","-0.1"
"Trzic-Tank1","2026-06-28 13:00","-0.1"
"Trzic-Tank1","2026-06-28 14:00","-0.1"
"Trzic-Tank1","2026-06-28 15:00","-0.1"
"Trzic-Tank1","2026-06-28 16:00","-0.1"
"Trzic-Tank1","2026-06-28 17:00","-0.1"
"Trzic-Tank1","2026-06-28 18:00","-0.1"
"Trzic-Tank1","2026-06-28 19:00","-0.1"
"Trzic-Tank1","2026-06-28 20:00","-0.1"
"Trzic-Tank1","2026-06-28 21:00","-0.1"
"Trzic-Tank1","2026-06-28 22:00","-0.1"
"Trzic-Tank1","2026-06-28 23:00","-0.1"
"Trzic-Tank1","2026-06-29 00:00","-0.1"
"Trzic-Tank1","2026-06-29 01:00","-0.1"
"Trzic-Tank1","2026-06-29 02:00","-0.1"
"Trzic-Tank1","2026-06-29 03:00","-0.1"
"Trzic-Tank1","2026-06-29 04:00","-0.1"
"Trzic-Tank1","2026-06-29 05:00","-0.1"
"Trzic-Tank1","2026-06-29 06:00","-0.1"
"Trzic-Tank1","2026-06-29 07:00","-0.1"
"Trzic-Tank1","2026-06-29 08:00","-0.1"
"Trzic-Tank1","2026-06-29 09:00","-0.1"
"Trzic-Tank1","2026-06-29 10:00","-0.1"
"Trzic-Tank1","2026-06-29 11:00","-0.1"
"Trzic-Tank1","2026-06-29 12:00","-0.1"
"Trzic-Tank1","2026-06-29 13:00","-0.1"
"Trzic-Tank1","2026-06-29 14:00","-0.1"
"Trzic-Tank1","2026-06-29 15:00","-0.1"
"Trzic-Tank1","2026-06-29 16:00","-0.1"
"Trzic-Tank1","2026-06-29 17:00","-0.1"
"Trzic-Tank1","2026-06-29 18:00","-0.1"
"Trzic-Tank1","2026-06-29 19:00","-0.1"
"Trzic-Tank1","2026-06-29 20:00","-0.1"
"Trzic-Tank1","2026-06-29 21:00","-0.1"
"Trzic-Tank1","2026-06-29 22:00","-0.1"
"Trzic-Tank1","2026-06-29 23:00","-0.1"
"Trzic-Tank1","2026-06-30 00:00","-0.1"
"Trzic-Tank1","2026-06-30 01:00","-0.1"
"Trzic-Tank1","2026-06-30 02:00","-0.1"
"Trzic-Tank1","2026-06-30 03:00","-0.1"
"Trzic-Tank1","2026-06-30 04:00","-0.1"
"Trzic-Tank1","2026-06-30 05:00","-0.1"
"Trzic-Tank1","2026-06-30 06:00","-0.1"
"Trzic-Tank1","2026-06-30 07:00","-0.1"
"Trzic-Tank1","2026-06-30 08:00","-0.1"
"Trzic-Tank1","2026-06-30 09:00","-0.1"
"Trzic-Tank1","2026-06-30 10:00","-0.1"
"Trzic-Tank1","2026-06-30 11:00","-0.1"
"Trzic-Tank1","2026-06-30 12:00","-0.1"
"Trzic-Tank1","2026-06-30 13:00","-0.1"
"Trzic-Tank1","2026-06-30 14:00","-0.1"
"Trzic-Tank1","2026-06-30 15:00","-0.1"
"Trzic-Tank1","2026-06-30 16:00","-0.1"
"Trzic-Tank1","2026-06-30 17:00","-0.1"
"Trzic-Tank1","2026-06-30 18:00","-0.1"
"Trzic-Tank1","2026-06-30 19:00","-0.1"
"Trzic-Tank1","2026-06-30 20:00","-0.1"
"Trzic-Tank1","2026-06-30 21:00","-0.1"
"Trzic-Tank1","2026-06-30 22:00","-0.1"
"Trzic-Tank1","2026-06-30 23:00",
"Trzic-Tank1","2026-07-01 00:00",
"Trzic-Tank1","2026-07-01 01:00",
"Trzic-Tank1","2026-07-01 02:00",
"Trzic-Tank1","2026-07-01 03:00",
"Trzic-Tank1","2026-07-01 04:00",
"Trzic-Tank1","2026-07-01 05:00",
"Trzic-Tank1","2026-07-01 06:00",
"Trzic-Tank1","2026-07-01 07:00",
"Trzic-Tank1","2026-07-01 08:00",
"Trzic-Tank1","2026-07-01 09:00","-0.1"
"Trzic-Tank1","2026-07-01 10:00","-0.1"
"Trzic-Tank1","2026-07-01 11:00","-0.1"
"Trzic-Tank1","2026-07-01 12:00","-0.1"
"Trzic-Tank1","2026-07-01 13:00","-0.1"
"Trzic-Tank1","2026-07-01 14:00","-0.1"
"Trzic-Tank1","2026-07-01 15:00","-0.1"
"Trzic-Tank1","2026-07-01 16:00","-0.1"
"Trzic-Tank1","2026-07-01 17:00","-0.1"
"Trzic-Tank1","2026-07-01 18:00","-0.1"
"Trzic-Tank1","2026-07-01 19:00","-0.1"
"Trzic-Tank1","2026-07-01 20:00","-0.1"
"Trzic-Tank1","2026-07-01 21:00","-0.1"
"Trzic-Tank1","2026-07-01 22:00","-0.1"
"Trzic-Tank1","2026-07-01 23:00","-0.1"
"Trzic-Tank1","2026-07-02 00:00","-0.1"
"Trzic-Tank1","2026-07-02 01:00","-0.1"
"Trzic-Tank1","2026-07-02 02:00","-0.1"
"Trzic-Tank1","2026-07-02 03:00","-0.1"
"Trzic-Tank1","2026-07-02 04:00","-0.1"
"Trzic-Tank1","2026-07-02 05:00","-0.1"
"Trzic-Tank1","2026-07-02 06:00","-0.1"
"Trzic-Tank1","2026-07-02 07:00","-0.1"
"Trzic-Tank1","2026-07-02 08:00","-0.1"
"Trzic-Tank1","2026-07-02 09:00","-0.1"
"Trzic-Tank1","2026-07-02 10:00","-0.1"
"Trzic-Tank1","2026-07-02 11:00","-0.1"
"Trzic-Tank1","2026-07-02 12:00","-0.1"
"Trzic-Tank1","2026-07-02 13:00","-0.1"
"Trzic-Tank1","2026-07-02 14:00","-0.1"
"Trzic-Tank1","2026-07-02 15:00","-0.1"
"Trzic-Tank1","2026-07-02 16:00","-0.1"
"Trzic-Tank1","2026-07-02 17:00","-0.1"
"Trzic-Tank1","2026-07-02 18:00","-0.1"
"Trzic-Tank1","2026-07-02 19:00","-0.1"
"Trzic-Tank1","2026-07-02 20:00","-0.1"
"Trzic-Tank1","2026-07-02 21:00","-0.1"
"Trzic-Tank1","2026-07-02 22:00","-0.1"
"Trzic-Tank1","2026-07-02 23:00","-0.1"
"Trzic-Tank1","2026-07-03 00:00","-0.1"
"Trzic-Tank1","2026-07-03 01:00","-0.1"
"Trzic-Tank1","2026-07-03 02:00","-0.1"
"Trzic-Tank1","2026-07-03 03:00","-0.1"
"Trzic-Tank1","2026-07-03 04:00","-0.1"
"Trzic-Tank1","2026-07-03 05:00","-0.1"
"Trzic-Tank1","2026-07-03 06:00","-0.1"
"Trzic-Tank1","2026-07-03 07:00","-0.1"
"Trzic-Tank1","2026-07-03 08:00","-0.1"
"Trzic-Tank1","2026-07-03 09:00","-0.1"
"Trzic-Tank1","2026-07-03 10:00","-0.1"
"Trzic-Tank1","2026-07-03 11:00","-0.1"
"Trzic-Tank1","2026-07-03 12:00","-0.1"
"Trzic-Tank1","2026-07-03 13:00","-0.1"
"Trzic-Tank1","2026-07-03 14:00","-0.1"
"Trzic-Tank1","2026-07-03 15:00","-0.1"
"Trzic-Tank1","2026-07-03 16:00","-0.1"
"Trzic-Tank1","2026-07-03 17:00","-0.1"
"Trzic-Tank1","2026-07-03 18:00","-0.1"
"Trzic-Tank1","2026-07-03 19:00","-0.1"
"Trzic-Tank1","2026-07-03 20:00","-0.1"
"Trzic-Tank1","2026-07-03 21:00","-0.1"
"Trzic-Tank1","2026-07-03 22:00","-0.1"
"Trzic-Tank1","2026-07-03 23:00","-0.1"
"Trzic-Tank1","2026-07-04 00:00","-0.1"
"Trzic-Tank1","2026-07-04 01:00","-0.1"
"Trzic-Tank1","2026-07-04 02:00","-0.1"
"Trzic-Tank1","2026-07-04 03:00","-0.1"
"Trzic-Tank1","2026-07-04 04:00","-0.1"
"Trzic-Tank1","2026-07-04 05:00","-0.1"
"Trzic-Tank1","2026-07-04 06:00","-0.1"
"Trzic-Tank1","2026-07-04 07:00","-0.1"
"Trzic-Tank1","2026-07-04 08:00","-0.1"
"Trzic-Tank1","2026-07-04 09:00","-0.1"
"Trzic-Tank1","2026-07-04 10:00","-0.1"
"Trzic-Tank1","2026-07-04 11:00","-0.1"
"Trzic-Tank1","2026-07-04 12:00","-0.1"
"Trzic-Tank1","2026-07-04 13:00","-0.1"
"Trzic-Tank1","2026-07-04 14:00","-0.1"
"Trzic-Tank1","2026-07-04 15:00","-0.1"
"Trzic-Tank1","2026-07-04 16:00","-0.1"
"Trzic-Tank1","2026-07-04 17:00","-0.1"
"Trzic-Tank1","2026-07-04 18:00","-0.1"
"Trzic-Tank1","2026-07-04 19:00","-0.1"
"Trzic-Tank1","2026-07-04 20:00","-0.1"
"Trzic-Tank1","2026-07-04 21:00","-0.1"
"Trzic-Tank1","2026-07-04 22:00","-0.1"
"Trzic-Tank1","2026-07-04 23:00","-0.1"
"Trzic-Tank1","2026-07-05 00:00","-0.1"
"Trzic-Tank1","2026-07-05 01:00","-0.1"
"Trzic-Tank1","2026-07-05 02:00","-0.1"
"Trzic-Tank1","2026-07-05 03:00","-0.1"
"Trzic-Tank1","2026-07-05 04:00","-0.1"
"Trzic-Tank1","2026-07-05 05:00","-0.1"
"Trzic-Tank1","2026-07-05 06:00","-0.1"
"Trzic-Tank1","2026-07-05 07:00","-0.1"
"Trzic-Tank1","2026-07-05 08:00","-0.1"
"Trzic-Tank1","2026-07-05 09:00","-0.1"
"Trzic-Tank1","2026-07-05 10:00","-0.1"
"Trzic-Tank1","2026-07-05 11:00","-0.1"
"Trzic-Tank1","2026-07-05 12:00","-0.1"
"Trzic-Tank1","2026-07-05 13:00","-0.1"
"Trzic-Tank1","2026-07-05 14:00","-0.1"
"Trzic-Tank1","2026-07-05 15:00","-0.1"
"Trzic-Tank1","2026-07-05 16:00","-0.1"
"Trzic-Tank1","2026-07-05 17:00","-0.1"
"Trzic-Tank1","2026-07-05 18:00","-0.1"
"Trzic-Tank1","2026-07-05 19:00","-0.1"
"Trzic-Tank1","2026-07-05 20:00","-0.1"
"Trzic-Tank1","2026-07-05 21:00","-0.1"
"Trzic-Tank1","2026-07-05 22:00","-0.1"
"Trzic-Tank1","2026-07-05 23:00","-0.1"
"Trzic-Tank1","2026-07-06 00:00","-0.1"
"Trzic-Tank1","2026-07-06 01:00","-0.1"
"Trzic-Tank1","2026-07-06 02:00","-0.1"
"Trzic-Tank1","2026-07-06 03:00","-0.1"
"Trzic-Tank1","2026-07-06 04:00","-0.1"
"Trzic-Tank1","2026-07-06 05:00","-0.1"
"Trzic-Tank1","2026-07-06 06:00","-0.1"
"Trzic-Tank1","2026-07-06 07:00","-0.1"
"Trzic-Tank1","2026-07-06 08:00","-0.1"
"Trzic-Tank1","2026-07-06 09:00","-0.1"
"Trzic-Tank1","2026-07-06 10:00","-0.1"
"Trzic-Tank1","2026-07-06 11:00","-0.1"
"Trzic-Tank1","2026-07-06 12:00","-0.1"
"Trzic-Tank1","2026-07-06 13:00","-0.1"
"Trzic-Tank1","2026-07-06 14:00","-0.1"
"Trzic-Tank1","2026-07-06 15:00","-0.1"
"Trzic-Tank1","2026-07-06 16:00","-0.1"
"Trzic-Tank1","2026-07-06 17:00","-0.1"
"Trzic-Tank1","2026-07-06 18:00","-0.1"
"Trzic-Tank1","2026-07-06 19:00","-0.1"
"Trzic-Tank1","2026-07-06 20:00","-0.1"
"Trzic-Tank1","2026-07-06 21:00","-0.1"
"Trzic-Tank1","2026-07-06 22:00","-0.1"
"Trzic-Tank1","2026-07-06 23:00","-0.1"
"Trzic-Tank1","2026-07-07 00:00","-0.1"
"Trzic-Tank1","2026-07-07 01:00","-0.1"
"Trzic-Tank1","2026-07-07 02:00","-0.1"
"Trzic-Tank1","2026-07-07 03:00","-0.1"
"Trzic-Tank1","2026-07-07 04:00","-0.1"
"Trzic-Tank1","2026-07-07 05:00","-0.2"
"Trzic-Tank1","2026-07-07 06:00","-0.2"
"Trzic-Tank1","2026-07-07 07:00","-0.2"
"Trzic-Tank1","2026-07-07 08:00","-0.2"
"Trzic-Tank1","2026-07-07 09:00","-0.2"
"Trzic-Tank1","2026-07-07 10:00","-0.2"
"Trzic-Tank1","2026-07-07 11:00","-0.2"
"Trzic-Tank1","2026-07-07 12:00","-0.2"
"Trzic-Tank1","2026-07-07 13:00","-0.2"
"Trzic-Tank1","2026-07-07 14:00","-0.2"
"Trzic-Tank1","2026-07-07 15:00","-0.2"
"Trzic-Tank1","2026-07-07 16:00","-0.1"
"Trzic-Tank1","2026-07-07 17:00","-0.1"
"Trzic-Tank1","2026-07-07 18:00","-0.1"
"Trzic-Tank1","2026-07-07 19:00","-0.1"
"Trzic-Tank1","2026-07-07 20:00","-0.1"
"Trzic-Tank1","2026-07-07 21:00","-0.1"
"Trzic-Tank1","2026-07-07 22:00","-0.1"
"Trzic-Tank1","2026-07-07 23:00","-0.1"
"Trzic-Tank1","2026-07-08 00:00","-0.1"
"Trzic-Tank1","2026-07-08 01:00","-0.2"
"Trzic-Tank1","2026-07-08 02:00","-0.2"
"Trzic-Tank1","2026-07-08 03:00","-0.2"
"Trzic-Tank1","2026-07-08 04:00","-0.2"
"Trzic-Tank1","2026-07-08 05:00","-0.2"
"Trzic-Tank1","2026-07-08 06:00","-0.2"
"Trzic-Tank1","2026-07-08 07:00","-0.2"
"Trzic-Tank1","2026-07-08 08:00","-0.2"
"Trzic-Tank1","2026-07-08 09:00","-0.2"
"Trzic-Tank1","2026-07-08 10:00","-0.2"
"Trzic-Tank1","2026-07-08 11:00","-0.2"
"Trzic-Tank1","2026-07-08 12:00","-0.2"
"Trzic-Tank1","2026-07-08 13:00","-0.2"
"Trzic-Tank1","2026-07-08 14:00","-0.2"
"Trzic-Tank1","2026-07-08 15:00","-0.2"
"Trzic-Tank1","2026-07-08 16:00","-0.2"
"Trzic-Tank1","2026-07-08 17:00","-0.2"
"Trzic-Tank1","2026-07-08 18:00","-0.2"
"Trzic-Tank1","2026-07-08 19:00","-0.2"
"Trzic-Tank1","2026-07-08 20:00","-0.2"
"Trzic-Tank1","2026-07-08 21:00","-0.2"
"Trzic-Tank1","2026-07-08 22:00","-0.2"
"Trzic-Tank1","2026-07-08 23:00","-0.2"
"Trzic-Tank1","2026-07-09 00:00","-0.2"
"Trzic-Tank1","2026-07-09 01:00","-0.2"
"Trzic-Tank1","2026-07-09 02:00","-0.2"
"Trzic-Tank1","2026-07-09 03:00","-0.2"
"Trzic-Tank1","2026-07-09 04:00","-0.2"
"Trzic-Tank1","2026-07-09 05:00","-0.3"
"Trzic-Tank1","2026-07-09 06:00","-0.3"
"Trzic-Tank1","2026-07-09 07:00","-0.3"
"Trzic-Tank1","2026-07-09 08:00","-0.3"
"Trzic-Tank1","2026-07-09 09:00","-0.3"
"Trzic-Tank1","2026-07-09 10:00","-0.3"
"Trzic-Tank1","2026-07-09 11:00","-0.3"
"Trzic-Tank1","2026-07-09 12:00","-0.3"
"Trzic-Tank1","2026-07-09 13:00","-0.3"
"Trzic-Tank1","2026-07-09 14:00","-0.3"
"Trzic-Tank1","2026-07-09 15:00","-0.3"
"Trzic-Tank1","2026-07-09 16:00","-0.3"
"Trzic-Tank1","2026-07-09 17:00","-0.3"
"Trzic-Tank1","2026-07-09 18:00","-0.3"
"Trzic-Tank1","2026-07-09 19:00","-0.3"
"Trzic-Tank1","2026-07-09 20:00","-0.3"
"Trzic-Tank1","2026-07-09 21:00","-0.3"
"Trzic-Tank1","2026-07-09 22:00","-0.3"
"Trzic-Tank1","2026-07-09 23:00","-0.3"
"Trzic-Tank1","2026-07-10 00:00","-0.3"
"Trzic-Tank1","2026-07-10 01:00","-0.4"
"Trzic-Tank1","2026-07-10 02:00","-0.4"
"Trzic-Tank1","2026-07-10 03:00","-0.4"
"Trzic-Tank1","2026-07-10 04:00","-0.4"
"Trzic-Tank1","2026-07-10 05:00","-0.4"
"Trzic-Tank1","2026-07-10 06:00","-0.5"
"Trzic-Tank1","2026-07-10 07:00","-0.5"
"Trzic-Tank1","2026-07-10 08:00","-0.5"
"Trzic-Tank1","2026-07-10 09:00","-0.5"
"Trzic-Tank1","2026-07-10 10:00","-0.6"
"Trzic-Tank1","2026-07-10 11:00","-0.7"
"Trzic-Tank1","2026-07-10 12:00","-0.7"
"Trzic-Tank1","2026-07-10 13:00","-0.8"
"Trzic-Tank1","2026-07-10 14:00","-0.8"
"Trzic-Tank1","2026-07-10 15:00","-0.8"
"Trzic-Tank1","2026-07-10 16:00","-0.8"
"Trzic-Tank1","2026-07-10 17:00","-0.7"
"Trzic-Tank1","2026-07-10 18:00","-0.7"
"Trzic-Tank1","2026-07-10 19:00","-0.7"
"Trzic-Tank1","2026-07-10 20:00",
"Trzic-Tank1","2026-07-10 21:00","-0.7"
"Trzic-Tank1","2026-07-10 22:00","-0.7"
"Trzic-Tank1","2026-07-10 23:00","-0.7"
"Trzic-Tank1","2026-07-11 00:00","-0.7"
"Trzic-Tank1","2026-07-11 01:00","-0.8"
"Trzic-Tank1","2026-07-11 02:00","-0.8"
"Trzic-Tank1","2026-07-11 03:00","-0.8"
"Trzic-Tank1","2026-07-11 04:00","-0.8"
"Trzic-Tank1","2026-07-11 05:00","-1.1"
"Trzic-Tank1","2026-07-11 06:00","-1.2"
"Trzic-Tank1","2026-07-11 07:00","-1.2"
"Trzic-Tank1","2026-07-11 08:00","-1.3"
"Trzic-Tank1","2026-07-11 09:00","-1.5"
"Trzic-Tank1","2026-07-11 10:00","-1.9"
"Trzic-Tank1","2026-07-11 11:00","-2.2"
"Trzic-Tank1","2026-07-11 12:00","-2.5"
"Trzic-Tank1","2026-07-11 13:00","-3.1"
"Trzic-Tank1","2026-07-11 14:00","-3.2"
"Trzic-Tank1","2026-07-11 15:00","-3.3"
"Trzic-Tank1","2026-07-11 16:00","-2.9"
"Trzic-Tank1","2026-07-11 17:00","-2.9"
"Trzic-Tank1","2026-07-11 18:00","-3.2"
"Trzic-Tank1","2026-07-11 19:00","-3.3"
"Trzic-Tank1","2026-07-11 20:00","-3.2"
"Trzic-Tank1","2026-07-11 21:00","-3.1"
"Trzic-Tank1","2026-07-11 22:00","-3.2"
"Trzic-Tank1","2026-07-11 23:00","-3.5"
"Trzic-Tank1","2026-07-12 00:00","-3.5"
"Trzic-Tank1","2026-07-12 01:00","-1.1"
"Trzic-Tank1","2026-07-12 02:00","-1.1"
"Trzic-Tank1","2026-07-12 03:00","-1.1"
"Trzic-Tank1","2026-07-12 04:00","-1.1"
"Trzic-Tank1","2026-07-12 05:00","-0.1"
"Trzic-Tank1","2026-07-12 06:00","-0.1"
"Trzic-Tank1","2026-07-12 07:00","-0.1"
"Trzic-Tank1","2026-07-12 08:00","-0.1"
"Trzic-Tank1","2026-07-12 09:00","-0.1"
"Trzic-Tank1","2026-07-12 10:00","-0.1"
"Trzic-Tank1","2026-07-12 11:00","-0.1"
"Trzic-Tank1","2026-07-12 12:00","-0.1"
"Trzic-Tank1","2026-07-12 13:00","-0.1"
"Trzic-Tank1","2026-07-12 14:00","-0.1"
"Trzic-Tank1","2026-07-12 15:00","-0.1"
"Trzic-Tank1","2026-07-12 16:00","-0.1"
"Trzic-Tank1","2026-07-12 17:00","-0.1"
"Trzic-Tank1","2026-07-12 18:00","-0.1"
"Trzic-Tank1","2026-07-12 19:00","-0.1"
"Trzic-Tank1","2026-07-12 20:00","-0.1"
"Trzic-Tank1","2026-07-12 21:00","-0.1"
"Trzic-Tank1","2026-07-12 22:00","-0.1"
"Trzic-Tank1","2026-07-12 23:00","-0.1"
"Trzic-Tank1","2026-07-13 00:00","-0.1"
"Trzic-Tank1","2026-07-13 01:00","-0.1"
"Trzic-Tank1","2026-07-13 02:00","-0.1"
"Trzic-Tank1","2026-07-13 03:00","-0.1"
"Trzic-Tank1","2026-07-13 04:00","-0.1"
"Trzic-Tank1","2026-07-13 05:00","-0.1"
"Trzic-Tank1","2026-07-13 06:00","-0.1"
"Trzic-Tank1","2026-07-13 07:00","-0.1"
"Trzic-Tank1","2026-07-13 08:00","-0.1"
"Trzic-Tank1","2026-07-13 09:00","-0.1"
"Trzic-Tank1","2026-07-13 10:00","-0.1"
"Trzic-Tank1","2026-07-13 11:00","-0.1"
"Trzic-Tank1","2026-07-13 12:00","-0.1"
"Trzic-Tank1","2026-07-13 13:00","-0.1"
"Trzic-Tank1","2026-07-13 14:00","-0.1"
"Trzic-Tank1","2026-07-13 15:00","-0.1"
"Trzic-Tank1","2026-07-13 16:00","-0.1"
"Trzic-Tank1","2026-07-13 17:00","-0.1"
"Trzic-Tank1","2026-07-13 18:00","-0.1"
"Trzic-Tank1","2026-07-13 19:00","-0.1"
"Trzic-Tank1","2026-07-13 20:00","-0.1"
"Trzic-Tank1","2026-07-13 21:00","-0.1"
"Trzic-Tank1","2026-07-13 22:00","-0.1"
"Trzic-Tank1","2026-07-13 23:00","-0.1"
"Trzic-Tank1","2026-07-14 00:00","-0.1"
"Trzic-Tank1","2026-07-14 01:00","-0.1"
"Trzic-Tank1","2026-07-14 02:00","-0.1"
"Trzic-Tank1","2026-07-14 03:00","-0.1"
"Trzic-Tank1","2026-07-14 04:00","-0.1"
"Trzic-Tank1","2026-07-14 05:00","-0.1"
"Trzic-Tank1","2026-07-14 06:00","-0.1"
"Trzic-Tank1","2026-07-14 07:00","-0.1"
"Trzic-Tank1","2026-07-14 08:00","-0.1"
"Trzic-Tank1","2026-07-14 09:00","-0.1"
"Trzic-Tank1","2026-07-14 10:00","-0.1"
"Trzic-Tank1","2026-07-14 11:00","-0.1"
"Trzic-Tank1","2026-07-14 12:00","-0.1"
"Trzic-Tank1","2026-07-14 13:00","-0.1"
"Trzic-Tank1","2026-07-14 14:00","-0.1"
"Trzic-Tank1","2026-07-14 15:00","-0.1"
"Trzic-Tank1","2026-07-14 16:00","-0.1"
"Trzic-Tank1","2026-07-14 17:00","-0.1"
"Trzic-Tank1","2026-07-14 18:00","-0.1"
"Trzic-Tank1","2026-07-14 19:00","-0.1"
"Trzic-Tank1","2026-07-14 20:00","-0.1"
"Trzic-Tank1","2026-07-14 21:00","-0.1"
"Trzic-Tank1","2026-07-14 22:00","-0.1"
"Trzic-Tank1","2026-07-14 23:00","-0.1"
"Trzic-Tank1","2026-07-15 00:00","-0.1"
"Trzic-Tank1","2026-07-15 01:00","-0.1"
"Trzic-Tank1","2026-07-15 02:00","-0.1"
"Trzic-Tank1","2026-07-15 03:00","-0.1"
"Trzic-Tank1","2026-07-15 04:00","-0.1"
"Trzic-Tank1","2026-07-15 05:00","-0.1"
"Trzic-Tank1","2026-07-15 06:00","-0.1"
"Trzic-Tank1","2026-07-15 07:00","-0.1"
"Trzic-Tank1","2026-07-15 08:00","-0.1"
"Trzic-Tank1","2026-07-15 09:00","-0.1"
"Trzic-Tank1","2026-07-15 10:00","-0.1"
"Trzic-Tank1","2026-07-15 11:00","-0.1"
"Trzic-Tank1","2026-07-15 12:00","-0.1"
"Trzic-Tank1","2026-07-15 13:00","-0.1"
"Trzic-Tank1","2026-07-15 14:00","-0.1"
"Trzic-Tank1","2026-07-15 15:00","-0.1"
"Trzic-Tank1","2026-07-15 16:00","-0.1"
"Trzic-Tank1","2026-07-15 17:00","-0.1"
"Trzic-Tank1","2026-07-15 18:00","-0.1"
"Trzic-Tank1","2026-07-15 19:00","-0.1"
"Trzic-Tank1","2026-07-15 20:00","-0.1"
"Trzic-Tank1","2026-07-15 21:00","-0.1"
"Trzic-Tank1","2026-07-15 22:00","-0.1"
"Trzic-Tank1","2026-07-15 23:00","-0.1"
"Trzic-Tank1","2026-07-16 00:00","-0.1"
"Trzic-Tank1","2026-07-16 01:00","-0.1"
"Trzic-Tank1","2026-07-16 02:00","-0.1"
"Trzic-Tank1","2026-07-16 03:00","-0.1"
"Trzic-Tank1","2026-07-16 04:00","-0.1"
"Trzic-Tank1","2026-07-16 05:00","-0.1"
"Trzic-Tank1","2026-07-16 06:00","-0.1"
"Trzic-Tank1","2026-07-16 07:00","-0.1"
"Trzic-Tank1","2026-07-16 08:00","-0.1"
"Trzic-Tank1","2026-07-16 09:00","-0.1"
"Trzic-Tank1","2026-07-16 10:00","-0.1"
"Trzic-Tank1","2026-07-16 11:00","-0.1"
"Trzic-Tank1","2026-07-16 12:00","-0.1"
"Trzic-Tank1","2026-07-16 13:00","-0.1"
"Trzic-Tank1","2026-07-16 14:00","-0.1"
"Trzic-Tank1","2026-07-16 15:00","-0.1"
"Trzic-Tank1","2026-07-16 16:00","-0.1"
"Trzic-Tank1","2026-07-16 17:00","-0.1"
"Trzic-Tank1","2026-07-16 18:00","-0.1"
"Trzic-Tank1","2026-07-16 19:00","-0.1"
"Trzic-Tank1","2026-07-16 20:00","-0.1"
"Trzic-Tank1","2026-07-16 21:00","-0.1"
"Trzic-Tank1","2026-07-16 22:00","-0.1"
"Trzic-Tank1","2026-07-16 23:00","-0.1"
"Trzic-Tank1","2026-07-17 00:00","-0.1"
"Trzic-Tank1","2026-07-17 01:00","-0.1"
"Trzic-Tank1","2026-07-17 02:00","-0.1"
"Trzic-Tank1","2026-07-17 03:00","-0.1"
"Trzic-Tank1","2026-07-17 04:00","-0.1"
"Trzic-Tank1","2026-07-17 05:00","-0.1"
"Trzic-Tank1","2026-07-17 06:00","-0.1"
"Trzic-Tank1","2026-07-17 07:00","-0.1"
"Trzic-Tank1","2026-07-17 08:00","-0.1"
"Trzic-Tank1","2026-07-17 09:00","-0.1"
"Trzic-Tank1","2026-07-17 10:00","-0.1"
"Trzic-Tank1","2026-07-17 11:00","-0.1"
"Trzic-Tank1","2026-07-17 12:00","-0.1"
"Trzic-Tank1","2026-07-17 13:00","-0.1"
"Trzic-Tank1","2026-07-17 14:00","-0.1"
"Trzic-Tank1","2026-07-17 15:00","-0.1"
"Trzic-Tank1","2026-07-17 16:00","-0.1"
"Trzic-Tank1","2026-07-17 17:00","-0.1"
"Trzic-Tank1","2026-07-17 18:00","-0.1"
"Trzic-Tank1","2026-07-17 19:00","-0.1"
"Trzic-Tank1","2026-07-17 20:00","-0.1"
"Trzic-Tank1","2026-07-17 21:00","-0.1"
"Trzic-Tank1","2026-07-17 22:00","-0.1"
"Trzic-Tank1","2026-07-17 23:00","-0.1"
"Trzic-Tank1","2026-07-18 00:00","-0.1"
"Trzic-Tank1","2026-07-18 01:00","-0.1"
"Trzic-Tank1","2026-07-18 02:00","-0.1"
"Trzic-Tank1","2026-07-18 03:00","-0.1"
"Trzic-Tank1","2026-07-18 04:00","-0.1"
"Trzic-Tank1","2026-07-18 05:00","-0.1"
"Trzic-Tank1","2026-07-18 06:00","-0.1"
"Trzic-Tank1","2026-07-18 07:00","-0.1"
"Trzic-Tank1","2026-07-18 08:00","-0.1"
"Trzic-Tank1","2026-07-18 09:00","-0.1"
"Trzic-Tank1","2026-07-18 10:00","-0.1"
"Trzic-Tank1","2026-07-18 11:00","-0.1"
"Trzic-Tank1","2026-07-18 12:00","-0.1"
"Trzic-Tank1","2026-07-18 13:00","-0.1"
"Trzic-Tank1","2026-07-18 14:00","-0.1"
"Trzic-Tank1","2026-07-18 15:00","-0.1"
"Trzic-Tank1","2026-07-18 16:00","-0.1"
"Trzic-Tank1","2026-07-18 17:00","-0.1"
"Trzic-Tank1","2026-07-18 18:00","-0.1"
"Trzic-Tank1","2026-07-18 19:00","-0.1"
"Trzic-Tank1","2026-07-18 20:00","-0.1"
"Trzic-Tank1","2026-07-18 21:00","-0.1"
"Trzic-Tank1","2026-07-18 22:00","-0.1"
"Trzic-Tank1","2026-07-18 23:00","-0.1"
"Trzic-Tank1","2026-07-19 00:00","-0.1"
"Trzic-Tank1","2026-07-19 01:00","-0.1"
"Trzic-Tank1","2026-07-19 02:00","-0.1"
"Trzic-Tank1","2026-07-19 03:00","-0.1"
"Trzic-Tank1","2026-07-19 04:00","-0.1"
"Trzic-Tank1","2026-07-19 05:00","-0.1"
"Trzic-Tank1","2026-07-19 06:00","-0.1"
"Trzic-Tank1","2026-07-19 07:00","-0.1"
"Trzic-Tank1","2026-07-19 08:00","-0.1"
"Trzic-Tank1","2026-07-19 09:00","-0.1"
"Trzic-Tank1","2026-07-19 10:00","-0.1"
"Trzic-Tank1","2026-07-19 11:00","-0.1"
"Trzic-Tank1","2026-07-19 12:00","-0.1"
"Trzic-Tank1","2026-07-19 13:00","-0.1"
"Trzic-Tank1","2026-07-19 14:00","-0.1"
"Trzic-Tank1","2026-07-19 15:00","-0.1"
"Trzic-Tank1","2026-07-19 16:00","-0.1"
"Trzic-Tank1","2026-07-19 17:00","-0.1"
"Trzic-Tank1","2026-07-19 18:00","-0.1"
"Trzic-Tank1","2026-07-19 19:00","-0.1"
"Trzic-Tank1","2026-07-19 20:00","-0.1"
"Trzic-Tank1","2026-07-19 21:00","-0.1"
"Trzic-Tank1","2026-07-19 22:00","-0.1"
"Trzic-Tank1","2026-07-19 23:00","-0.1"
"Trzic-Tank1","2026-07-20 00:00","-0.1"
"Trzic-Tank1","2026-07-20 01:00",
"Trzic-Tank1","2026-07-20 02:00","-0.1"
"Trzic-Tank1","2026-07-20 03:00","-0.1"
"Trzic-Tank1","2026-07-20 04:00","-0.1"
"Trzic-Tank1","2026-07-20 05:00","-0.1"
"Trzic-Tank1","2026-07-20 06:00","-0.1"
"Trzic-Tank1","2026-07-20 07:00","-0.1"
"Trzic-Tank1","2026-07-20 08:00","-0.1"
"Trzic-Tank1","2026-07-20 09:00","-0.1"
"Trzic-Tank1","2026-07-20 10:00","-0.1"
"Trzic-Tank1","2026-07-20 11:00","-0.1"
"Trzic-Tank1","2026-07-20 12:00","-0.1"
"Trzic-Tank1","2026-07-20 13:00","-0.1"
"Trzic-Tank1","2026-07-20 14:00","-0.1"
"Trzic-Tank1","2026-07-20 15:00","-0.1"
"Trzic-Tank1","2026-07-20 16:00","-0.1"
"Trzic-Tank1","2026-07-20 17:00","-0.1"
"Trzic-Tank1","2026-07-20 18:00","-0.1"
"Trzic-Tank1","2026-07-20 19:00","-0.1"
"Trzic-Tank1","2026-07-20 20:00","-0.1"
"Trzic-Tank1","2026-07-20 21:00","-0.1"
"Trzic-Tank1","2026-07-20 22:00","-0.1"
"Trzic-Tank1","2026-07-20 23:00","-0.1"
"Trzic-Tank1","2026-07-21 00:00","-0.1"
"Trzic-Tank1","2026-07-21 01:00","-0.1"
"Trzic-Tank1","2026-07-21 02:00","-0.1"
"Trzic-Tank1","2026-07-21 03:00","-0.1"
"Trzic-Tank1","2026-07-21 04:00","-0.1"
"Trzic-Tank1","2026-07-21 05:00","-0.1"
"Trzic-Tank1","2026-07-21 06:00","-0.1"
"Trzic-Tank1","2026-07-21 07:00","-0.1"
"Trzic-Tank1","2026-07-21 08:00","-0.1"
"Trzic-Tank1","2026-07-21 09:00","-0.1"
"Trzic-Tank1","2026-07-21 10:00","-0.1"
"Trzic-Tank1","2026-07-21 11:00","-0.1"
"Trzic-Tank1","2026-07-21 12:00","-0.1"
"Trzic-Tank1","2026-07-21 13:00","-0.1"
"Trzic-Tank1","2026-07-21 14:00","-0.1"
"Trzic-Tank1","2026-07-21 15:00","-0.1"
"Trzic-Tank1","2026-07-21 16:00","-0.1"
"Trzic-Tank1","2026-07-21 17:00","-0.1"
"Trzic-Tank1","2026-07-21 18:00","-0.1"
"Trzic-Tank1","2026-07-21 19:00","-0.1"
"Trzic-Tank1","2026-07-21 20:00","-0.1"
"Trzic-Tank1","2026-07-21 21:00","-0.1"
"Trzic-Tank1","2026-07-21 22:00","-0.1"
"Trzic-Tank1","2026-07-21 23:00","-0.1"
"Trzic-Tank1","2026-07-22 00:00","-0.1"
"Trzic-Tank1","2026-07-22 01:00","-0.1"
"Trzic-Tank1","2026-07-22 02:00","-0.1"
"Trzic-Tank1","2026-07-22 03:00","-0.1"
"Trzic-Tank1","2026-07-22 04:00","-0.1"
"Trzic-Tank1","2026-07-22 05:00","-0.1"
"Trzic-Tank1","2026-07-22 06:00","-0.1"
"Trzic-Tank1","2026-07-22 07:00","-0.1"
"Trzic-Tank1","2026-07-22 08:00","-0.1"
"Trzic-Tank1","2026-07-22 09:00","-0.1"
"Trzic-Tank1","2026-07-22 10:00","-0.1"
"Trzic-Tank1","2026-07-22 11:00","-0.1"
"Trzic-Tank1","2026-07-22 12:00","-0.1"
"Trzic-Tank1","2026-07-22 13:00","-0.1"
"Trzic-Tank1","2026-07-22 14:00","-0.1"
"Trzic-Tank1","2026-07-22 15:00","-0.1"
"Trzic-Tank1","2026-07-22 16:00","-0.1"
"Trzic-Tank1","2026-07-22 17:00","-0.1"
"Trzic-Tank1","2026-07-22 18:00","-0.1"
"Trzic-Tank1","2026-07-22 19:00","-0.1"
"Trzic-Tank1","2026-07-22 20:00","-0.1"
"Trzic-Tank1","2026-07-22 21:00","-0.1"
"Trzic-Tank1","2026-07-22 22:00","-0.1"
"Trzic-Tank1","2026-07-22 23:00","-0.1"
"Trzic-Tank1","2026-07-23 00:00","-0.1"
"Trzic-Tank1","2026-07-23 01:00","-0.1"
"Trzic-Tank1","2026-07-23 02:00","-0.1"
"Trzic-Tank1","2026-07-23 03:00","-0.1"
"Trzic-Tank1","2026-07-23 04:00","-0.1"
"Trzic-Tank1","2026-07-23 05:00","-0.1"
"Trzic-Tank1","2026-07-23 06:00","-0.1"
"Trzic-Tank1","2026-07-23 07:00","-0.1"
"Trzic-Tank1","2026-07-23 08:00","-0.1"
"Trzic-Tank1","2026-07-23 09:00","-0.1"
"Trzic-Tank1","2026-07-23 10:00","-0.1"
"Trzic-Tank1","2026-07-23 11:00","-0.1"
"Trzic-Tank1","2026-07-23 12:00","-0.1"
"Trzic-Tank1","2026-07-23 13:00","-0.1"
"Trzic-Tank1","2026-07-23 14:00","-0.1"
"Trzic-Tank1","2026-07-23 15:00","-0.1"
"Trzic-Tank1","2026-07-23 16:00","-0.1"
"Trzic-Tank1","2026-07-23 17:00","-0.1"
"Trzic-Tank1","2026-07-23 18:00","-0.1"
"Trzic-Tank1","2026-07-23 19:00","-0.1"
"Trzic-Tank1","2026-07-23 20:00","-0.1"
"Trzic-Tank1","2026-07-23 21:00","-0.1"
"Trzic-Tank1","2026-07-23 22:00","-0.1"
"Trzic-Tank5","2026-05-27 16:00","-0.7"
"Trzic-Tank5","2026-05-27 17:00","-0.7"
"Trzic-Tank5","2026-05-27 18:00","-0.7"
"Trzic-Tank5","2026-05-27 19:00","-0.7"
"Trzic-Tank5","2026-05-27 20:00","-0.7"
"Trzic-Tank5","2026-05-27 21:00","-0.7"
"Trzic-Tank5","2026-05-27 22:00","-0.8"
"Trzic-Tank5","2026-05-27 23:00","-0.8"
"Trzic-Tank5","2026-05-28 00:00","-0.8"
"Trzic-Tank5","2026-05-28 01:00","-0.8"
"Trzic-Tank5","2026-05-28 02:00","-0.8"
"Trzic-Tank5","2026-05-28 03:00","-0.8"
"Trzic-Tank5","2026-05-28 04:00","-0.8"
"Trzic-Tank5","2026-05-28 05:00","-0.7"
"Trzic-Tank5","2026-05-28 06:00","-0.7"
"Trzic-Tank5","2026-05-28 07:00","-0.7"
"Trzic-Tank5","2026-05-28 08:00","-0.7"
"Trzic-Tank5","2026-05-28 09:00","-0.7"
"Trzic-Tank5","2026-05-28 10:00","-0.7"
"Trzic-Tank5","2026-05-28 11:00","-0.7"
"Trzic-Tank5","2026-05-28 12:00","-0.8"
"Trzic-Tank5","2026-05-28 13:00","-0.8"
"Trzic-Tank5","2026-05-28 14:00","-0.8"
"Trzic-Tank5","2026-05-28 15:00","-0.8"
"Trzic-Tank5","2026-05-28 16:00","-0.8"
"Trzic-Tank5","2026-05-28 17:00","-0.8"
"Trzic-Tank5","2026-05-28 18:00","-0.8"
"Trzic-Tank5","2026-05-28 19:00","-0.8"
"Trzic-Tank5","2026-05-28 20:00","-0.8"
"Trzic-Tank5","2026-05-28 21:00","-0.8"
"Trzic-Tank5","2026-05-28 22:00","-0.8"
"Trzic-Tank5","2026-05-28 23:00","-0.9"
"Trzic-Tank5","2026-05-29 00:00","-0.9"
"Trzic-Tank5","2026-05-29 01:00","-0.9"
"Trzic-Tank5","2026-05-29 02:00","-0.9"
"Trzic-Tank5","2026-05-29 03:00","-0.9"
"Trzic-Tank5","2026-05-29 04:00","-0.9"
"Trzic-Tank5","2026-05-29 05:00","-0.9"
"Trzic-Tank5","2026-05-29 06:00","-0.9"
"Trzic-Tank5","2026-05-29 07:00","-0.9"
"Trzic-Tank5","2026-05-29 08:00","-0.9"
"Trzic-Tank5","2026-05-29 09:00","-0.9"
"Trzic-Tank5","2026-05-29 10:00","-0.9"
"Trzic-Tank5","2026-05-29 11:00","-0.9"
"Trzic-Tank5","2026-05-29 12:00","-0.9"
"Trzic-Tank5","2026-05-29 13:00","-0.9"
"Trzic-Tank5","2026-05-29 14:00","-0.9"
"Trzic-Tank5","2026-05-29 15:00","-0.9"
"Trzic-Tank5","2026-05-29 16:00","-0.9"
"Trzic-Tank5","2026-05-29 17:00","-1"
"Trzic-Tank5","2026-05-29 18:00","-1"
"Trzic-Tank5","2026-05-29 19:00","-1"
"Trzic-Tank5","2026-05-29 20:00","-1"
"Trzic-Tank5","2026-05-29 21:00","-1"
"Trzic-Tank5","2026-05-29 22:00","-0.8"
"Trzic-Tank5","2026-05-29 23:00","-0.6"
"Trzic-Tank5","2026-05-30 00:00","-0.6"
"Trzic-Tank5","2026-05-30 01:00","-0.5"
"Trzic-Tank5","2026-05-30 02:00","-0.5"
"Trzic-Tank5","2026-05-30 03:00","-0.5"
"Trzic-Tank5","2026-05-30 04:00","-0.5"
"Trzic-Tank5","2026-05-30 05:00","-0.4"
"Trzic-Tank5","2026-05-30 06:00","-0.4"
"Trzic-Tank5","2026-05-30 07:00","-0.4"
"Trzic-Tank5","2026-05-30 08:00","-0.4"
"Trzic-Tank5","2026-05-30 09:00","-0.4"
"Trzic-Tank5","2026-05-30 10:00","-0.4"
"Trzic-Tank5","2026-05-30 11:00","-0.4"
"Trzic-Tank5","2026-05-30 12:00","-0.4"
"Trzic-Tank5","2026-05-30 13:00","-0.4"
"Trzic-Tank5","2026-05-30 14:00","-0.4"
"Trzic-Tank5","2026-05-30 15:00","-0.4"
"Trzic-Tank5","2026-05-30 16:00","-0.4"
"Trzic-Tank5","2026-05-30 17:00","-0.4"
"Trzic-Tank5","2026-05-30 18:00","-0.5"
"Trzic-Tank5","2026-05-30 19:00","-0.5"
"Trzic-Tank5","2026-05-30 20:00","-0.5"
"Trzic-Tank5","2026-05-30 21:00","-0.5"
"Trzic-Tank5","2026-05-30 22:00","-0.5"
"Trzic-Tank5","2026-05-30 23:00","-0.5"
"Trzic-Tank5","2026-05-31 00:00","-0.5"
"Trzic-Tank5","2026-05-31 01:00","-0.5"
"Trzic-Tank5","2026-05-31 02:00","-0.5"
"Trzic-Tank5","2026-05-31 03:00","-0.5"
"Trzic-Tank5","2026-05-31 04:00","-0.5"
"Trzic-Tank5","2026-05-31 05:00","-0.5"
"Trzic-Tank5","2026-05-31 06:00","-0.5"
"Trzic-Tank5","2026-05-31 07:00","-0.5"
"Trzic-Tank5","2026-05-31 08:00","-0.5"
"Trzic-Tank5","2026-05-31 09:00","-0.5"
"Trzic-Tank5","2026-05-31 10:00","-0.5"
"Trzic-Tank5","2026-05-31 11:00","-0.5"
"Trzic-Tank5","2026-05-31 12:00","-0.6"
"Trzic-Tank5","2026-05-31 13:00","-0.6"
"Trzic-Tank5","2026-05-31 14:00","-0.6"
"Trzic-Tank5","2026-05-31 15:00","-0.6"
"Trzic-Tank5","2026-05-31 16:00","-0.6"
"Trzic-Tank5","2026-05-31 17:00","-0.2"
"Trzic-Tank5","2026-05-31 18:00","-0.2"
"Trzic-Tank5","2026-05-31 19:00","-0.2"
"Trzic-Tank5","2026-05-31 20:00","-0.2"
"Trzic-Tank5","2026-05-31 21:00","-0.2"
"Trzic-Tank5","2026-05-31 22:00","-0.2"
"Trzic-Tank5","2026-05-31 23:00","-0.2"
"Trzic-Tank5","2026-06-01 00:00","-0.2"
"Trzic-Tank5","2026-06-01 01:00","-0.2"
"Trzic-Tank5","2026-06-01 02:00","-0.2"
"Trzic-Tank5","2026-06-01 03:00","-0.2"
"Trzic-Tank5","2026-06-01 04:00","-0.2"
"Trzic-Tank5","2026-06-01 05:00","-0.2"
"Trzic-Tank5","2026-06-01 06:00","-0.2"
"Trzic-Tank5","2026-06-01 07:00","-0.2"
"Trzic-Tank5","2026-06-01 08:00","-0.2"
"Trzic-Tank5","2026-06-01 09:00","-0.2"
"Trzic-Tank5","2026-06-01 10:00","-0.2"
"Trzic-Tank5","2026-06-01 11:00","-0.2"
"Trzic-Tank5","2026-06-01 12:00","-0.2"
"Trzic-Tank5","2026-06-01 13:00","-0.2"
"Trzic-Tank5","2026-06-01 14:00","-0.2"
"Trzic-Tank5","2026-06-01 15:00","-0.2"
"Trzic-Tank5","2026-06-01 16:00","-0.2"
"Trzic-Tank5","2026-06-01 17:00","-0.2"
"Trzic-Tank5","2026-06-01 18:00","-0.2"
"Trzic-Tank5","2026-06-01 19:00","-0.2"
"Trzic-Tank5","2026-06-01 20:00","-0.2"
"Trzic-Tank5","2026-06-01 21:00","-0.2"
"Trzic-Tank5","2026-06-01 22:00","-0.2"
"Trzic-Tank5","2026-06-01 23:00","-0.2"
"Trzic-Tank5","2026-06-02 00:00","-0.2"
"Trzic-Tank5","2026-06-02 01:00","-0.2"
"Trzic-Tank5","2026-06-02 02:00","-0.2"
"Trzic-Tank5","2026-06-02 03:00","-0.2"
"Trzic-Tank5","2026-06-02 04:00","-0.2"
"Trzic-Tank5","2026-06-02 05:00","-0.2"
"Trzic-Tank5","2026-06-02 06:00","-0.2"
"Trzic-Tank5","2026-06-02 07:00","-0.2"
"Trzic-Tank5","2026-06-02 08:00","-0.2"
"Trzic-Tank5","2026-06-02 09:00","-0.2"
"Trzic-Tank5","2026-06-02 10:00","-0.2"
"Trzic-Tank5","2026-06-02 11:00","-0.2"
"Trzic-Tank5","2026-06-02 12:00","-0.2"
"Trzic-Tank5","2026-06-02 13:00","-0.2"
"Trzic-Tank5","2026-06-02 14:00","-0.2"
"Trzic-Tank5","2026-06-02 15:00","-0.2"
"Trzic-Tank5","2026-06-02 16:00","-0.3"
"Trzic-Tank5","2026-06-02 17:00","-0.3"
"Trzic-Tank5","2026-06-02 18:00","-0.3"
"Trzic-Tank5","2026-06-02 19:00","-0.3"
"Trzic-Tank5","2026-06-02 20:00","-0.3"
"Trzic-Tank5","2026-06-02 21:00","-0.3"
"Trzic-Tank5","2026-06-02 22:00","-0.3"
"Trzic-Tank5","2026-06-02 23:00","-0.3"
"Trzic-Tank5","2026-06-03 00:00","-0.3"
"Trzic-Tank5","2026-06-03 01:00","-0.3"
"Trzic-Tank5","2026-06-03 02:00","-0.3"
"Trzic-Tank5","2026-06-03 03:00","-0.3"
"Trzic-Tank5","2026-06-03 04:00","-0.3"
"Trzic-Tank5","2026-06-03 05:00","-0.3"
"Trzic-Tank5","2026-06-03 06:00","-0.3"
"Trzic-Tank5","2026-06-03 07:00","-0.2"
"Trzic-Tank5","2026-06-03 08:00","-0.2"
"Trzic-Tank5","2026-06-03 09:00","-0.2"
"Trzic-Tank5","2026-06-03 10:00","-0.2"
"Trzic-Tank5","2026-06-03 11:00","-0.2"
"Trzic-Tank5","2026-06-03 12:00","-0.2"
"Trzic-Tank5","2026-06-03 13:00","-0.2"
"Trzic-Tank5","2026-06-03 14:00","-0.2"
"Trzic-Tank5","2026-06-03 15:00","-0.2"
"Trzic-Tank5","2026-06-03 16:00","-0.2"
"Trzic-Tank5","2026-06-03 17:00","-0.2"
"Trzic-Tank5","2026-06-03 18:00","-0.2"
"Trzic-Tank5","2026-06-03 19:00","-0.2"
"Trzic-Tank5","2026-06-03 20:00","-0.2"
"Trzic-Tank5","2026-06-03 21:00","-0.2"
"Trzic-Tank5","2026-06-03 22:00","-0.2"
"Trzic-Tank5","2026-06-03 23:00","-0.2"
"Trzic-Tank5","2026-06-04 00:00","-0.2"
"Trzic-Tank5","2026-06-04 01:00","-0.2"
"Trzic-Tank5","2026-06-04 02:00","-0.2"
"Trzic-Tank5","2026-06-04 03:00","-0.2"
"Trzic-Tank5","2026-06-04 04:00","-0.2"
"Trzic-Tank5","2026-06-04 05:00","-0.2"
"Trzic-Tank5","2026-06-04 06:00","-0.2"
"Trzic-Tank5","2026-06-04 07:00","-0.2"
"Trzic-Tank5","2026-06-04 08:00","-0.2"
"Trzic-Tank5","2026-06-04 09:00","-0.2"
"Trzic-Tank5","2026-06-04 10:00","-0.2"
"Trzic-Tank5","2026-06-04 11:00","-0.2"
"Trzic-Tank5","2026-06-04 12:00","-0.2"
"Trzic-Tank5","2026-06-04 13:00","-0.2"
"Trzic-Tank5","2026-06-04 14:00","-0.2"
"Trzic-Tank5","2026-06-04 15:00","-0.2"
"Trzic-Tank5","2026-06-04 16:00","-0.2"
"Trzic-Tank5","2026-06-04 17:00","-0.2"
"Trzic-Tank5","2026-06-04 18:00","-0.2"
"Trzic-Tank5","2026-06-04 19:00","-0.2"
"Trzic-Tank5","2026-06-04 20:00","-0.2"
"Trzic-Tank5","2026-06-04 21:00","-0.2"
"Trzic-Tank5","2026-06-04 22:00","-0.2"
"Trzic-Tank5","2026-06-04 23:00","-0.2"
"Trzic-Tank5","2026-06-05 00:00","-0.2"
"Trzic-Tank5","2026-06-05 01:00","-0.2"
"Trzic-Tank5","2026-06-05 02:00","-0.2"
"Trzic-Tank5","2026-06-05 03:00","-0.2"
"Trzic-Tank5","2026-06-05 04:00","-0.2"
"Trzic-Tank5","2026-06-05 05:00","-0.2"
"Trzic-Tank5","2026-06-05 06:00","-0.2"
"Trzic-Tank5","2026-06-05 07:00","-0.2"
"Trzic-Tank5","2026-06-05 08:00","-0.2"
"Trzic-Tank5","2026-06-05 09:00","-0.2"
"Trzic-Tank5","2026-06-05 10:00","-0.2"
"Trzic-Tank5","2026-06-05 11:00","-0.2"
"Trzic-Tank5","2026-06-05 12:00","-0.2"
"Trzic-Tank5","2026-06-05 13:00","-0.1"
"Trzic-Tank5","2026-06-05 14:00","-0.1"
"Trzic-Tank5","2026-06-05 15:00","-0.1"
"Trzic-Tank5","2026-06-05 16:00","-0.1"
"Trzic-Tank5","2026-06-05 17:00","-0.1"
"Trzic-Tank5","2026-06-05 18:00","-0.1"
"Trzic-Tank5","2026-06-05 19:00","-0.1"
"Trzic-Tank5","2026-06-05 20:00","-0.1"
"Trzic-Tank5","2026-06-05 21:00","-0.1"
"Trzic-Tank5","2026-06-05 22:00","-0.1"
"Trzic-Tank5","2026-06-05 23:00","-0.1"
"Trzic-Tank5","2026-06-06 00:00","-0.1"
"Trzic-Tank5","2026-06-06 01:00","-0.1"
"Trzic-Tank5","2026-06-06 02:00","-0.1"
"Trzic-Tank5","2026-06-06 03:00","-0.1"
"Trzic-Tank5","2026-06-06 04:00","-0.1"
"Trzic-Tank5","2026-06-06 05:00","-0.1"
"Trzic-Tank5","2026-06-06 06:00","-0.1"
"Trzic-Tank5","2026-06-06 07:00","-0.1"
"Trzic-Tank5","2026-06-06 08:00","-0.1"
"Trzic-Tank5","2026-06-06 09:00","-0.1"
"Trzic-Tank5","2026-06-06 10:00","-0.1"
"Trzic-Tank5","2026-06-06 11:00","-0.1"
"Trzic-Tank5","2026-06-06 12:00","-0.1"
"Trzic-Tank5","2026-06-06 13:00","-0.1"
"Trzic-Tank5","2026-06-06 14:00","-0.1"
"Trzic-Tank5","2026-06-06 15:00","-0.1"
"Trzic-Tank5","2026-06-06 16:00","-0.1"
"Trzic-Tank5","2026-06-06 17:00","-0.1"
"Trzic-Tank5","2026-06-06 18:00","-0.1"
"Trzic-Tank5","2026-06-06 19:00","-0.1"
"Trzic-Tank5","2026-06-06 20:00","-0.1"
"Trzic-Tank5","2026-06-06 21:00","-0.1"
"Trzic-Tank5","2026-06-06 22:00","-0.1"
"Trzic-Tank5","2026-06-06 23:00","-0.1"
"Trzic-Tank5","2026-06-07 00:00","-0.1"
"Trzic-Tank5","2026-06-07 01:00","-0.1"
"Trzic-Tank5","2026-06-07 02:00","-0.1"
"Trzic-Tank5","2026-06-07 03:00","-0.1"
"Trzic-Tank5","2026-06-07 04:00","-0.1"
"Trzic-Tank5","2026-06-07 05:00","-0.1"
"Trzic-Tank5","2026-06-07 06:00","-0.1"
"Trzic-Tank5","2026-06-07 07:00","-0.1"
"Trzic-Tank5","2026-06-07 08:00","-0.1"
"Trzic-Tank5","2026-06-07 09:00","-0.1"
"Trzic-Tank5","2026-06-07 10:00","-0.1"
"Trzic-Tank5","2026-06-07 11:00","-0.1"
"Trzic-Tank5","2026-06-07 12:00","-0.1"
"Trzic-Tank5","2026-06-07 13:00","-0.1"
"Trzic-Tank5","2026-06-07 14:00","-0.1"
"Trzic-Tank5","2026-06-07 15:00","-0.1"
"Trzic-Tank5","2026-06-07 16:00","-0.1"
"Trzic-Tank5","2026-06-07 17:00","-0.2"
"Trzic-Tank5","2026-06-07 18:00","-0.2"
"Trzic-Tank5","2026-06-07 19:00","-0.2"
"Trzic-Tank5","2026-06-07 20:00","-0.2"
"Trzic-Tank5","2026-06-07 21:00","-0.2"
"Trzic-Tank5","2026-06-07 22:00","-0.2"
"Trzic-Tank5","2026-06-07 23:00","-0.2"
"Trzic-Tank5","2026-06-08 00:00","-0.2"
"Trzic-Tank5","2026-06-08 01:00","-0.2"
"Trzic-Tank5","2026-06-08 02:00","-0.2"
"Trzic-Tank5","2026-06-08 03:00","-0.2"
"Trzic-Tank5","2026-06-08 04:00","-0.2"
"Trzic-Tank5","2026-06-08 05:00","-0.2"
"Trzic-Tank5","2026-06-08 06:00","-0.2"
"Trzic-Tank5","2026-06-08 07:00","-0.2"
"Trzic-Tank5","2026-06-08 08:00","-0.2"
"Trzic-Tank5","2026-06-08 09:00","-0.2"
"Trzic-Tank5","2026-06-08 10:00","-0.2"
"Trzic-Tank5","2026-06-08 11:00","-0.2"
"Trzic-Tank5","2026-06-08 12:00","-0.2"
"Trzic-Tank5","2026-06-08 13:00","-0.2"
"Trzic-Tank5","2026-06-08 14:00","-0.2"
"Trzic-Tank5","2026-06-08 15:00","-0.2"
"Trzic-Tank5","2026-06-08 16:00","-0.2"
"Trzic-Tank5","2026-06-08 17:00","-0.2"
"Trzic-Tank5","2026-06-08 18:00","-0.2"
"Trzic-Tank5","2026-06-08 19:00","-0.2"
"Trzic-Tank5","2026-06-08 20:00","-0.2"
"Trzic-Tank5","2026-06-08 21:00","-0.2"
"Trzic-Tank5","2026-06-08 22:00","-0.2"
"Trzic-Tank5","2026-06-08 23:00","-0.2"
"Trzic-Tank5","2026-06-09 00:00","-0.2"
"Trzic-Tank5","2026-06-09 01:00","-0.2"
"Trzic-Tank5","2026-06-09 02:00","-0.2"
"Trzic-Tank5","2026-06-09 03:00","-0.2"
"Trzic-Tank5","2026-06-09 04:00","-0.2"
"Trzic-Tank5","2026-06-09 05:00","-0.2"
"Trzic-Tank5","2026-06-09 06:00","-0.2"
"Trzic-Tank5","2026-06-09 07:00","-0.2"
"Trzic-Tank5","2026-06-09 08:00","-0.2"
"Trzic-Tank5","2026-06-09 09:00","-0.2"
"Trzic-Tank5","2026-06-09 10:00","-0.2"
"Trzic-Tank5","2026-06-09 11:00","-0.2"
"Trzic-Tank5","2026-06-09 12:00","-0.2"
"Trzic-Tank5","2026-06-09 13:00","-0.2"
"Trzic-Tank5","2026-06-09 14:00","-0.2"
"Trzic-Tank5","2026-06-09 15:00","-0.2"
"Trzic-Tank5","2026-06-09 16:00","-0.3"
"Trzic-Tank5","2026-06-09 17:00","-0.3"
"Trzic-Tank5","2026-06-09 18:00","-0.3"
"Trzic-Tank5","2026-06-09 19:00","-0.3"
"Trzic-Tank5","2026-06-09 20:00","-0.3"
"Trzic-Tank5","2026-06-09 21:00","-0.3"
"Trzic-Tank5","2026-06-09 22:00","-0.3"
"Trzic-Tank5","2026-06-09 23:00","-0.3"
"Trzic-Tank5","2026-06-10 00:00","-0.3"
"Trzic-Tank5","2026-06-10 01:00","-0.3"
"Trzic-Tank5","2026-06-10 02:00","-0.3"
"Trzic-Tank5","2026-06-10 03:00","-0.3"
"Trzic-Tank5","2026-06-10 04:00","-0.3"
"Trzic-Tank5","2026-06-10 05:00","-0.3"
"Trzic-Tank5","2026-06-10 06:00","-0.3"
"Trzic-Tank5","2026-06-10 07:00","-0.3"
"Trzic-Tank5","2026-06-10 08:00","-0.1"
"Trzic-Tank5","2026-06-10 09:00","-0.1"
"Trzic-Tank5","2026-06-10 10:00","-0.1"
"Trzic-Tank5","2026-06-10 11:00","-0.1"
"Trzic-Tank5","2026-06-10 12:00","-0.1"
"Trzic-Tank5","2026-06-10 13:00","-0.1"
"Trzic-Tank5","2026-06-10 14:00","-0.1"
"Trzic-Tank5","2026-06-10 15:00","-0.1"
"Trzic-Tank5","2026-06-10 16:00","-0.1"
"Trzic-Tank5","2026-06-10 17:00","-0.1"
"Trzic-Tank5","2026-06-10 18:00","-0.1"
"Trzic-Tank5","2026-06-10 19:00","-0.1"
"Trzic-Tank5","2026-06-10 20:00","-0.1"
"Trzic-Tank5","2026-06-10 21:00","-0.1"
"Trzic-Tank5","2026-06-10 22:00","-0.1"
"Trzic-Tank5","2026-06-10 23:00","-0.1"
"Trzic-Tank5","2026-06-11 00:00","-0.1"
"Trzic-Tank5","2026-06-11 01:00","-0.1"
"Trzic-Tank5","2026-06-11 02:00","-0.1"
"Trzic-Tank5","2026-06-11 03:00","-0.1"
"Trzic-Tank5","2026-06-11 04:00","-0.1"
"Trzic-Tank5","2026-06-11 05:00","-0.1"
"Trzic-Tank5","2026-06-11 06:00","-0.1"
"Trzic-Tank5","2026-06-11 07:00","-0.1"
"Trzic-Tank5","2026-06-11 08:00","-0.1"
"Trzic-Tank5","2026-06-11 09:00","-0.1"
"Trzic-Tank5","2026-06-11 10:00","-0.1"
"Trzic-Tank5","2026-06-11 11:00","-0.1"
"Trzic-Tank5","2026-06-11 12:00","-0.1"
"Trzic-Tank5","2026-06-11 13:00","-0.1"
"Trzic-Tank5","2026-06-11 14:00","-0.1"
"Trzic-Tank5","2026-06-11 15:00","-0.1"
"Trzic-Tank5","2026-06-11 16:00","-0.1"
"Trzic-Tank5","2026-06-11 17:00","-0.1"
"Trzic-Tank5","2026-06-11 18:00","-0.1"
"Trzic-Tank5","2026-06-11 19:00","-0.1"
"Trzic-Tank5","2026-06-11 20:00","-0.1"
"Trzic-Tank5","2026-06-11 21:00","-0.1"
"Trzic-Tank5","2026-06-11 22:00","-0.1"
"Trzic-Tank5","2026-06-11 23:00","-0.1"
"Trzic-Tank5","2026-06-12 00:00","-0.1"
"Trzic-Tank5","2026-06-12 01:00","-0.1"
"Trzic-Tank5","2026-06-12 02:00","-0.1"
"Trzic-Tank5","2026-06-12 03:00","-0.1"
"Trzic-Tank5","2026-06-12 04:00","-0.1"
"Trzic-Tank5","2026-06-12 05:00","-0.1"
"Trzic-Tank5","2026-06-12 06:00","-0.1"
"Trzic-Tank5","2026-06-12 07:00","-0.1"
"Trzic-Tank5","2026-06-12 08:00","-0.1"
"Trzic-Tank5","2026-06-12 09:00","-0.1"
"Trzic-Tank5","2026-06-12 10:00","-0.1"
"Trzic-Tank5","2026-06-12 11:00","-0.1"
"Trzic-Tank5","2026-06-12 12:00","-0.1"
"Trzic-Tank5","2026-06-12 13:00","-0.1"
"Trzic-Tank5","2026-06-12 14:00","-0.1"
"Trzic-Tank5","2026-06-12 15:00","-0.1"
"Trzic-Tank5","2026-06-12 16:00","-0.1"
"Trzic-Tank5","2026-06-12 17:00","-0.1"
"Trzic-Tank5","2026-06-12 18:00","-0.1"
"Trzic-Tank5","2026-06-12 19:00","-0.1"
"Trzic-Tank5","2026-06-12 20:00","-0.1"
"Trzic-Tank5","2026-06-12 21:00","-0.1"
"Trzic-Tank5","2026-06-12 22:00","-0.1"
"Trzic-Tank5","2026-06-12 23:00","-0.1"
"Trzic-Tank5","2026-06-13 00:00","-0.1"
"Trzic-Tank5","2026-06-13 01:00","-0.1"
"Trzic-Tank5","2026-06-13 02:00","-0.1"
"Trzic-Tank5","2026-06-13 03:00","-0.1"
"Trzic-Tank5","2026-06-13 04:00","-0.1"
"Trzic-Tank5","2026-06-13 05:00","-0.1"
"Trzic-Tank5","2026-06-13 06:00","-0.1"
"Trzic-Tank5","2026-06-13 07:00","-0.1"
"Trzic-Tank5","2026-06-13 08:00","-0.1"
"Trzic-Tank5","2026-06-13 09:00","-0.1"
"Trzic-Tank5","2026-06-13 10:00","-0.1"
"Trzic-Tank5","2026-06-13 11:00","-0.1"
"Trzic-Tank5","2026-06-13 12:00","-0.1"
"Trzic-Tank5","2026-06-13 13:00","-0.1"
"Trzic-Tank5","2026-06-13 14:00","-0.1"
"Trzic-Tank5","2026-06-13 15:00","-0.1"
"Trzic-Tank5","2026-06-13 16:00","-0.1"
"Trzic-Tank5","2026-06-13 17:00","-0.1"
"Trzic-Tank5","2026-06-13 18:00","-0.2"
"Trzic-Tank5","2026-06-13 19:00","-0.2"
"Trzic-Tank5","2026-06-13 20:00","-0.2"
"Trzic-Tank5","2026-06-13 21:00","-0.2"
"Trzic-Tank5","2026-06-13 22:00","-0.2"
"Trzic-Tank5","2026-06-13 23:00","-0.2"
"Trzic-Tank5","2026-06-14 00:00","-0.2"
"Trzic-Tank5","2026-06-14 01:00","-0.2"
"Trzic-Tank5","2026-06-14 02:00","-0.2"
"Trzic-Tank5","2026-06-14 03:00","-0.2"
"Trzic-Tank5","2026-06-14 04:00","-0.2"
"Trzic-Tank5","2026-06-14 05:00","-0.2"
"Trzic-Tank5","2026-06-14 06:00","-0.2"
"Trzic-Tank5","2026-06-14 07:00","-0.2"
"Trzic-Tank5","2026-06-14 08:00","-0.2"
"Trzic-Tank5","2026-06-14 09:00","-0.2"
"Trzic-Tank5","2026-06-14 10:00","-0.2"
"Trzic-Tank5","2026-06-14 11:00","-0.2"
"Trzic-Tank5","2026-06-14 12:00","-0.2"
"Trzic-Tank5","2026-06-14 13:00","-0.2"
"Trzic-Tank5","2026-06-14 14:00","-0.2"
"Trzic-Tank5","2026-06-14 15:00","-0.2"
"Trzic-Tank5","2026-06-14 16:00","-0.2"
"Trzic-Tank5","2026-06-14 17:00","-0.2"
"Trzic-Tank5","2026-06-14 18:00","-0.2"
"Trzic-Tank5","2026-06-14 19:00","-0.2"
"Trzic-Tank5","2026-06-14 20:00","-0.3"
"Trzic-Tank5","2026-06-14 21:00","-0.3"
"Trzic-Tank5","2026-06-14 22:00","-0.3"
"Trzic-Tank5","2026-06-14 23:00","-0.3"
"Trzic-Tank5","2026-06-15 00:00","-0.3"
"Trzic-Tank5","2026-06-15 01:00","-0.3"
"Trzic-Tank5","2026-06-15 02:00","-0.3"
"Trzic-Tank5","2026-06-15 03:00","-0.3"
"Trzic-Tank5","2026-06-15 04:00","-0.3"
"Trzic-Tank5","2026-06-15 05:00","-0.3"
"Trzic-Tank5","2026-06-15 06:00","-0.3"
"Trzic-Tank5","2026-06-15 07:00","-0.3"
"Trzic-Tank5","2026-06-15 08:00","-0.3"
"Trzic-Tank5","2026-06-15 09:00","-0.3"
"Trzic-Tank5","2026-06-15 10:00","-0.3"
"Trzic-Tank5","2026-06-15 11:00","-0.3"
"Trzic-Tank5","2026-06-15 12:00","-0.3"
"Trzic-Tank5","2026-06-15 13:00","-0.3"
"Trzic-Tank5","2026-06-15 14:00","-0.3"
"Trzic-Tank5","2026-06-15 15:00","-0.3"
"Trzic-Tank5","2026-06-15 16:00","-0.3"
"Trzic-Tank5","2026-06-15 17:00","-0.3"
"Trzic-Tank5","2026-06-15 18:00","-0.3"
"Trzic-Tank5","2026-06-15 19:00","-0.3"
"Trzic-Tank5","2026-06-15 20:00","-0.3"
"Trzic-Tank5","2026-06-15 21:00","-0.3"
"Trzic-Tank5","2026-06-15 22:00","-0.3"
"Trzic-Tank5","2026-06-15 23:00","-0.3"
"Trzic-Tank5","2026-06-16 00:00","-0.3"
"Trzic-Tank5","2026-06-16 01:00","-0.3"
"Trzic-Tank5","2026-06-16 02:00","-0.3"
"Trzic-Tank5","2026-06-16 03:00","-0.3"
"Trzic-Tank5","2026-06-16 04:00","-0.3"
"Trzic-Tank5","2026-06-16 05:00","-0.3"
"Trzic-Tank5","2026-06-16 06:00","-0.3"
"Trzic-Tank5","2026-06-16 07:00","-0.3"
"Trzic-Tank5","2026-06-16 08:00","-0.3"
"Trzic-Tank5","2026-06-16 09:00","-0.3"
"Trzic-Tank5","2026-06-16 10:00","-0.3"
"Trzic-Tank5","2026-06-16 11:00","-0.3"
"Trzic-Tank5","2026-06-16 12:00","-0.3"
"Trzic-Tank5","2026-06-16 13:00","-0.3"
"Trzic-Tank5","2026-06-16 14:00","-0.4"
"Trzic-Tank5","2026-06-16 15:00","-0.4"
"Trzic-Tank5","2026-06-16 16:00","-0.4"
"Trzic-Tank5","2026-06-16 17:00","-0.4"
"Trzic-Tank5","2026-06-16 18:00","-0.5"
"Trzic-Tank5","2026-06-16 19:00","-0.5"
"Trzic-Tank5","2026-06-16 20:00","-0.5"
"Trzic-Tank5","2026-06-16 21:00","-0.5"
"Trzic-Tank5","2026-06-16 22:00","-0.5"
"Trzic-Tank5","2026-06-16 23:00","-0.5"
"Trzic-Tank5","2026-06-17 00:00","-0.5"
"Trzic-Tank5","2026-06-17 01:00","-0.5"
"Trzic-Tank5","2026-06-17 02:00","-0.5"
"Trzic-Tank5","2026-06-17 03:00","-0.5"
"Trzic-Tank5","2026-06-17 04:00","-0.5"
"Trzic-Tank5","2026-06-17 05:00","-0.5"
"Trzic-Tank5","2026-06-17 06:00","-0.5"
"Trzic-Tank5","2026-06-17 07:00","-0.5"
"Trzic-Tank5","2026-06-17 08:00","-0.5"
"Trzic-Tank5","2026-06-17 09:00","-0.5"
"Trzic-Tank5","2026-06-17 10:00","-0.5"
"Trzic-Tank5","2026-06-17 11:00","-0.5"
"Trzic-Tank5","2026-06-17 12:00","-0.5"
"Trzic-Tank5","2026-06-17 13:00","-0.6"
"Trzic-Tank5","2026-06-17 14:00","-0.6"
"Trzic-Tank5","2026-06-17 15:00","-0.6"
"Trzic-Tank5","2026-06-17 16:00","-0.6"
"Trzic-Tank5","2026-06-17 17:00","-0.6"
"Trzic-Tank5","2026-06-17 18:00","-0.7"
"Trzic-Tank5","2026-06-17 19:00","-0.7"
"Trzic-Tank5","2026-06-17 20:00","-0.7"
"Trzic-Tank5","2026-06-17 21:00","-0.7"
"Trzic-Tank5","2026-06-17 22:00","-0.7"
"Trzic-Tank5","2026-06-17 23:00","-0.7"
"Trzic-Tank5","2026-06-18 00:00","-0.7"
"Trzic-Tank5","2026-06-18 01:00","-0.7"
"Trzic-Tank5","2026-06-18 02:00","-0.7"
"Trzic-Tank5","2026-06-18 03:00","-0.7"
"Trzic-Tank5","2026-06-18 04:00","-0.7"
"Trzic-Tank5","2026-06-18 05:00","-0.7"
"Trzic-Tank5","2026-06-18 06:00","-0.7"
"Trzic-Tank5","2026-06-18 07:00","-0.7"
"Trzic-Tank5","2026-06-18 08:00","-0.7"
"Trzic-Tank5","2026-06-18 09:00","-0.7"
"Trzic-Tank5","2026-06-18 10:00","-0.7"
"Trzic-Tank5","2026-06-18 11:00","-0.7"
"Trzic-Tank5","2026-06-18 12:00","-0.8"
"Trzic-Tank5","2026-06-18 13:00","-1"
"Trzic-Tank5","2026-06-18 14:00","-1.1"
"Trzic-Tank5","2026-06-18 15:00","-1.3"
"Trzic-Tank5","2026-06-18 16:00","-1.3"
"Trzic-Tank5","2026-06-18 17:00","-1.4"
"Trzic-Tank5","2026-06-18 18:00","-1.6"
"Trzic-Tank5","2026-06-18 19:00","-1.6"
"Trzic-Tank5","2026-06-18 20:00","-1.5"
"Trzic-Tank5","2026-06-18 21:00","-1.5"
"Trzic-Tank5","2026-06-18 22:00","-1.5"
"Trzic-Tank5","2026-06-18 23:00","-1.6"
"Trzic-Tank5","2026-06-19 00:00","-1.6"
"Trzic-Tank5","2026-06-19 01:00","-1.6"
"Trzic-Tank5","2026-06-19 02:00","-1.6"
"Trzic-Tank5","2026-06-19 03:00","-1.6"
"Trzic-Tank5","2026-06-19 04:00","-1.6"
"Trzic-Tank5","2026-06-19 05:00","-1.4"
"Trzic-Tank5","2026-06-19 06:00","-1.4"
"Trzic-Tank5","2026-06-19 07:00","-1.4"
"Trzic-Tank5","2026-06-19 08:00","-1.4"
"Trzic-Tank5","2026-06-19 09:00","-1.4"
"Trzic-Tank5","2026-06-19 10:00","-1.4"
"Trzic-Tank5","2026-06-19 11:00","-1.6"
"Trzic-Tank5","2026-06-19 12:00","-1.7"
"Trzic-Tank5","2026-06-19 13:00","-2.6"
"Trzic-Tank5","2026-06-19 14:00","-3"
"Trzic-Tank5","2026-06-19 15:00","-4.2"
"Trzic-Tank5","2026-06-19 16:00","-4.4"
"Trzic-Tank5","2026-06-19 17:00","-4.8"
"Trzic-Tank5","2026-06-19 18:00","-5.9"
"Trzic-Tank5","2026-06-19 19:00","-6.2"
"Trzic-Tank5","2026-06-19 20:00","-6.3"
"Trzic-Tank5","2026-06-19 21:00","-6.1"
"Trzic-Tank5","2026-06-19 22:00","-6.1"
"Trzic-Tank5","2026-06-19 23:00","-6"
"Trzic-Tank5","2026-06-20 00:00","-6"
"Trzic-Tank5","2026-06-20 01:00","-6"
"Trzic-Tank5","2026-06-20 02:00","-6"
"Trzic-Tank5","2026-06-20 03:00","-6"
"Trzic-Tank5","2026-06-20 04:00","-6"
"Trzic-Tank5","2026-06-20 05:00","-5.9"
"Trzic-Tank5","2026-06-20 06:00","-5.9"
"Trzic-Tank5","2026-06-20 07:00","-5.9"
"Trzic-Tank5","2026-06-20 08:00","-5.9"
"Trzic-Tank5","2026-06-20 09:00","-5.9"
"Trzic-Tank5","2026-06-20 10:00","-6"
"Trzic-Tank5","2026-06-20 11:00","-6.5"
"Trzic-Tank5","2026-06-20 12:00","-7.4"
"Trzic-Tank5","2026-06-20 13:00","-9"
"Trzic-Tank5","2026-06-20 14:00","-9.8"
"Trzic-Tank5","2026-06-20 15:00","-10.3"
"Trzic-Tank5","2026-06-20 16:00","-10.6"
"Trzic-Tank5","2026-06-20 17:00","-11"
"Trzic-Tank5","2026-06-20 18:00","-11.6"
"Trzic-Tank5","2026-06-20 19:00","-11.6"
"Trzic-Tank5","2026-06-20 20:00","-0.3"
"Trzic-Tank5","2026-06-20 21:00","-0.4"
"Trzic-Tank5","2026-06-20 22:00","-0.4"
"Trzic-Tank5","2026-06-20 23:00","-0.4"
"Trzic-Tank5","2026-06-21 00:00","-0.4"
"Trzic-Tank5","2026-06-21 01:00","-0.4"
"Trzic-Tank5","2026-06-21 02:00","-0.4"
"Trzic-Tank5","2026-06-21 03:00","-0.4"
"Trzic-Tank5","2026-06-21 04:00","-0.4"
"Trzic-Tank5","2026-06-21 05:00","-0.4"
"Trzic-Tank5","2026-06-21 06:00","-0.3"
"Trzic-Tank5","2026-06-21 07:00","-0.3"
"Trzic-Tank5","2026-06-21 08:00","-0.3"
"Trzic-Tank5","2026-06-21 09:00","-0.3"
"Trzic-Tank5","2026-06-21 10:00","-0.3"
"Trzic-Tank5","2026-06-21 11:00","-0.3"
"Trzic-Tank5","2026-06-21 12:00","-0.3"
"Trzic-Tank5","2026-06-21 13:00","-0.3"
"Trzic-Tank5","2026-06-21 14:00","-0.3"
"Trzic-Tank5","2026-06-21 15:00","-0.3"
"Trzic-Tank5","2026-06-21 16:00","-0.3"
"Trzic-Tank5","2026-06-21 17:00","-0.3"
"Trzic-Tank5","2026-06-21 18:00","-0.3"
"Trzic-Tank5","2026-06-21 19:00","-0.3"
"Trzic-Tank5","2026-06-21 20:00","-0.3"
"Trzic-Tank5","2026-06-21 21:00","-0.3"
"Trzic-Tank5","2026-06-21 22:00","-0.3"
"Trzic-Tank5","2026-06-21 23:00","-0.3"
"Trzic-Tank5","2026-06-22 00:00","-0.3"
"Trzic-Tank5","2026-06-22 01:00","-0.3"
"Trzic-Tank5","2026-06-22 02:00","-0.3"
"Trzic-Tank5","2026-06-22 03:00","-0.3"
"Trzic-Tank5","2026-06-22 04:00","-0.3"
"Trzic-Tank5","2026-06-22 05:00","-0.3"
"Trzic-Tank5","2026-06-22 06:00","-0.3"
"Trzic-Tank5","2026-06-22 07:00","-0.3"
"Trzic-Tank5","2026-06-22 08:00","-0.3"
"Trzic-Tank5","2026-06-22 09:00","-0.3"
"Trzic-Tank5","2026-06-22 10:00","-0.3"
"Trzic-Tank5","2026-06-22 11:00","-0.3"
"Trzic-Tank5","2026-06-22 12:00","-0.3"
"Trzic-Tank5","2026-06-22 13:00","-0.4"
"Trzic-Tank5","2026-06-22 14:00","-0.4"
"Trzic-Tank5","2026-06-22 15:00","-0.4"
"Trzic-Tank5","2026-06-22 16:00","-0.4"
"Trzic-Tank5","2026-06-22 17:00","-0.4"
"Trzic-Tank5","2026-06-22 18:00","-0.4"
"Trzic-Tank5","2026-06-22 19:00","-0.4"
"Trzic-Tank5","2026-06-22 20:00","-0.4"
"Trzic-Tank5","2026-06-22 21:00","-0.4"
"Trzic-Tank5","2026-06-22 22:00","-0.4"
"Trzic-Tank5","2026-06-22 23:00","-0.4"
"Trzic-Tank5","2026-06-23 00:00","-0.4"
"Trzic-Tank5","2026-06-23 01:00","-0.4"
"Trzic-Tank5","2026-06-23 02:00","-0.4"
"Trzic-Tank5","2026-06-23 03:00","-0.4"
"Trzic-Tank5","2026-06-23 04:00","-0.4"
"Trzic-Tank5","2026-06-23 05:00","-0.4"
"Trzic-Tank5","2026-06-23 06:00","-0.4"
"Trzic-Tank5","2026-06-23 07:00","-0.4"
"Trzic-Tank5","2026-06-23 08:00","-0.4"
"Trzic-Tank5","2026-06-23 09:00","-0.4"
"Trzic-Tank5","2026-06-23 10:00","-0.4"
"Trzic-Tank5","2026-06-23 11:00","-0.4"
"Trzic-Tank5","2026-06-23 12:00","-0.4"
"Trzic-Tank5","2026-06-23 13:00","-0.5"
"Trzic-Tank5","2026-06-23 14:00","-0.5"
"Trzic-Tank5","2026-06-23 15:00","-0.6"
"Trzic-Tank5","2026-06-23 16:00","-0.6"
"Trzic-Tank5","2026-06-23 17:00","-0.7"
"Trzic-Tank5","2026-06-23 18:00","-0.7"
"Trzic-Tank5","2026-06-23 19:00","-0.7"
"Trzic-Tank5","2026-06-23 20:00","-0.7"
"Trzic-Tank5","2026-06-23 21:00","-0.7"
"Trzic-Tank5","2026-06-23 22:00","-0.7"
"Trzic-Tank5","2026-06-23 23:00","-0.8"
"Trzic-Tank5","2026-06-24 00:00","-0.8"
"Trzic-Tank5","2026-06-24 01:00","-0.8"
"Trzic-Tank5","2026-06-24 02:00","-0.8"
"Trzic-Tank5","2026-06-24 03:00","-0.8"
"Trzic-Tank5","2026-06-24 04:00","-0.8"
"Trzic-Tank5","2026-06-24 05:00","-0.8"
"Trzic-Tank5","2026-06-24 06:00","-0.8"
"Trzic-Tank5","2026-06-24 07:00","-0.8"
"Trzic-Tank5","2026-06-24 08:00","-0.8"
"Trzic-Tank5","2026-06-24 09:00","-0.8"
"Trzic-Tank5","2026-06-24 10:00","-0.8"
"Trzic-Tank5","2026-06-24 11:00","-1"
"Trzic-Tank5","2026-06-24 12:00","-1.3"
"Trzic-Tank5","2026-06-24 13:00","-1.5"
"Trzic-Tank5","2026-06-24 14:00","-2"
"Trzic-Tank5","2026-06-24 15:00","-2.8"
"Trzic-Tank5","2026-06-24 16:00","-3.2"
"Trzic-Tank5","2026-06-24 17:00","-3.8"
"Trzic-Tank5","2026-06-24 18:00","-5.1"
"Trzic-Tank5","2026-06-24 19:00","-5.6"
"Trzic-Tank5","2026-06-24 20:00","-5.7"
"Trzic-Tank5","2026-06-24 21:00","-5.7"
"Trzic-Tank5","2026-06-24 22:00","-5.7"
"Trzic-Tank5","2026-06-24 23:00","-5.7"
"Trzic-Tank5","2026-06-25 00:00","-5.7"
"Trzic-Tank5","2026-06-25 01:00","-5.8"
"Trzic-Tank5","2026-06-25 02:00","-5.8"
"Trzic-Tank5","2026-06-25 03:00","-5.8"
"Trzic-Tank5","2026-06-25 04:00","-5.8"
"Trzic-Tank5","2026-06-25 05:00","-5.8"
"Trzic-Tank5","2026-06-25 06:00","-5.8"
"Trzic-Tank5","2026-06-25 07:00","-5.8"
"Trzic-Tank5","2026-06-25 08:00","-5.8"
"Trzic-Tank5","2026-06-25 09:00","-5.9"
"Trzic-Tank5","2026-06-25 10:00","-5.9"
"Trzic-Tank5","2026-06-25 11:00","-7.3"
"Trzic-Tank5","2026-06-25 12:00","-8.1"
"Trzic-Tank5","2026-06-25 13:00","-9.3"
"Trzic-Tank5","2026-06-25 14:00","-10.7"
"Trzic-Tank5","2026-06-25 15:00","-11.7"
"Trzic-Tank5","2026-06-25 16:00","-11.9"
"Trzic-Tank5","2026-06-25 17:00","-12.2"
"Trzic-Tank5","2026-06-25 18:00","-13.5"
"Trzic-Tank5","2026-06-25 19:00","-14.1"
"Trzic-Tank5","2026-06-25 20:00","-14.2"
"Trzic-Tank5","2026-06-25 21:00","-14"
"Trzic-Tank5","2026-06-25 22:00","-13.9"
"Trzic-Tank5","2026-06-25 23:00","-13.9"
"Trzic-Tank5","2026-06-26 00:00","-13.9"
"Trzic-Tank5","2026-06-26 01:00","-14.1"
"Trzic-Tank5","2026-06-26 02:00","-14.1"
"Trzic-Tank5","2026-06-26 03:00","-14.1"
"Trzic-Tank5","2026-06-26 04:00","-14.1"
"Trzic-Tank5","2026-06-26 05:00","-14.1"
"Trzic-Tank5","2026-06-26 06:00","-14"
"Trzic-Tank5","2026-06-26 07:00","-14.1"
"Trzic-Tank5","2026-06-26 08:00","-14.1"
"Trzic-Tank5","2026-06-26 09:00","-14.2"
"Trzic-Tank5","2026-06-26 10:00","-14.9"
"Trzic-Tank5","2026-06-26 11:00","-16.6"
"Trzic-Tank5","2026-06-26 12:00","-18.1"
"Trzic-Tank5","2026-06-26 13:00","-19.2"
"Trzic-Tank5","2026-06-26 14:00","-20.1"
"Trzic-Tank5","2026-06-26 15:00","-21.7"
"Trzic-Tank5","2026-06-26 16:00","-22.1"
"Trzic-Tank5","2026-06-26 17:00","-22.9"
"Trzic-Tank5","2026-06-26 18:00","-24"
"Trzic-Tank5","2026-06-26 19:00","-24.8"
"Trzic-Tank5","2026-06-26 20:00","-25.4"
"Trzic-Tank5","2026-06-26 21:00","-25.2"
"Trzic-Tank5","2026-06-26 22:00","-25.1"
"Trzic-Tank5","2026-06-26 23:00","-25.1"
"Trzic-Tank5","2026-06-27 00:00","-25.1"
"Trzic-Tank5","2026-06-27 01:00","-25.3"
"Trzic-Tank5","2026-06-27 02:00","-25.3"
"Trzic-Tank5","2026-06-27 03:00","-25.3"
"Trzic-Tank5","2026-06-27 04:00","-25.3"
"Trzic-Tank5","2026-06-27 05:00","-25.2"
"Trzic-Tank5","2026-06-27 06:00","-25.2"
"Trzic-Tank5","2026-06-27 07:00","-25.2"
"Trzic-Tank5","2026-06-27 08:00","-25.2"
"Trzic-Tank5","2026-06-27 09:00","-25.3"
"Trzic-Tank5","2026-06-27 10:00","-26.1"
"Trzic-Tank5","2026-06-27 11:00","-27.7"
"Trzic-Tank5","2026-06-27 12:00","-28.2"
"Trzic-Tank5","2026-06-27 13:00","-30.1"
"Trzic-Tank5","2026-06-27 14:00","-31"
"Trzic-Tank5","2026-06-27 15:00","-32.1"
"Trzic-Tank5","2026-06-27 16:00","-32"
"Trzic-Tank5","2026-06-27 17:00","-32.3"
"Trzic-Tank5","2026-06-27 18:00","-33.6"
"Trzic-Tank5","2026-06-27 19:00","-34.5"
"Trzic-Tank5","2026-06-27 20:00","-34.3"
"Trzic-Tank5","2026-06-27 21:00","-33.9"
"Trzic-Tank5","2026-06-27 22:00","-33.4"
"Trzic-Tank5","2026-06-27 23:00","-33.1"
"Trzic-Tank5","2026-06-28 00:00","-33.1"
"Trzic-Tank5","2026-06-28 01:00","-32.5"
"Trzic-Tank5","2026-06-28 02:00","-32.5"
"Trzic-Tank5","2026-06-28 03:00","-32.5"
"Trzic-Tank5","2026-06-28 04:00","-32.5"
"Trzic-Tank5","2026-06-28 05:00","-31"
"Trzic-Tank5","2026-06-28 06:00","-30.6"
"Trzic-Tank5","2026-06-28 07:00","-30.3"
"Trzic-Tank5","2026-06-28 08:00","-30.1"
"Trzic-Tank5","2026-06-28 09:00","-30"
"Trzic-Tank5","2026-06-28 10:00","-30.2"
"Trzic-Tank5","2026-06-28 11:00","-32.9"
"Trzic-Tank5","2026-06-28 12:00","-34.8"
"Trzic-Tank5","2026-06-28 13:00","-36.8"
"Trzic-Tank5","2026-06-28 14:00","-39.1"
"Trzic-Tank5","2026-06-28 15:00","-41"
"Trzic-Tank5","2026-06-28 16:00","-41.8"
"Trzic-Tank5","2026-06-28 17:00","-42.2"
"Trzic-Tank5","2026-06-28 18:00","-45.3"
"Trzic-Tank5","2026-06-28 19:00","-46.2"
"Trzic-Tank5","2026-06-28 20:00","-45.7"
"Trzic-Tank5","2026-06-28 21:00","-45.1"
"Trzic-Tank5","2026-06-28 22:00","-44.9"
"Trzic-Tank5","2026-06-28 23:00","-44.8"
"Trzic-Tank5","2026-06-29 00:00","-44.8"
"Trzic-Tank5","2026-06-29 01:00","-44.6"
"Trzic-Tank5","2026-06-29 02:00","-44.6"
"Trzic-Tank5","2026-06-29 03:00","-44.6"
"Trzic-Tank5","2026-06-29 04:00","-44.6"
"Trzic-Tank5","2026-06-29 05:00","-43.9"
"Trzic-Tank5","2026-06-29 06:00","-43.7"
"Trzic-Tank5","2026-06-29 07:00","-43.6"
"Trzic-Tank5","2026-06-29 08:00","-43.7"
"Trzic-Tank5","2026-06-29 09:00","-44.1"
"Trzic-Tank5","2026-06-29 10:00","-44.9"
"Trzic-Tank5","2026-06-29 11:00","-46.9"
"Trzic-Tank5","2026-06-29 12:00","-51.7"
"Trzic-Tank5","2026-06-29 13:00","-56.2"
"Trzic-Tank5","2026-06-29 14:00","-61.3"
"Trzic-Tank5","2026-06-29 15:00","-62.9"
"Trzic-Tank5","2026-06-29 16:00","-65.2"
"Trzic-Tank5","2026-06-29 17:00","-67.6"
"Trzic-Tank5","2026-06-29 18:00","-70.5"
"Trzic-Tank5","2026-06-29 19:00","-72.4"
"Trzic-Tank5","2026-06-29 20:00","-73.1"
"Trzic-Tank5","2026-06-29 21:00","-72.2"
"Trzic-Tank5","2026-06-29 22:00","-71.7"
"Trzic-Tank5","2026-06-29 23:00","-71.5"
"Trzic-Tank5","2026-06-30 00:00","-71.5"
"Trzic-Tank5","2026-06-30 01:00","-71.3"
"Trzic-Tank5","2026-06-30 02:00","-71.3"
"Trzic-Tank5","2026-06-30 03:00","-71.3"
"Trzic-Tank5","2026-06-30 04:00","-71.3"
"Trzic-Tank5","2026-06-30 05:00","-71"
"Trzic-Tank5","2026-06-30 06:00","-70.9"
"Trzic-Tank5","2026-06-30 07:00","-70.8"
"Trzic-Tank5","2026-06-30 08:00","-71"
"Trzic-Tank5","2026-06-30 09:00","-71.2"
"Trzic-Tank5","2026-06-30 10:00","-72.4"
"Trzic-Tank5","2026-06-30 11:00","-74.2"
"Trzic-Tank5","2026-06-30 12:00","-80.6"
"Trzic-Tank5","2026-06-30 13:00","-87.7"
"Trzic-Tank5","2026-06-30 14:00","-96.6"
"Trzic-Tank5","2026-06-30 15:00","-105.8"
"Trzic-Tank5","2026-06-30 16:00","-108.3"
"Trzic-Tank5","2026-06-30 17:00","-111.5"
"Trzic-Tank5","2026-06-30 18:00","-112.6"
"Trzic-Tank5","2026-06-30 19:00","-113.7"
"Trzic-Tank5","2026-06-30 20:00","-112.9"
"Trzic-Tank5","2026-06-30 21:00","-112.7"
"Trzic-Tank5","2026-06-30 22:00","-112.3"
"Trzic-Tank5","2026-06-30 23:00",
"Trzic-Tank5","2026-07-01 00:00",
"Trzic-Tank5","2026-07-01 01:00",
"Trzic-Tank5","2026-07-01 02:00",
"Trzic-Tank5","2026-07-01 03:00",
"Trzic-Tank5","2026-07-01 04:00",
"Trzic-Tank5","2026-07-01 05:00",
"Trzic-Tank5","2026-07-01 06:00",
"Trzic-Tank5","2026-07-01 07:00",
"Trzic-Tank5","2026-07-01 08:00",
"Trzic-Tank5","2026-07-01 09:00","-111"
"Trzic-Tank5","2026-07-01 10:00","-112.3"
"Trzic-Tank5","2026-07-01 11:00","-118"
"Trzic-Tank5","2026-07-01 12:00","-134.3"
"Trzic-Tank5","2026-07-01 13:00","-143.3"
"Trzic-Tank5","2026-07-01 14:00","-155.3"
"Trzic-Tank5","2026-07-01 15:00","-165.8"
"Trzic-Tank5","2026-07-01 16:00","-173.3"
"Trzic-Tank5","2026-07-01 17:00","-175.5"
"Trzic-Tank5","2026-07-01 18:00","-175.4"
"Trzic-Tank5","2026-07-01 19:00","-170.8"
"Trzic-Tank5","2026-07-01 20:00","-172"
"Trzic-Tank5","2026-07-01 21:00","-173.5"
"Trzic-Tank5","2026-07-01 22:00","-171.7"
"Trzic-Tank5","2026-07-01 23:00","-171.4"
"Trzic-Tank5","2026-07-02 00:00","-171.4"
"Trzic-Tank5","2026-07-02 01:00","-170"
"Trzic-Tank5","2026-07-02 02:00","-170"
"Trzic-Tank5","2026-07-02 03:00","-170"
"Trzic-Tank5","2026-07-02 04:00","-170"
"Trzic-Tank5","2026-07-02 05:00","-168.5"
"Trzic-Tank5","2026-07-02 06:00","-169.5"
"Trzic-Tank5","2026-07-02 07:00","-169.9"
"Trzic-Tank5","2026-07-02 08:00","-170.5"
"Trzic-Tank5","2026-07-02 09:00","-173"
"Trzic-Tank5","2026-07-02 10:00","-181.2"
"Trzic-Tank5","2026-07-02 11:00","-187.3"
"Trzic-Tank5","2026-07-02 12:00","-203"
"Trzic-Tank5","2026-07-02 13:00","-212.2"
"Trzic-Tank5","2026-07-02 14:00","-230.3"
"Trzic-Tank5","2026-07-02 15:00","-244"
"Trzic-Tank5","2026-07-02 16:00","-257.5"
"Trzic-Tank5","2026-07-02 17:00","-258.3"
"Trzic-Tank5","2026-07-02 18:00","-268.2"
"Trzic-Tank5","2026-07-02 19:00","-273"
"Trzic-Tank5","2026-07-02 20:00","-271"
"Trzic-Tank5","2026-07-02 21:00","-267.1"
"Trzic-Tank5","2026-07-02 22:00","-263.4"
"Trzic-Tank5","2026-07-02 23:00","-259.1"
"Trzic-Tank5","2026-07-03 00:00","-259.1"
"Trzic-Tank5","2026-07-03 01:00","-257.9"
"Trzic-Tank5","2026-07-03 02:00","-257.9"
"Trzic-Tank5","2026-07-03 03:00","-257.9"
"Trzic-Tank5","2026-07-03 04:00","-257.9"
"Trzic-Tank5","2026-07-03 05:00","-254.8"
"Trzic-Tank5","2026-07-03 06:00","-254.3"
"Trzic-Tank5","2026-07-03 07:00","-254.3"
"Trzic-Tank5","2026-07-03 08:00","-254.7"
"Trzic-Tank5","2026-07-03 09:00","-255.7"
"Trzic-Tank5","2026-07-03 10:00","-256.5"
"Trzic-Tank5","2026-07-03 11:00","-277.1"
"Trzic-Tank5","2026-07-03 12:00","-283"
"Trzic-Tank5","2026-07-03 13:00","-286.7"
"Trzic-Tank5","2026-07-03 14:00","-295.4"
"Trzic-Tank5","2026-07-03 15:00","-308.9"
"Trzic-Tank5","2026-07-03 16:00","-318.6"
"Trzic-Tank5","2026-07-03 17:00","-328.6"
"Trzic-Tank5","2026-07-03 18:00","-339.4"
"Trzic-Tank5","2026-07-03 19:00","-351.1"
"Trzic-Tank5","2026-07-03 20:00","-352.1"
"Trzic-Tank5","2026-07-03 21:00","-348.7"
"Trzic-Tank5","2026-07-03 22:00","-343.4"
"Trzic-Tank5","2026-07-03 23:00","-338"
"Trzic-Tank5","2026-07-04 00:00","-338"
"Trzic-Tank5","2026-07-04 01:00","-336.4"
"Trzic-Tank5","2026-07-04 02:00","-336.4"
"Trzic-Tank5","2026-07-04 03:00","-336.4"
"Trzic-Tank5","2026-07-04 04:00","-336.4"
"Trzic-Tank5","2026-07-04 05:00","-332.2"
"Trzic-Tank5","2026-07-04 06:00","-332.1"
"Trzic-Tank5","2026-07-04 07:00","-331.8"
"Trzic-Tank5","2026-07-04 08:00","-333"
"Trzic-Tank5","2026-07-04 09:00","-333.5"
"Trzic-Tank5","2026-07-04 10:00","-336.4"
"Trzic-Tank5","2026-07-04 11:00","-358.3"
"Trzic-Tank5","2026-07-04 12:00","-366.9"
"Trzic-Tank5","2026-07-04 13:00","-394.6"
"Trzic-Tank5","2026-07-04 14:00","-414.3"
"Trzic-Tank5","2026-07-04 15:00","-425.6"
"Trzic-Tank5","2026-07-04 16:00","-438.2"
"Trzic-Tank5","2026-07-04 17:00","-436.1"
"Trzic-Tank5","2026-07-04 18:00","-447.4"
"Trzic-Tank5","2026-07-04 19:00","-456.2"
"Trzic-Tank5","2026-07-04 20:00","-456.3"
"Trzic-Tank5","2026-07-04 21:00","-451"
"Trzic-Tank5","2026-07-04 22:00","-444.5"
"Trzic-Tank5","2026-07-04 23:00","-442.5"
"Trzic-Tank5","2026-07-05 00:00","-442.5"
"Trzic-Tank5","2026-07-05 01:00","-436.6"
"Trzic-Tank5","2026-07-05 02:00","-436.6"
"Trzic-Tank5","2026-07-05 03:00","-436.6"
"Trzic-Tank5","2026-07-05 04:00","-436.6"
"Trzic-Tank5","2026-07-05 05:00","-437.7"
"Trzic-Tank5","2026-07-05 06:00","-438.6"
"Trzic-Tank5","2026-07-05 07:00","-439"
"Trzic-Tank5","2026-07-05 08:00","-439.5"
"Trzic-Tank5","2026-07-05 09:00","-440.6"
"Trzic-Tank5","2026-07-05 10:00","-441.1"
"Trzic-Tank5","2026-07-05 11:00","-441.2"
"Trzic-Tank5","2026-07-05 12:00","-448.2"
"Trzic-Tank5","2026-07-05 13:00","-466.1"
"Trzic-Tank5","2026-07-05 14:00","-498.5"
"Trzic-Tank5","2026-07-05 15:00","-513.6"
"Trzic-Tank5","2026-07-05 16:00","-533.3"
"Trzic-Tank5","2026-07-05 17:00","-538.4"
"Trzic-Tank5","2026-07-05 18:00","-539"
"Trzic-Tank5","2026-07-05 19:00","-540"
"Trzic-Tank5","2026-07-05 20:00","-530.1"
"Trzic-Tank5","2026-07-05 21:00","-528.4"
"Trzic-Tank5","2026-07-05 22:00","-523"
"Trzic-Tank5","2026-07-05 23:00","-516.3"
"Trzic-Tank5","2026-07-06 00:00","-516.3"
"Trzic-Tank5","2026-07-06 01:00","-518.2"
"Trzic-Tank5","2026-07-06 02:00","-518.2"
"Trzic-Tank5","2026-07-06 03:00","-518.2"
"Trzic-Tank5","2026-07-06 04:00","-518.2"
"Trzic-Tank5","2026-07-06 05:00","-518.6"
"Trzic-Tank5","2026-07-06 06:00","-519.2"
"Trzic-Tank5","2026-07-06 07:00","-518.3"
"Trzic-Tank5","2026-07-06 08:00","-519"
"Trzic-Tank5","2026-07-06 09:00","-519.2"
"Trzic-Tank5","2026-07-06 10:00","-521.1"
"Trzic-Tank5","2026-07-06 11:00","-524.1"
"Trzic-Tank5","2026-07-06 12:00","-524"
"Trzic-Tank5","2026-07-06 13:00","-543.5"
"Trzic-Tank5","2026-07-06 14:00","-562.6"
"Trzic-Tank5","2026-07-06 15:00","-570"
"Trzic-Tank5","2026-07-06 16:00","-587.8"
"Trzic-Tank5","2026-07-06 17:00","-587.8"
"Trzic-Tank5","2026-07-06 18:00","-595.5"
"Trzic-Tank5","2026-07-06 19:00","-603.7"
"Trzic-Tank5","2026-07-06 20:00","-616.3"
"Trzic-Tank5","2026-07-06 21:00","-615.3"
"Trzic-Tank5","2026-07-06 22:00","-608.3"
"Trzic-Tank5","2026-07-06 23:00","-604.2"
"Trzic-Tank5","2026-07-07 00:00","-604.2"
"Trzic-Tank5","2026-07-07 01:00","-605.6"
"Trzic-Tank5","2026-07-07 02:00","-605.6"
"Trzic-Tank5","2026-07-07 03:00","-605.6"
"Trzic-Tank5","2026-07-07 04:00","-605.6"
"Trzic-Tank5","2026-07-07 05:00","-604.9"
"Trzic-Tank5","2026-07-07 06:00","-604.6"
"Trzic-Tank5","2026-07-07 07:00","-606.5"
"Trzic-Tank5","2026-07-07 08:00","-607.3"
"Trzic-Tank5","2026-07-07 09:00","-611.4"
"Trzic-Tank5","2026-07-07 10:00","-615.6"
"Trzic-Tank5","2026-07-07 11:00","-621.9"
"Trzic-Tank5","2026-07-07 12:00","-637.7"
"Trzic-Tank5","2026-07-07 13:00","-661.9"
"Trzic-Tank5","2026-07-07 14:00","-673.9"
"Trzic-Tank5","2026-07-07 15:00","-692.1"
"Trzic-Tank5","2026-07-07 16:00","-705"
"Trzic-Tank5","2026-07-07 17:00","-710.4"
"Trzic-Tank5","2026-07-07 18:00","-727.3"
"Trzic-Tank5","2026-07-07 19:00","-733"
"Trzic-Tank5","2026-07-07 20:00","-740.6"
"Trzic-Tank5","2026-07-07 21:00","-748.5"
"Trzic-Tank5","2026-07-07 22:00","-748.5"
"Trzic-Tank5","2026-07-07 23:00","-747.5"
"Trzic-Tank5","2026-07-08 00:00","-747.5"
"Trzic-Tank5","2026-07-08 01:00","-742.3"
"Trzic-Tank5","2026-07-08 02:00","-742.3"
"Trzic-Tank5","2026-07-08 03:00","-742.3"
"Trzic-Tank5","2026-07-08 04:00","-742.3"
"Trzic-Tank5","2026-07-08 05:00","-743.9"
"Trzic-Tank5","2026-07-08 06:00","-746.4"
"Trzic-Tank5","2026-07-08 07:00","-747"
"Trzic-Tank5","2026-07-08 08:00","-747.8"
"Trzic-Tank5","2026-07-08 09:00","-748.9"
"Trzic-Tank5","2026-07-08 10:00","-752.3"
"Trzic-Tank5","2026-07-08 11:00","-752.8"
"Trzic-Tank5","2026-07-08 12:00","-751.8"
"Trzic-Tank5","2026-07-08 13:00","-755.8"
"Trzic-Tank5","2026-07-08 14:00","-776.4"
"Trzic-Tank5","2026-07-08 15:00","-779.8"
"Trzic-Tank5","2026-07-08 16:00","-802"
"Trzic-Tank5","2026-07-08 17:00","-804.8"
"Trzic-Tank5","2026-07-08 18:00","-808.3"
"Trzic-Tank5","2026-07-08 19:00","-820.7"
"Trzic-Tank5","2026-07-08 20:00","-824.5"
"Trzic-Tank5","2026-07-08 21:00","-826.2"
"Trzic-Tank5","2026-07-08 22:00","-826.8"
"Trzic-Tank5","2026-07-08 23:00","-826.4"
"Trzic-Tank5","2026-07-09 00:00","-826.4"
"Trzic-Tank5","2026-07-09 01:00","-819.2"
"Trzic-Tank5","2026-07-09 02:00","-819.2"
"Trzic-Tank5","2026-07-09 03:00","-819.2"
"Trzic-Tank5","2026-07-09 04:00","-819.2"
"Trzic-Tank5","2026-07-09 05:00","-815.3"
"Trzic-Tank5","2026-07-09 06:00","-819.6"
"Trzic-Tank5","2026-07-09 07:00","-818.6"
"Trzic-Tank5","2026-07-09 08:00","-824.5"
"Trzic-Tank5","2026-07-09 09:00","-826.4"
"Trzic-Tank5","2026-07-09 10:00","-832.3"
"Trzic-Tank5","2026-07-09 11:00","-849.6"
"Trzic-Tank5","2026-07-09 12:00","-852.1"
"Trzic-Tank5","2026-07-09 13:00","-862.2"
"Trzic-Tank5","2026-07-09 14:00","-873.8"
"Trzic-Tank5","2026-07-09 15:00","-880.2"
"Trzic-Tank5","2026-07-09 16:00","-894.5"
"Trzic-Tank5","2026-07-09 17:00","-903"
"Trzic-Tank5","2026-07-09 18:00","-903.6"
"Trzic-Tank5","2026-07-09 19:00","-908.4"
"Trzic-Tank5","2026-07-09 20:00","-907.4"
"Trzic-Tank5","2026-07-09 21:00","-912"
"Trzic-Tank5","2026-07-09 22:00","-913.7"
"Trzic-Tank5","2026-07-09 23:00","-915.8"
"Trzic-Tank5","2026-07-10 00:00","-915.8"
"Trzic-Tank5","2026-07-10 01:00","-918.5"
"Trzic-Tank5","2026-07-10 02:00","-918.5"
"Trzic-Tank5","2026-07-10 03:00","-918.5"
"Trzic-Tank5","2026-07-10 04:00","-918.5"
"Trzic-Tank5","2026-07-10 05:00","-920.9"
"Trzic-Tank5","2026-07-10 06:00","-922.1"
"Trzic-Tank5","2026-07-10 07:00","-927.7"
"Trzic-Tank5","2026-07-10 08:00","-930.9"
"Trzic-Tank5","2026-07-10 09:00","-927.5"
"Trzic-Tank5","2026-07-10 10:00","-932.4"
"Trzic-Tank5","2026-07-10 11:00","-941.7"
"Trzic-Tank5","2026-07-10 12:00","-961.8"
"Trzic-Tank5","2026-07-10 13:00","-1,023.8"
"Trzic-Tank5","2026-07-10 14:00","-1,045.4"
"Trzic-Tank5","2026-07-10 15:00","-1,073"
"Trzic-Tank5","2026-07-10 16:00","-1,066.8"
"Trzic-Tank5","2026-07-10 17:00","-1,083.7"
"Trzic-Tank5","2026-07-10 18:00","-1,106.9"
"Trzic-Tank5","2026-07-10 19:00","-1,116.3"
"Trzic-Tank5","2026-07-10 20:00",
"Trzic-Tank5","2026-07-10 21:00","-1,155.6"
"Trzic-Tank5","2026-07-10 22:00","-1,167.1"
"Trzic-Tank5","2026-07-10 23:00","-1,170.8"
"Trzic-Tank5","2026-07-11 00:00","-1,170.8"
"Trzic-Tank5","2026-07-11 01:00","-1,187.1"
"Trzic-Tank5","2026-07-11 02:00","-1,187.1"
"Trzic-Tank5","2026-07-11 03:00","-1,187.1"
"Trzic-Tank5","2026-07-11 04:00","-1,187.1"
"Trzic-Tank5","2026-07-11 05:00","-1,202.8"
"Trzic-Tank5","2026-07-11 06:00","-1,210.9"
"Trzic-Tank5","2026-07-11 07:00","-1,205.3"
"Trzic-Tank5","2026-07-11 08:00","-1,211.4"
"Trzic-Tank5","2026-07-11 09:00","-1,210"
"Trzic-Tank5","2026-07-11 10:00","-1,208.1"
"Trzic-Tank5","2026-07-11 11:00","-1,212.3"
"Trzic-Tank5","2026-07-11 12:00","-1,207.8"
"Trzic-Tank5","2026-07-11 13:00","-1,220.9"
"Trzic-Tank5","2026-07-11 14:00","-1,243.6"
"Trzic-Tank5","2026-07-11 15:00","-1,267.6"
"Trzic-Tank5","2026-07-11 16:00","-1,272"
"Trzic-Tank5","2026-07-11 17:00","-1,276.1"
"Trzic-Tank5","2026-07-11 18:00","-1,287.3"
"Trzic-Tank5","2026-07-11 19:00","-1,284.4"
"Trzic-Tank5","2026-07-11 20:00","-1,289.4"
"Trzic-Tank5","2026-07-11 21:00","-1,296.6"
"Trzic-Tank5","2026-07-11 22:00","-1,310.1"
"Trzic-Tank5","2026-07-11 23:00","-1,346.8"
"Trzic-Tank5","2026-07-12 00:00","-1,346.8"
"Trzic-Tank5","2026-07-12 01:00","-6"
"Trzic-Tank5","2026-07-12 02:00","-6"
"Trzic-Tank5","2026-07-12 03:00","-6"
"Trzic-Tank5","2026-07-12 04:00","-6"
"Trzic-Tank5","2026-07-12 05:00","-1"
"Trzic-Tank5","2026-07-12 06:00","-1"
"Trzic-Tank5","2026-07-12 07:00","-1"
"Trzic-Tank5","2026-07-12 08:00","-0.9"
"Trzic-Tank5","2026-07-12 09:00","-0.9"
"Trzic-Tank5","2026-07-12 10:00","-0.9"
"Trzic-Tank5","2026-07-12 11:00","-1"
"Trzic-Tank5","2026-07-12 12:00","-1.2"
"Trzic-Tank5","2026-07-12 13:00","-1.3"
"Trzic-Tank5","2026-07-12 14:00","-2"
"Trzic-Tank5","2026-07-12 15:00","-2.6"
"Trzic-Tank5","2026-07-12 16:00","-4.3"
"Trzic-Tank5","2026-07-12 17:00","-5.6"
"Trzic-Tank5","2026-07-12 18:00","-6.6"
"Trzic-Tank5","2026-07-12 19:00","-9.3"
"Trzic-Tank5","2026-07-12 20:00","-10.6"
"Trzic-Tank5","2026-07-12 21:00","-11"
"Trzic-Tank5","2026-07-12 22:00","-11.3"
"Trzic-Tank5","2026-07-12 23:00","-11.6"
"Trzic-Tank5","2026-07-13 00:00","-11.6"
"Trzic-Tank5","2026-07-13 01:00","-12.2"
"Trzic-Tank5","2026-07-13 02:00","-12.2"
"Trzic-Tank5","2026-07-13 03:00","-12.2"
"Trzic-Tank5","2026-07-13 04:00","-12.2"
"Trzic-Tank5","2026-07-13 05:00","-12.9"
"Trzic-Tank5","2026-07-13 06:00","-13.1"
"Trzic-Tank5","2026-07-13 07:00","-13.3"
"Trzic-Tank5","2026-07-13 08:00","-13.6"
"Trzic-Tank5","2026-07-13 09:00","-14.2"
"Trzic-Tank5","2026-07-13 10:00","-14.7"
"Trzic-Tank5","2026-07-13 11:00","-15.8"
"Trzic-Tank5","2026-07-13 12:00","-17.6"
"Trzic-Tank5","2026-07-13 13:00","-20.5"
"Trzic-Tank5","2026-07-13 14:00","-22.1"
"Trzic-Tank5","2026-07-13 15:00","-27.1"
"Trzic-Tank5","2026-07-13 16:00","-31"
"Trzic-Tank5","2026-07-13 17:00","-33.5"
"Trzic-Tank5","2026-07-13 18:00","-35.5"
"Trzic-Tank5","2026-07-13 19:00","-39.7"
"Trzic-Tank5","2026-07-13 20:00","-44.4"
"Trzic-Tank5","2026-07-13 21:00","-46.8"
"Trzic-Tank5","2026-07-13 22:00","-48"
"Trzic-Tank5","2026-07-13 23:00","-49.2"
"Trzic-Tank5","2026-07-14 00:00","-49.2"
"Trzic-Tank5","2026-07-14 01:00","-51"
"Trzic-Tank5","2026-07-14 02:00","-51"
"Trzic-Tank5","2026-07-14 03:00","-51"
"Trzic-Tank5","2026-07-14 04:00","-51"
"Trzic-Tank5","2026-07-14 05:00","-54.8"
"Trzic-Tank5","2026-07-14 06:00","-55.6"
"Trzic-Tank5","2026-07-14 07:00","-56.8"
"Trzic-Tank5","2026-07-14 08:00","-57.9"
"Trzic-Tank5","2026-07-14 09:00","-59.1"
"Trzic-Tank5","2026-07-14 10:00","-60.6"
"Trzic-Tank5","2026-07-14 11:00","-62.5"
"Trzic-Tank5","2026-07-14 12:00","-68.2"
"Trzic-Tank5","2026-07-14 13:00","-72.3"
"Trzic-Tank5","2026-07-14 14:00","-76.2"
"Trzic-Tank5","2026-07-14 15:00","-88.4"
"Trzic-Tank5","2026-07-14 16:00","-96.9"
"Trzic-Tank5","2026-07-14 17:00","-105.8"
"Trzic-Tank5","2026-07-14 18:00","-112.1"
"Trzic-Tank5","2026-07-14 19:00","-115.1"
"Trzic-Tank5","2026-07-14 20:00","-117.3"
"Trzic-Tank5","2026-07-14 21:00","-122"
"Trzic-Tank5","2026-07-14 22:00","-123.8"
"Trzic-Tank5","2026-07-14 23:00","-126"
"Trzic-Tank5","2026-07-15 00:00","-126"
"Trzic-Tank5","2026-07-15 01:00","-128.7"
"Trzic-Tank5","2026-07-15 02:00","-128.7"
"Trzic-Tank5","2026-07-15 03:00","-128.7"
"Trzic-Tank5","2026-07-15 04:00","-128.7"
"Trzic-Tank5","2026-07-15 05:00","-134.1"
"Trzic-Tank5","2026-07-15 06:00","-135"
"Trzic-Tank5","2026-07-15 07:00","-136.2"
"Trzic-Tank5","2026-07-15 08:00","-137.7"
"Trzic-Tank5","2026-07-15 09:00","-140"
"Trzic-Tank5","2026-07-15 10:00","-141.6"
"Trzic-Tank5","2026-07-15 11:00","-146.6"
"Trzic-Tank5","2026-07-15 12:00","-159.8"
"Trzic-Tank5","2026-07-15 13:00","-182.1"
"Trzic-Tank5","2026-07-15 14:00","-202.5"
"Trzic-Tank5","2026-07-15 15:00","-236.6"
"Trzic-Tank5","2026-07-15 16:00","-273.3"
"Trzic-Tank5","2026-07-15 17:00","-305"
"Trzic-Tank5","2026-07-15 18:00","-334.9"
"Trzic-Tank5","2026-07-15 19:00","-358.8"
"Trzic-Tank5","2026-07-15 20:00","-380.4"
"Trzic-Tank5","2026-07-15 21:00","-385"
"Trzic-Tank5","2026-07-15 22:00","-306.9"
"Trzic-Tank5","2026-07-15 23:00","-0.7"
"Trzic-Tank5","2026-07-16 00:00","-0.7"
"Trzic-Tank5","2026-07-16 01:00","-0.7"
"Trzic-Tank5","2026-07-16 02:00","-0.7"
"Trzic-Tank5","2026-07-16 03:00","-0.7"
"Trzic-Tank5","2026-07-16 04:00","-0.7"
"Trzic-Tank5","2026-07-16 05:00","-0.6"
"Trzic-Tank5","2026-07-16 06:00","-0.6"
"Trzic-Tank5","2026-07-16 07:00","-0.6"
"Trzic-Tank5","2026-07-16 08:00","-0.6"
"Trzic-Tank5","2026-07-16 09:00","-0.6"
"Trzic-Tank5","2026-07-16 10:00","-0.6"
"Trzic-Tank5","2026-07-16 11:00","-0.6"
"Trzic-Tank5","2026-07-16 12:00","-0.7"
"Trzic-Tank5","2026-07-16 13:00","-0.8"
"Trzic-Tank5","2026-07-16 14:00","-1"
"Trzic-Tank5","2026-07-16 15:00","-1.2"
"Trzic-Tank5","2026-07-16 16:00","-1.3"
"Trzic-Tank5","2026-07-16 17:00","-1.4"
"Trzic-Tank5","2026-07-16 18:00","-1.9"
"Trzic-Tank5","2026-07-16 19:00","-2.6"
"Trzic-Tank5","2026-07-16 20:00","-3.1"
"Trzic-Tank5","2026-07-16 21:00","-3.7"
"Trzic-Tank5","2026-07-16 22:00","-4.2"
"Trzic-Tank5","2026-07-16 23:00","-4.6"
"Trzic-Tank5","2026-07-17 00:00","-4.6"
"Trzic-Tank5","2026-07-17 01:00","-5.2"
"Trzic-Tank5","2026-07-17 02:00","-5.2"
"Trzic-Tank5","2026-07-17 03:00","-5.2"
"Trzic-Tank5","2026-07-17 04:00","-5.2"
"Trzic-Tank5","2026-07-17 05:00","-5.7"
"Trzic-Tank5","2026-07-17 06:00","-5.7"
"Trzic-Tank5","2026-07-17 07:00","-5.9"
"Trzic-Tank5","2026-07-17 08:00","-6"
"Trzic-Tank5","2026-07-17 09:00","-6.1"
"Trzic-Tank5","2026-07-17 10:00","-6.3"
"Trzic-Tank5","2026-07-17 11:00","-6.4"
"Trzic-Tank5","2026-07-17 12:00","-6.8"
"Trzic-Tank5","2026-07-17 13:00","-7.6"
"Trzic-Tank5","2026-07-17 14:00","-8.1"
"Trzic-Tank5","2026-07-17 15:00","-8.6"
"Trzic-Tank5","2026-07-17 16:00","-9.4"
"Trzic-Tank5","2026-07-17 17:00","-10"
"Trzic-Tank5","2026-07-17 18:00","-10.7"
"Trzic-Tank5","2026-07-17 19:00","-11.4"
"Trzic-Tank5","2026-07-17 20:00","-12.1"
"Trzic-Tank5","2026-07-17 21:00","-12.4"
"Trzic-Tank5","2026-07-17 22:00","-12.5"
"Trzic-Tank5","2026-07-17 23:00","-12.6"
"Trzic-Tank5","2026-07-18 00:00","-12.6"
"Trzic-Tank5","2026-07-18 01:00","-12.9"
"Trzic-Tank5","2026-07-18 02:00","-12.9"
"Trzic-Tank5","2026-07-18 03:00","-12.9"
"Trzic-Tank5","2026-07-18 04:00","-12.9"
"Trzic-Tank5","2026-07-18 05:00","-13.4"
"Trzic-Tank5","2026-07-18 06:00","-13.6"
"Trzic-Tank5","2026-07-18 07:00","-13.7"
"Trzic-Tank5","2026-07-18 08:00","-13.9"
"Trzic-Tank5","2026-07-18 09:00","-14"
"Trzic-Tank5","2026-07-18 10:00","-14.3"
"Trzic-Tank5","2026-07-18 11:00","-15.1"
"Trzic-Tank5","2026-07-18 12:00","-16.8"
"Trzic-Tank5","2026-07-18 13:00","-18.6"
"Trzic-Tank5","2026-07-18 14:00","-21.3"
"Trzic-Tank5","2026-07-18 15:00","-22.8"
"Trzic-Tank5","2026-07-18 16:00","-25"
"Trzic-Tank5","2026-07-18 17:00","-26.9"
"Trzic-Tank5","2026-07-18 18:00","-0.4"
"Trzic-Tank5","2026-07-18 19:00","-0.4"
"Trzic-Tank5","2026-07-18 20:00","-0.5"
"Trzic-Tank5","2026-07-18 21:00","-0.5"
"Trzic-Tank5","2026-07-18 22:00","-0.6"
"Trzic-Tank5","2026-07-18 23:00","-0.5"
"Trzic-Tank5","2026-07-19 00:00","-0.5"
"Trzic-Tank5","2026-07-19 01:00","-0.5"
"Trzic-Tank5","2026-07-19 02:00","-0.5"
"Trzic-Tank5","2026-07-19 03:00","-0.5"
"Trzic-Tank5","2026-07-19 04:00","-0.5"
"Trzic-Tank5","2026-07-19 05:00","-0.5"
"Trzic-Tank5","2026-07-19 06:00","-0.5"
"Trzic-Tank5","2026-07-19 07:00","-0.4"
"Trzic-Tank5","2026-07-19 08:00","-0.4"
"Trzic-Tank5","2026-07-19 09:00","-0.4"
"Trzic-Tank5","2026-07-19 10:00","-0.4"
"Trzic-Tank5","2026-07-19 11:00","-0.4"
"Trzic-Tank5","2026-07-19 12:00","-0.4"
"Trzic-Tank5","2026-07-19 13:00","-0.4"
"Trzic-Tank5","2026-07-19 14:00","-0.5"
"Trzic-Tank5","2026-07-19 15:00","-0.5"
"Trzic-Tank5","2026-07-19 16:00","-0.5"
"Trzic-Tank5","2026-07-19 17:00","-0.5"
"Trzic-Tank5","2026-07-19 18:00","-0.5"
"Trzic-Tank5","2026-07-19 19:00","-0.5"
"Trzic-Tank5","2026-07-19 20:00","-0.5"
"Trzic-Tank5","2026-07-19 21:00","-0.5"
"Trzic-Tank5","2026-07-19 22:00","-0.5"
"Trzic-Tank5","2026-07-19 23:00","-0.5"
"Trzic-Tank5","2026-07-20 00:00","-0.5"
"Trzic-Tank5","2026-07-20 01:00",
"Trzic-Tank5","2026-07-20 02:00","-0.5"
"Trzic-Tank5","2026-07-20 03:00","-0.5"
"Trzic-Tank5","2026-07-20 04:00","-0.5"
"Trzic-Tank5","2026-07-20 05:00","-0.5"
"Trzic-Tank5","2026-07-20 06:00","-0.5"
"Trzic-Tank5","2026-07-20 07:00","-0.5"
"Trzic-Tank5","2026-07-20 08:00","-0.5"
"Trzic-Tank5","2026-07-20 09:00","-0.5"
"Trzic-Tank5","2026-07-20 10:00","-0.5"
"Trzic-Tank5","2026-07-20 11:00","-0.5"
"Trzic-Tank5","2026-07-20 12:00","-0.5"
"Trzic-Tank5","2026-07-20 13:00","-0.5"
"Trzic-Tank5","2026-07-20 14:00","-0.6"
"Trzic-Tank5","2026-07-20 15:00","-0.6"
"Trzic-Tank5","2026-07-20 16:00","-0.7"
"Trzic-Tank5","2026-07-20 17:00","-0.7"
"Trzic-Tank5","2026-07-20 18:00","-0.7"
"Trzic-Tank5","2026-07-20 19:00","-0.8"
"Trzic-Tank5","2026-07-20 20:00","-0.8"
"Trzic-Tank5","2026-07-20 21:00","-0.8"
"Trzic-Tank5","2026-07-20 22:00","-0.8"
"Trzic-Tank5","2026-07-20 23:00","-0.8"
"Trzic-Tank5","2026-07-21 00:00","-0.8"
"Trzic-Tank5","2026-07-21 01:00","-0.8"
"Trzic-Tank5","2026-07-21 02:00","-0.8"
"Trzic-Tank5","2026-07-21 03:00","-0.8"
"Trzic-Tank5","2026-07-21 04:00","-0.8"
"Trzic-Tank5","2026-07-21 05:00","-0.8"
"Trzic-Tank5","2026-07-21 06:00","-0.7"
"Trzic-Tank5","2026-07-21 07:00","-0.6"
"Trzic-Tank5","2026-07-21 08:00","-0.6"
"Trzic-Tank5","2026-07-21 09:00","-0.6"
"Trzic-Tank5","2026-07-21 10:00","-0.6"
"Trzic-Tank5","2026-07-21 11:00","-0.6"
"Trzic-Tank5","2026-07-21 12:00","-0.6"
"Trzic-Tank5","2026-07-21 13:00","-0.6"
"Trzic-Tank5","2026-07-21 14:00","-0.6"
"Trzic-Tank5","2026-07-21 15:00","-0.6"
"Trzic-Tank5","2026-07-21 16:00","-0.6"
"Trzic-Tank5","2026-07-21 17:00","-0.6"
"Trzic-Tank5","2026-07-21 18:00","-0.6"
"Trzic-Tank5","2026-07-21 19:00","-0.6"
"Trzic-Tank5","2026-07-21 20:00","-0.6"
"Trzic-Tank5","2026-07-21 21:00","-0.6"
"Trzic-Tank5","2026-07-21 22:00","-0.6"
"Trzic-Tank5","2026-07-21 23:00","-0.6"
"Trzic-Tank5","2026-07-22 00:00","-0.6"
"Trzic-Tank5","2026-07-22 01:00","-0.5"
"Trzic-Tank5","2026-07-22 02:00","-0.5"
"Trzic-Tank5","2026-07-22 03:00","-0.5"
"Trzic-Tank5","2026-07-22 04:00","-0.5"
"Trzic-Tank5","2026-07-22 05:00","-0.5"
"Trzic-Tank5","2026-07-22 06:00","-0.5"
"Trzic-Tank5","2026-07-22 07:00","-0.5"
"Trzic-Tank5","2026-07-22 08:00","-0.5"
"Trzic-Tank5","2026-07-22 09:00","-0.5"
"Trzic-Tank5","2026-07-22 10:00","-0.5"
"Trzic-Tank5","2026-07-22 11:00","-0.5"
"Trzic-Tank5","2026-07-22 12:00","-0.5"
"Trzic-Tank5","2026-07-22 13:00","-0.5"
"Trzic-Tank5","2026-07-22 14:00","-0.6"
"Trzic-Tank5","2026-07-22 15:00","-0.6"
"Trzic-Tank5","2026-07-22 16:00","-0.6"
"Trzic-Tank5","2026-07-22 17:00","-0.7"
"Trzic-Tank5","2026-07-22 18:00","-0.7"
"Trzic-Tank5","2026-07-22 19:00","-0.7"
"Trzic-Tank5","2026-07-22 20:00","-0.7"
"Trzic-Tank5","2026-07-22 21:00","-0.8"
"Trzic-Tank5","2026-07-22 22:00","-0.8"
"Trzic-Tank5","2026-07-22 23:00","-0.8"
"Trzic-Tank5","2026-07-23 00:00","-0.8"
"Trzic-Tank5","2026-07-23 01:00","-0.8"
"Trzic-Tank5","2026-07-23 02:00","-0.8"
"Trzic-Tank5","2026-07-23 03:00","-0.8"
"Trzic-Tank5","2026-07-23 04:00","-0.8"
"Trzic-Tank5","2026-07-23 05:00","-0.9"
"Trzic-Tank5","2026-07-23 06:00","-0.9"
"Trzic-Tank5","2026-07-23 07:00","-0.9"
"Trzic-Tank5","2026-07-23 08:00","-0.9"
"Trzic-Tank5","2026-07-23 09:00","-0.9"
"Trzic-Tank5","2026-07-23 10:00","-1"
"Trzic-Tank5","2026-07-23 11:00","-1"
"Trzic-Tank5","2026-07-23 12:00","-1.2"
"Trzic-Tank5","2026-07-23 13:00","-1.3"
"Trzic-Tank5","2026-07-23 14:00","-1.5"
"Trzic-Tank5","2026-07-23 15:00","-1.8"
"Trzic-Tank5","2026-07-23 16:00","-1.8"
"Trzic-Tank5","2026-07-23 17:00","-1.6"
"Trzic-Tank5","2026-07-23 18:00","-1.5"
"Trzic-Tank5","2026-07-23 19:00","-1.5"
"Trzic-Tank5","2026-07-23 20:00","-1.4"
"Trzic-Tank5","2026-07-23 21:00","-1.3"
"Trzic-Tank5","2026-07-23 22:00","-1.2"
"Trzic-Tank2","2026-05-27 16:00","-0.3"
"Trzic-Tank2","2026-05-27 17:00","-0.3"
"Trzic-Tank2","2026-05-27 18:00","-0.3"
"Trzic-Tank2","2026-05-27 19:00","-0.3"
"Trzic-Tank2","2026-05-27 20:00","-0.3"
"Trzic-Tank2","2026-05-27 21:00","-0.4"
"Trzic-Tank2","2026-05-27 22:00","-0.4"
"Trzic-Tank2","2026-05-27 23:00","-0.4"
"Trzic-Tank2","2026-05-28 00:00","-0.4"
"Trzic-Tank2","2026-05-28 01:00","-0.4"
"Trzic-Tank2","2026-05-28 02:00","-0.4"
"Trzic-Tank2","2026-05-28 03:00","-0.4"
"Trzic-Tank2","2026-05-28 04:00","-0.4"
"Trzic-Tank2","2026-05-28 05:00","-0.4"
"Trzic-Tank2","2026-05-28 06:00","-0.4"
"Trzic-Tank2","2026-05-28 07:00","-0.4"
"Trzic-Tank2","2026-05-28 08:00","-0.4"
"Trzic-Tank2","2026-05-28 09:00","-0.4"
"Trzic-Tank2","2026-05-28 10:00","-0.4"
"Trzic-Tank2","2026-05-28 11:00","-0.4"
"Trzic-Tank2","2026-05-28 12:00","-0.4"
"Trzic-Tank2","2026-05-28 13:00","-0.4"
"Trzic-Tank2","2026-05-28 14:00","-0.4"
"Trzic-Tank2","2026-05-28 15:00","-0.4"
"Trzic-Tank2","2026-05-28 16:00","-0.4"
"Trzic-Tank2","2026-05-28 17:00","-0.4"
"Trzic-Tank2","2026-05-28 18:00","-0.4"
"Trzic-Tank2","2026-05-28 19:00","-0.4"
"Trzic-Tank2","2026-05-28 20:00","-0.4"
"Trzic-Tank2","2026-05-28 21:00","-0.4"
"Trzic-Tank2","2026-05-28 22:00","-0.4"
"Trzic-Tank2","2026-05-28 23:00","-0.4"
"Trzic-Tank2","2026-05-29 00:00","-0.4"
"Trzic-Tank2","2026-05-29 01:00","-0.5"
"Trzic-Tank2","2026-05-29 02:00","-0.5"
"Trzic-Tank2","2026-05-29 03:00","-0.5"
"Trzic-Tank2","2026-05-29 04:00","-0.5"
"Trzic-Tank2","2026-05-29 05:00","-0.5"
"Trzic-Tank2","2026-05-29 06:00","-0.5"
"Trzic-Tank2","2026-05-29 07:00","-0.5"
"Trzic-Tank2","2026-05-29 08:00","-0.5"
"Trzic-Tank2","2026-05-29 09:00","-0.5"
"Trzic-Tank2","2026-05-29 10:00","-0.5"
"Trzic-Tank2","2026-05-29 11:00","-0.5"
"Trzic-Tank2","2026-05-29 12:00","-0.5"
"Trzic-Tank2","2026-05-29 13:00","-0.5"
"Trzic-Tank2","2026-05-29 14:00","-0.5"
"Trzic-Tank2","2026-05-29 15:00","-0.5"
"Trzic-Tank2","2026-05-29 16:00","-0.5"
"Trzic-Tank2","2026-05-29 17:00","-0.5"
"Trzic-Tank2","2026-05-29 18:00","-0.5"
"Trzic-Tank2","2026-05-29 19:00","-0.5"
"Trzic-Tank2","2026-05-29 20:00","-0.5"
"Trzic-Tank2","2026-05-29 21:00","-0.5"
"Trzic-Tank2","2026-05-29 22:00","-0.5"
"Trzic-Tank2","2026-05-29 23:00","-0.5"
"Trzic-Tank2","2026-05-30 00:00","-0.5"
"Trzic-Tank2","2026-05-30 01:00","-0.5"
"Trzic-Tank2","2026-05-30 02:00","-0.5"
"Trzic-Tank2","2026-05-30 03:00","-0.5"
"Trzic-Tank2","2026-05-30 04:00","-0.5"
"Trzic-Tank2","2026-05-30 05:00","-0.4"
"Trzic-Tank2","2026-05-30 06:00","-0.4"
"Trzic-Tank2","2026-05-30 07:00","-0.4"
"Trzic-Tank2","2026-05-30 08:00","-0.4"
"Trzic-Tank2","2026-05-30 09:00","-0.4"
"Trzic-Tank2","2026-05-30 10:00","-0.4"
"Trzic-Tank2","2026-05-30 11:00","-0.4"
"Trzic-Tank2","2026-05-30 12:00","-0.4"
"Trzic-Tank2","2026-05-30 13:00","-0.4"
"Trzic-Tank2","2026-05-30 14:00","-0.4"
"Trzic-Tank2","2026-05-30 15:00","-0.4"
"Trzic-Tank2","2026-05-30 16:00","-0.4"
"Trzic-Tank2","2026-05-30 17:00","-0.4"
"Trzic-Tank2","2026-05-30 18:00","-0.4"
"Trzic-Tank2","2026-05-30 19:00","-0.4"
"Trzic-Tank2","2026-05-30 20:00","-0.4"
"Trzic-Tank2","2026-05-30 21:00","-0.4"
"Trzic-Tank2","2026-05-30 22:00","-0.4"
"Trzic-Tank2","2026-05-30 23:00","-0.4"
"Trzic-Tank2","2026-05-31 00:00","-0.4"
"Trzic-Tank2","2026-05-31 01:00","-0.4"
"Trzic-Tank2","2026-05-31 02:00","-0.4"
"Trzic-Tank2","2026-05-31 03:00","-0.4"
"Trzic-Tank2","2026-05-31 04:00","-0.4"
"Trzic-Tank2","2026-05-31 05:00","-0.4"
"Trzic-Tank2","2026-05-31 06:00","-0.4"
"Trzic-Tank2","2026-05-31 07:00","-0.4"
"Trzic-Tank2","2026-05-31 08:00","-0.4"
"Trzic-Tank2","2026-05-31 09:00","-0.4"
"Trzic-Tank2","2026-05-31 10:00","-0.4"
"Trzic-Tank2","2026-05-31 11:00","-0.4"
"Trzic-Tank2","2026-05-31 12:00","-0.4"
"Trzic-Tank2","2026-05-31 13:00","-0.4"
"Trzic-Tank2","2026-05-31 14:00","-0.4"
"Trzic-Tank2","2026-05-31 15:00","-0.4"
"Trzic-Tank2","2026-05-31 16:00","-0.4"
"Trzic-Tank2","2026-05-31 17:00","-0.1"
"Trzic-Tank2","2026-05-31 18:00","-0.1"
"Trzic-Tank2","2026-05-31 19:00","-0.1"
"Trzic-Tank2","2026-05-31 20:00","-0.1"
"Trzic-Tank2","2026-05-31 21:00","-0.1"
"Trzic-Tank2","2026-05-31 22:00","-0.1"
"Trzic-Tank2","2026-05-31 23:00","-0.1"
"Trzic-Tank2","2026-06-01 00:00","-0.1"
"Trzic-Tank2","2026-06-01 01:00","-0.1"
"Trzic-Tank2","2026-06-01 02:00","-0.1"
"Trzic-Tank2","2026-06-01 03:00","-0.1"
"Trzic-Tank2","2026-06-01 04:00","-0.1"
"Trzic-Tank2","2026-06-01 05:00","-0.1"
"Trzic-Tank2","2026-06-01 06:00","-0.1"
"Trzic-Tank2","2026-06-01 07:00","-0.1"
"Trzic-Tank2","2026-06-01 08:00","-0.1"
"Trzic-Tank2","2026-06-01 09:00","-0.1"
"Trzic-Tank2","2026-06-01 10:00","-0.1"
"Trzic-Tank2","2026-06-01 11:00","-0.1"
"Trzic-Tank2","2026-06-01 12:00","-0.1"
"Trzic-Tank2","2026-06-01 13:00","-0.1"
"Trzic-Tank2","2026-06-01 14:00","-0.1"
"Trzic-Tank2","2026-06-01 15:00","-0.1"
"Trzic-Tank2","2026-06-01 16:00","-0.1"
"Trzic-Tank2","2026-06-01 17:00","-0.1"
"Trzic-Tank2","2026-06-01 18:00","-0.1"
"Trzic-Tank2","2026-06-01 19:00","-0.1"
"Trzic-Tank2","2026-06-01 20:00","-0.1"
"Trzic-Tank2","2026-06-01 21:00","-0.1"
"Trzic-Tank2","2026-06-01 22:00","-0.1"
"Trzic-Tank2","2026-06-01 23:00","-0.1"
"Trzic-Tank2","2026-06-02 00:00","-0.1"
"Trzic-Tank2","2026-06-02 01:00","-0.1"
"Trzic-Tank2","2026-06-02 02:00","-0.1"
"Trzic-Tank2","2026-06-02 03:00","-0.1"
"Trzic-Tank2","2026-06-02 04:00","-0.1"
"Trzic-Tank2","2026-06-02 05:00","-0.1"
"Trzic-Tank2","2026-06-02 06:00","-0.1"
"Trzic-Tank2","2026-06-02 07:00","-0.1"
"Trzic-Tank2","2026-06-02 08:00","-0.1"
"Trzic-Tank2","2026-06-02 09:00","-0.1"
"Trzic-Tank2","2026-06-02 10:00","-0.1"
"Trzic-Tank2","2026-06-02 11:00","-0.1"
"Trzic-Tank2","2026-06-02 12:00","-0.1"
"Trzic-Tank2","2026-06-02 13:00","-0.1"
"Trzic-Tank2","2026-06-02 14:00","-0.1"
"Trzic-Tank2","2026-06-02 15:00","-0.1"
"Trzic-Tank2","2026-06-02 16:00","-0.1"
"Trzic-Tank2","2026-06-02 17:00","-0.1"
"Trzic-Tank2","2026-06-02 18:00","-0.1"
"Trzic-Tank2","2026-06-02 19:00","-0.1"
"Trzic-Tank2","2026-06-02 20:00","-0.1"
"Trzic-Tank2","2026-06-02 21:00","-0.1"
"Trzic-Tank2","2026-06-02 22:00","-0.1"
"Trzic-Tank2","2026-06-02 23:00","-0.1"
"Trzic-Tank2","2026-06-03 00:00","-0.1"
"Trzic-Tank2","2026-06-03 01:00","-0.1"
"Trzic-Tank2","2026-06-03 02:00","-0.1"
"Trzic-Tank2","2026-06-03 03:00","-0.1"
"Trzic-Tank2","2026-06-03 04:00","-0.1"
"Trzic-Tank2","2026-06-03 05:00","-0.1"
"Trzic-Tank2","2026-06-03 06:00","-0.1"
"Trzic-Tank2","2026-06-03 07:00","-0.1"
"Trzic-Tank2","2026-06-03 08:00","-0.1"
"Trzic-Tank2","2026-06-03 09:00","-0.1"
"Trzic-Tank2","2026-06-03 10:00","-0.1"
"Trzic-Tank2","2026-06-03 11:00","-0.1"
"Trzic-Tank2","2026-06-03 12:00","-0.1"
"Trzic-Tank2","2026-06-03 13:00","-0.1"
"Trzic-Tank2","2026-06-03 14:00","-0.1"
"Trzic-Tank2","2026-06-03 15:00","-0.1"
"Trzic-Tank2","2026-06-03 16:00","-0.1"
"Trzic-Tank2","2026-06-03 17:00","-0.1"
"Trzic-Tank2","2026-06-03 18:00","-0.1"
"Trzic-Tank2","2026-06-03 19:00","-0.1"
"Trzic-Tank2","2026-06-03 20:00","-0.1"
"Trzic-Tank2","2026-06-03 21:00","-0.1"
"Trzic-Tank2","2026-06-03 22:00","-0.1"
"Trzic-Tank2","2026-06-03 23:00","-0.1"
"Trzic-Tank2","2026-06-04 00:00","-0.1"
"Trzic-Tank2","2026-06-04 01:00","-0.1"
"Trzic-Tank2","2026-06-04 02:00","-0.1"
"Trzic-Tank2","2026-06-04 03:00","-0.1"
"Trzic-Tank2","2026-06-04 04:00","-0.1"
"Trzic-Tank2","2026-06-04 05:00","-0.1"
"Trzic-Tank2","2026-06-04 06:00","-0.1"
"Trzic-Tank2","2026-06-04 07:00","-0.1"
"Trzic-Tank2","2026-06-04 08:00","-0.1"
"Trzic-Tank2","2026-06-04 09:00","-0.1"
"Trzic-Tank2","2026-06-04 10:00","-0.1"
"Trzic-Tank2","2026-06-04 11:00","-0.1"
"Trzic-Tank2","2026-06-04 12:00","-0.1"
"Trzic-Tank2","2026-06-04 13:00","-0.1"
"Trzic-Tank2","2026-06-04 14:00","-0.1"
"Trzic-Tank2","2026-06-04 15:00","-0.1"
"Trzic-Tank2","2026-06-04 16:00","-0.1"
"Trzic-Tank2","2026-06-04 17:00","-0.1"
"Trzic-Tank2","2026-06-04 18:00","-0.1"
"Trzic-Tank2","2026-06-04 19:00","-0.1"
"Trzic-Tank2","2026-06-04 20:00","-0.1"
"Trzic-Tank2","2026-06-04 21:00","-0.1"
"Trzic-Tank2","2026-06-04 22:00","-0.1"
"Trzic-Tank2","2026-06-04 23:00","-0.1"
"Trzic-Tank2","2026-06-05 00:00","-0.1"
"Trzic-Tank2","2026-06-05 01:00","-0.1"
"Trzic-Tank2","2026-06-05 02:00","-0.1"
"Trzic-Tank2","2026-06-05 03:00","-0.1"
"Trzic-Tank2","2026-06-05 04:00","-0.1"
"Trzic-Tank2","2026-06-05 05:00","-0.1"
"Trzic-Tank2","2026-06-05 06:00","-0.1"
"Trzic-Tank2","2026-06-05 07:00","-0.1"
"Trzic-Tank2","2026-06-05 08:00","-0.1"
"Trzic-Tank2","2026-06-05 09:00","-0.1"
"Trzic-Tank2","2026-06-05 10:00","-0.1"
"Trzic-Tank2","2026-06-05 11:00","-0.1"
"Trzic-Tank2","2026-06-05 12:00","-0.1"
"Trzic-Tank2","2026-06-05 13:00","-0.1"
"Trzic-Tank2","2026-06-05 14:00","-0.1"
"Trzic-Tank2","2026-06-05 15:00","-0.1"
"Trzic-Tank2","2026-06-05 16:00","-0.1"
"Trzic-Tank2","2026-06-05 17:00","-0.1"
"Trzic-Tank2","2026-06-05 18:00","-0.1"
"Trzic-Tank2","2026-06-05 19:00","-0.1"
"Trzic-Tank2","2026-06-05 20:00","-0.1"
"Trzic-Tank2","2026-06-05 21:00","-0.1"
"Trzic-Tank2","2026-06-05 22:00","-0.1"
"Trzic-Tank2","2026-06-05 23:00","-0.1"
"Trzic-Tank2","2026-06-06 00:00","-0.1"
"Trzic-Tank2","2026-06-06 01:00","-0.1"
"Trzic-Tank2","2026-06-06 02:00","-0.1"
"Trzic-Tank2","2026-06-06 03:00","-0.1"
"Trzic-Tank2","2026-06-06 04:00","-0.1"
"Trzic-Tank2","2026-06-06 05:00","-0.1"
"Trzic-Tank2","2026-06-06 06:00","-0.1"
"Trzic-Tank2","2026-06-06 07:00","-0.1"
"Trzic-Tank2","2026-06-06 08:00","-0.1"
"Trzic-Tank2","2026-06-06 09:00","-0.1"
"Trzic-Tank2","2026-06-06 10:00","-0.1"
"Trzic-Tank2","2026-06-06 11:00","-0.1"
"Trzic-Tank2","2026-06-06 12:00","-0.1"
"Trzic-Tank2","2026-06-06 13:00","-0.1"
"Trzic-Tank2","2026-06-06 14:00","-0.1"
"Trzic-Tank2","2026-06-06 15:00","-0.1"
"Trzic-Tank2","2026-06-06 16:00","-0.1"
"Trzic-Tank2","2026-06-06 17:00","-0.1"
"Trzic-Tank2","2026-06-06 18:00","-0.1"
"Trzic-Tank2","2026-06-06 19:00","-0.1"
"Trzic-Tank2","2026-06-06 20:00","-0.1"
"Trzic-Tank2","2026-06-06 21:00","-0.1"
"Trzic-Tank2","2026-06-06 22:00","-0.1"
"Trzic-Tank2","2026-06-06 23:00","-0.1"
"Trzic-Tank2","2026-06-07 00:00","-0.1"
"Trzic-Tank2","2026-06-07 01:00","-0.1"
"Trzic-Tank2","2026-06-07 02:00","-0.1"
"Trzic-Tank2","2026-06-07 03:00","-0.1"
"Trzic-Tank2","2026-06-07 04:00","-0.1"
"Trzic-Tank2","2026-06-07 05:00","-0.1"
"Trzic-Tank2","2026-06-07 06:00","-0.1"
"Trzic-Tank2","2026-06-07 07:00","-0.1"
"Trzic-Tank2","2026-06-07 08:00","-0.1"
"Trzic-Tank2","2026-06-07 09:00","-0.1"
"Trzic-Tank2","2026-06-07 10:00","-0.1"
"Trzic-Tank2","2026-06-07 11:00","-0.1"
"Trzic-Tank2","2026-06-07 12:00","-0.1"
"Trzic-Tank2","2026-06-07 13:00","-0.1"
"Trzic-Tank2","2026-06-07 14:00","-0.1"
"Trzic-Tank2","2026-06-07 15:00","-0.1"
"Trzic-Tank2","2026-06-07 16:00","-0.1"
"Trzic-Tank2","2026-06-07 17:00","-0.1"
"Trzic-Tank2","2026-06-07 18:00","-0.1"
"Trzic-Tank2","2026-06-07 19:00","-0.1"
"Trzic-Tank2","2026-06-07 20:00","-0.1"
"Trzic-Tank2","2026-06-07 21:00","-0.1"
"Trzic-Tank2","2026-06-07 22:00","-0.1"
"Trzic-Tank2","2026-06-07 23:00","-0.1"
"Trzic-Tank2","2026-06-08 00:00","-0.1"
"Trzic-Tank2","2026-06-08 01:00","-0.1"
"Trzic-Tank2","2026-06-08 02:00","-0.1"
"Trzic-Tank2","2026-06-08 03:00","-0.1"
"Trzic-Tank2","2026-06-08 04:00","-0.1"
"Trzic-Tank2","2026-06-08 05:00","-0.1"
"Trzic-Tank2","2026-06-08 06:00","-0.1"
"Trzic-Tank2","2026-06-08 07:00","-0.1"
"Trzic-Tank2","2026-06-08 08:00","-0.1"
"Trzic-Tank2","2026-06-08 09:00","-0.1"
"Trzic-Tank2","2026-06-08 10:00","-0.1"
"Trzic-Tank2","2026-06-08 11:00","-0.1"
"Trzic-Tank2","2026-06-08 12:00","-0.1"
"Trzic-Tank2","2026-06-08 13:00","-0.1"
"Trzic-Tank2","2026-06-08 14:00","-0.1"
"Trzic-Tank2","2026-06-08 15:00","-0.1"
"Trzic-Tank2","2026-06-08 16:00","-0.1"
"Trzic-Tank2","2026-06-08 17:00","-0.1"
"Trzic-Tank2","2026-06-08 18:00","-0.1"
"Trzic-Tank2","2026-06-08 19:00","-0.1"
"Trzic-Tank2","2026-06-08 20:00","-0.1"
"Trzic-Tank2","2026-06-08 21:00","-0.1"
"Trzic-Tank2","2026-06-08 22:00","-0.1"
"Trzic-Tank2","2026-06-08 23:00","-0.1"
"Trzic-Tank2","2026-06-09 00:00","-0.1"
"Trzic-Tank2","2026-06-09 01:00","-0.1"
"Trzic-Tank2","2026-06-09 02:00","-0.1"
"Trzic-Tank2","2026-06-09 03:00","-0.1"
"Trzic-Tank2","2026-06-09 04:00","-0.1"
"Trzic-Tank2","2026-06-09 05:00","-0.1"
"Trzic-Tank2","2026-06-09 06:00","-0.1"
"Trzic-Tank2","2026-06-09 07:00","-0.1"
"Trzic-Tank2","2026-06-09 08:00","-0.1"
"Trzic-Tank2","2026-06-09 09:00","-0.1"
"Trzic-Tank2","2026-06-09 10:00","-0.1"
"Trzic-Tank2","2026-06-09 11:00","-0.1"
"Trzic-Tank2","2026-06-09 12:00","-0.1"
"Trzic-Tank2","2026-06-09 13:00","-0.1"
"Trzic-Tank2","2026-06-09 14:00","-0.1"
"Trzic-Tank2","2026-06-09 15:00","-0.1"
"Trzic-Tank2","2026-06-09 16:00","-0.1"
"Trzic-Tank2","2026-06-09 17:00","-0.1"
"Trzic-Tank2","2026-06-09 18:00","-0.1"
"Trzic-Tank2","2026-06-09 19:00","-0.1"
"Trzic-Tank2","2026-06-09 20:00","-0.1"
"Trzic-Tank2","2026-06-09 21:00","-0.1"
"Trzic-Tank2","2026-06-09 22:00","-0.1"
"Trzic-Tank2","2026-06-09 23:00","-0.1"
"Trzic-Tank2","2026-06-10 00:00","-0.1"
"Trzic-Tank2","2026-06-10 01:00","-0.1"
"Trzic-Tank2","2026-06-10 02:00","-0.1"
"Trzic-Tank2","2026-06-10 03:00","-0.1"
"Trzic-Tank2","2026-06-10 04:00","-0.1"
"Trzic-Tank2","2026-06-10 05:00","-0.1"
"Trzic-Tank2","2026-06-10 06:00","-0.1"
"Trzic-Tank2","2026-06-10 07:00","-0.1"
"Trzic-Tank2","2026-06-10 08:00","-0.1"
"Trzic-Tank2","2026-06-10 09:00","-0.1"
"Trzic-Tank2","2026-06-10 10:00","-0.1"
"Trzic-Tank2","2026-06-10 11:00","-0.1"
"Trzic-Tank2","2026-06-10 12:00","-0.1"
"Trzic-Tank2","2026-06-10 13:00","-0.1"
"Trzic-Tank2","2026-06-10 14:00","-0.1"
"Trzic-Tank2","2026-06-10 15:00","-0.1"
"Trzic-Tank2","2026-06-10 16:00","-0.1"
"Trzic-Tank2","2026-06-10 17:00","-0.1"
"Trzic-Tank2","2026-06-10 18:00","-0.1"
"Trzic-Tank2","2026-06-10 19:00","-0.1"
"Trzic-Tank2","2026-06-10 20:00","-0.1"
"Trzic-Tank2","2026-06-10 21:00","-0.1"
"Trzic-Tank2","2026-06-10 22:00","-0.1"
"Trzic-Tank2","2026-06-10 23:00","-0.1"
"Trzic-Tank2","2026-06-11 00:00","-0.1"
"Trzic-Tank2","2026-06-11 01:00","-0.1"
"Trzic-Tank2","2026-06-11 02:00","-0.1"
"Trzic-Tank2","2026-06-11 03:00","-0.1"
"Trzic-Tank2","2026-06-11 04:00","-0.1"
"Trzic-Tank2","2026-06-11 05:00","-0.1"
"Trzic-Tank2","2026-06-11 06:00","-0.1"
"Trzic-Tank2","2026-06-11 07:00","-0.1"
"Trzic-Tank2","2026-06-11 08:00","-0.1"
"Trzic-Tank2","2026-06-11 09:00","-0.1"
"Trzic-Tank2","2026-06-11 10:00","-0.1"
"Trzic-Tank2","2026-06-11 11:00","-0.1"
"Trzic-Tank2","2026-06-11 12:00","-0.1"
"Trzic-Tank2","2026-06-11 13:00","-0.1"
"Trzic-Tank2","2026-06-11 14:00","-0.1"
"Trzic-Tank2","2026-06-11 15:00","-0.1"
"Trzic-Tank2","2026-06-11 16:00","-0.1"
"Trzic-Tank2","2026-06-11 17:00","-0.1"
"Trzic-Tank2","2026-06-11 18:00","-0.1"
"Trzic-Tank2","2026-06-11 19:00","-0.1"
"Trzic-Tank2","2026-06-11 20:00","-0.1"
"Trzic-Tank2","2026-06-11 21:00","-0.1"
"Trzic-Tank2","2026-06-11 22:00","-0.1"
"Trzic-Tank2","2026-06-11 23:00","-0.1"
"Trzic-Tank2","2026-06-12 00:00","-0.1"
"Trzic-Tank2","2026-06-12 01:00","-0.1"
"Trzic-Tank2","2026-06-12 02:00","-0.1"
"Trzic-Tank2","2026-06-12 03:00","-0.1"
"Trzic-Tank2","2026-06-12 04:00","-0.1"
"Trzic-Tank2","2026-06-12 05:00","-0.1"
"Trzic-Tank2","2026-06-12 06:00","-0.1"
"Trzic-Tank2","2026-06-12 07:00","-0.1"
"Trzic-Tank2","2026-06-12 08:00","-0.1"
"Trzic-Tank2","2026-06-12 09:00","-0.1"
"Trzic-Tank2","2026-06-12 10:00","-0.1"
"Trzic-Tank2","2026-06-12 11:00","-0.1"
"Trzic-Tank2","2026-06-12 12:00","-0.1"
"Trzic-Tank2","2026-06-12 13:00","-0.1"
"Trzic-Tank2","2026-06-12 14:00","-0.1"
"Trzic-Tank2","2026-06-12 15:00","-0.1"
"Trzic-Tank2","2026-06-12 16:00","-0.1"
"Trzic-Tank2","2026-06-12 17:00","-0.1"
"Trzic-Tank2","2026-06-12 18:00","-0.1"
"Trzic-Tank2","2026-06-12 19:00","-0.1"
"Trzic-Tank2","2026-06-12 20:00","-0.1"
"Trzic-Tank2","2026-06-12 21:00","-0.1"
"Trzic-Tank2","2026-06-12 22:00","-0.1"
"Trzic-Tank2","2026-06-12 23:00","-0.1"
"Trzic-Tank2","2026-06-13 00:00","-0.1"
"Trzic-Tank2","2026-06-13 01:00","-0.1"
"Trzic-Tank2","2026-06-13 02:00","-0.1"
"Trzic-Tank2","2026-06-13 03:00","-0.1"
"Trzic-Tank2","2026-06-13 04:00","-0.1"
"Trzic-Tank2","2026-06-13 05:00","-0.1"
"Trzic-Tank2","2026-06-13 06:00","-0.1"
"Trzic-Tank2","2026-06-13 07:00","-0.1"
"Trzic-Tank2","2026-06-13 08:00","-0.1"
"Trzic-Tank2","2026-06-13 09:00","-0.1"
"Trzic-Tank2","2026-06-13 10:00","-0.1"
"Trzic-Tank2","2026-06-13 11:00","-0.1"
"Trzic-Tank2","2026-06-13 12:00","-0.1"
"Trzic-Tank2","2026-06-13 13:00","-0.1"
"Trzic-Tank2","2026-06-13 14:00","-0.1"
"Trzic-Tank2","2026-06-13 15:00","-0.1"
"Trzic-Tank2","2026-06-13 16:00","-0.1"
"Trzic-Tank2","2026-06-13 17:00","-0.1"
"Trzic-Tank2","2026-06-13 18:00","-0.1"
"Trzic-Tank2","2026-06-13 19:00","-0.1"
"Trzic-Tank2","2026-06-13 20:00","-0.1"
"Trzic-Tank2","2026-06-13 21:00","-0.1"
"Trzic-Tank2","2026-06-13 22:00","-0.1"
"Trzic-Tank2","2026-06-13 23:00","-0.1"
"Trzic-Tank2","2026-06-14 00:00","-0.1"
"Trzic-Tank2","2026-06-14 01:00","-0.1"
"Trzic-Tank2","2026-06-14 02:00","-0.1"
"Trzic-Tank2","2026-06-14 03:00","-0.1"
"Trzic-Tank2","2026-06-14 04:00","-0.1"
"Trzic-Tank2","2026-06-14 05:00","-0.1"
"Trzic-Tank2","2026-06-14 06:00","-0.1"
"Trzic-Tank2","2026-06-14 07:00","-0.1"
"Trzic-Tank2","2026-06-14 08:00","-0.1"
"Trzic-Tank2","2026-06-14 09:00","-0.1"
"Trzic-Tank2","2026-06-14 10:00","-0.1"
"Trzic-Tank2","2026-06-14 11:00","-0.1"
"Trzic-Tank2","2026-06-14 12:00","-0.1"
"Trzic-Tank2","2026-06-14 13:00","-0.1"
"Trzic-Tank2","2026-06-14 14:00","-0.1"
"Trzic-Tank2","2026-06-14 15:00","-0.1"
"Trzic-Tank2","2026-06-14 16:00","-0.1"
"Trzic-Tank2","2026-06-14 17:00","-0.1"
"Trzic-Tank2","2026-06-14 18:00","-0.1"
"Trzic-Tank2","2026-06-14 19:00","-0.1"
"Trzic-Tank2","2026-06-14 20:00","-0.1"
"Trzic-Tank2","2026-06-14 21:00","-0.1"
"Trzic-Tank2","2026-06-14 22:00","-0.1"
"Trzic-Tank2","2026-06-14 23:00","-0.1"
"Trzic-Tank2","2026-06-15 00:00","-0.1"
"Trzic-Tank2","2026-06-15 01:00","-0.1"
"Trzic-Tank2","2026-06-15 02:00","-0.1"
"Trzic-Tank2","2026-06-15 03:00","-0.1"
"Trzic-Tank2","2026-06-15 04:00","-0.1"
"Trzic-Tank2","2026-06-15 05:00","-0.1"
"Trzic-Tank2","2026-06-15 06:00","-0.1"
"Trzic-Tank2","2026-06-15 07:00","-0.1"
"Trzic-Tank2","2026-06-15 08:00","-0.1"
"Trzic-Tank2","2026-06-15 09:00","-0.1"
"Trzic-Tank2","2026-06-15 10:00","-0.1"
"Trzic-Tank2","2026-06-15 11:00","-0.1"
"Trzic-Tank2","2026-06-15 12:00","-0.1"
"Trzic-Tank2","2026-06-15 13:00","-0.1"
"Trzic-Tank2","2026-06-15 14:00","-0.1"
"Trzic-Tank2","2026-06-15 15:00","-0.1"
"Trzic-Tank2","2026-06-15 16:00","-0.1"
"Trzic-Tank2","2026-06-15 17:00","-0.1"
"Trzic-Tank2","2026-06-15 18:00","-0.1"
"Trzic-Tank2","2026-06-15 19:00","-0.1"
"Trzic-Tank2","2026-06-15 20:00","-0.1"
"Trzic-Tank2","2026-06-15 21:00","-0.1"
"Trzic-Tank2","2026-06-15 22:00","-0.1"
"Trzic-Tank2","2026-06-15 23:00","-0.1"
"Trzic-Tank2","2026-06-16 00:00","-0.1"
"Trzic-Tank2","2026-06-16 01:00","-0.1"
"Trzic-Tank2","2026-06-16 02:00","-0.1"
"Trzic-Tank2","2026-06-16 03:00","-0.1"
"Trzic-Tank2","2026-06-16 04:00","-0.1"
"Trzic-Tank2","2026-06-16 05:00","-0.1"
"Trzic-Tank2","2026-06-16 06:00","-0.1"
"Trzic-Tank2","2026-06-16 07:00","-0.1"
"Trzic-Tank2","2026-06-16 08:00","-0.1"
"Trzic-Tank2","2026-06-16 09:00","-0.1"
"Trzic-Tank2","2026-06-16 10:00","-0.1"
"Trzic-Tank2","2026-06-16 11:00","-0.1"
"Trzic-Tank2","2026-06-16 12:00","-0.1"
"Trzic-Tank2","2026-06-16 13:00","-0.1"
"Trzic-Tank2","2026-06-16 14:00","-0.2"
"Trzic-Tank2","2026-06-16 15:00","-0.2"
"Trzic-Tank2","2026-06-16 16:00","-0.2"
"Trzic-Tank2","2026-06-16 17:00","-0.2"
"Trzic-Tank2","2026-06-16 18:00","-0.2"
"Trzic-Tank2","2026-06-16 19:00","-0.2"
"Trzic-Tank2","2026-06-16 20:00","-0.2"
"Trzic-Tank2","2026-06-16 21:00","-0.2"
"Trzic-Tank2","2026-06-16 22:00","-0.2"
"Trzic-Tank2","2026-06-16 23:00","-0.2"
"Trzic-Tank2","2026-06-17 00:00","-0.2"
"Trzic-Tank2","2026-06-17 01:00","-0.2"
"Trzic-Tank2","2026-06-17 02:00","-0.2"
"Trzic-Tank2","2026-06-17 03:00","-0.2"
"Trzic-Tank2","2026-06-17 04:00","-0.2"
"Trzic-Tank2","2026-06-17 05:00","-0.2"
"Trzic-Tank2","2026-06-17 06:00","-0.2"
"Trzic-Tank2","2026-06-17 07:00","-0.2"
"Trzic-Tank2","2026-06-17 08:00","-0.2"
"Trzic-Tank2","2026-06-17 09:00","-0.2"
"Trzic-Tank2","2026-06-17 10:00","-0.2"
"Trzic-Tank2","2026-06-17 11:00","-0.2"
"Trzic-Tank2","2026-06-17 12:00","-0.2"
"Trzic-Tank2","2026-06-17 13:00","-0.2"
"Trzic-Tank2","2026-06-17 14:00","-0.2"
"Trzic-Tank2","2026-06-17 15:00","-0.3"
"Trzic-Tank2","2026-06-17 16:00","-0.3"
"Trzic-Tank2","2026-06-17 17:00","-0.3"
"Trzic-Tank2","2026-06-17 18:00","-0.3"
"Trzic-Tank2","2026-06-17 19:00","-0.3"
"Trzic-Tank2","2026-06-17 20:00","-0.3"
"Trzic-Tank2","2026-06-17 21:00","-0.3"
"Trzic-Tank2","2026-06-17 22:00","-0.3"
"Trzic-Tank2","2026-06-17 23:00","-0.3"
"Trzic-Tank2","2026-06-18 00:00","-0.3"
"Trzic-Tank2","2026-06-18 01:00","-0.4"
"Trzic-Tank2","2026-06-18 02:00","-0.4"
"Trzic-Tank2","2026-06-18 03:00","-0.4"
"Trzic-Tank2","2026-06-18 04:00","-0.4"
"Trzic-Tank2","2026-06-18 05:00","-0.3"
"Trzic-Tank2","2026-06-18 06:00","-0.3"
"Trzic-Tank2","2026-06-18 07:00","-0.3"
"Trzic-Tank2","2026-06-18 08:00","-0.3"
"Trzic-Tank2","2026-06-18 09:00","-0.3"
"Trzic-Tank2","2026-06-18 10:00","-0.3"
"Trzic-Tank2","2026-06-18 11:00","-0.4"
"Trzic-Tank2","2026-06-18 12:00","-0.5"
"Trzic-Tank2","2026-06-18 13:00","-0.6"
"Trzic-Tank2","2026-06-18 14:00","-0.8"
"Trzic-Tank2","2026-06-18 15:00","-1.1"
"Trzic-Tank2","2026-06-18 16:00","-1.3"
"Trzic-Tank2","2026-06-18 17:00","-1.8"
"Trzic-Tank2","2026-06-18 18:00","-1.9"
"Trzic-Tank2","2026-06-18 19:00","-1.8"
"Trzic-Tank2","2026-06-18 20:00","-1.8"
"Trzic-Tank2","2026-06-18 21:00","-1.8"
"Trzic-Tank2","2026-06-18 22:00","-1.8"
"Trzic-Tank2","2026-06-18 23:00","-1.8"
"Trzic-Tank2","2026-06-19 00:00","-1.8"
"Trzic-Tank2","2026-06-19 01:00","-1.9"
"Trzic-Tank2","2026-06-19 02:00","-1.9"
"Trzic-Tank2","2026-06-19 03:00","-1.9"
"Trzic-Tank2","2026-06-19 04:00","-1.9"
"Trzic-Tank2","2026-06-19 05:00","-1.7"
"Trzic-Tank2","2026-06-19 06:00","-1.7"
"Trzic-Tank2","2026-06-19 07:00","-1.7"
"Trzic-Tank2","2026-06-19 08:00","-1.7"
"Trzic-Tank2","2026-06-19 09:00","-1.7"
"Trzic-Tank2","2026-06-19 10:00","-1.8"
"Trzic-Tank2","2026-06-19 11:00","-2"
"Trzic-Tank2","2026-06-19 12:00","-2.6"
"Trzic-Tank2","2026-06-19 13:00","-3.6"
"Trzic-Tank2","2026-06-19 14:00","-5.4"
"Trzic-Tank2","2026-06-19 15:00","-6.4"
"Trzic-Tank2","2026-06-19 16:00","-7.8"
"Trzic-Tank2","2026-06-19 17:00","-9.1"
"Trzic-Tank2","2026-06-19 18:00","-10.1"
"Trzic-Tank2","2026-06-19 19:00","-10.6"
"Trzic-Tank2","2026-06-19 20:00","-10.8"
"Trzic-Tank2","2026-06-19 21:00","-10.7"
"Trzic-Tank2","2026-06-19 22:00","-10.6"
"Trzic-Tank2","2026-06-19 23:00","-10.5"
"Trzic-Tank2","2026-06-20 00:00","-10.5"
"Trzic-Tank2","2026-06-20 01:00","-10.5"
"Trzic-Tank2","2026-06-20 02:00","-10.5"
"Trzic-Tank2","2026-06-20 03:00","-10.5"
"Trzic-Tank2","2026-06-20 04:00","-10.5"
"Trzic-Tank2","2026-06-20 05:00","-10.4"
"Trzic-Tank2","2026-06-20 06:00","-10.4"
"Trzic-Tank2","2026-06-20 07:00","-10.3"
"Trzic-Tank2","2026-06-20 08:00","-10.4"
"Trzic-Tank2","2026-06-20 09:00","-10.4"
"Trzic-Tank2","2026-06-20 10:00","-10.8"
"Trzic-Tank2","2026-06-20 11:00","-11.1"
"Trzic-Tank2","2026-06-20 12:00","-11.6"
"Trzic-Tank2","2026-06-20 13:00","-12.4"
"Trzic-Tank2","2026-06-20 14:00","-13.2"
"Trzic-Tank2","2026-06-20 15:00","-13.9"
"Trzic-Tank2","2026-06-20 16:00","-14.6"
"Trzic-Tank2","2026-06-20 17:00","-15.5"
"Trzic-Tank2","2026-06-20 18:00","-16.2"
"Trzic-Tank2","2026-06-20 19:00","-16.2"
"Trzic-Tank2","2026-06-20 20:00","-0.2"
"Trzic-Tank2","2026-06-20 21:00","-0.2"
"Trzic-Tank2","2026-06-20 22:00","-0.3"
"Trzic-Tank2","2026-06-20 23:00","-0.2"
"Trzic-Tank2","2026-06-21 00:00","-0.2"
"Trzic-Tank2","2026-06-21 01:00","-0.2"
"Trzic-Tank2","2026-06-21 02:00","-0.2"
"Trzic-Tank2","2026-06-21 03:00","-0.2"
"Trzic-Tank2","2026-06-21 04:00","-0.2"
"Trzic-Tank2","2026-06-21 05:00","-0.2"
"Trzic-Tank2","2026-06-21 06:00","-0.2"
"Trzic-Tank2","2026-06-21 07:00","-0.2"
"Trzic-Tank2","2026-06-21 08:00","-0.2"
"Trzic-Tank2","2026-06-21 09:00","-0.2"
"Trzic-Tank2","2026-06-21 10:00","-0.2"
"Trzic-Tank2","2026-06-21 11:00","-0.2"
"Trzic-Tank2","2026-06-21 12:00","-0.2"
"Trzic-Tank2","2026-06-21 13:00","-0.2"
"Trzic-Tank2","2026-06-21 14:00","-0.2"
"Trzic-Tank2","2026-06-21 15:00","-0.2"
"Trzic-Tank2","2026-06-21 16:00","-0.2"
"Trzic-Tank2","2026-06-21 17:00","-0.2"
"Trzic-Tank2","2026-06-21 18:00","-0.2"
"Trzic-Tank2","2026-06-21 19:00","-0.2"
"Trzic-Tank2","2026-06-21 20:00","-0.2"
"Trzic-Tank2","2026-06-21 21:00","-0.2"
"Trzic-Tank2","2026-06-21 22:00","-0.2"
"Trzic-Tank2","2026-06-21 23:00","-0.2"
"Trzic-Tank2","2026-06-22 00:00","-0.2"
"Trzic-Tank2","2026-06-22 01:00","-0.2"
"Trzic-Tank2","2026-06-22 02:00","-0.2"
"Trzic-Tank2","2026-06-22 03:00","-0.2"
"Trzic-Tank2","2026-06-22 04:00","-0.2"
"Trzic-Tank2","2026-06-22 05:00","-0.2"
"Trzic-Tank2","2026-06-22 06:00","-0.2"
"Trzic-Tank2","2026-06-22 07:00","-0.2"
"Trzic-Tank2","2026-06-22 08:00","-0.2"
"Trzic-Tank2","2026-06-22 09:00","-0.2"
"Trzic-Tank2","2026-06-22 10:00","-0.2"
"Trzic-Tank2","2026-06-22 11:00","-0.2"
"Trzic-Tank2","2026-06-22 12:00","-0.2"
"Trzic-Tank2","2026-06-22 13:00","-0.2"
"Trzic-Tank2","2026-06-22 14:00","-0.2"
"Trzic-Tank2","2026-06-22 15:00","-0.2"
"Trzic-Tank2","2026-06-22 16:00","-0.2"
"Trzic-Tank2","2026-06-22 17:00","-0.2"
"Trzic-Tank2","2026-06-22 18:00","-0.2"
"Trzic-Tank2","2026-06-22 19:00","-0.2"
"Trzic-Tank2","2026-06-22 20:00","-0.2"
"Trzic-Tank2","2026-06-22 21:00","-0.2"
"Trzic-Tank2","2026-06-22 22:00","-0.2"
"Trzic-Tank2","2026-06-22 23:00","-0.2"
"Trzic-Tank2","2026-06-23 00:00","-0.2"
"Trzic-Tank2","2026-06-23 01:00","-0.2"
"Trzic-Tank2","2026-06-23 02:00","-0.2"
"Trzic-Tank2","2026-06-23 03:00","-0.2"
"Trzic-Tank2","2026-06-23 04:00","-0.2"
"Trzic-Tank2","2026-06-23 05:00","-0.2"
"Trzic-Tank2","2026-06-23 06:00","-0.2"
"Trzic-Tank2","2026-06-23 07:00","-0.2"
"Trzic-Tank2","2026-06-23 08:00","-0.2"
"Trzic-Tank2","2026-06-23 09:00","-0.2"
"Trzic-Tank2","2026-06-23 10:00","-0.2"
"Trzic-Tank2","2026-06-23 11:00","-0.2"
"Trzic-Tank2","2026-06-23 12:00","-0.2"
"Trzic-Tank2","2026-06-23 13:00","-0.2"
"Trzic-Tank2","2026-06-23 14:00","-0.2"
"Trzic-Tank2","2026-06-23 15:00","-0.3"
"Trzic-Tank2","2026-06-23 16:00","-0.3"
"Trzic-Tank2","2026-06-23 17:00","-0.3"
"Trzic-Tank2","2026-06-23 18:00","-0.3"
"Trzic-Tank2","2026-06-23 19:00","-0.3"
"Trzic-Tank2","2026-06-23 20:00","-0.3"
"Trzic-Tank2","2026-06-23 21:00","-0.3"
"Trzic-Tank2","2026-06-23 22:00","-0.3"
"Trzic-Tank2","2026-06-23 23:00","-0.3"
"Trzic-Tank2","2026-06-24 00:00","-0.3"
"Trzic-Tank2","2026-06-24 01:00","-0.3"
"Trzic-Tank2","2026-06-24 02:00","-0.3"
"Trzic-Tank2","2026-06-24 03:00","-0.3"
"Trzic-Tank2","2026-06-24 04:00","-0.3"
"Trzic-Tank2","2026-06-24 05:00","-0.3"
"Trzic-Tank2","2026-06-24 06:00","-0.3"
"Trzic-Tank2","2026-06-24 07:00","-0.3"
"Trzic-Tank2","2026-06-24 08:00","-0.3"
"Trzic-Tank2","2026-06-24 09:00","-0.3"
"Trzic-Tank2","2026-06-24 10:00","-0.3"
"Trzic-Tank2","2026-06-24 11:00","-0.4"
"Trzic-Tank2","2026-06-24 12:00","-0.4"
"Trzic-Tank2","2026-06-24 13:00","-0.4"
"Trzic-Tank2","2026-06-24 14:00","-0.5"
"Trzic-Tank2","2026-06-24 15:00","-0.6"
"Trzic-Tank2","2026-06-24 16:00","-0.7"
"Trzic-Tank2","2026-06-24 17:00","-0.9"
"Trzic-Tank2","2026-06-24 18:00","-1.1"
"Trzic-Tank2","2026-06-24 19:00","-1.2"
"Trzic-Tank2","2026-06-24 20:00","-1.4"
"Trzic-Tank2","2026-06-24 21:00","-1.4"
"Trzic-Tank2","2026-06-24 22:00","-1.5"
"Trzic-Tank2","2026-06-24 23:00","-1.5"
"Trzic-Tank2","2026-06-25 00:00","-1.5"
"Trzic-Tank2","2026-06-25 01:00","-1.6"
"Trzic-Tank2","2026-06-25 02:00","-1.6"
"Trzic-Tank2","2026-06-25 03:00","-1.6"
"Trzic-Tank2","2026-06-25 04:00","-1.6"
"Trzic-Tank2","2026-06-25 05:00","-1.7"
"Trzic-Tank2","2026-06-25 06:00","-1.7"
"Trzic-Tank2","2026-06-25 07:00","-1.7"
"Trzic-Tank2","2026-06-25 08:00","-1.7"
"Trzic-Tank2","2026-06-25 09:00","-1.7"
"Trzic-Tank2","2026-06-25 10:00","-1.8"
"Trzic-Tank2","2026-06-25 11:00","-2.4"
"Trzic-Tank2","2026-06-25 12:00","-3.9"
"Trzic-Tank2","2026-06-25 13:00","-5"
"Trzic-Tank2","2026-06-25 14:00","-6.5"
"Trzic-Tank2","2026-06-25 15:00","-7.6"
"Trzic-Tank2","2026-06-25 16:00","-9.9"
"Trzic-Tank2","2026-06-25 17:00","-10.7"
"Trzic-Tank2","2026-06-25 18:00","-11.8"
"Trzic-Tank2","2026-06-25 19:00","-12.4"
"Trzic-Tank2","2026-06-25 20:00","-12.6"
"Trzic-Tank2","2026-06-25 21:00","-12.5"
"Trzic-Tank2","2026-06-25 22:00","-12.4"
"Trzic-Tank2","2026-06-25 23:00","-12.3"
"Trzic-Tank2","2026-06-26 00:00","-12.3"
"Trzic-Tank2","2026-06-26 01:00","-12.4"
"Trzic-Tank2","2026-06-26 02:00","-12.4"
"Trzic-Tank2","2026-06-26 03:00","-12.4"
"Trzic-Tank2","2026-06-26 04:00","-12.4"
"Trzic-Tank2","2026-06-26 05:00","-12.3"
"Trzic-Tank2","2026-06-26 06:00","-12.2"
"Trzic-Tank2","2026-06-26 07:00","-12.2"
"Trzic-Tank2","2026-06-26 08:00","-12.4"
"Trzic-Tank2","2026-06-26 09:00","-12.4"
"Trzic-Tank2","2026-06-26 10:00","-12.9"
"Trzic-Tank2","2026-06-26 11:00","-14.3"
"Trzic-Tank2","2026-06-26 12:00","-14.9"
"Trzic-Tank2","2026-06-26 13:00","-16.9"
"Trzic-Tank2","2026-06-26 14:00","-17.9"
"Trzic-Tank2","2026-06-26 15:00","-18.8"
"Trzic-Tank2","2026-06-26 16:00","-20"
"Trzic-Tank2","2026-06-26 17:00","-21.3"
"Trzic-Tank2","2026-06-26 18:00","-21.8"
"Trzic-Tank2","2026-06-26 19:00","-23.1"
"Trzic-Tank2","2026-06-26 20:00","-23.5"
"Trzic-Tank2","2026-06-26 21:00","-23.1"
"Trzic-Tank2","2026-06-26 22:00","-23.1"
"Trzic-Tank2","2026-06-26 23:00","-23.1"
"Trzic-Tank2","2026-06-27 00:00","-23.1"
"Trzic-Tank2","2026-06-27 01:00","-23.1"
"Trzic-Tank2","2026-06-27 02:00","-23.1"
"Trzic-Tank2","2026-06-27 03:00","-23.1"
"Trzic-Tank2","2026-06-27 04:00","-23.1"
"Trzic-Tank2","2026-06-27 05:00","-22.9"
"Trzic-Tank2","2026-06-27 06:00","-22.5"
"Trzic-Tank2","2026-06-27 07:00","-22.5"
"Trzic-Tank2","2026-06-27 08:00","-23.1"
"Trzic-Tank2","2026-06-27 09:00","-23.2"
"Trzic-Tank2","2026-06-27 10:00","-23.6"
"Trzic-Tank2","2026-06-27 11:00","-25.2"
"Trzic-Tank2","2026-06-27 12:00","-26"
"Trzic-Tank2","2026-06-27 13:00","-26.8"
"Trzic-Tank2","2026-06-27 14:00","-28"
"Trzic-Tank2","2026-06-27 15:00","-28.6"
"Trzic-Tank2","2026-06-27 16:00","-29.2"
"Trzic-Tank2","2026-06-27 17:00","-29.8"
"Trzic-Tank2","2026-06-27 18:00","-30.2"
"Trzic-Tank2","2026-06-27 19:00","-30.5"
"Trzic-Tank2","2026-06-27 20:00","-30"
"Trzic-Tank2","2026-06-27 21:00","-29.5"
"Trzic-Tank2","2026-06-27 22:00","-29.2"
"Trzic-Tank2","2026-06-27 23:00","-29.2"
"Trzic-Tank2","2026-06-28 00:00","-29.2"
"Trzic-Tank2","2026-06-28 01:00","-28.7"
"Trzic-Tank2","2026-06-28 02:00","-28.7"
"Trzic-Tank2","2026-06-28 03:00","-28.7"
"Trzic-Tank2","2026-06-28 04:00","-28.7"
"Trzic-Tank2","2026-06-28 05:00","-27.2"
"Trzic-Tank2","2026-06-28 06:00","-26.9"
"Trzic-Tank2","2026-06-28 07:00","-26.7"
"Trzic-Tank2","2026-06-28 08:00","-26.9"
"Trzic-Tank2","2026-06-28 09:00","-27.1"
"Trzic-Tank2","2026-06-28 10:00","-27.5"
"Trzic-Tank2","2026-06-28 11:00","-29.9"
"Trzic-Tank2","2026-06-28 12:00","-30.7"
"Trzic-Tank2","2026-06-28 13:00","-32.6"
"Trzic-Tank2","2026-06-28 14:00","-35.4"
"Trzic-Tank2","2026-06-28 15:00","-36.5"
"Trzic-Tank2","2026-06-28 16:00","-37.9"
"Trzic-Tank2","2026-06-28 17:00","-40"
"Trzic-Tank2","2026-06-28 18:00","-41.8"
"Trzic-Tank2","2026-06-28 19:00","-42.7"
"Trzic-Tank2","2026-06-28 20:00","-42.5"
"Trzic-Tank2","2026-06-28 21:00","-41.8"
"Trzic-Tank2","2026-06-28 22:00","-41.8"
"Trzic-Tank2","2026-06-28 23:00","-41.9"
"Trzic-Tank2","2026-06-29 00:00","-41.9"
"Trzic-Tank2","2026-06-29 01:00","-41.8"
"Trzic-Tank2","2026-06-29 02:00","-41.8"
"Trzic-Tank2","2026-06-29 03:00","-41.8"
"Trzic-Tank2","2026-06-29 04:00","-41.8"
"Trzic-Tank2","2026-06-29 05:00","-41"
"Trzic-Tank2","2026-06-29 06:00","-41"
"Trzic-Tank2","2026-06-29 07:00","-41"
"Trzic-Tank2","2026-06-29 08:00","-41.2"
"Trzic-Tank2","2026-06-29 09:00","-41.8"
"Trzic-Tank2","2026-06-29 10:00","-43.1"
"Trzic-Tank2","2026-06-29 11:00","-44.6"
"Trzic-Tank2","2026-06-29 12:00","-49.3"
"Trzic-Tank2","2026-06-29 13:00","-53.9"
"Trzic-Tank2","2026-06-29 14:00","-57.5"
"Trzic-Tank2","2026-06-29 15:00","-63.4"
"Trzic-Tank2","2026-06-29 16:00","-65.1"
"Trzic-Tank2","2026-06-29 17:00","-69.9"
"Trzic-Tank2","2026-06-29 18:00","-73.1"
"Trzic-Tank2","2026-06-29 19:00","-75"
"Trzic-Tank2","2026-06-29 20:00","-75.9"
"Trzic-Tank2","2026-06-29 21:00","-75.1"
"Trzic-Tank2","2026-06-29 22:00","-75"
"Trzic-Tank2","2026-06-29 23:00","-75"
"Trzic-Tank2","2026-06-30 00:00","-75"
"Trzic-Tank2","2026-06-30 01:00","-74.8"
"Trzic-Tank2","2026-06-30 02:00","-74.8"
"Trzic-Tank2","2026-06-30 03:00","-74.8"
"Trzic-Tank2","2026-06-30 04:00","-74.8"
"Trzic-Tank2","2026-06-30 05:00","-74.6"
"Trzic-Tank2","2026-06-30 06:00","-74.5"
"Trzic-Tank2","2026-06-30 07:00","-74.5"
"Trzic-Tank2","2026-06-30 08:00","-74.9"
"Trzic-Tank2","2026-06-30 09:00","-75.7"
"Trzic-Tank2","2026-06-30 10:00","-77.9"
"Trzic-Tank2","2026-06-30 11:00","-81"
"Trzic-Tank2","2026-06-30 12:00","-85.9"
"Trzic-Tank2","2026-06-30 13:00","-94.9"
"Trzic-Tank2","2026-06-30 14:00","-103.6"
"Trzic-Tank2","2026-06-30 15:00","-109.8"
"Trzic-Tank2","2026-06-30 16:00","-114.8"
"Trzic-Tank2","2026-06-30 17:00","-119.8"
"Trzic-Tank2","2026-06-30 18:00","-121.1"
"Trzic-Tank2","2026-06-30 19:00","-120.8"
"Trzic-Tank2","2026-06-30 20:00","-120.9"
"Trzic-Tank2","2026-06-30 21:00","-121.1"
"Trzic-Tank2","2026-06-30 22:00","-121.2"
"Trzic-Tank2","2026-06-30 23:00",
"Trzic-Tank2","2026-07-01 00:00",
"Trzic-Tank2","2026-07-01 01:00",
"Trzic-Tank2","2026-07-01 02:00",
"Trzic-Tank2","2026-07-01 03:00",
"Trzic-Tank2","2026-07-01 04:00",
"Trzic-Tank2","2026-07-01 05:00",
"Trzic-Tank2","2026-07-01 06:00",
"Trzic-Tank2","2026-07-01 07:00",
"Trzic-Tank2","2026-07-01 08:00",
"Trzic-Tank2","2026-07-01 09:00","-123.6"
"Trzic-Tank2","2026-07-01 10:00","-127.3"
"Trzic-Tank2","2026-07-01 11:00","-133"
"Trzic-Tank2","2026-07-01 12:00","-142.8"
"Trzic-Tank2","2026-07-01 13:00","-153.5"
"Trzic-Tank2","2026-07-01 14:00","-162.1"
"Trzic-Tank2","2026-07-01 15:00","-173.3"
"Trzic-Tank2","2026-07-01 16:00","-182.7"
"Trzic-Tank2","2026-07-01 17:00","-193.3"
"Trzic-Tank2","2026-07-01 18:00","-190.4"
"Trzic-Tank2","2026-07-01 19:00","-187.5"
"Trzic-Tank2","2026-07-01 20:00","-189.7"
"Trzic-Tank2","2026-07-01 21:00","-191.3"
"Trzic-Tank2","2026-07-01 22:00","-191"
"Trzic-Tank2","2026-07-01 23:00","-190.9"
"Trzic-Tank2","2026-07-02 00:00","-190.9"
"Trzic-Tank2","2026-07-02 01:00","-191.2"
"Trzic-Tank2","2026-07-02 02:00","-191.2"
"Trzic-Tank2","2026-07-02 03:00","-191.2"
"Trzic-Tank2","2026-07-02 04:00","-191.2"
"Trzic-Tank2","2026-07-02 05:00","-191.2"
"Trzic-Tank2","2026-07-02 06:00","-192"
"Trzic-Tank2","2026-07-02 07:00","-193.7"
"Trzic-Tank2","2026-07-02 08:00","-194.2"
"Trzic-Tank2","2026-07-02 09:00","-197.5"
"Trzic-Tank2","2026-07-02 10:00","-208.8"
"Trzic-Tank2","2026-07-02 11:00","-217.9"
"Trzic-Tank2","2026-07-02 12:00","-231.2"
"Trzic-Tank2","2026-07-02 13:00","-244.1"
"Trzic-Tank2","2026-07-02 14:00","-262.5"
"Trzic-Tank2","2026-07-02 15:00","-270.4"
"Trzic-Tank2","2026-07-02 16:00","-286.6"
"Trzic-Tank2","2026-07-02 17:00","-294.8"
"Trzic-Tank2","2026-07-02 18:00","-299.2"
"Trzic-Tank2","2026-07-02 19:00","-302.6"
"Trzic-Tank2","2026-07-02 20:00","-302.6"
"Trzic-Tank2","2026-07-02 21:00","-298.2"
"Trzic-Tank2","2026-07-02 22:00","-294.6"
"Trzic-Tank2","2026-07-02 23:00","-294.4"
"Trzic-Tank2","2026-07-03 00:00","-294.4"
"Trzic-Tank2","2026-07-03 01:00","-295.1"
"Trzic-Tank2","2026-07-03 02:00","-295.1"
"Trzic-Tank2","2026-07-03 03:00","-295.1"
"Trzic-Tank2","2026-07-03 04:00","-295.1"
"Trzic-Tank2","2026-07-03 05:00","-297.4"
"Trzic-Tank2","2026-07-03 06:00","-297.7"
"Trzic-Tank2","2026-07-03 07:00","-298.7"
"Trzic-Tank2","2026-07-03 08:00","-302.4"
"Trzic-Tank2","2026-07-03 09:00","-304.4"
"Trzic-Tank2","2026-07-03 10:00","-314.9"
"Trzic-Tank2","2026-07-03 11:00","-328.2"
"Trzic-Tank2","2026-07-03 12:00","-335.4"
"Trzic-Tank2","2026-07-03 13:00","-342.4"
"Trzic-Tank2","2026-07-03 14:00","-356.6"
"Trzic-Tank2","2026-07-03 15:00","-367.1"
"Trzic-Tank2","2026-07-03 16:00","-389.2"
"Trzic-Tank2","2026-07-03 17:00","-398"
"Trzic-Tank2","2026-07-03 18:00","-409.3"
"Trzic-Tank2","2026-07-03 19:00","-411.1"
"Trzic-Tank2","2026-07-03 20:00","-417.1"
"Trzic-Tank2","2026-07-03 21:00","-409.6"
"Trzic-Tank2","2026-07-03 22:00","-407.8"
"Trzic-Tank2","2026-07-03 23:00","-406.1"
"Trzic-Tank2","2026-07-04 00:00","-406.1"
"Trzic-Tank2","2026-07-04 01:00","-406.3"
"Trzic-Tank2","2026-07-04 02:00","-406.3"
"Trzic-Tank2","2026-07-04 03:00","-406.3"
"Trzic-Tank2","2026-07-04 04:00","-406.3"
"Trzic-Tank2","2026-07-04 05:00","-413"
"Trzic-Tank2","2026-07-04 06:00","-412.4"
"Trzic-Tank2","2026-07-04 07:00","-414.1"
"Trzic-Tank2","2026-07-04 08:00","-414.7"
"Trzic-Tank2","2026-07-04 09:00","-418.4"
"Trzic-Tank2","2026-07-04 10:00","-425.2"
"Trzic-Tank2","2026-07-04 11:00","-440.2"
"Trzic-Tank2","2026-07-04 12:00","-466.4"
"Trzic-Tank2","2026-07-04 13:00","-479.4"
"Trzic-Tank2","2026-07-04 14:00","-493.5"
"Trzic-Tank2","2026-07-04 15:00","-500.3"
"Trzic-Tank2","2026-07-04 16:00","-506.8"
"Trzic-Tank2","2026-07-04 17:00","-518.7"
"Trzic-Tank2","2026-07-04 18:00","-526"
"Trzic-Tank2","2026-07-04 19:00","-533.5"
"Trzic-Tank2","2026-07-04 20:00","-534.8"
"Trzic-Tank2","2026-07-04 21:00","-526.4"
"Trzic-Tank2","2026-07-04 22:00","-521.9"
"Trzic-Tank2","2026-07-04 23:00","-522.4"
"Trzic-Tank2","2026-07-05 00:00","-522.4"
"Trzic-Tank2","2026-07-05 01:00","-528.3"
"Trzic-Tank2","2026-07-05 02:00","-528.3"
"Trzic-Tank2","2026-07-05 03:00","-528.3"
"Trzic-Tank2","2026-07-05 04:00","-528.3"
"Trzic-Tank2","2026-07-05 05:00","-544.4"
"Trzic-Tank2","2026-07-05 06:00","-549.8"
"Trzic-Tank2","2026-07-05 07:00","-555.1"
"Trzic-Tank2","2026-07-05 08:00","-559.5"
"Trzic-Tank2","2026-07-05 09:00","-563.5"
"Trzic-Tank2","2026-07-05 10:00","-565.2"
"Trzic-Tank2","2026-07-05 11:00","-570.2"
"Trzic-Tank2","2026-07-05 12:00","-580"
"Trzic-Tank2","2026-07-05 13:00","-585.5"
"Trzic-Tank2","2026-07-05 14:00","-610.2"
"Trzic-Tank2","2026-07-05 15:00","-627"
"Trzic-Tank2","2026-07-05 16:00","-637.1"
"Trzic-Tank2","2026-07-05 17:00","-640.6"
"Trzic-Tank2","2026-07-05 18:00","-641.1"
"Trzic-Tank2","2026-07-05 19:00","-645.4"
"Trzic-Tank2","2026-07-05 20:00","-642.4"
"Trzic-Tank2","2026-07-05 21:00","-641.6"
"Trzic-Tank2","2026-07-05 22:00","-641.6"
"Trzic-Tank2","2026-07-05 23:00","-641.9"
"Trzic-Tank2","2026-07-06 00:00","-641.9"
"Trzic-Tank2","2026-07-06 01:00","-645.8"
"Trzic-Tank2","2026-07-06 02:00","-645.8"
"Trzic-Tank2","2026-07-06 03:00","-645.8"
"Trzic-Tank2","2026-07-06 04:00","-645.8"
"Trzic-Tank2","2026-07-06 05:00","-659.9"
"Trzic-Tank2","2026-07-06 06:00","-664"
"Trzic-Tank2","2026-07-06 07:00","-667.9"
"Trzic-Tank2","2026-07-06 08:00","-669.4"
"Trzic-Tank2","2026-07-06 09:00","-672.8"
"Trzic-Tank2","2026-07-06 10:00","-677"
"Trzic-Tank2","2026-07-06 11:00","-686"
"Trzic-Tank2","2026-07-06 12:00","-697.7"
"Trzic-Tank2","2026-07-06 13:00","-700.2"
"Trzic-Tank2","2026-07-06 14:00","-714.2"
"Trzic-Tank2","2026-07-06 15:00","-720.8"
"Trzic-Tank2","2026-07-06 16:00","-734.3"
"Trzic-Tank2","2026-07-06 17:00","-742.5"
"Trzic-Tank2","2026-07-06 18:00","-746.3"
"Trzic-Tank2","2026-07-06 19:00","-754.2"
"Trzic-Tank2","2026-07-06 20:00","-770.4"
"Trzic-Tank2","2026-07-06 21:00","-767.7"
"Trzic-Tank2","2026-07-06 22:00","-770.5"
"Trzic-Tank2","2026-07-06 23:00","-771.4"
"Trzic-Tank2","2026-07-07 00:00","-771.4"
"Trzic-Tank2","2026-07-07 01:00","-774.3"
"Trzic-Tank2","2026-07-07 02:00","-774.3"
"Trzic-Tank2","2026-07-07 03:00","-774.3"
"Trzic-Tank2","2026-07-07 04:00","-774.3"
"Trzic-Tank2","2026-07-07 05:00","-802.4"
"Trzic-Tank2","2026-07-07 06:00","-814.1"
"Trzic-Tank2","2026-07-07 07:00","-820.5"
"Trzic-Tank2","2026-07-07 08:00","-822.2"
"Trzic-Tank2","2026-07-07 09:00","-829.5"
"Trzic-Tank2","2026-07-07 10:00","-840.6"
"Trzic-Tank2","2026-07-07 11:00","-865.2"
"Trzic-Tank2","2026-07-07 12:00","-868.4"
"Trzic-Tank2","2026-07-07 13:00","-882.5"
"Trzic-Tank2","2026-07-07 14:00","-890.2"
"Trzic-Tank2","2026-07-07 15:00","-889.2"
"Trzic-Tank2","2026-07-07 16:00","-887.6"
"Trzic-Tank2","2026-07-07 17:00","-891"
"Trzic-Tank2","2026-07-07 18:00","-911.6"
"Trzic-Tank2","2026-07-07 19:00","-932.8"
"Trzic-Tank2","2026-07-07 20:00","-950.8"
"Trzic-Tank2","2026-07-07 21:00","-958.5"
"Trzic-Tank2","2026-07-07 22:00","-959.6"
"Trzic-Tank2","2026-07-07 23:00","-961.8"
"Trzic-Tank2","2026-07-08 00:00","-961.8"
"Trzic-Tank2","2026-07-08 01:00","-970.7"
"Trzic-Tank2","2026-07-08 02:00","-970.7"
"Trzic-Tank2","2026-07-08 03:00","-970.7"
"Trzic-Tank2","2026-07-08 04:00","-970.7"
"Trzic-Tank2","2026-07-08 05:00","-981.7"
"Trzic-Tank2","2026-07-08 06:00","-986.5"
"Trzic-Tank2","2026-07-08 07:00","-986.7"
"Trzic-Tank2","2026-07-08 08:00","-990.8"
"Trzic-Tank2","2026-07-08 09:00","-999.8"
"Trzic-Tank2","2026-07-08 10:00","-1,009.2"
"Trzic-Tank2","2026-07-08 11:00","-1,025.4"
"Trzic-Tank2","2026-07-08 12:00","-1,028"
"Trzic-Tank2","2026-07-08 13:00","-1,032.3"
"Trzic-Tank2","2026-07-08 14:00","-1,034.9"
"Trzic-Tank2","2026-07-08 15:00","-1,049.5"
"Trzic-Tank2","2026-07-08 16:00","-1,059.7"
"Trzic-Tank2","2026-07-08 17:00","-1,065.4"
"Trzic-Tank2","2026-07-08 18:00","-1,064.9"
"Trzic-Tank2","2026-07-08 19:00","-1,065.6"
"Trzic-Tank2","2026-07-08 20:00","-1,066.3"
"Trzic-Tank2","2026-07-08 21:00","-1,065.1"
"Trzic-Tank2","2026-07-08 22:00","-1,069"
"Trzic-Tank2","2026-07-08 23:00","-1,071.3"
"Trzic-Tank2","2026-07-09 00:00","-1,071.3"
"Trzic-Tank2","2026-07-09 01:00","-1,075.7"
"Trzic-Tank2","2026-07-09 02:00","-1,075.7"
"Trzic-Tank2","2026-07-09 03:00","-1,075.7"
"Trzic-Tank2","2026-07-09 04:00","-1,075.7"
"Trzic-Tank2","2026-07-09 05:00","-1,097.2"
"Trzic-Tank2","2026-07-09 06:00","-1,095.7"
"Trzic-Tank2","2026-07-09 07:00","-1,112.2"
"Trzic-Tank2","2026-07-09 08:00","-1,108.4"
"Trzic-Tank2","2026-07-09 09:00","-1,125.6"
"Trzic-Tank2","2026-07-09 10:00","-1,124.9"
"Trzic-Tank2","2026-07-09 11:00","-1,141"
"Trzic-Tank2","2026-07-09 12:00","-1,147.9"
"Trzic-Tank2","2026-07-09 13:00","-1,149.5"
"Trzic-Tank2","2026-07-09 14:00","-1,163.6"
"Trzic-Tank2","2026-07-09 15:00","-1,178.4"
"Trzic-Tank2","2026-07-09 16:00","-1,184.1"
"Trzic-Tank2","2026-07-09 17:00","-1,177.1"
"Trzic-Tank2","2026-07-09 18:00","-1,178.7"
"Trzic-Tank2","2026-07-09 19:00","-1,179.2"
"Trzic-Tank2","2026-07-09 20:00","-1,183.8"
"Trzic-Tank2","2026-07-09 21:00","-1,193.4"
"Trzic-Tank2","2026-07-09 22:00","-1,180.6"
"Trzic-Tank2","2026-07-09 23:00","-1,191.2"
"Trzic-Tank2","2026-07-10 00:00","-1,191.2"
"Trzic-Tank2","2026-07-10 01:00","-1,202.3"
"Trzic-Tank2","2026-07-10 02:00","-1,202.3"
"Trzic-Tank2","2026-07-10 03:00","-1,202.3"
"Trzic-Tank2","2026-07-10 04:00","-1,202.3"
"Trzic-Tank2","2026-07-10 05:00","-1,221.8"
"Trzic-Tank2","2026-07-10 06:00","-1,226.3"
"Trzic-Tank2","2026-07-10 07:00","-1,230.8"
"Trzic-Tank2","2026-07-10 08:00","-1,235.1"
"Trzic-Tank2","2026-07-10 09:00","-1,255.1"
"Trzic-Tank2","2026-07-10 10:00","-1,254"
"Trzic-Tank2","2026-07-10 11:00","-1,261.2"
"Trzic-Tank2","2026-07-10 12:00","-1,267.3"
"Trzic-Tank2","2026-07-10 13:00","-1,269.7"
"Trzic-Tank2","2026-07-10 14:00","-1,294.5"
"Trzic-Tank2","2026-07-10 15:00","-1,287.1"
"Trzic-Tank2","2026-07-10 16:00","-1,267.3"
"Trzic-Tank2","2026-07-10 17:00","-1,251.7"
"Trzic-Tank2","2026-07-10 18:00","-1,232"
"Trzic-Tank2","2026-07-10 19:00","-1,228.3"
"Trzic-Tank2","2026-07-10 20:00",
"Trzic-Tank2","2026-07-10 21:00","-1,223.8"
"Trzic-Tank2","2026-07-10 22:00","-1,219.3"
"Trzic-Tank2","2026-07-10 23:00","-1,247.7"
"Trzic-Tank2","2026-07-11 00:00","-1,247.7"
"Trzic-Tank2","2026-07-11 01:00","-1,304.1"
"Trzic-Tank2","2026-07-11 02:00","-1,304.1"
"Trzic-Tank2","2026-07-11 03:00","-1,304.1"
"Trzic-Tank2","2026-07-11 04:00","-1,304.1"
"Trzic-Tank2","2026-07-11 05:00","-1,370.9"
"Trzic-Tank2","2026-07-11 06:00","-1,394.4"
"Trzic-Tank2","2026-07-11 07:00","-1,405.4"
"Trzic-Tank2","2026-07-11 08:00","-1,400.2"
"Trzic-Tank2","2026-07-11 09:00","-1,409.6"
"Trzic-Tank2","2026-07-11 10:00","-1,413.5"
"Trzic-Tank2","2026-07-11 11:00","-1,417.7"
"Trzic-Tank2","2026-07-11 12:00","-1,430.5"
"Trzic-Tank2","2026-07-11 13:00","-1,427.6"
"Trzic-Tank2","2026-07-11 14:00","-1,430.2"
"Trzic-Tank2","2026-07-11 15:00","-1,424"
"Trzic-Tank2","2026-07-11 16:00","-1,378.1"
"Trzic-Tank2","2026-07-11 17:00","-1,357"
"Trzic-Tank2","2026-07-11 18:00","-1,362.4"
"Trzic-Tank2","2026-07-11 19:00","-1,345.8"
"Trzic-Tank2","2026-07-11 20:00","-1,340.9"
"Trzic-Tank2","2026-07-11 21:00","-1,327.1"
"Trzic-Tank2","2026-07-11 22:00","-1,339.4"
"Trzic-Tank2","2026-07-11 23:00","-1,383.2"
"Trzic-Tank2","2026-07-12 00:00","-1,383.2"
"Trzic-Tank2","2026-07-12 01:00","-1,472.6"
"Trzic-Tank2","2026-07-12 02:00","-1,472.6"
"Trzic-Tank2","2026-07-12 03:00","-1,472.6"
"Trzic-Tank2","2026-07-12 04:00","-1,472.6"
"Trzic-Tank2","2026-07-12 05:00","-1,486.6"
"Trzic-Tank2","2026-07-12 06:00","-1,475.7"
"Trzic-Tank2","2026-07-12 07:00","-1,430.5"
"Trzic-Tank2","2026-07-12 08:00","-1,433.5"
"Trzic-Tank2","2026-07-12 09:00","-1,419"
"Trzic-Tank2","2026-07-12 10:00","-1,350.5"
"Trzic-Tank2","2026-07-12 11:00","-1,335.7"
"Trzic-Tank2","2026-07-12 12:00","-1,205"
"Trzic-Tank2","2026-07-12 13:00","-1,081.2"
"Trzic-Tank2","2026-07-12 14:00","-1,019.3"
"Trzic-Tank2","2026-07-12 15:00","-893.7"
"Trzic-Tank2","2026-07-12 16:00","-861.4"
"Trzic-Tank2","2026-07-12 17:00","-782.3"
"Trzic-Tank2","2026-07-12 18:00","-737.7"
"Trzic-Tank2","2026-07-12 19:00","-710.1"
"Trzic-Tank2","2026-07-12 20:00","-669.1"
"Trzic-Tank2","2026-07-12 21:00","-640.9"
"Trzic-Tank2","2026-07-12 22:00","-606.7"
"Trzic-Tank2","2026-07-12 23:00","-577.8"
"Trzic-Tank2","2026-07-13 00:00","-577.8"
"Trzic-Tank2","2026-07-13 01:00","-527.3"
"Trzic-Tank2","2026-07-13 02:00","-527.3"
"Trzic-Tank2","2026-07-13 03:00","-527.3"
"Trzic-Tank2","2026-07-13 04:00","-527.3"
"Trzic-Tank2","2026-07-13 05:00","-455.9"
"Trzic-Tank2","2026-07-13 06:00","-444.3"
"Trzic-Tank2","2026-07-13 07:00","-431.5"
"Trzic-Tank2","2026-07-13 08:00","-423.7"
"Trzic-Tank2","2026-07-13 09:00","-417.3"
"Trzic-Tank2","2026-07-13 10:00","-408.3"
"Trzic-Tank2","2026-07-13 11:00","-404.9"
"Trzic-Tank2","2026-07-13 12:00","-403.8"
"Trzic-Tank2","2026-07-13 13:00","-407.8"
"Trzic-Tank2","2026-07-13 14:00","-418.6"
"Trzic-Tank2","2026-07-13 15:00","-427.6"
"Trzic-Tank2","2026-07-13 16:00","-441.5"
"Trzic-Tank2","2026-07-13 17:00","-447.9"
"Trzic-Tank2","2026-07-13 18:00","-463.5"
"Trzic-Tank2","2026-07-13 19:00","-471.5"
"Trzic-Tank2","2026-07-13 20:00","-476.4"
"Trzic-Tank2","2026-07-13 21:00","-471.2"
"Trzic-Tank2","2026-07-13 22:00","-461.5"
"Trzic-Tank2","2026-07-13 23:00","-460.4"
"Trzic-Tank2","2026-07-14 00:00","-460.4"
"Trzic-Tank2","2026-07-14 01:00","-458.3"
"Trzic-Tank2","2026-07-14 02:00","-458.3"
"Trzic-Tank2","2026-07-14 03:00","-458.3"
"Trzic-Tank2","2026-07-14 04:00","-458.3"
"Trzic-Tank2","2026-07-14 05:00","-455.8"
"Trzic-Tank2","2026-07-14 06:00","-456.1"
"Trzic-Tank2","2026-07-14 07:00","-459.9"
"Trzic-Tank2","2026-07-14 08:00","-461.4"
"Trzic-Tank2","2026-07-14 09:00","-463.3"
"Trzic-Tank2","2026-07-14 10:00","-468.2"
"Trzic-Tank2","2026-07-14 11:00","-475.3"
"Trzic-Tank2","2026-07-14 12:00","-490.7"
"Trzic-Tank2","2026-07-14 13:00","-507"
"Trzic-Tank2","2026-07-14 14:00","-522.6"
"Trzic-Tank2","2026-07-14 15:00","-550.5"
"Trzic-Tank2","2026-07-14 16:00","-573.2"
"Trzic-Tank2","2026-07-14 17:00","-586"
"Trzic-Tank2","2026-07-14 18:00","-584.2"
"Trzic-Tank2","2026-07-14 19:00","-580.1"
"Trzic-Tank2","2026-07-14 20:00","-581.4"
"Trzic-Tank2","2026-07-14 21:00","-581.6"
"Trzic-Tank2","2026-07-14 22:00","-580.9"
"Trzic-Tank2","2026-07-14 23:00","-580.6"
"Trzic-Tank2","2026-07-15 00:00","-580.6"
"Trzic-Tank2","2026-07-15 01:00","-589.2"
"Trzic-Tank2","2026-07-15 02:00","-589.2"
"Trzic-Tank2","2026-07-15 03:00","-589.2"
"Trzic-Tank2","2026-07-15 04:00","-589.2"
"Trzic-Tank2","2026-07-15 05:00","-602.8"
"Trzic-Tank2","2026-07-15 06:00","-603.4"
"Trzic-Tank2","2026-07-15 07:00","-604.1"
"Trzic-Tank2","2026-07-15 08:00","-605.2"
"Trzic-Tank2","2026-07-15 09:00","-610.4"
"Trzic-Tank2","2026-07-15 10:00","-615.2"
"Trzic-Tank2","2026-07-15 11:00","-624.4"
"Trzic-Tank2","2026-07-15 12:00","-647.1"
"Trzic-Tank2","2026-07-15 13:00","-674.8"
"Trzic-Tank2","2026-07-15 14:00","-706.6"
"Trzic-Tank2","2026-07-15 15:00","-743.2"
"Trzic-Tank2","2026-07-15 16:00","-787.2"
"Trzic-Tank2","2026-07-15 17:00","-825.1"
"Trzic-Tank2","2026-07-15 18:00","-866.2"
"Trzic-Tank2","2026-07-15 19:00","-870"
"Trzic-Tank2","2026-07-15 20:00","-884.3"
"Trzic-Tank2","2026-07-15 21:00","-881.6"
"Trzic-Tank2","2026-07-15 22:00","-1.4"
"Trzic-Tank2","2026-07-15 23:00","-0.5"
"Trzic-Tank2","2026-07-16 00:00","-0.5"
"Trzic-Tank2","2026-07-16 01:00","-0.4"
"Trzic-Tank2","2026-07-16 02:00","-0.4"
"Trzic-Tank2","2026-07-16 03:00","-0.4"
"Trzic-Tank2","2026-07-16 04:00","-0.4"
"Trzic-Tank2","2026-07-16 05:00","-0.4"
"Trzic-Tank2","2026-07-16 06:00","-0.4"
"Trzic-Tank2","2026-07-16 07:00","-0.4"
"Trzic-Tank2","2026-07-16 08:00","-0.4"
"Trzic-Tank2","2026-07-16 09:00","-0.4"
"Trzic-Tank2","2026-07-16 10:00","-0.4"
"Trzic-Tank2","2026-07-16 11:00","-0.4"
"Trzic-Tank2","2026-07-16 12:00","-0.4"
"Trzic-Tank2","2026-07-16 13:00","-0.4"
"Trzic-Tank2","2026-07-16 14:00","-0.5"
"Trzic-Tank2","2026-07-16 15:00","-0.5"
"Trzic-Tank2","2026-07-16 16:00","-0.6"
"Trzic-Tank2","2026-07-16 17:00","-0.8"
"Trzic-Tank2","2026-07-16 18:00","-0.9"
"Trzic-Tank2","2026-07-16 19:00","-1"
"Trzic-Tank2","2026-07-16 20:00","-1.2"
"Trzic-Tank2","2026-07-16 21:00","-1.4"
"Trzic-Tank2","2026-07-16 22:00","-1.5"
"Trzic-Tank2","2026-07-16 23:00","-1.7"
"Trzic-Tank2","2026-07-17 00:00","-1.7"
"Trzic-Tank2","2026-07-17 01:00","-2.1"
"Trzic-Tank2","2026-07-17 02:00","-2.1"
"Trzic-Tank2","2026-07-17 03:00","-2.1"
"Trzic-Tank2","2026-07-17 04:00","-2.1"
"Trzic-Tank2","2026-07-17 05:00","-2.8"
"Trzic-Tank2","2026-07-17 06:00","-2.9"
"Trzic-Tank2","2026-07-17 07:00","-3.2"
"Trzic-Tank2","2026-07-17 08:00","-3.5"
"Trzic-Tank2","2026-07-17 09:00","-3.6"
"Trzic-Tank2","2026-07-17 10:00","-4.1"
"Trzic-Tank2","2026-07-17 11:00","-4.3"
"Trzic-Tank2","2026-07-17 12:00","-4.8"
"Trzic-Tank2","2026-07-17 13:00","-5.5"
"Trzic-Tank2","2026-07-17 14:00","-6.1"
"Trzic-Tank2","2026-07-17 15:00","-6.6"
"Trzic-Tank2","2026-07-17 16:00","-7.4"
"Trzic-Tank2","2026-07-17 17:00","-8.6"
"Trzic-Tank2","2026-07-17 18:00","-10.2"
"Trzic-Tank2","2026-07-17 19:00","-10.8"
"Trzic-Tank2","2026-07-17 20:00","-11"
"Trzic-Tank2","2026-07-17 21:00","-11.2"
"Trzic-Tank2","2026-07-17 22:00","-11.3"
"Trzic-Tank2","2026-07-17 23:00","-11.5"
"Trzic-Tank2","2026-07-18 00:00","-11.5"
"Trzic-Tank2","2026-07-18 01:00","-11.9"
"Trzic-Tank2","2026-07-18 02:00","-11.9"
"Trzic-Tank2","2026-07-18 03:00","-11.9"
"Trzic-Tank2","2026-07-18 04:00","-11.9"
"Trzic-Tank2","2026-07-18 05:00","-12.4"
"Trzic-Tank2","2026-07-18 06:00","-12.6"
"Trzic-Tank2","2026-07-18 07:00","-12.6"
"Trzic-Tank2","2026-07-18 08:00","-12.7"
"Trzic-Tank2","2026-07-18 09:00","-12.9"
"Trzic-Tank2","2026-07-18 10:00","-13.2"
"Trzic-Tank2","2026-07-18 11:00","-13.6"
"Trzic-Tank2","2026-07-18 12:00","-14.2"
"Trzic-Tank2","2026-07-18 13:00","-15.4"
"Trzic-Tank2","2026-07-18 14:00","-17.1"
"Trzic-Tank2","2026-07-18 15:00","-18.2"
"Trzic-Tank2","2026-07-18 16:00","-18.7"
"Trzic-Tank2","2026-07-18 17:00","-19.6"
"Trzic-Tank2","2026-07-18 18:00","-0.2"
"Trzic-Tank2","2026-07-18 19:00","-0.3"
"Trzic-Tank2","2026-07-18 20:00","-0.3"
"Trzic-Tank2","2026-07-18 21:00","-0.3"
"Trzic-Tank2","2026-07-18 22:00","-0.3"
"Trzic-Tank2","2026-07-18 23:00","-0.3"
"Trzic-Tank2","2026-07-19 00:00","-0.3"
"Trzic-Tank2","2026-07-19 01:00","-0.3"
"Trzic-Tank2","2026-07-19 02:00","-0.3"
"Trzic-Tank2","2026-07-19 03:00","-0.3"
"Trzic-Tank2","2026-07-19 04:00","-0.3"
"Trzic-Tank2","2026-07-19 05:00","-0.3"
"Trzic-Tank2","2026-07-19 06:00","-0.2"
"Trzic-Tank2","2026-07-19 07:00","-0.2"
"Trzic-Tank2","2026-07-19 08:00","-0.2"
"Trzic-Tank2","2026-07-19 09:00","-0.2"
"Trzic-Tank2","2026-07-19 10:00","-0.2"
"Trzic-Tank2","2026-07-19 11:00","-0.2"
"Trzic-Tank2","2026-07-19 12:00","-0.2"
"Trzic-Tank2","2026-07-19 13:00","-0.2"
"Trzic-Tank2","2026-07-19 14:00","-0.2"
"Trzic-Tank2","2026-07-19 15:00","-0.2"
"Trzic-Tank2","2026-07-19 16:00","-0.2"
"Trzic-Tank2","2026-07-19 17:00","-0.2"
"Trzic-Tank2","2026-07-19 18:00","-0.2"
"Trzic-Tank2","2026-07-19 19:00","-0.2"
"Trzic-Tank2","2026-07-19 20:00","-0.2"
"Trzic-Tank2","2026-07-19 21:00","-0.2"
"Trzic-Tank2","2026-07-19 22:00","-0.2"
"Trzic-Tank2","2026-07-19 23:00","-0.2"
"Trzic-Tank2","2026-07-20 00:00","-0.2"
"Trzic-Tank2","2026-07-20 01:00",
"Trzic-Tank2","2026-07-20 02:00","-0.2"
"Trzic-Tank2","2026-07-20 03:00","-0.2"
"Trzic-Tank2","2026-07-20 04:00","-0.2"
"Trzic-Tank2","2026-07-20 05:00","-0.2"
"Trzic-Tank2","2026-07-20 06:00","-0.2"
"Trzic-Tank2","2026-07-20 07:00","-0.2"
"Trzic-Tank2","2026-07-20 08:00","-0.2"
"Trzic-Tank2","2026-07-20 09:00","-0.2"
"Trzic-Tank2","2026-07-20 10:00","-0.2"
"Trzic-Tank2","2026-07-20 11:00","-0.2"
"Trzic-Tank2","2026-07-20 12:00","-0.2"
"Trzic-Tank2","2026-07-20 13:00","-0.2"
"Trzic-Tank2","2026-07-20 14:00","-0.2"
"Trzic-Tank2","2026-07-20 15:00","-0.3"
"Trzic-Tank2","2026-07-20 16:00","-0.3"
"Trzic-Tank2","2026-07-20 17:00","-0.3"
"Trzic-Tank2","2026-07-20 18:00","-0.3"
"Trzic-Tank2","2026-07-20 19:00","-0.3"
"Trzic-Tank2","2026-07-20 20:00","-0.3"
"Trzic-Tank2","2026-07-20 21:00","-0.3"
"Trzic-Tank2","2026-07-20 22:00","-0.3"
"Trzic-Tank2","2026-07-20 23:00","-0.3"
"Trzic-Tank2","2026-07-21 00:00","-0.3"
"Trzic-Tank2","2026-07-21 01:00","-0.3"
"Trzic-Tank2","2026-07-21 02:00","-0.3"
"Trzic-Tank2","2026-07-21 03:00","-0.3"
"Trzic-Tank2","2026-07-21 04:00","-0.3"
"Trzic-Tank2","2026-07-21 05:00","-0.3"
"Trzic-Tank2","2026-07-21 06:00","-0.3"
"Trzic-Tank2","2026-07-21 07:00","-0.3"
"Trzic-Tank2","2026-07-21 08:00","-0.3"
"Trzic-Tank2","2026-07-21 09:00","-0.3"
"Trzic-Tank2","2026-07-21 10:00","-0.2"
"Trzic-Tank2","2026-07-21 11:00","-0.2"
"Trzic-Tank2","2026-07-21 12:00","-0.2"
"Trzic-Tank2","2026-07-21 13:00","-0.2"
"Trzic-Tank2","2026-07-21 14:00","-0.2"
"Trzic-Tank2","2026-07-21 15:00","-0.3"
"Trzic-Tank2","2026-07-21 16:00","-0.3"
"Trzic-Tank2","2026-07-21 17:00","-0.3"
"Trzic-Tank2","2026-07-21 18:00","-0.3"
"Trzic-Tank2","2026-07-21 19:00","-0.3"
"Trzic-Tank2","2026-07-21 20:00","-0.3"
"Trzic-Tank2","2026-07-21 21:00","-0.2"
"Trzic-Tank2","2026-07-21 22:00","-0.2"
"Trzic-Tank2","2026-07-21 23:00","-0.2"
"Trzic-Tank2","2026-07-22 00:00","-0.2"
"Trzic-Tank2","2026-07-22 01:00","-0.2"
"Trzic-Tank2","2026-07-22 02:00","-0.2"
"Trzic-Tank2","2026-07-22 03:00","-0.2"
"Trzic-Tank2","2026-07-22 04:00","-0.2"
"Trzic-Tank2","2026-07-22 05:00","-0.2"
"Trzic-Tank2","2026-07-22 06:00","-0.2"
"Trzic-Tank2","2026-07-22 07:00","-0.2"
"Trzic-Tank2","2026-07-22 08:00","-0.2"
"Trzic-Tank2","2026-07-22 09:00","-0.2"
"Trzic-Tank2","2026-07-22 10:00","-0.2"
"Trzic-Tank2","2026-07-22 11:00","-0.2"
"Trzic-Tank2","2026-07-22 12:00","-0.2"
"Trzic-Tank2","2026-07-22 13:00","-0.2"
"Trzic-Tank2","2026-07-22 14:00","-0.2"
"Trzic-Tank2","2026-07-22 15:00","-0.2"
"Trzic-Tank2","2026-07-22 16:00","-0.2"
"Trzic-Tank2","2026-07-22 17:00","-0.2"
"Trzic-Tank2","2026-07-22 18:00","-0.3"
"Trzic-Tank2","2026-07-22 19:00","-0.3"
"Trzic-Tank2","2026-07-22 20:00","-0.3"
"Trzic-Tank2","2026-07-22 21:00","-0.3"
"Trzic-Tank2","2026-07-22 22:00","-0.3"
"Trzic-Tank2","2026-07-22 23:00","-0.3"
"Trzic-Tank2","2026-07-23 00:00","-0.3"
"Trzic-Tank2","2026-07-23 01:00","-0.3"
"Trzic-Tank2","2026-07-23 02:00","-0.3"
"Trzic-Tank2","2026-07-23 03:00","-0.3"
"Trzic-Tank2","2026-07-23 04:00","-0.3"
"Trzic-Tank2","2026-07-23 05:00","-0.3"
"Trzic-Tank2","2026-07-23 06:00","-0.3"
"Trzic-Tank2","2026-07-23 07:00","-0.3"
"Trzic-Tank2","2026-07-23 08:00","-0.3"
"Trzic-Tank2","2026-07-23 09:00","-0.3"
"Trzic-Tank2","2026-07-23 10:00","-0.3"
"Trzic-Tank2","2026-07-23 11:00","-0.3"
"Trzic-Tank2","2026-07-23 12:00","-0.3"
"Trzic-Tank2","2026-07-23 13:00","-0.4"
"Trzic-Tank2","2026-07-23 14:00","-0.4"
"Trzic-Tank2","2026-07-23 15:00","-0.4"
"Trzic-Tank2","2026-07-23 16:00","-0.4"
"Trzic-Tank2","2026-07-23 17:00","-0.4"
"Trzic-Tank2","2026-07-23 18:00","-0.4"
"Trzic-Tank2","2026-07-23 19:00","-0.4"
"Trzic-Tank2","2026-07-23 20:00","-0.4"
"Trzic-Tank2","2026-07-23 21:00","-0.4"
"Trzic-Tank2","2026-07-23 22:00","-0.4"
"Trzic-Tank4","2026-05-27 16:00","-0.3"
"Trzic-Tank4","2026-05-27 17:00","-0.3"
"Trzic-Tank4","2026-05-27 18:00","-0.3"
"Trzic-Tank4","2026-05-27 19:00","-0.3"
"Trzic-Tank4","2026-05-27 20:00","-0.3"
"Trzic-Tank4","2026-05-27 21:00","-0.3"
"Trzic-Tank4","2026-05-27 22:00","-0.3"
"Trzic-Tank4","2026-05-27 23:00","-0.3"
"Trzic-Tank4","2026-05-28 00:00","-0.3"
"Trzic-Tank4","2026-05-28 01:00","-0.3"
"Trzic-Tank4","2026-05-28 02:00","-0.3"
"Trzic-Tank4","2026-05-28 03:00","-0.3"
"Trzic-Tank4","2026-05-28 04:00","-0.3"
"Trzic-Tank4","2026-05-28 05:00","-0.3"
"Trzic-Tank4","2026-05-28 06:00","-0.3"
"Trzic-Tank4","2026-05-28 07:00","-0.3"
"Trzic-Tank4","2026-05-28 08:00","-0.3"
"Trzic-Tank4","2026-05-28 09:00","-0.3"
"Trzic-Tank4","2026-05-28 10:00","-0.3"
"Trzic-Tank4","2026-05-28 11:00","-0.3"
"Trzic-Tank4","2026-05-28 12:00","-0.3"
"Trzic-Tank4","2026-05-28 13:00","-0.3"
"Trzic-Tank4","2026-05-28 14:00","-0.3"
"Trzic-Tank4","2026-05-28 15:00","-0.3"
"Trzic-Tank4","2026-05-28 16:00","-0.3"
"Trzic-Tank4","2026-05-28 17:00","-0.4"
"Trzic-Tank4","2026-05-28 18:00","-0.4"
"Trzic-Tank4","2026-05-28 19:00","-0.4"
"Trzic-Tank4","2026-05-28 20:00","-0.4"
"Trzic-Tank4","2026-05-28 21:00","-0.4"
"Trzic-Tank4","2026-05-28 22:00","-0.4"
"Trzic-Tank4","2026-05-28 23:00","-0.4"
"Trzic-Tank4","2026-05-29 00:00","-0.4"
"Trzic-Tank4","2026-05-29 01:00","-0.4"
"Trzic-Tank4","2026-05-29 02:00","-0.4"
"Trzic-Tank4","2026-05-29 03:00","-0.4"
"Trzic-Tank4","2026-05-29 04:00","-0.4"
"Trzic-Tank4","2026-05-29 05:00","-0.4"
"Trzic-Tank4","2026-05-29 06:00","-0.4"
"Trzic-Tank4","2026-05-29 07:00","-0.4"
"Trzic-Tank4","2026-05-29 08:00","-0.4"
"Trzic-Tank4","2026-05-29 09:00","-0.4"
"Trzic-Tank4","2026-05-29 10:00","-0.4"
"Trzic-Tank4","2026-05-29 11:00","-0.4"
"Trzic-Tank4","2026-05-29 12:00","-0.4"
"Trzic-Tank4","2026-05-29 13:00","-0.4"
"Trzic-Tank4","2026-05-29 14:00","-0.4"
"Trzic-Tank4","2026-05-29 15:00","-0.4"
"Trzic-Tank4","2026-05-29 16:00","-0.4"
"Trzic-Tank4","2026-05-29 17:00","-0.5"
"Trzic-Tank4","2026-05-29 18:00","-0.5"
"Trzic-Tank4","2026-05-29 19:00","-0.5"
"Trzic-Tank4","2026-05-29 20:00","-0.5"
"Trzic-Tank4","2026-05-29 21:00","-0.2"
"Trzic-Tank4","2026-05-29 22:00","-0.2"
"Trzic-Tank4","2026-05-29 23:00","-0.2"
"Trzic-Tank4","2026-05-30 00:00","-0.2"
"Trzic-Tank4","2026-05-30 01:00","-0.2"
"Trzic-Tank4","2026-05-30 02:00","-0.2"
"Trzic-Tank4","2026-05-30 03:00","-0.2"
"Trzic-Tank4","2026-05-30 04:00","-0.2"
"Trzic-Tank4","2026-05-30 05:00","-0.2"
"Trzic-Tank4","2026-05-30 06:00","-0.2"
"Trzic-Tank4","2026-05-30 07:00","-0.2"
"Trzic-Tank4","2026-05-30 08:00","-0.2"
"Trzic-Tank4","2026-05-30 09:00","-0.2"
"Trzic-Tank4","2026-05-30 10:00","-0.2"
"Trzic-Tank4","2026-05-30 11:00","-0.2"
"Trzic-Tank4","2026-05-30 12:00","-0.2"
"Trzic-Tank4","2026-05-30 13:00","-0.2"
"Trzic-Tank4","2026-05-30 14:00","-0.2"
"Trzic-Tank4","2026-05-30 15:00","-0.2"
"Trzic-Tank4","2026-05-30 16:00","-0.2"
"Trzic-Tank4","2026-05-30 17:00","-0.2"
"Trzic-Tank4","2026-05-30 18:00","-0.2"
"Trzic-Tank4","2026-05-30 19:00","-0.2"
"Trzic-Tank4","2026-05-30 20:00","-0.2"
"Trzic-Tank4","2026-05-30 21:00","-0.2"
"Trzic-Tank4","2026-05-30 22:00","-0.2"
"Trzic-Tank4","2026-05-30 23:00","-0.2"
"Trzic-Tank4","2026-05-31 00:00","-0.2"
"Trzic-Tank4","2026-05-31 01:00","-0.3"
"Trzic-Tank4","2026-05-31 02:00","-0.3"
"Trzic-Tank4","2026-05-31 03:00","-0.3"
"Trzic-Tank4","2026-05-31 04:00","-0.3"
"Trzic-Tank4","2026-05-31 05:00","-0.2"
"Trzic-Tank4","2026-05-31 06:00","-0.2"
"Trzic-Tank4","2026-05-31 07:00","-0.2"
"Trzic-Tank4","2026-05-31 08:00","-0.2"
"Trzic-Tank4","2026-05-31 09:00","-0.3"
"Trzic-Tank4","2026-05-31 10:00","-0.3"
"Trzic-Tank4","2026-05-31 11:00","-0.3"
"Trzic-Tank4","2026-05-31 12:00","-0.3"
"Trzic-Tank4","2026-05-31 13:00","-0.3"
"Trzic-Tank4","2026-05-31 14:00","-0.3"
"Trzic-Tank4","2026-05-31 15:00","-0.3"
"Trzic-Tank4","2026-05-31 16:00","-0.3"
"Trzic-Tank4","2026-05-31 17:00","-0.1"
"Trzic-Tank4","2026-05-31 18:00","-0.1"
"Trzic-Tank4","2026-05-31 19:00","-0.1"
"Trzic-Tank4","2026-05-31 20:00","-0.1"
"Trzic-Tank4","2026-05-31 21:00","-0.1"
"Trzic-Tank4","2026-05-31 22:00","-0.1"
"Trzic-Tank4","2026-05-31 23:00","-0.1"
"Trzic-Tank4","2026-06-01 00:00","-0.1"
"Trzic-Tank4","2026-06-01 01:00","-0.1"
"Trzic-Tank4","2026-06-01 02:00","-0.1"
"Trzic-Tank4","2026-06-01 03:00","-0.1"
"Trzic-Tank4","2026-06-01 04:00","-0.1"
"Trzic-Tank4","2026-06-01 05:00","-0.1"
"Trzic-Tank4","2026-06-01 06:00","-0.1"
"Trzic-Tank4","2026-06-01 07:00","-0.1"
"Trzic-Tank4","2026-06-01 08:00","-0.1"
"Trzic-Tank4","2026-06-01 09:00","-0.1"
"Trzic-Tank4","2026-06-01 10:00","-0.1"
"Trzic-Tank4","2026-06-01 11:00","-0.1"
"Trzic-Tank4","2026-06-01 12:00","-0.1"
"Trzic-Tank4","2026-06-01 13:00","-0.1"
"Trzic-Tank4","2026-06-01 14:00","-0.1"
"Trzic-Tank4","2026-06-01 15:00","-0.1"
"Trzic-Tank4","2026-06-01 16:00","-0.1"
"Trzic-Tank4","2026-06-01 17:00","-0.1"
"Trzic-Tank4","2026-06-01 18:00","-0.1"
"Trzic-Tank4","2026-06-01 19:00","-0.1"
"Trzic-Tank4","2026-06-01 20:00","-0.1"
"Trzic-Tank4","2026-06-01 21:00","-0.1"
"Trzic-Tank4","2026-06-01 22:00","-0.1"
"Trzic-Tank4","2026-06-01 23:00","-0.1"
"Trzic-Tank4","2026-06-02 00:00","-0.1"
"Trzic-Tank4","2026-06-02 01:00","-0.1"
"Trzic-Tank4","2026-06-02 02:00","-0.1"
"Trzic-Tank4","2026-06-02 03:00","-0.1"
"Trzic-Tank4","2026-06-02 04:00","-0.1"
"Trzic-Tank4","2026-06-02 05:00","-0.1"
"Trzic-Tank4","2026-06-02 06:00","-0.1"
"Trzic-Tank4","2026-06-02 07:00","-0.1"
"Trzic-Tank4","2026-06-02 08:00","-0.1"
"Trzic-Tank4","2026-06-02 09:00","-0.1"
"Trzic-Tank4","2026-06-02 10:00","-0.1"
"Trzic-Tank4","2026-06-02 11:00","-0.1"
"Trzic-Tank4","2026-06-02 12:00","-0.1"
"Trzic-Tank4","2026-06-02 13:00","-0.1"
"Trzic-Tank4","2026-06-02 14:00","-0.1"
"Trzic-Tank4","2026-06-02 15:00","-0.1"
"Trzic-Tank4","2026-06-02 16:00","-0.1"
"Trzic-Tank4","2026-06-02 17:00","-0.1"
"Trzic-Tank4","2026-06-02 18:00","-0.1"
"Trzic-Tank4","2026-06-02 19:00","-0.1"
"Trzic-Tank4","2026-06-02 20:00","-0.1"
"Trzic-Tank4","2026-06-02 21:00","-0.1"
"Trzic-Tank4","2026-06-02 22:00","-0.1"
"Trzic-Tank4","2026-06-02 23:00","-0.1"
"Trzic-Tank4","2026-06-03 00:00","-0.1"
"Trzic-Tank4","2026-06-03 01:00","-0.1"
"Trzic-Tank4","2026-06-03 02:00","-0.1"
"Trzic-Tank4","2026-06-03 03:00","-0.1"
"Trzic-Tank4","2026-06-03 04:00","-0.1"
"Trzic-Tank4","2026-06-03 05:00","-0.1"
"Trzic-Tank4","2026-06-03 06:00","-0.1"
"Trzic-Tank4","2026-06-03 07:00","-0.1"
"Trzic-Tank4","2026-06-03 08:00","-0.1"
"Trzic-Tank4","2026-06-03 09:00","-0.1"
"Trzic-Tank4","2026-06-03 10:00","-0.1"
"Trzic-Tank4","2026-06-03 11:00","-0.1"
"Trzic-Tank4","2026-06-03 12:00","-0.1"
"Trzic-Tank4","2026-06-03 13:00","-0.1"
"Trzic-Tank4","2026-06-03 14:00","-0.1"
"Trzic-Tank4","2026-06-03 15:00","-0.1"
"Trzic-Tank4","2026-06-03 16:00","-0.1"
"Trzic-Tank4","2026-06-03 17:00","-0.1"
"Trzic-Tank4","2026-06-03 18:00","-0.1"
"Trzic-Tank4","2026-06-03 19:00","-0.1"
"Trzic-Tank4","2026-06-03 20:00","-0.1"
"Trzic-Tank4","2026-06-03 21:00","-0.1"
"Trzic-Tank4","2026-06-03 22:00","-0.1"
"Trzic-Tank4","2026-06-03 23:00","-0.1"
"Trzic-Tank4","2026-06-04 00:00","-0.1"
"Trzic-Tank4","2026-06-04 01:00","-0.1"
"Trzic-Tank4","2026-06-04 02:00","-0.1"
"Trzic-Tank4","2026-06-04 03:00","-0.1"
"Trzic-Tank4","2026-06-04 04:00","-0.1"
"Trzic-Tank4","2026-06-04 05:00","-0.1"
"Trzic-Tank4","2026-06-04 06:00","-0.1"
"Trzic-Tank4","2026-06-04 07:00","-0.1"
"Trzic-Tank4","2026-06-04 08:00","-0.1"
"Trzic-Tank4","2026-06-04 09:00","-0.1"
"Trzic-Tank4","2026-06-04 10:00","-0.1"
"Trzic-Tank4","2026-06-04 11:00","-0.1"
"Trzic-Tank4","2026-06-04 12:00","-0.1"
"Trzic-Tank4","2026-06-04 13:00","-0.1"
"Trzic-Tank4","2026-06-04 14:00","-0.1"
"Trzic-Tank4","2026-06-04 15:00","-0.1"
"Trzic-Tank4","2026-06-04 16:00","-0.1"
"Trzic-Tank4","2026-06-04 17:00","-0.1"
"Trzic-Tank4","2026-06-04 18:00","-0.1"
"Trzic-Tank4","2026-06-04 19:00","-0.1"
"Trzic-Tank4","2026-06-04 20:00","-0.1"
"Trzic-Tank4","2026-06-04 21:00","-0.1"
"Trzic-Tank4","2026-06-04 22:00","-0.1"
"Trzic-Tank4","2026-06-04 23:00","-0.1"
"Trzic-Tank4","2026-06-05 00:00","-0.1"
"Trzic-Tank4","2026-06-05 01:00","-0.1"
"Trzic-Tank4","2026-06-05 02:00","-0.1"
"Trzic-Tank4","2026-06-05 03:00","-0.1"
"Trzic-Tank4","2026-06-05 04:00","-0.1"
"Trzic-Tank4","2026-06-05 05:00","-0.1"
"Trzic-Tank4","2026-06-05 06:00","-0.1"
"Trzic-Tank4","2026-06-05 07:00","-0.1"
"Trzic-Tank4","2026-06-05 08:00","-0.1"
"Trzic-Tank4","2026-06-05 09:00","-0.1"
"Trzic-Tank4","2026-06-05 10:00","-0.1"
"Trzic-Tank4","2026-06-05 11:00","-0.1"
"Trzic-Tank4","2026-06-05 12:00","-0.1"
"Trzic-Tank4","2026-06-05 13:00","-0.1"
"Trzic-Tank4","2026-06-05 14:00","-0.1"
"Trzic-Tank4","2026-06-05 15:00","-0.1"
"Trzic-Tank4","2026-06-05 16:00","-0.1"
"Trzic-Tank4","2026-06-05 17:00","-0.1"
"Trzic-Tank4","2026-06-05 18:00","-0.1"
"Trzic-Tank4","2026-06-05 19:00","-0.1"
"Trzic-Tank4","2026-06-05 20:00","-0.1"
"Trzic-Tank4","2026-06-05 21:00","-0.1"
"Trzic-Tank4","2026-06-05 22:00","-0.1"
"Trzic-Tank4","2026-06-05 23:00","-0.1"
"Trzic-Tank4","2026-06-06 00:00","-0.1"
"Trzic-Tank4","2026-06-06 01:00","-0.1"
"Trzic-Tank4","2026-06-06 02:00","-0.1"
"Trzic-Tank4","2026-06-06 03:00","-0.1"
"Trzic-Tank4","2026-06-06 04:00","-0.1"
"Trzic-Tank4","2026-06-06 05:00","-0.1"
"Trzic-Tank4","2026-06-06 06:00","-0.1"
"Trzic-Tank4","2026-06-06 07:00","-0.1"
"Trzic-Tank4","2026-06-06 08:00","-0.1"
"Trzic-Tank4","2026-06-06 09:00","-0.1"
"Trzic-Tank4","2026-06-06 10:00","-0.1"
"Trzic-Tank4","2026-06-06 11:00","-0.1"
"Trzic-Tank4","2026-06-06 12:00","-0.1"
"Trzic-Tank4","2026-06-06 13:00","-0.1"
"Trzic-Tank4","2026-06-06 14:00","-0.1"
"Trzic-Tank4","2026-06-06 15:00","-0.1"
"Trzic-Tank4","2026-06-06 16:00","-0.1"
"Trzic-Tank4","2026-06-06 17:00","-0.1"
"Trzic-Tank4","2026-06-06 18:00","-0.1"
"Trzic-Tank4","2026-06-06 19:00","-0.1"
"Trzic-Tank4","2026-06-06 20:00","-0.1"
"Trzic-Tank4","2026-06-06 21:00","-0.1"
"Trzic-Tank4","2026-06-06 22:00","-0.1"
"Trzic-Tank4","2026-06-06 23:00","-0.1"
"Trzic-Tank4","2026-06-07 00:00","-0.1"
"Trzic-Tank4","2026-06-07 01:00","-0.1"
"Trzic-Tank4","2026-06-07 02:00","-0.1"
"Trzic-Tank4","2026-06-07 03:00","-0.1"
"Trzic-Tank4","2026-06-07 04:00","-0.1"
"Trzic-Tank4","2026-06-07 05:00","-0.1"
"Trzic-Tank4","2026-06-07 06:00","-0.1"
"Trzic-Tank4","2026-06-07 07:00","-0.1"
"Trzic-Tank4","2026-06-07 08:00","-0.1"
"Trzic-Tank4","2026-06-07 09:00","-0.1"
"Trzic-Tank4","2026-06-07 10:00","-0.1"
"Trzic-Tank4","2026-06-07 11:00","-0.1"
"Trzic-Tank4","2026-06-07 12:00","-0.1"
"Trzic-Tank4","2026-06-07 13:00","-0.1"
"Trzic-Tank4","2026-06-07 14:00","-0.1"
"Trzic-Tank4","2026-06-07 15:00","-0.1"
"Trzic-Tank4","2026-06-07 16:00","-0.1"
"Trzic-Tank4","2026-06-07 17:00","-0.1"
"Trzic-Tank4","2026-06-07 18:00","-0.1"
"Trzic-Tank4","2026-06-07 19:00","-0.1"
"Trzic-Tank4","2026-06-07 20:00","-0.1"
"Trzic-Tank4","2026-06-07 21:00","-0.1"
"Trzic-Tank4","2026-06-07 22:00","-0.1"
"Trzic-Tank4","2026-06-07 23:00","-0.1"
"Trzic-Tank4","2026-06-08 00:00","-0.1"
"Trzic-Tank4","2026-06-08 01:00","-0.1"
"Trzic-Tank4","2026-06-08 02:00","-0.1"
"Trzic-Tank4","2026-06-08 03:00","-0.1"
"Trzic-Tank4","2026-06-08 04:00","-0.1"
"Trzic-Tank4","2026-06-08 05:00","-0.1"
"Trzic-Tank4","2026-06-08 06:00","-0.1"
"Trzic-Tank4","2026-06-08 07:00","-0.1"
"Trzic-Tank4","2026-06-08 08:00","-0.1"
"Trzic-Tank4","2026-06-08 09:00","-0.1"
"Trzic-Tank4","2026-06-08 10:00","-0.1"
"Trzic-Tank4","2026-06-08 11:00","-0.1"
"Trzic-Tank4","2026-06-08 12:00","-0.1"
"Trzic-Tank4","2026-06-08 13:00","-0.1"
"Trzic-Tank4","2026-06-08 14:00","-0.1"
"Trzic-Tank4","2026-06-08 15:00","-0.1"
"Trzic-Tank4","2026-06-08 16:00","-0.1"
"Trzic-Tank4","2026-06-08 17:00","-0.1"
"Trzic-Tank4","2026-06-08 18:00","-0.1"
"Trzic-Tank4","2026-06-08 19:00","-0.1"
"Trzic-Tank4","2026-06-08 20:00","-0.1"
"Trzic-Tank4","2026-06-08 21:00","-0.1"
"Trzic-Tank4","2026-06-08 22:00","-0.1"
"Trzic-Tank4","2026-06-08 23:00","-0.1"
"Trzic-Tank4","2026-06-09 00:00","-0.1"
"Trzic-Tank4","2026-06-09 01:00","-0.1"
"Trzic-Tank4","2026-06-09 02:00","-0.1"
"Trzic-Tank4","2026-06-09 03:00","-0.1"
"Trzic-Tank4","2026-06-09 04:00","-0.1"
"Trzic-Tank4","2026-06-09 05:00","-0.1"
"Trzic-Tank4","2026-06-09 06:00","-0.1"
"Trzic-Tank4","2026-06-09 07:00","-0.1"
"Trzic-Tank4","2026-06-09 08:00","-0.1"
"Trzic-Tank4","2026-06-09 09:00","-0.1"
"Trzic-Tank4","2026-06-09 10:00","-0.1"
"Trzic-Tank4","2026-06-09 11:00","-0.1"
"Trzic-Tank4","2026-06-09 12:00","-0.1"
"Trzic-Tank4","2026-06-09 13:00","-0.1"
"Trzic-Tank4","2026-06-09 14:00","-0.1"
"Trzic-Tank4","2026-06-09 15:00","-0.1"
"Trzic-Tank4","2026-06-09 16:00","-0.2"
"Trzic-Tank4","2026-06-09 17:00","-0.2"
"Trzic-Tank4","2026-06-09 18:00","-0.2"
"Trzic-Tank4","2026-06-09 19:00","-0.2"
"Trzic-Tank4","2026-06-09 20:00","-0.2"
"Trzic-Tank4","2026-06-09 21:00","-0.2"
"Trzic-Tank4","2026-06-09 22:00","-0.2"
"Trzic-Tank4","2026-06-09 23:00","-0.2"
"Trzic-Tank4","2026-06-10 00:00","-0.2"
"Trzic-Tank4","2026-06-10 01:00","-0.2"
"Trzic-Tank4","2026-06-10 02:00","-0.2"
"Trzic-Tank4","2026-06-10 03:00","-0.2"
"Trzic-Tank4","2026-06-10 04:00","-0.2"
"Trzic-Tank4","2026-06-10 05:00","-0.2"
"Trzic-Tank4","2026-06-10 06:00","-0.2"
"Trzic-Tank4","2026-06-10 07:00","-0.2"
"Trzic-Tank4","2026-06-10 08:00","-0.1"
"Trzic-Tank4","2026-06-10 09:00","-0.1"
"Trzic-Tank4","2026-06-10 10:00","-0.1"
"Trzic-Tank4","2026-06-10 11:00","-0.1"
"Trzic-Tank4","2026-06-10 12:00","-0.1"
"Trzic-Tank4","2026-06-10 13:00","-0.1"
"Trzic-Tank4","2026-06-10 14:00","-0.1"
"Trzic-Tank4","2026-06-10 15:00","-0.1"
"Trzic-Tank4","2026-06-10 16:00","-0.1"
"Trzic-Tank4","2026-06-10 17:00","-0.1"
"Trzic-Tank4","2026-06-10 18:00","-0.1"
"Trzic-Tank4","2026-06-10 19:00","-0.1"
"Trzic-Tank4","2026-06-10 20:00","-0.1"
"Trzic-Tank4","2026-06-10 21:00","-0.1"
"Trzic-Tank4","2026-06-10 22:00","-0.1"
"Trzic-Tank4","2026-06-10 23:00","-0.1"
"Trzic-Tank4","2026-06-11 00:00","-0.1"
"Trzic-Tank4","2026-06-11 01:00","-0.1"
"Trzic-Tank4","2026-06-11 02:00","-0.1"
"Trzic-Tank4","2026-06-11 03:00","-0.1"
"Trzic-Tank4","2026-06-11 04:00","-0.1"
"Trzic-Tank4","2026-06-11 05:00","-0.1"
"Trzic-Tank4","2026-06-11 06:00","-0.1"
"Trzic-Tank4","2026-06-11 07:00","-0.1"
"Trzic-Tank4","2026-06-11 08:00","-0.1"
"Trzic-Tank4","2026-06-11 09:00","-0.1"
"Trzic-Tank4","2026-06-11 10:00","-0.1"
"Trzic-Tank4","2026-06-11 11:00","-0.1"
"Trzic-Tank4","2026-06-11 12:00","-0.1"
"Trzic-Tank4","2026-06-11 13:00","-0.1"
"Trzic-Tank4","2026-06-11 14:00","-0.1"
"Trzic-Tank4","2026-06-11 15:00","-0.1"
"Trzic-Tank4","2026-06-11 16:00","-0.1"
"Trzic-Tank4","2026-06-11 17:00","-0.1"
"Trzic-Tank4","2026-06-11 18:00","-0.1"
"Trzic-Tank4","2026-06-11 19:00","-0.1"
"Trzic-Tank4","2026-06-11 20:00","-0.1"
"Trzic-Tank4","2026-06-11 21:00","-0.1"
"Trzic-Tank4","2026-06-11 22:00","-0.1"
"Trzic-Tank4","2026-06-11 23:00","-0.1"
"Trzic-Tank4","2026-06-12 00:00","-0.1"
"Trzic-Tank4","2026-06-12 01:00","-0.1"
"Trzic-Tank4","2026-06-12 02:00","-0.1"
"Trzic-Tank4","2026-06-12 03:00","-0.1"
"Trzic-Tank4","2026-06-12 04:00","-0.1"
"Trzic-Tank4","2026-06-12 05:00","-0.1"
"Trzic-Tank4","2026-06-12 06:00","-0.1"
"Trzic-Tank4","2026-06-12 07:00","-0.1"
"Trzic-Tank4","2026-06-12 08:00","-0.1"
"Trzic-Tank4","2026-06-12 09:00","-0.1"
"Trzic-Tank4","2026-06-12 10:00","-0.1"
"Trzic-Tank4","2026-06-12 11:00","-0.1"
"Trzic-Tank4","2026-06-12 12:00","-0.1"
"Trzic-Tank4","2026-06-12 13:00","-0.1"
"Trzic-Tank4","2026-06-12 14:00","-0.1"
"Trzic-Tank4","2026-06-12 15:00","-0.1"
"Trzic-Tank4","2026-06-12 16:00","-0.1"
"Trzic-Tank4","2026-06-12 17:00","-0.1"
"Trzic-Tank4","2026-06-12 18:00","-0.1"
"Trzic-Tank4","2026-06-12 19:00","-0.1"
"Trzic-Tank4","2026-06-12 20:00","-0.1"
"Trzic-Tank4","2026-06-12 21:00","-0.1"
"Trzic-Tank4","2026-06-12 22:00","-0.1"
"Trzic-Tank4","2026-06-12 23:00","-0.1"
"Trzic-Tank4","2026-06-13 00:00","-0.1"
"Trzic-Tank4","2026-06-13 01:00","-0.1"
"Trzic-Tank4","2026-06-13 02:00","-0.1"
"Trzic-Tank4","2026-06-13 03:00","-0.1"
"Trzic-Tank4","2026-06-13 04:00","-0.1"
"Trzic-Tank4","2026-06-13 05:00","-0.1"
"Trzic-Tank4","2026-06-13 06:00","-0.1"
"Trzic-Tank4","2026-06-13 07:00","-0.1"
"Trzic-Tank4","2026-06-13 08:00","-0.1"
"Trzic-Tank4","2026-06-13 09:00","-0.1"
"Trzic-Tank4","2026-06-13 10:00","-0.1"
"Trzic-Tank4","2026-06-13 11:00","-0.1"
"Trzic-Tank4","2026-06-13 12:00","-0.1"
"Trzic-Tank4","2026-06-13 13:00","-0.1"
"Trzic-Tank4","2026-06-13 14:00","-0.1"
"Trzic-Tank4","2026-06-13 15:00","-0.1"
"Trzic-Tank4","2026-06-13 16:00","-0.1"
"Trzic-Tank4","2026-06-13 17:00","-0.1"
"Trzic-Tank4","2026-06-13 18:00","-0.1"
"Trzic-Tank4","2026-06-13 19:00","-0.1"
"Trzic-Tank4","2026-06-13 20:00","-0.1"
"Trzic-Tank4","2026-06-13 21:00","-0.1"
"Trzic-Tank4","2026-06-13 22:00","-0.1"
"Trzic-Tank4","2026-06-13 23:00","-0.1"
"Trzic-Tank4","2026-06-14 00:00","-0.1"
"Trzic-Tank4","2026-06-14 01:00","-0.1"
"Trzic-Tank4","2026-06-14 02:00","-0.1"
"Trzic-Tank4","2026-06-14 03:00","-0.1"
"Trzic-Tank4","2026-06-14 04:00","-0.1"
"Trzic-Tank4","2026-06-14 05:00","-0.1"
"Trzic-Tank4","2026-06-14 06:00","-0.1"
"Trzic-Tank4","2026-06-14 07:00","-0.1"
"Trzic-Tank4","2026-06-14 08:00","-0.1"
"Trzic-Tank4","2026-06-14 09:00","-0.1"
"Trzic-Tank4","2026-06-14 10:00","-0.1"
"Trzic-Tank4","2026-06-14 11:00","-0.1"
"Trzic-Tank4","2026-06-14 12:00","-0.1"
"Trzic-Tank4","2026-06-14 13:00","-0.2"
"Trzic-Tank4","2026-06-14 14:00","-0.2"
"Trzic-Tank4","2026-06-14 15:00","-0.2"
"Trzic-Tank4","2026-06-14 16:00","-0.2"
"Trzic-Tank4","2026-06-14 17:00","-0.3"
"Trzic-Tank4","2026-06-14 18:00","-0.3"
"Trzic-Tank4","2026-06-14 19:00","-0.3"
"Trzic-Tank4","2026-06-14 20:00","-0.3"
"Trzic-Tank4","2026-06-14 21:00","-0.3"
"Trzic-Tank4","2026-06-14 22:00","-0.3"
"Trzic-Tank4","2026-06-14 23:00","-0.3"
"Trzic-Tank4","2026-06-15 00:00","-0.3"
"Trzic-Tank4","2026-06-15 01:00","-0.3"
"Trzic-Tank4","2026-06-15 02:00","-0.3"
"Trzic-Tank4","2026-06-15 03:00","-0.3"
"Trzic-Tank4","2026-06-15 04:00","-0.3"
"Trzic-Tank4","2026-06-15 05:00","-0.3"
"Trzic-Tank4","2026-06-15 06:00","-0.3"
"Trzic-Tank4","2026-06-15 07:00","-0.3"
"Trzic-Tank4","2026-06-15 08:00","-0.3"
"Trzic-Tank4","2026-06-15 09:00","-0.3"
"Trzic-Tank4","2026-06-15 10:00","-0.3"
"Trzic-Tank4","2026-06-15 11:00","-0.3"
"Trzic-Tank4","2026-06-15 12:00","-0.3"
"Trzic-Tank4","2026-06-15 13:00","-0.3"
"Trzic-Tank4","2026-06-15 14:00","-0.3"
"Trzic-Tank4","2026-06-15 15:00","-0.3"
"Trzic-Tank4","2026-06-15 16:00","-0.3"
"Trzic-Tank4","2026-06-15 17:00","-0.3"
"Trzic-Tank4","2026-06-15 18:00","-0.3"
"Trzic-Tank4","2026-06-15 19:00","-0.3"
"Trzic-Tank4","2026-06-15 20:00","-0.3"
"Trzic-Tank4","2026-06-15 21:00","-0.3"
"Trzic-Tank4","2026-06-15 22:00","-0.3"
"Trzic-Tank4","2026-06-15 23:00","-0.3"
"Trzic-Tank4","2026-06-16 00:00","-0.3"
"Trzic-Tank4","2026-06-16 01:00","-0.3"
"Trzic-Tank4","2026-06-16 02:00","-0.3"
"Trzic-Tank4","2026-06-16 03:00","-0.3"
"Trzic-Tank4","2026-06-16 04:00","-0.3"
"Trzic-Tank4","2026-06-16 05:00","-0.3"
"Trzic-Tank4","2026-06-16 06:00","-0.3"
"Trzic-Tank4","2026-06-16 07:00","-0.3"
"Trzic-Tank4","2026-06-16 08:00","-0.3"
"Trzic-Tank4","2026-06-16 09:00","-0.3"
"Trzic-Tank4","2026-06-16 10:00","-0.3"
"Trzic-Tank4","2026-06-16 11:00","-0.3"
"Trzic-Tank4","2026-06-16 12:00","-0.4"
"Trzic-Tank4","2026-06-16 13:00","-0.5"
"Trzic-Tank4","2026-06-16 14:00","-0.5"
"Trzic-Tank4","2026-06-16 15:00","-0.7"
"Trzic-Tank4","2026-06-16 16:00","-0.9"
"Trzic-Tank4","2026-06-16 17:00","-1.1"
"Trzic-Tank4","2026-06-16 18:00","-1.2"
"Trzic-Tank4","2026-06-16 19:00","-1.4"
"Trzic-Tank4","2026-06-16 20:00","-1.3"
"Trzic-Tank4","2026-06-16 21:00","-1.2"
"Trzic-Tank4","2026-06-16 22:00","-1.2"
"Trzic-Tank4","2026-06-16 23:00","-1.2"
"Trzic-Tank4","2026-06-17 00:00","-1.2"
"Trzic-Tank4","2026-06-17 01:00","-1.1"
"Trzic-Tank4","2026-06-17 02:00","-1.1"
"Trzic-Tank4","2026-06-17 03:00","-1.1"
"Trzic-Tank4","2026-06-17 04:00","-1.1"
"Trzic-Tank4","2026-06-17 05:00","-0.9"
"Trzic-Tank4","2026-06-17 06:00","-0.9"
"Trzic-Tank4","2026-06-17 07:00","-0.9"
"Trzic-Tank4","2026-06-17 08:00","-0.9"
"Trzic-Tank4","2026-06-17 09:00","-0.9"
"Trzic-Tank4","2026-06-17 10:00","-0.9"
"Trzic-Tank4","2026-06-17 11:00","-1"
"Trzic-Tank4","2026-06-17 12:00","-1.2"
"Trzic-Tank4","2026-06-17 13:00","-1.4"
"Trzic-Tank4","2026-06-17 14:00","-1.4"
"Trzic-Tank4","2026-06-17 15:00","-1.7"
"Trzic-Tank4","2026-06-17 16:00","-2"
"Trzic-Tank4","2026-06-17 17:00","-2.6"
"Trzic-Tank4","2026-06-17 18:00","-2.8"
"Trzic-Tank4","2026-06-17 19:00","-2.9"
"Trzic-Tank4","2026-06-17 20:00","-2.6"
"Trzic-Tank4","2026-06-17 21:00","-2.5"
"Trzic-Tank4","2026-06-17 22:00","-2.3"
"Trzic-Tank4","2026-06-17 23:00","-2.2"
"Trzic-Tank4","2026-06-18 00:00","-2.2"
"Trzic-Tank4","2026-06-18 01:00","-2.1"
"Trzic-Tank4","2026-06-18 02:00","-2.1"
"Trzic-Tank4","2026-06-18 03:00","-2.1"
"Trzic-Tank4","2026-06-18 04:00","-2.1"
"Trzic-Tank4","2026-06-18 05:00","-1.8"
"Trzic-Tank4","2026-06-18 06:00","-1.7"
"Trzic-Tank4","2026-06-18 07:00","-1.7"
"Trzic-Tank4","2026-06-18 08:00","-1.7"
"Trzic-Tank4","2026-06-18 09:00","-1.7"
"Trzic-Tank4","2026-06-18 10:00","-1.8"
"Trzic-Tank4","2026-06-18 11:00","-2.3"
"Trzic-Tank4","2026-06-18 12:00","-3.2"
"Trzic-Tank4","2026-06-18 13:00","-5.4"
"Trzic-Tank4","2026-06-18 14:00","-7.2"
"Trzic-Tank4","2026-06-18 15:00","-10.3"
"Trzic-Tank4","2026-06-18 16:00","-10.7"
"Trzic-Tank4","2026-06-18 17:00","-10.8"
"Trzic-Tank4","2026-06-18 18:00","-10.9"
"Trzic-Tank4","2026-06-18 19:00","-10.6"
"Trzic-Tank4","2026-06-18 20:00","-10.4"
"Trzic-Tank4","2026-06-18 21:00","-10.2"
"Trzic-Tank4","2026-06-18 22:00","-10.1"
"Trzic-Tank4","2026-06-18 23:00","-9.6"
"Trzic-Tank4","2026-06-19 00:00","-9.6"
"Trzic-Tank4","2026-06-19 01:00","-8.8"
"Trzic-Tank4","2026-06-19 02:00","-8.8"
"Trzic-Tank4","2026-06-19 03:00","-8.8"
"Trzic-Tank4","2026-06-19 04:00","-8.8"
"Trzic-Tank4","2026-06-19 05:00","-7.6"
"Trzic-Tank4","2026-06-19 06:00","-7.4"
"Trzic-Tank4","2026-06-19 07:00","-7.1"
"Trzic-Tank4","2026-06-19 08:00","-7"
"Trzic-Tank4","2026-06-19 09:00","-6.9"
"Trzic-Tank4","2026-06-19 10:00","-6.9"
"Trzic-Tank4","2026-06-19 11:00","-9"
"Trzic-Tank4","2026-06-19 12:00","-10.3"
"Trzic-Tank4","2026-06-19 13:00","-11.3"
"Trzic-Tank4","2026-06-19 14:00","-11.9"
"Trzic-Tank4","2026-06-19 15:00","-13.5"
"Trzic-Tank4","2026-06-19 16:00","-14.1"
"Trzic-Tank4","2026-06-19 17:00","-14.6"
"Trzic-Tank4","2026-06-19 18:00","-15.5"
"Trzic-Tank4","2026-06-19 19:00","-16"
"Trzic-Tank4","2026-06-19 20:00","-15.8"
"Trzic-Tank4","2026-06-19 21:00","-15"
"Trzic-Tank4","2026-06-19 22:00","-14.5"
"Trzic-Tank4","2026-06-19 23:00","-14.1"
"Trzic-Tank4","2026-06-20 00:00","-14.1"
"Trzic-Tank4","2026-06-20 01:00","-13.5"
"Trzic-Tank4","2026-06-20 02:00","-13.5"
"Trzic-Tank4","2026-06-20 03:00","-13.5"
"Trzic-Tank4","2026-06-20 04:00","-13.5"
"Trzic-Tank4","2026-06-20 05:00","-12.8"
"Trzic-Tank4","2026-06-20 06:00","-12.6"
"Trzic-Tank4","2026-06-20 07:00","-12.5"
"Trzic-Tank4","2026-06-20 08:00","-12.3"
"Trzic-Tank4","2026-06-20 09:00","-12.3"
"Trzic-Tank4","2026-06-20 10:00","-12.4"
"Trzic-Tank4","2026-06-20 11:00","-14.4"
"Trzic-Tank4","2026-06-20 12:00","-15.6"
"Trzic-Tank4","2026-06-20 13:00","-17.6"
"Trzic-Tank4","2026-06-20 14:00","-19"
"Trzic-Tank4","2026-06-20 15:00","-19.7"
"Trzic-Tank4","2026-06-20 16:00","-21"
"Trzic-Tank4","2026-06-20 17:00","-22.6"
"Trzic-Tank4","2026-06-20 18:00","-23.6"
"Trzic-Tank4","2026-06-20 19:00","-23.1"
"Trzic-Tank4","2026-06-20 20:00","-0.4"
"Trzic-Tank4","2026-06-20 21:00","-0.4"
"Trzic-Tank4","2026-06-20 22:00","-0.4"
"Trzic-Tank4","2026-06-20 23:00","-0.4"
"Trzic-Tank4","2026-06-21 00:00","-0.4"
"Trzic-Tank4","2026-06-21 01:00","-0.4"
"Trzic-Tank4","2026-06-21 02:00","-0.4"
"Trzic-Tank4","2026-06-21 03:00","-0.4"
"Trzic-Tank4","2026-06-21 04:00","-0.4"
"Trzic-Tank4","2026-06-21 05:00","-0.4"
"Trzic-Tank4","2026-06-21 06:00","-0.4"
"Trzic-Tank4","2026-06-21 07:00","-0.4"
"Trzic-Tank4","2026-06-21 08:00","-0.4"
"Trzic-Tank4","2026-06-21 09:00","-0.3"
"Trzic-Tank4","2026-06-21 10:00","-0.3"
"Trzic-Tank4","2026-06-21 11:00","-0.3"
"Trzic-Tank4","2026-06-21 12:00","-0.3"
"Trzic-Tank4","2026-06-21 13:00","-0.3"
"Trzic-Tank4","2026-06-21 14:00","-0.3"
"Trzic-Tank4","2026-06-21 15:00","-0.3"
"Trzic-Tank4","2026-06-21 16:00","-0.3"
"Trzic-Tank4","2026-06-21 17:00","-0.4"
"Trzic-Tank4","2026-06-21 18:00","-0.4"
"Trzic-Tank4","2026-06-21 19:00","-0.3"
"Trzic-Tank4","2026-06-21 20:00","-0.3"
"Trzic-Tank4","2026-06-21 21:00","-0.3"
"Trzic-Tank4","2026-06-21 22:00","-0.3"
"Trzic-Tank4","2026-06-21 23:00","-0.3"
"Trzic-Tank4","2026-06-22 00:00","-0.3"
"Trzic-Tank4","2026-06-22 01:00","-0.3"
"Trzic-Tank4","2026-06-22 02:00","-0.3"
"Trzic-Tank4","2026-06-22 03:00","-0.3"
"Trzic-Tank4","2026-06-22 04:00","-0.3"
"Trzic-Tank4","2026-06-22 05:00","-0.3"
"Trzic-Tank4","2026-06-22 06:00","-0.3"
"Trzic-Tank4","2026-06-22 07:00","-0.3"
"Trzic-Tank4","2026-06-22 08:00","-0.3"
"Trzic-Tank4","2026-06-22 09:00","-0.3"
"Trzic-Tank4","2026-06-22 10:00","-0.3"
"Trzic-Tank4","2026-06-22 11:00","-0.3"
"Trzic-Tank4","2026-06-22 12:00","-0.3"
"Trzic-Tank4","2026-06-22 13:00","-0.3"
"Trzic-Tank4","2026-06-22 14:00","-0.3"
"Trzic-Tank4","2026-06-22 15:00","-0.4"
"Trzic-Tank4","2026-06-22 16:00","-0.4"
"Trzic-Tank4","2026-06-22 17:00","-0.4"
"Trzic-Tank4","2026-06-22 18:00","-0.4"
"Trzic-Tank4","2026-06-22 19:00","-0.4"
"Trzic-Tank4","2026-06-22 20:00","-0.4"
"Trzic-Tank4","2026-06-22 21:00","-0.4"
"Trzic-Tank4","2026-06-22 22:00","-0.4"
"Trzic-Tank4","2026-06-22 23:00","-0.4"
"Trzic-Tank4","2026-06-23 00:00","-0.4"
"Trzic-Tank4","2026-06-23 01:00","-0.4"
"Trzic-Tank4","2026-06-23 02:00","-0.4"
"Trzic-Tank4","2026-06-23 03:00","-0.4"
"Trzic-Tank4","2026-06-23 04:00","-0.4"
"Trzic-Tank4","2026-06-23 05:00","-0.4"
"Trzic-Tank4","2026-06-23 06:00","-0.4"
"Trzic-Tank4","2026-06-23 07:00","-0.4"
"Trzic-Tank4","2026-06-23 08:00","-0.3"
"Trzic-Tank4","2026-06-23 09:00","-0.3"
"Trzic-Tank4","2026-06-23 10:00","-0.3"
"Trzic-Tank4","2026-06-23 11:00","-0.4"
"Trzic-Tank4","2026-06-23 12:00","-0.4"
"Trzic-Tank4","2026-06-23 13:00","-0.5"
"Trzic-Tank4","2026-06-23 14:00","-0.6"
"Trzic-Tank4","2026-06-23 15:00","-0.7"
"Trzic-Tank4","2026-06-23 16:00","-0.9"
"Trzic-Tank4","2026-06-23 17:00","-1"
"Trzic-Tank4","2026-06-23 18:00","-1"
"Trzic-Tank4","2026-06-23 19:00","-1"
"Trzic-Tank4","2026-06-23 20:00","-1"
"Trzic-Tank4","2026-06-23 21:00","-1"
"Trzic-Tank4","2026-06-23 22:00","-1"
"Trzic-Tank4","2026-06-23 23:00","-1"
"Trzic-Tank4","2026-06-24 00:00","-1"
"Trzic-Tank4","2026-06-24 01:00","-0.9"
"Trzic-Tank4","2026-06-24 02:00","-0.9"
"Trzic-Tank4","2026-06-24 03:00","-0.9"
"Trzic-Tank4","2026-06-24 04:00","-0.9"
"Trzic-Tank4","2026-06-24 05:00","-0.8"
"Trzic-Tank4","2026-06-24 06:00","-0.8"
"Trzic-Tank4","2026-06-24 07:00","-0.8"
"Trzic-Tank4","2026-06-24 08:00","-0.8"
"Trzic-Tank4","2026-06-24 09:00","-0.8"
"Trzic-Tank4","2026-06-24 10:00","-0.8"
"Trzic-Tank4","2026-06-24 11:00","-0.9"
"Trzic-Tank4","2026-06-24 12:00","-1.1"
"Trzic-Tank4","2026-06-24 13:00","-1.7"
"Trzic-Tank4","2026-06-24 14:00","-3"
"Trzic-Tank4","2026-06-24 15:00","-5.5"
"Trzic-Tank4","2026-06-24 16:00","-6.9"
"Trzic-Tank4","2026-06-24 17:00","-10.1"
"Trzic-Tank4","2026-06-24 18:00","-10.8"
"Trzic-Tank4","2026-06-24 19:00","-11.1"
"Trzic-Tank4","2026-06-24 20:00","-11.1"
"Trzic-Tank4","2026-06-24 21:00","-10.7"
"Trzic-Tank4","2026-06-24 22:00","-10.5"
"Trzic-Tank4","2026-06-24 23:00","-10.2"
"Trzic-Tank4","2026-06-25 00:00","-10.2"
"Trzic-Tank4","2026-06-25 01:00","-9.5"
"Trzic-Tank4","2026-06-25 02:00","-9.5"
"Trzic-Tank4","2026-06-25 03:00","-9.5"
"Trzic-Tank4","2026-06-25 04:00","-9.5"
"Trzic-Tank4","2026-06-25 05:00","-8"
"Trzic-Tank4","2026-06-25 06:00","-7.7"
"Trzic-Tank4","2026-06-25 07:00","-7.5"
"Trzic-Tank4","2026-06-25 08:00","-7.2"
"Trzic-Tank4","2026-06-25 09:00","-7.1"
"Trzic-Tank4","2026-06-25 10:00","-7.5"
"Trzic-Tank4","2026-06-25 11:00","-8.5"
"Trzic-Tank4","2026-06-25 12:00","-11.2"
"Trzic-Tank4","2026-06-25 13:00","-12.5"
"Trzic-Tank4","2026-06-25 14:00","-14.2"
"Trzic-Tank4","2026-06-25 15:00","-16.5"
"Trzic-Tank4","2026-06-25 16:00","-19.4"
"Trzic-Tank4","2026-06-25 17:00","-20.5"
"Trzic-Tank4","2026-06-25 18:00","-22.6"
"Trzic-Tank4","2026-06-25 19:00","-23"
"Trzic-Tank4","2026-06-25 20:00","-22.1"
"Trzic-Tank4","2026-06-25 21:00","-21.5"
"Trzic-Tank4","2026-06-25 22:00","-20.4"
"Trzic-Tank4","2026-06-25 23:00","-19.5"
"Trzic-Tank4","2026-06-26 00:00","-19.5"
"Trzic-Tank4","2026-06-26 01:00","-18.4"
"Trzic-Tank4","2026-06-26 02:00","-18.4"
"Trzic-Tank4","2026-06-26 03:00","-18.4"
"Trzic-Tank4","2026-06-26 04:00","-18.4"
"Trzic-Tank4","2026-06-26 05:00","-16.8"
"Trzic-Tank4","2026-06-26 06:00","-16.4"
"Trzic-Tank4","2026-06-26 07:00","-16.2"
"Trzic-Tank4","2026-06-26 08:00","-16.2"
"Trzic-Tank4","2026-06-26 09:00","-16.3"
"Trzic-Tank4","2026-06-26 10:00","-16.3"
"Trzic-Tank4","2026-06-26 11:00","-18.5"
"Trzic-Tank4","2026-06-26 12:00","-22.6"
"Trzic-Tank4","2026-06-26 13:00","-27.6"
"Trzic-Tank4","2026-06-26 14:00","-30.9"
"Trzic-Tank4","2026-06-26 15:00","-33.6"
"Trzic-Tank4","2026-06-26 16:00","-35.3"
"Trzic-Tank4","2026-06-26 17:00","-38.2"
"Trzic-Tank4","2026-06-26 18:00","-39.7"
"Trzic-Tank4","2026-06-26 19:00","-40.7"
"Trzic-Tank4","2026-06-26 20:00","-39.6"
"Trzic-Tank4","2026-06-26 21:00","-38"
"Trzic-Tank4","2026-06-26 22:00","-36.3"
"Trzic-Tank4","2026-06-26 23:00","-34.5"
"Trzic-Tank4","2026-06-27 00:00","-34.5"
"Trzic-Tank4","2026-06-27 01:00","-32.9"
"Trzic-Tank4","2026-06-27 02:00","-32.9"
"Trzic-Tank4","2026-06-27 03:00","-32.9"
"Trzic-Tank4","2026-06-27 04:00","-32.9"
"Trzic-Tank4","2026-06-27 05:00","-30.2"
"Trzic-Tank4","2026-06-27 06:00","-29.8"
"Trzic-Tank4","2026-06-27 07:00","-29.4"
"Trzic-Tank4","2026-06-27 08:00","-29.2"
"Trzic-Tank4","2026-06-27 09:00","-29.4"
"Trzic-Tank4","2026-06-27 10:00","-29.4"
"Trzic-Tank4","2026-06-27 11:00","-33.9"
"Trzic-Tank4","2026-06-27 12:00","-38.8"
"Trzic-Tank4","2026-06-27 13:00","-42"
"Trzic-Tank4","2026-06-27 14:00","-46.1"
"Trzic-Tank4","2026-06-27 15:00","-47.8"
"Trzic-Tank4","2026-06-27 16:00","-50.5"
"Trzic-Tank4","2026-06-27 17:00","-52.2"
"Trzic-Tank4","2026-06-27 18:00","-54.8"
"Trzic-Tank4","2026-06-27 19:00","-54.9"
"Trzic-Tank4","2026-06-27 20:00","-52.4"
"Trzic-Tank4","2026-06-27 21:00","-50.3"
"Trzic-Tank4","2026-06-27 22:00","-48.7"
"Trzic-Tank4","2026-06-27 23:00","-47"
"Trzic-Tank4","2026-06-28 00:00","-47"
"Trzic-Tank4","2026-06-28 01:00","-44.8"
"Trzic-Tank4","2026-06-28 02:00","-44.8"
"Trzic-Tank4","2026-06-28 03:00","-44.8"
"Trzic-Tank4","2026-06-28 04:00","-44.8"
"Trzic-Tank4","2026-06-28 05:00","-40.8"
"Trzic-Tank4","2026-06-28 06:00","-39.9"
"Trzic-Tank4","2026-06-28 07:00","-39.2"
"Trzic-Tank4","2026-06-28 08:00","-38.8"
"Trzic-Tank4","2026-06-28 09:00","-38.4"
"Trzic-Tank4","2026-06-28 10:00","-38.9"
"Trzic-Tank4","2026-06-28 11:00","-48"
"Trzic-Tank4","2026-06-28 12:00","-52.2"
"Trzic-Tank4","2026-06-28 13:00","-59"
"Trzic-Tank4","2026-06-28 14:00","-65.3"
"Trzic-Tank4","2026-06-28 15:00","-73.4"
"Trzic-Tank4","2026-06-28 16:00","-79.1"
"Trzic-Tank4","2026-06-28 17:00","-83.1"
"Trzic-Tank4","2026-06-28 18:00","-90.4"
"Trzic-Tank4","2026-06-28 19:00","-91.7"
"Trzic-Tank4","2026-06-28 20:00","-89.7"
"Trzic-Tank4","2026-06-28 21:00","-87.3"
"Trzic-Tank4","2026-06-28 22:00","-84.3"
"Trzic-Tank4","2026-06-28 23:00","-83.4"
"Trzic-Tank4","2026-06-29 00:00","-83.4"
"Trzic-Tank4","2026-06-29 01:00","-80.4"
"Trzic-Tank4","2026-06-29 02:00","-80.4"
"Trzic-Tank4","2026-06-29 03:00","-80.4"
"Trzic-Tank4","2026-06-29 04:00","-80.4"
"Trzic-Tank4","2026-06-29 05:00","-76.7"
"Trzic-Tank4","2026-06-29 06:00","-76"
"Trzic-Tank4","2026-06-29 07:00","-75.2"
"Trzic-Tank4","2026-06-29 08:00","-74.9"
"Trzic-Tank4","2026-06-29 09:00","-75.4"
"Trzic-Tank4","2026-06-29 10:00","-75.4"
"Trzic-Tank4","2026-06-29 11:00","-87"
"Trzic-Tank4","2026-06-29 12:00","-94.8"
"Trzic-Tank4","2026-06-29 13:00","-116.5"
"Trzic-Tank4","2026-06-29 14:00","-131"
"Trzic-Tank4","2026-06-29 15:00","-145.1"
"Trzic-Tank4","2026-06-29 16:00","-150"
"Trzic-Tank4","2026-06-29 17:00","-163.1"
"Trzic-Tank4","2026-06-29 18:00","-173.5"
"Trzic-Tank4","2026-06-29 19:00","-174.7"
"Trzic-Tank4","2026-06-29 20:00","-170.1"
"Trzic-Tank4","2026-06-29 21:00","-167.3"
"Trzic-Tank4","2026-06-29 22:00","-162.6"
"Trzic-Tank4","2026-06-29 23:00","-159.3"
"Trzic-Tank4","2026-06-30 00:00","-159.3"
"Trzic-Tank4","2026-06-30 01:00","-154.7"
"Trzic-Tank4","2026-06-30 02:00","-154.7"
"Trzic-Tank4","2026-06-30 03:00","-154.7"
"Trzic-Tank4","2026-06-30 04:00","-154.7"
"Trzic-Tank4","2026-06-30 05:00","-148.4"
"Trzic-Tank4","2026-06-30 06:00","-147.6"
"Trzic-Tank4","2026-06-30 07:00","-147.3"
"Trzic-Tank4","2026-06-30 08:00","-146.2"
"Trzic-Tank4","2026-06-30 09:00","-146.9"
"Trzic-Tank4","2026-06-30 10:00","-150.3"
"Trzic-Tank4","2026-06-30 11:00","-167"
"Trzic-Tank4","2026-06-30 12:00","-187.1"
"Trzic-Tank4","2026-06-30 13:00","-218.5"
"Trzic-Tank4","2026-06-30 14:00","-233.6"
"Trzic-Tank4","2026-06-30 15:00","-261.1"
"Trzic-Tank4","2026-06-30 16:00","-269.3"
"Trzic-Tank4","2026-06-30 17:00","-285.5"
"Trzic-Tank4","2026-06-30 18:00","-280.5"
"Trzic-Tank4","2026-06-30 19:00","-272.9"
"Trzic-Tank4","2026-06-30 20:00","-267.4"
"Trzic-Tank4","2026-06-30 21:00","-262.3"
"Trzic-Tank4","2026-06-30 22:00","-261.9"
"Trzic-Tank4","2026-06-30 23:00",
"Trzic-Tank4","2026-07-01 00:00",
"Trzic-Tank4","2026-07-01 01:00",
"Trzic-Tank4","2026-07-01 02:00",
"Trzic-Tank4","2026-07-01 03:00",
"Trzic-Tank4","2026-07-01 04:00",
"Trzic-Tank4","2026-07-01 05:00",
"Trzic-Tank4","2026-07-01 06:00",
"Trzic-Tank4","2026-07-01 07:00",
"Trzic-Tank4","2026-07-01 08:00",
"Trzic-Tank4","2026-07-01 09:00","-252"
"Trzic-Tank4","2026-07-01 10:00","-253.7"
"Trzic-Tank4","2026-07-01 11:00","-281"
"Trzic-Tank4","2026-07-01 12:00","-308.2"
"Trzic-Tank4","2026-07-01 13:00","-341.3"
"Trzic-Tank4","2026-07-01 14:00","-366.6"
"Trzic-Tank4","2026-07-01 15:00","-395.5"
"Trzic-Tank4","2026-07-01 16:00","-406.2"
"Trzic-Tank4","2026-07-01 17:00","-423.3"
"Trzic-Tank4","2026-07-01 18:00","-414.3"
"Trzic-Tank4","2026-07-01 19:00","-402.7"
"Trzic-Tank4","2026-07-01 20:00","-397.1"
"Trzic-Tank4","2026-07-01 21:00","-394.1"
"Trzic-Tank4","2026-07-01 22:00","-392.4"
"Trzic-Tank4","2026-07-01 23:00","-391.4"
"Trzic-Tank4","2026-07-02 00:00","-391.4"
"Trzic-Tank4","2026-07-02 01:00","-390.7"
"Trzic-Tank4","2026-07-02 02:00","-390.7"
"Trzic-Tank4","2026-07-02 03:00","-390.7"
"Trzic-Tank4","2026-07-02 04:00","-390.7"
"Trzic-Tank4","2026-07-02 05:00","-384.8"
"Trzic-Tank4","2026-07-02 06:00","-385.3"
"Trzic-Tank4","2026-07-02 07:00","-384.7"
"Trzic-Tank4","2026-07-02 08:00","-386.5"
"Trzic-Tank4","2026-07-02 09:00","-393.9"
"Trzic-Tank4","2026-07-02 10:00","-401.2"
"Trzic-Tank4","2026-07-02 11:00","-436.6"
"Trzic-Tank4","2026-07-02 12:00","-454.4"
"Trzic-Tank4","2026-07-02 13:00","-477"
"Trzic-Tank4","2026-07-02 14:00","-498.3"
"Trzic-Tank4","2026-07-02 15:00","-522.8"
"Trzic-Tank4","2026-07-02 16:00","-534.2"
"Trzic-Tank4","2026-07-02 17:00","-550.5"
"Trzic-Tank4","2026-07-02 18:00","-551.1"
"Trzic-Tank4","2026-07-02 19:00","-550"
"Trzic-Tank4","2026-07-02 20:00","-548.5"
"Trzic-Tank4","2026-07-02 21:00","-535.1"
"Trzic-Tank4","2026-07-02 22:00","-531.9"
"Trzic-Tank4","2026-07-02 23:00","-530.5"
"Trzic-Tank4","2026-07-03 00:00","-530.5"
"Trzic-Tank4","2026-07-03 01:00","-529.5"
"Trzic-Tank4","2026-07-03 02:00","-529.5"
"Trzic-Tank4","2026-07-03 03:00","-529.5"
"Trzic-Tank4","2026-07-03 04:00","-529.5"
"Trzic-Tank4","2026-07-03 05:00","-531.9"
"Trzic-Tank4","2026-07-03 06:00","-532.2"
"Trzic-Tank4","2026-07-03 07:00","-532.3"
"Trzic-Tank4","2026-07-03 08:00","-533.2"
"Trzic-Tank4","2026-07-03 09:00","-534.7"
"Trzic-Tank4","2026-07-03 10:00","-534.1"
"Trzic-Tank4","2026-07-03 11:00","-551.2"
"Trzic-Tank4","2026-07-03 12:00","-569.8"
"Trzic-Tank4","2026-07-03 13:00","-573.1"
"Trzic-Tank4","2026-07-03 14:00","-581.8"
"Trzic-Tank4","2026-07-03 15:00","-593.7"
"Trzic-Tank4","2026-07-03 16:00","-612.2"
"Trzic-Tank4","2026-07-03 17:00","-629.6"
"Trzic-Tank4","2026-07-03 18:00","-647.4"
"Trzic-Tank4","2026-07-03 19:00","-652.4"
"Trzic-Tank4","2026-07-03 20:00","-651.2"
"Trzic-Tank4","2026-07-03 21:00","-646.1"
"Trzic-Tank4","2026-07-03 22:00","-644.8"
"Trzic-Tank4","2026-07-03 23:00","-644.2"
"Trzic-Tank4","2026-07-04 00:00","-644.2"
"Trzic-Tank4","2026-07-04 01:00","-642.2"
"Trzic-Tank4","2026-07-04 02:00","-642.2"
"Trzic-Tank4","2026-07-04 03:00","-642.2"
"Trzic-Tank4","2026-07-04 04:00","-642.2"
"Trzic-Tank4","2026-07-04 05:00","-647.4"
"Trzic-Tank4","2026-07-04 06:00","-647.4"
"Trzic-Tank4","2026-07-04 07:00","-649.4"
"Trzic-Tank4","2026-07-04 08:00","-651.3"
"Trzic-Tank4","2026-07-04 09:00","-654.2"
"Trzic-Tank4","2026-07-04 10:00","-658.6"
"Trzic-Tank4","2026-07-04 11:00","-677.3"
"Trzic-Tank4","2026-07-04 12:00","-697.3"
"Trzic-Tank4","2026-07-04 13:00","-723.4"
"Trzic-Tank4","2026-07-04 14:00","-728.8"
"Trzic-Tank4","2026-07-04 15:00","-743.4"
"Trzic-Tank4","2026-07-04 16:00","-751.1"
"Trzic-Tank4","2026-07-04 17:00","-770.4"
"Trzic-Tank4","2026-07-04 18:00","-777.7"
"Trzic-Tank4","2026-07-04 19:00","-777.1"
"Trzic-Tank4","2026-07-04 20:00","-778.2"
"Trzic-Tank4","2026-07-04 21:00","-775.3"
"Trzic-Tank4","2026-07-04 22:00","-776.8"
"Trzic-Tank4","2026-07-04 23:00","-776.4"
"Trzic-Tank4","2026-07-05 00:00","-776.4"
"Trzic-Tank4","2026-07-05 01:00","-781.6"
"Trzic-Tank4","2026-07-05 02:00","-781.6"
"Trzic-Tank4","2026-07-05 03:00","-781.6"
"Trzic-Tank4","2026-07-05 04:00","-781.6"
"Trzic-Tank4","2026-07-05 05:00","-816.4"
"Trzic-Tank4","2026-07-05 06:00","-820.3"
"Trzic-Tank4","2026-07-05 07:00","-831.6"
"Trzic-Tank4","2026-07-05 08:00","-841.4"
"Trzic-Tank4","2026-07-05 09:00","-841.2"
"Trzic-Tank4","2026-07-05 10:00","-850.7"
"Trzic-Tank4","2026-07-05 11:00","-855.3"
"Trzic-Tank4","2026-07-05 12:00","-859.6"
"Trzic-Tank4","2026-07-05 13:00","-875.6"
"Trzic-Tank4","2026-07-05 14:00","-889.6"
"Trzic-Tank4","2026-07-05 15:00","-898.5"
"Trzic-Tank4","2026-07-05 16:00","-910.7"
"Trzic-Tank4","2026-07-05 17:00","-912.8"
"Trzic-Tank4","2026-07-05 18:00","-916"
"Trzic-Tank4","2026-07-05 19:00","-916.8"
"Trzic-Tank4","2026-07-05 20:00","-920"
"Trzic-Tank4","2026-07-05 21:00","-926"
"Trzic-Tank4","2026-07-05 22:00","-930.7"
"Trzic-Tank4","2026-07-05 23:00","-933.5"
"Trzic-Tank4","2026-07-06 00:00","-933.5"
"Trzic-Tank4","2026-07-06 01:00","-939.1"
"Trzic-Tank4","2026-07-06 02:00","-939.1"
"Trzic-Tank4","2026-07-06 03:00","-939.1"
"Trzic-Tank4","2026-07-06 04:00","-939.1"
"Trzic-Tank4","2026-07-06 05:00","-947.5"
"Trzic-Tank4","2026-07-06 06:00","-951.7"
"Trzic-Tank4","2026-07-06 07:00","-955.2"
"Trzic-Tank4","2026-07-06 08:00","-960.7"
"Trzic-Tank4","2026-07-06 09:00","-974.3"
"Trzic-Tank4","2026-07-06 10:00","-987.6"
"Trzic-Tank4","2026-07-06 11:00","-989.7"
"Trzic-Tank4","2026-07-06 12:00","-996.1"
"Trzic-Tank4","2026-07-06 13:00","-997.5"
"Trzic-Tank4","2026-07-06 14:00","-1,004.8"
"Trzic-Tank4","2026-07-06 15:00","-1,024"
"Trzic-Tank4","2026-07-06 16:00","-1,028.7"
"Trzic-Tank4","2026-07-06 17:00","-1,027.1"
"Trzic-Tank4","2026-07-06 18:00","-1,038"
"Trzic-Tank4","2026-07-06 19:00","-1,042.5"
"Trzic-Tank4","2026-07-06 20:00","-1,046.9"
"Trzic-Tank4","2026-07-06 21:00","-1,058.5"
"Trzic-Tank4","2026-07-06 22:00","-1,066.6"
"Trzic-Tank4","2026-07-06 23:00","-1,072.7"
"Trzic-Tank4","2026-07-07 00:00","-1,072.7"
"Trzic-Tank4","2026-07-07 01:00","-1,080.7"
"Trzic-Tank4","2026-07-07 02:00","-1,080.7"
"Trzic-Tank4","2026-07-07 03:00","-1,080.7"
"Trzic-Tank4","2026-07-07 04:00","-1,080.7"
"Trzic-Tank4","2026-07-07 05:00","-1,084.7"
"Trzic-Tank4","2026-07-07 06:00","-1,089.2"
"Trzic-Tank4","2026-07-07 07:00","-1,095.7"
"Trzic-Tank4","2026-07-07 08:00","-1,103.8"
"Trzic-Tank4","2026-07-07 09:00","-1,112.2"
"Trzic-Tank4","2026-07-07 10:00","-1,111.2"
"Trzic-Tank4","2026-07-07 11:00","-1,140.2"
"Trzic-Tank4","2026-07-07 12:00","-1,145.2"
"Trzic-Tank4","2026-07-07 13:00","-1,147.3"
"Trzic-Tank4","2026-07-07 14:00","-1,151.6"
"Trzic-Tank4","2026-07-07 15:00","-1,155.3"
"Trzic-Tank4","2026-07-07 16:00","-1,150"
"Trzic-Tank4","2026-07-07 17:00","-1,157.7"
"Trzic-Tank4","2026-07-07 18:00","-1,174.6"
"Trzic-Tank4","2026-07-07 19:00","-1,191.2"
"Trzic-Tank4","2026-07-07 20:00","-1,190.4"
"Trzic-Tank4","2026-07-07 21:00","-1,198.4"
"Trzic-Tank4","2026-07-07 22:00","-1,205.6"
"Trzic-Tank4","2026-07-07 23:00","-1,211.1"
"Trzic-Tank4","2026-07-08 00:00","-1,211.1"
"Trzic-Tank4","2026-07-08 01:00","-1,236.8"
"Trzic-Tank4","2026-07-08 02:00","-1,236.8"
"Trzic-Tank4","2026-07-08 03:00","-1,236.8"
"Trzic-Tank4","2026-07-08 04:00","-1,236.8"
"Trzic-Tank4","2026-07-08 05:00","-1,257.8"
"Trzic-Tank4","2026-07-08 06:00","-1,262.1"
"Trzic-Tank4","2026-07-08 07:00","-1,260.7"
"Trzic-Tank4","2026-07-08 08:00","-1,259.5"
"Trzic-Tank4","2026-07-08 09:00","-1,265.9"
"Trzic-Tank4","2026-07-08 10:00","-1,272.6"
"Trzic-Tank4","2026-07-08 11:00","-1,274.1"
"Trzic-Tank4","2026-07-08 12:00","-1,277.3"
"Trzic-Tank4","2026-07-08 13:00","-1,287.9"
"Trzic-Tank4","2026-07-08 14:00","-1,301.1"
"Trzic-Tank4","2026-07-08 15:00","-1,321.9"
"Trzic-Tank4","2026-07-08 16:00","-1,318.2"
"Trzic-Tank4","2026-07-08 17:00","-1,322.5"
"Trzic-Tank4","2026-07-08 18:00","-1,318.5"
"Trzic-Tank4","2026-07-08 19:00","-1,319.8"
"Trzic-Tank4","2026-07-08 20:00","-1,318.2"
"Trzic-Tank4","2026-07-08 21:00","-1,319.2"
"Trzic-Tank4","2026-07-08 22:00","-1,320.1"
"Trzic-Tank4","2026-07-08 23:00","-1,318.5"
"Trzic-Tank4","2026-07-09 00:00","-1,318.5"
"Trzic-Tank4","2026-07-09 01:00","-1,335.4"
"Trzic-Tank4","2026-07-09 02:00","-1,335.4"
"Trzic-Tank4","2026-07-09 03:00","-1,335.4"
"Trzic-Tank4","2026-07-09 04:00","-1,335.4"
"Trzic-Tank4","2026-07-09 05:00","-1,347.4"
"Trzic-Tank4","2026-07-09 06:00","-1,351.7"
"Trzic-Tank4","2026-07-09 07:00","-1,357.4"
"Trzic-Tank4","2026-07-09 08:00","-1,372.8"
"Trzic-Tank4","2026-07-09 09:00","-1,373.7"
"Trzic-Tank4","2026-07-09 10:00","-1,372.4"
"Trzic-Tank4","2026-07-09 11:00","-1,384.5"
"Trzic-Tank4","2026-07-09 12:00","-1,392.5"
"Trzic-Tank4","2026-07-09 13:00","-1,398.3"
"Trzic-Tank4","2026-07-09 14:00","-1,391.9"
"Trzic-Tank4","2026-07-09 15:00","-1,404.1"
"Trzic-Tank4","2026-07-09 16:00","-1,408.3"
"Trzic-Tank4","2026-07-09 17:00","-1,409.9"
"Trzic-Tank4","2026-07-09 18:00","-1,414.2"
"Trzic-Tank4","2026-07-09 19:00","-1,411.5"
"Trzic-Tank4","2026-07-09 20:00","-1,430.2"
"Trzic-Tank4","2026-07-09 21:00","-1,435.5"
"Trzic-Tank4","2026-07-09 22:00","-1,436.5"
"Trzic-Tank4","2026-07-09 23:00","-1,441.8"
"Trzic-Tank4","2026-07-10 00:00","-1,441.8"
"Trzic-Tank4","2026-07-10 01:00","-1,451.1"
"Trzic-Tank4","2026-07-10 02:00","-1,451.1"
"Trzic-Tank4","2026-07-10 03:00","-1,451.1"
"Trzic-Tank4","2026-07-10 04:00","-1,451.1"
"Trzic-Tank4","2026-07-10 05:00","-1,458.5"
"Trzic-Tank4","2026-07-10 06:00","-1,467.9"
"Trzic-Tank4","2026-07-10 07:00","-1,466.9"
"Trzic-Tank4","2026-07-10 08:00","-1,470.6"
"Trzic-Tank4","2026-07-10 09:00","-1,474.3"
"Trzic-Tank4","2026-07-10 10:00","-1,478.1"
"Trzic-Tank4","2026-07-10 11:00","-1,482.2"
"Trzic-Tank4","2026-07-10 12:00","-1,482.2"
"Trzic-Tank4","2026-07-10 13:00","-1,486.6"
"Trzic-Tank4","2026-07-10 14:00","-1,485.6"
"Trzic-Tank4","2026-07-10 15:00","-1,480.5"
"Trzic-Tank4","2026-07-10 16:00","-1,478.4"
"Trzic-Tank4","2026-07-10 17:00","-1,462.5"
"Trzic-Tank4","2026-07-10 18:00","-1,460.8"
"Trzic-Tank4","2026-07-10 19:00","-1,452.1"
"Trzic-Tank4","2026-07-10 20:00",
"Trzic-Tank4","2026-07-10 21:00","-1,450.8"
"Trzic-Tank4","2026-07-10 22:00","-1,465.5"
"Trzic-Tank4","2026-07-10 23:00","-1,481.8"
"Trzic-Tank4","2026-07-11 00:00","-1,481.8"
"Trzic-Tank4","2026-07-11 01:00","-1,511.8"
"Trzic-Tank4","2026-07-11 02:00","-1,511.8"
"Trzic-Tank4","2026-07-11 03:00","-1,511.8"
"Trzic-Tank4","2026-07-11 04:00","-1,511.8"
"Trzic-Tank4","2026-07-11 05:00","-1,554.2"
"Trzic-Tank4","2026-07-11 06:00","-1,561.7"
"Trzic-Tank4","2026-07-11 07:00","-1,562.8"
"Trzic-Tank4","2026-07-11 08:00","-1,573.2"
"Trzic-Tank4","2026-07-11 09:00","-1,583.1"
"Trzic-Tank4","2026-07-11 10:00","-1,590"
"Trzic-Tank4","2026-07-11 11:00","-1,588.2"
"Trzic-Tank4","2026-07-11 12:00","-1,599.9"
"Trzic-Tank4","2026-07-11 13:00","-1,604"
"Trzic-Tank4","2026-07-11 14:00","-1,592.2"
"Trzic-Tank4","2026-07-11 15:00","-1,568.2"
"Trzic-Tank4","2026-07-11 16:00","-1,537.1"
"Trzic-Tank4","2026-07-11 17:00","-1,539.9"
"Trzic-Tank4","2026-07-11 18:00","-1,536.4"
"Trzic-Tank4","2026-07-11 19:00","-1,530.4"
"Trzic-Tank4","2026-07-11 20:00","-1,529.7"
"Trzic-Tank4","2026-07-11 21:00","-1,532.1"
"Trzic-Tank4","2026-07-11 22:00","-1,561.7"
"Trzic-Tank4","2026-07-11 23:00","-1,355.2"
"Trzic-Tank4","2026-07-12 00:00","-1,355.2"
"Trzic-Tank4","2026-07-12 01:00","-0.6"
"Trzic-Tank4","2026-07-12 02:00","-0.6"
"Trzic-Tank4","2026-07-12 03:00","-0.6"
"Trzic-Tank4","2026-07-12 04:00","-0.6"
"Trzic-Tank4","2026-07-12 05:00","-0.5"
"Trzic-Tank4","2026-07-12 06:00","-0.5"
"Trzic-Tank4","2026-07-12 07:00","-0.5"
"Trzic-Tank4","2026-07-12 08:00","-0.5"
"Trzic-Tank4","2026-07-12 09:00","-0.5"
"Trzic-Tank4","2026-07-12 10:00","-0.5"
"Trzic-Tank4","2026-07-12 11:00","-0.6"
"Trzic-Tank4","2026-07-12 12:00","-0.7"
"Trzic-Tank4","2026-07-12 13:00","-1.3"
"Trzic-Tank4","2026-07-12 14:00","-2.8"
"Trzic-Tank4","2026-07-12 15:00","-5"
"Trzic-Tank4","2026-07-12 16:00","-6.7"
"Trzic-Tank4","2026-07-12 17:00","-8.9"
"Trzic-Tank4","2026-07-12 18:00","-11.8"
"Trzic-Tank4","2026-07-12 19:00","-13.2"
"Trzic-Tank4","2026-07-12 20:00","-14.2"
"Trzic-Tank4","2026-07-12 21:00","-14.7"
"Trzic-Tank4","2026-07-12 22:00","-15.2"
"Trzic-Tank4","2026-07-12 23:00","-16"
"Trzic-Tank4","2026-07-13 00:00","-16"
"Trzic-Tank4","2026-07-13 01:00","-16.6"
"Trzic-Tank4","2026-07-13 02:00","-16.6"
"Trzic-Tank4","2026-07-13 03:00","-16.6"
"Trzic-Tank4","2026-07-13 04:00","-16.6"
"Trzic-Tank4","2026-07-13 05:00","-18.2"
"Trzic-Tank4","2026-07-13 06:00","-18.7"
"Trzic-Tank4","2026-07-13 07:00","-19.1"
"Trzic-Tank4","2026-07-13 08:00","-19.4"
"Trzic-Tank4","2026-07-13 09:00","-19.9"
"Trzic-Tank4","2026-07-13 10:00","-20.6"
"Trzic-Tank4","2026-07-13 11:00","-21.6"
"Trzic-Tank4","2026-07-13 12:00","-23.7"
"Trzic-Tank4","2026-07-13 13:00","-26.8"
"Trzic-Tank4","2026-07-13 14:00","-33.2"
"Trzic-Tank4","2026-07-13 15:00","-38.6"
"Trzic-Tank4","2026-07-13 16:00","-42.2"
"Trzic-Tank4","2026-07-13 17:00","-45.2"
"Trzic-Tank4","2026-07-13 18:00","-51.5"
"Trzic-Tank4","2026-07-13 19:00","-59.9"
"Trzic-Tank4","2026-07-13 20:00","-63.5"
"Trzic-Tank4","2026-07-13 21:00","-66.9"
"Trzic-Tank4","2026-07-13 22:00","-68.8"
"Trzic-Tank4","2026-07-13 23:00","-71.3"
"Trzic-Tank4","2026-07-14 00:00","-71.3"
"Trzic-Tank4","2026-07-14 01:00","-74.7"
"Trzic-Tank4","2026-07-14 02:00","-74.7"
"Trzic-Tank4","2026-07-14 03:00","-74.7"
"Trzic-Tank4","2026-07-14 04:00","-74.7"
"Trzic-Tank4","2026-07-14 05:00","-81.2"
"Trzic-Tank4","2026-07-14 06:00","-82"
"Trzic-Tank4","2026-07-14 07:00","-84"
"Trzic-Tank4","2026-07-14 08:00","-85.9"
"Trzic-Tank4","2026-07-14 09:00","-87.2"
"Trzic-Tank4","2026-07-14 10:00","-92.1"
"Trzic-Tank4","2026-07-14 11:00","-96.8"
"Trzic-Tank4","2026-07-14 12:00","-106.3"
"Trzic-Tank4","2026-07-14 13:00","-122"
"Trzic-Tank4","2026-07-14 14:00","-141.9"
"Trzic-Tank4","2026-07-14 15:00","-156.2"
"Trzic-Tank4","2026-07-14 16:00","-178.5"
"Trzic-Tank4","2026-07-14 17:00","-192"
"Trzic-Tank4","2026-07-14 18:00","-198.7"
"Trzic-Tank4","2026-07-14 19:00","-204"
"Trzic-Tank4","2026-07-14 20:00","-210.2"
"Trzic-Tank4","2026-07-14 21:00","-217.5"
"Trzic-Tank4","2026-07-14 22:00","-220.3"
"Trzic-Tank4","2026-07-14 23:00","-223.4"
"Trzic-Tank4","2026-07-15 00:00","-223.4"
"Trzic-Tank4","2026-07-15 01:00","-231.2"
"Trzic-Tank4","2026-07-15 02:00","-231.2"
"Trzic-Tank4","2026-07-15 03:00","-231.2"
"Trzic-Tank4","2026-07-15 04:00","-231.2"
"Trzic-Tank4","2026-07-15 05:00","-240.7"
"Trzic-Tank4","2026-07-15 06:00","-243"
"Trzic-Tank4","2026-07-15 07:00","-245.2"
"Trzic-Tank4","2026-07-15 08:00","-248.5"
"Trzic-Tank4","2026-07-15 09:00","-251.6"
"Trzic-Tank4","2026-07-15 10:00","-254.9"
"Trzic-Tank4","2026-07-15 11:00","-274.9"
"Trzic-Tank4","2026-07-15 12:00","-298.6"
"Trzic-Tank4","2026-07-15 13:00","-369.6"
"Trzic-Tank4","2026-07-15 14:00","-406.4"
"Trzic-Tank4","2026-07-15 15:00","-470"
"Trzic-Tank4","2026-07-15 16:00","-503.4"
"Trzic-Tank4","2026-07-15 17:00","-549.9"
"Trzic-Tank4","2026-07-15 18:00","-597.7"
"Trzic-Tank4","2026-07-15 19:00","-633.6"
"Trzic-Tank4","2026-07-15 20:00","-646.5"
"Trzic-Tank4","2026-07-15 21:00","-656"
"Trzic-Tank4","2026-07-15 22:00","-0.5"
"Trzic-Tank4","2026-07-15 23:00","-0.7"
"Trzic-Tank4","2026-07-16 00:00","-0.7"
"Trzic-Tank4","2026-07-16 01:00","-0.7"
"Trzic-Tank4","2026-07-16 02:00","-0.7"
"Trzic-Tank4","2026-07-16 03:00","-0.7"
"Trzic-Tank4","2026-07-16 04:00","-0.7"
"Trzic-Tank4","2026-07-16 05:00","-0.6"
"Trzic-Tank4","2026-07-16 06:00","-0.6"
"Trzic-Tank4","2026-07-16 07:00","-0.6"
"Trzic-Tank4","2026-07-16 08:00","-0.6"
"Trzic-Tank4","2026-07-16 09:00","-0.6"
"Trzic-Tank4","2026-07-16 10:00","-0.5"
"Trzic-Tank4","2026-07-16 11:00","-0.6"
"Trzic-Tank4","2026-07-16 12:00","-0.6"
"Trzic-Tank4","2026-07-16 13:00","-0.7"
"Trzic-Tank4","2026-07-16 14:00","-0.8"
"Trzic-Tank4","2026-07-16 15:00","-1.1"
"Trzic-Tank4","2026-07-16 16:00","-1.3"
"Trzic-Tank4","2026-07-16 17:00","-1.8"
"Trzic-Tank4","2026-07-16 18:00","-2.4"
"Trzic-Tank4","2026-07-16 19:00","-3.2"
"Trzic-Tank4","2026-07-16 20:00","-4.1"
"Trzic-Tank4","2026-07-16 21:00","-4.8"
"Trzic-Tank4","2026-07-16 22:00","-5"
"Trzic-Tank4","2026-07-16 23:00","-5.4"
"Trzic-Tank4","2026-07-17 00:00","-5.4"
"Trzic-Tank4","2026-07-17 01:00","-5.8"
"Trzic-Tank4","2026-07-17 02:00","-5.8"
"Trzic-Tank4","2026-07-17 03:00","-5.8"
"Trzic-Tank4","2026-07-17 04:00","-5.8"
"Trzic-Tank4","2026-07-17 05:00","-6.9"
"Trzic-Tank4","2026-07-17 06:00","-7.1"
"Trzic-Tank4","2026-07-17 07:00","-7.5"
"Trzic-Tank4","2026-07-17 08:00","-7.9"
"Trzic-Tank4","2026-07-17 09:00","-8.2"
"Trzic-Tank4","2026-07-17 10:00","-8.7"
"Trzic-Tank4","2026-07-17 11:00","-9"
"Trzic-Tank4","2026-07-17 12:00","-9.7"
"Trzic-Tank4","2026-07-17 13:00","-10.6"
"Trzic-Tank4","2026-07-17 14:00","-10.9"
"Trzic-Tank4","2026-07-17 15:00","-11.6"
"Trzic-Tank4","2026-07-17 16:00","-12.2"
"Trzic-Tank4","2026-07-17 17:00","-13"
"Trzic-Tank4","2026-07-17 18:00","-14.3"
"Trzic-Tank4","2026-07-17 19:00","-15.1"
"Trzic-Tank4","2026-07-17 20:00","-15.8"
"Trzic-Tank4","2026-07-17 21:00","-16"
"Trzic-Tank4","2026-07-17 22:00","-16"
"Trzic-Tank4","2026-07-17 23:00","-16.2"
"Trzic-Tank4","2026-07-18 00:00","-16.2"
"Trzic-Tank4","2026-07-18 01:00","-16.5"
"Trzic-Tank4","2026-07-18 02:00","-16.5"
"Trzic-Tank4","2026-07-18 03:00","-16.5"
"Trzic-Tank4","2026-07-18 04:00","-16.5"
"Trzic-Tank4","2026-07-18 05:00","-17"
"Trzic-Tank4","2026-07-18 06:00","-17.1"
"Trzic-Tank4","2026-07-18 07:00","-17.3"
"Trzic-Tank4","2026-07-18 08:00","-17.4"
"Trzic-Tank4","2026-07-18 09:00","-17.6"
"Trzic-Tank4","2026-07-18 10:00","-18"
"Trzic-Tank4","2026-07-18 11:00","-18.7"
"Trzic-Tank4","2026-07-18 12:00","-20.5"
"Trzic-Tank4","2026-07-18 13:00","-23.7"
"Trzic-Tank4","2026-07-18 14:00","-25.8"
"Trzic-Tank4","2026-07-18 15:00","-29.9"
"Trzic-Tank4","2026-07-18 16:00","-32"
"Trzic-Tank4","2026-07-18 17:00","-34.1"
"Trzic-Tank4","2026-07-18 18:00","-35.2"
"Trzic-Tank4","2026-07-18 19:00","-0.5"
"Trzic-Tank4","2026-07-18 20:00","-0.5"
"Trzic-Tank4","2026-07-18 21:00","-0.5"
"Trzic-Tank4","2026-07-18 22:00","-0.5"
"Trzic-Tank4","2026-07-18 23:00","-0.5"
"Trzic-Tank4","2026-07-19 00:00","-0.5"
"Trzic-Tank4","2026-07-19 01:00","-0.4"
"Trzic-Tank4","2026-07-19 02:00","-0.4"
"Trzic-Tank4","2026-07-19 03:00","-0.4"
"Trzic-Tank4","2026-07-19 04:00","-0.4"
"Trzic-Tank4","2026-07-19 05:00","-0.4"
"Trzic-Tank4","2026-07-19 06:00","-0.4"
"Trzic-Tank4","2026-07-19 07:00","-0.4"
"Trzic-Tank4","2026-07-19 08:00","-0.4"
"Trzic-Tank4","2026-07-19 09:00","-0.4"
"Trzic-Tank4","2026-07-19 10:00","-0.3"
"Trzic-Tank4","2026-07-19 11:00","-0.3"
"Trzic-Tank4","2026-07-19 12:00","-0.3"
"Trzic-Tank4","2026-07-19 13:00","-0.3"
"Trzic-Tank4","2026-07-19 14:00","-0.4"
"Trzic-Tank4","2026-07-19 15:00","-0.4"
"Trzic-Tank4","2026-07-19 16:00","-0.4"
"Trzic-Tank4","2026-07-19 17:00","-0.4"
"Trzic-Tank4","2026-07-19 18:00","-0.4"
"Trzic-Tank4","2026-07-19 19:00","-0.4"
"Trzic-Tank4","2026-07-19 20:00","-0.4"
"Trzic-Tank4","2026-07-19 21:00","-0.4"
"Trzic-Tank4","2026-07-19 22:00","-0.3"
"Trzic-Tank4","2026-07-19 23:00","-0.3"
"Trzic-Tank4","2026-07-20 00:00","-0.3"
"Trzic-Tank4","2026-07-20 01:00",
"Trzic-Tank4","2026-07-20 02:00","-0.3"
"Trzic-Tank4","2026-07-20 03:00","-0.3"
"Trzic-Tank4","2026-07-20 04:00","-0.3"
"Trzic-Tank4","2026-07-20 05:00","-0.3"
"Trzic-Tank4","2026-07-20 06:00","-0.3"
"Trzic-Tank4","2026-07-20 07:00","-0.3"
"Trzic-Tank4","2026-07-20 08:00","-0.3"
"Trzic-Tank4","2026-07-20 09:00","-0.3"
"Trzic-Tank4","2026-07-20 10:00","-0.3"
"Trzic-Tank4","2026-07-20 11:00","-0.3"
"Trzic-Tank4","2026-07-20 12:00","-0.3"
"Trzic-Tank4","2026-07-20 13:00","-0.3"
"Trzic-Tank4","2026-07-20 14:00","-0.3"
"Trzic-Tank4","2026-07-20 15:00","-0.4"
"Trzic-Tank4","2026-07-20 16:00","-0.4"
"Trzic-Tank4","2026-07-20 17:00","-0.4"
"Trzic-Tank4","2026-07-20 18:00","-0.4"
"Trzic-Tank4","2026-07-20 19:00","-0.4"
"Trzic-Tank4","2026-07-20 20:00","-0.4"
"Trzic-Tank4","2026-07-20 21:00","-0.4"
"Trzic-Tank4","2026-07-20 22:00","-0.4"
"Trzic-Tank4","2026-07-20 23:00","-0.4"
"Trzic-Tank4","2026-07-21 00:00","-0.4"
"Trzic-Tank4","2026-07-21 01:00","-0.4"
"Trzic-Tank4","2026-07-21 02:00","-0.4"
"Trzic-Tank4","2026-07-21 03:00","-0.4"
"Trzic-Tank4","2026-07-21 04:00","-0.4"
"Trzic-Tank4","2026-07-21 05:00","-0.3"
"Trzic-Tank4","2026-07-21 06:00","-0.3"
"Trzic-Tank4","2026-07-21 07:00","-0.3"
"Trzic-Tank4","2026-07-21 08:00","-0.3"
"Trzic-Tank4","2026-07-21 09:00","-0.2"
"Trzic-Tank4","2026-07-21 10:00","-0.2"
"Trzic-Tank4","2026-07-21 11:00","-0.2"
"Trzic-Tank4","2026-07-21 12:00","-0.3"
"Trzic-Tank4","2026-07-21 13:00","-0.3"
"Trzic-Tank4","2026-07-21 14:00","-0.3"
"Trzic-Tank4","2026-07-21 15:00","-0.3"
"Trzic-Tank4","2026-07-21 16:00","-0.3"
"Trzic-Tank4","2026-07-21 17:00","-0.3"
"Trzic-Tank4","2026-07-21 18:00","-0.3"
"Trzic-Tank4","2026-07-21 19:00","-0.3"
"Trzic-Tank4","2026-07-21 20:00","-0.3"
"Trzic-Tank4","2026-07-21 21:00","-0.2"
"Trzic-Tank4","2026-07-21 22:00","-0.2"
"Trzic-Tank4","2026-07-21 23:00","-0.2"
"Trzic-Tank4","2026-07-22 00:00","-0.2"
"Trzic-Tank4","2026-07-22 01:00","-0.2"
"Trzic-Tank4","2026-07-22 02:00","-0.2"
"Trzic-Tank4","2026-07-22 03:00","-0.2"
"Trzic-Tank4","2026-07-22 04:00","-0.2"
"Trzic-Tank4","2026-07-22 05:00","-0.2"
"Trzic-Tank4","2026-07-22 06:00","-0.2"
"Trzic-Tank4","2026-07-22 07:00","-0.2"
"Trzic-Tank4","2026-07-22 08:00","-0.2"
"Trzic-Tank4","2026-07-22 09:00","-0.2"
"Trzic-Tank4","2026-07-22 10:00","-0.2"
"Trzic-Tank4","2026-07-22 11:00","-0.2"
"Trzic-Tank4","2026-07-22 12:00","-0.2"
"Trzic-Tank4","2026-07-22 13:00","-0.2"
"Trzic-Tank4","2026-07-22 14:00","-0.3"
"Trzic-Tank4","2026-07-22 15:00","-0.3"
"Trzic-Tank4","2026-07-22 16:00","-0.3"
"Trzic-Tank4","2026-07-22 17:00","-0.3"
"Trzic-Tank4","2026-07-22 18:00","-0.3"
"Trzic-Tank4","2026-07-22 19:00","-0.4"
"Trzic-Tank4","2026-07-22 20:00","-0.4"
"Trzic-Tank4","2026-07-22 21:00","-0.4"
"Trzic-Tank4","2026-07-22 22:00","-0.4"
"Trzic-Tank4","2026-07-22 23:00","-0.4"
"Trzic-Tank4","2026-07-23 00:00","-0.4"
"Trzic-Tank4","2026-07-23 01:00","-0.4"
"Trzic-Tank4","2026-07-23 02:00","-0.4"
"Trzic-Tank4","2026-07-23 03:00","-0.4"
"Trzic-Tank4","2026-07-23 04:00","-0.4"
"Trzic-Tank4","2026-07-23 05:00","-0.4"
"Trzic-Tank4","2026-07-23 06:00","-0.4"
"Trzic-Tank4","2026-07-23 07:00","-0.4"
"Trzic-Tank4","2026-07-23 08:00","-0.4"
"Trzic-Tank4","2026-07-23 09:00","-0.4"
"Trzic-Tank4","2026-07-23 10:00","-0.4"
"Trzic-Tank4","2026-07-23 11:00","-0.4"
"Trzic-Tank4","2026-07-23 12:00","-0.5"
"Trzic-Tank4","2026-07-23 13:00","-0.6"
"Trzic-Tank4","2026-07-23 14:00","-0.7"
"Trzic-Tank4","2026-07-23 15:00","-0.9"
"Trzic-Tank4","2026-07-23 16:00","-0.8"
"Trzic-Tank4","2026-07-23 17:00","-0.6"
"Trzic-Tank4","2026-07-23 18:00","-0.6"
"Trzic-Tank4","2026-07-23 19:00","-0.5"
"Trzic-Tank4","2026-07-23 20:00","-0.5"
"Trzic-Tank4","2026-07-23 21:00","-0.4"
"Trzic-Tank4","2026-07-23 22:00","-0.4"
"Trzic-Tank3","2026-05-27 16:00","-0.1"
"Trzic-Tank3","2026-05-27 17:00","-0.1"
"Trzic-Tank3","2026-05-27 18:00","-0.1"
"Trzic-Tank3","2026-05-27 19:00","-0.1"
"Trzic-Tank3","2026-05-27 20:00","-0.1"
"Trzic-Tank3","2026-05-27 21:00","-0.1"
"Trzic-Tank3","2026-05-27 22:00","-0.1"
"Trzic-Tank3","2026-05-27 23:00","-0.1"
"Trzic-Tank3","2026-05-28 00:00","-0.1"
"Trzic-Tank3","2026-05-28 01:00","-0.1"
"Trzic-Tank3","2026-05-28 02:00","-0.1"
"Trzic-Tank3","2026-05-28 03:00","-0.1"
"Trzic-Tank3","2026-05-28 04:00","-0.1"
"Trzic-Tank3","2026-05-28 05:00","-0.1"
"Trzic-Tank3","2026-05-28 06:00","-0.1"
"Trzic-Tank3","2026-05-28 07:00","-0.1"
"Trzic-Tank3","2026-05-28 08:00","-0.1"
"Trzic-Tank3","2026-05-28 09:00","-0.1"
"Trzic-Tank3","2026-05-28 10:00","-0.1"
"Trzic-Tank3","2026-05-28 11:00","-0.1"
"Trzic-Tank3","2026-05-28 12:00","-0.1"
"Trzic-Tank3","2026-05-28 13:00","-0.1"
"Trzic-Tank3","2026-05-28 14:00","-0.1"
"Trzic-Tank3","2026-05-28 15:00","-0.1"
"Trzic-Tank3","2026-05-28 16:00","-0.1"
"Trzic-Tank3","2026-05-28 17:00","-0.1"
"Trzic-Tank3","2026-05-28 18:00","-0.1"
"Trzic-Tank3","2026-05-28 19:00","-0.1"
"Trzic-Tank3","2026-05-28 20:00","-0.1"
"Trzic-Tank3","2026-05-28 21:00","-0.1"
"Trzic-Tank3","2026-05-28 22:00","-0.1"
"Trzic-Tank3","2026-05-28 23:00","-0.1"
"Trzic-Tank3","2026-05-29 00:00","-0.1"
"Trzic-Tank3","2026-05-29 01:00","-0.1"
"Trzic-Tank3","2026-05-29 02:00","-0.1"
"Trzic-Tank3","2026-05-29 03:00","-0.1"
"Trzic-Tank3","2026-05-29 04:00","-0.1"
"Trzic-Tank3","2026-05-29 05:00","-0.1"
"Trzic-Tank3","2026-05-29 06:00","-0.1"
"Trzic-Tank3","2026-05-29 07:00","-0.1"
"Trzic-Tank3","2026-05-29 08:00","-0.1"
"Trzic-Tank3","2026-05-29 09:00","-0.1"
"Trzic-Tank3","2026-05-29 10:00","-0.1"
"Trzic-Tank3","2026-05-29 11:00","-0.1"
"Trzic-Tank3","2026-05-29 12:00","-0.1"
"Trzic-Tank3","2026-05-29 13:00","-0.1"
"Trzic-Tank3","2026-05-29 14:00","-0.1"
"Trzic-Tank3","2026-05-29 15:00","-0.1"
"Trzic-Tank3","2026-05-29 16:00","-0.1"
"Trzic-Tank3","2026-05-29 17:00","-0.1"
"Trzic-Tank3","2026-05-29 18:00","-0.1"
"Trzic-Tank3","2026-05-29 19:00","-0.1"
"Trzic-Tank3","2026-05-29 20:00","-0.1"
"Trzic-Tank3","2026-05-29 21:00","-0.1"
"Trzic-Tank3","2026-05-29 22:00","-0.1"
"Trzic-Tank3","2026-05-29 23:00","-0.1"
"Trzic-Tank3","2026-05-30 00:00","-0.1"
"Trzic-Tank3","2026-05-30 01:00","-0.1"
"Trzic-Tank3","2026-05-30 02:00","-0.1"
"Trzic-Tank3","2026-05-30 03:00","-0.1"
"Trzic-Tank3","2026-05-30 04:00","-0.1"
"Trzic-Tank3","2026-05-30 05:00","-0.1"
"Trzic-Tank3","2026-05-30 06:00","-0.1"
"Trzic-Tank3","2026-05-30 07:00","-0.1"
"Trzic-Tank3","2026-05-30 08:00","-0.1"
"Trzic-Tank3","2026-05-30 09:00","-0.1"
"Trzic-Tank3","2026-05-30 10:00","-0.1"
"Trzic-Tank3","2026-05-30 11:00","-0.1"
"Trzic-Tank3","2026-05-30 12:00","-0.1"
"Trzic-Tank3","2026-05-30 13:00","-0.1"
"Trzic-Tank3","2026-05-30 14:00","-0.1"
"Trzic-Tank3","2026-05-30 15:00","-0.1"
"Trzic-Tank3","2026-05-30 16:00","-0.1"
"Trzic-Tank3","2026-05-30 17:00","-0.1"
"Trzic-Tank3","2026-05-30 18:00","-0.1"
"Trzic-Tank3","2026-05-30 19:00","-0.1"
"Trzic-Tank3","2026-05-30 20:00","-0.1"
"Trzic-Tank3","2026-05-30 21:00","-0.1"
"Trzic-Tank3","2026-05-30 22:00","-0.1"
"Trzic-Tank3","2026-05-30 23:00","-0.1"
"Trzic-Tank3","2026-05-31 00:00","-0.1"
"Trzic-Tank3","2026-05-31 01:00","-0.1"
"Trzic-Tank3","2026-05-31 02:00","-0.1"
"Trzic-Tank3","2026-05-31 03:00","-0.1"
"Trzic-Tank3","2026-05-31 04:00","-0.1"
"Trzic-Tank3","2026-05-31 05:00","-0.1"
"Trzic-Tank3","2026-05-31 06:00","-0.1"
"Trzic-Tank3","2026-05-31 07:00","-0.1"
"Trzic-Tank3","2026-05-31 08:00","-0.1"
"Trzic-Tank3","2026-05-31 09:00","-0.1"
"Trzic-Tank3","2026-05-31 10:00","-0.1"
"Trzic-Tank3","2026-05-31 11:00","-0.1"
"Trzic-Tank3","2026-05-31 12:00","-0.1"
"Trzic-Tank3","2026-05-31 13:00","-0.1"
"Trzic-Tank3","2026-05-31 14:00","-0.1"
"Trzic-Tank3","2026-05-31 15:00","-0.1"
"Trzic-Tank3","2026-05-31 16:00","-0.1"
"Trzic-Tank3","2026-05-31 17:00","-0.1"
"Trzic-Tank3","2026-05-31 18:00","-0.1"
"Trzic-Tank3","2026-05-31 19:00","-0.1"
"Trzic-Tank3","2026-05-31 20:00","-0.1"
"Trzic-Tank3","2026-05-31 21:00","-0.1"
"Trzic-Tank3","2026-05-31 22:00","-0.1"
"Trzic-Tank3","2026-05-31 23:00","-0.1"
"Trzic-Tank3","2026-06-01 00:00","-0.1"
"Trzic-Tank3","2026-06-01 01:00","-0.1"
"Trzic-Tank3","2026-06-01 02:00","-0.1"
"Trzic-Tank3","2026-06-01 03:00","-0.1"
"Trzic-Tank3","2026-06-01 04:00","-0.1"
"Trzic-Tank3","2026-06-01 05:00","-0.1"
"Trzic-Tank3","2026-06-01 06:00","-0.1"
"Trzic-Tank3","2026-06-01 07:00","-0.1"
"Trzic-Tank3","2026-06-01 08:00","-0.1"
"Trzic-Tank3","2026-06-01 09:00","-0.1"
"Trzic-Tank3","2026-06-01 10:00","-0.1"
"Trzic-Tank3","2026-06-01 11:00","-0.1"
"Trzic-Tank3","2026-06-01 12:00","-0.1"
"Trzic-Tank3","2026-06-01 13:00","-0.1"
"Trzic-Tank3","2026-06-01 14:00","-0.1"
"Trzic-Tank3","2026-06-01 15:00","-0.1"
"Trzic-Tank3","2026-06-01 16:00","-0.1"
"Trzic-Tank3","2026-06-01 17:00","-0.1"
"Trzic-Tank3","2026-06-01 18:00","-0.1"
"Trzic-Tank3","2026-06-01 19:00","-0.1"
"Trzic-Tank3","2026-06-01 20:00","-0.1"
"Trzic-Tank3","2026-06-01 21:00","-0.1"
"Trzic-Tank3","2026-06-01 22:00","-0.1"
"Trzic-Tank3","2026-06-01 23:00","-0.1"
"Trzic-Tank3","2026-06-02 00:00","-0.1"
"Trzic-Tank3","2026-06-02 01:00","-0.1"
"Trzic-Tank3","2026-06-02 02:00","-0.1"
"Trzic-Tank3","2026-06-02 03:00","-0.1"
"Trzic-Tank3","2026-06-02 04:00","-0.1"
"Trzic-Tank3","2026-06-02 05:00","-0.1"
"Trzic-Tank3","2026-06-02 06:00","-0.1"
"Trzic-Tank3","2026-06-02 07:00","-0.1"
"Trzic-Tank3","2026-06-02 08:00","-0.1"
"Trzic-Tank3","2026-06-02 09:00","-0.1"
"Trzic-Tank3","2026-06-02 10:00","-0.1"
"Trzic-Tank3","2026-06-02 11:00","-0.1"
"Trzic-Tank3","2026-06-02 12:00","-0.1"
"Trzic-Tank3","2026-06-02 13:00","-0.1"
"Trzic-Tank3","2026-06-02 14:00","-0.1"
"Trzic-Tank3","2026-06-02 15:00","-0.1"
"Trzic-Tank3","2026-06-02 16:00","-0.1"
"Trzic-Tank3","2026-06-02 17:00","-0.1"
"Trzic-Tank3","2026-06-02 18:00","-0.1"
"Trzic-Tank3","2026-06-02 19:00","-0.1"
"Trzic-Tank3","2026-06-02 20:00","-0.1"
"Trzic-Tank3","2026-06-02 21:00","-0.1"
"Trzic-Tank3","2026-06-02 22:00","-0.1"
"Trzic-Tank3","2026-06-02 23:00","-0.1"
"Trzic-Tank3","2026-06-03 00:00","-0.1"
"Trzic-Tank3","2026-06-03 01:00","-0.1"
"Trzic-Tank3","2026-06-03 02:00","-0.1"
"Trzic-Tank3","2026-06-03 03:00","-0.1"
"Trzic-Tank3","2026-06-03 04:00","-0.1"
"Trzic-Tank3","2026-06-03 05:00","-0.1"
"Trzic-Tank3","2026-06-03 06:00","-0.1"
"Trzic-Tank3","2026-06-03 07:00","-0.1"
"Trzic-Tank3","2026-06-03 08:00","-0.1"
"Trzic-Tank3","2026-06-03 09:00","-0.1"
"Trzic-Tank3","2026-06-03 10:00","-0.1"
"Trzic-Tank3","2026-06-03 11:00","-0.1"
"Trzic-Tank3","2026-06-03 12:00","-0.1"
"Trzic-Tank3","2026-06-03 13:00","-0.1"
"Trzic-Tank3","2026-06-03 14:00","-0.1"
"Trzic-Tank3","2026-06-03 15:00","-0.1"
"Trzic-Tank3","2026-06-03 16:00","-0.1"
"Trzic-Tank3","2026-06-03 17:00","-0.1"
"Trzic-Tank3","2026-06-03 18:00","-0.1"
"Trzic-Tank3","2026-06-03 19:00","-0.1"
"Trzic-Tank3","2026-06-03 20:00","-0.1"
"Trzic-Tank3","2026-06-03 21:00","-0.1"
"Trzic-Tank3","2026-06-03 22:00","-0.1"
"Trzic-Tank3","2026-06-03 23:00","-0.1"
"Trzic-Tank3","2026-06-04 00:00","-0.1"
"Trzic-Tank3","2026-06-04 01:00","-0.1"
"Trzic-Tank3","2026-06-04 02:00","-0.1"
"Trzic-Tank3","2026-06-04 03:00","-0.1"
"Trzic-Tank3","2026-06-04 04:00","-0.1"
"Trzic-Tank3","2026-06-04 05:00","-0.1"
"Trzic-Tank3","2026-06-04 06:00","-0.1"
"Trzic-Tank3","2026-06-04 07:00","-0.1"
"Trzic-Tank3","2026-06-04 08:00","-0.1"
"Trzic-Tank3","2026-06-04 09:00","-0.1"
"Trzic-Tank3","2026-06-04 10:00","-0.1"
"Trzic-Tank3","2026-06-04 11:00","-0.1"
"Trzic-Tank3","2026-06-04 12:00","-0.1"
"Trzic-Tank3","2026-06-04 13:00","-0.1"
"Trzic-Tank3","2026-06-04 14:00","-0.1"
"Trzic-Tank3","2026-06-04 15:00","-0.1"
"Trzic-Tank3","2026-06-04 16:00","-0.1"
"Trzic-Tank3","2026-06-04 17:00","-0.1"
"Trzic-Tank3","2026-06-04 18:00","-0.1"
"Trzic-Tank3","2026-06-04 19:00","-0.1"
"Trzic-Tank3","2026-06-04 20:00","-0.1"
"Trzic-Tank3","2026-06-04 21:00","-0.1"
"Trzic-Tank3","2026-06-04 22:00","-0.1"
"Trzic-Tank3","2026-06-04 23:00","-0.1"
"Trzic-Tank3","2026-06-05 00:00","-0.1"
"Trzic-Tank3","2026-06-05 01:00","-0.1"
"Trzic-Tank3","2026-06-05 02:00","-0.1"
"Trzic-Tank3","2026-06-05 03:00","-0.1"
"Trzic-Tank3","2026-06-05 04:00","-0.1"
"Trzic-Tank3","2026-06-05 05:00","-0.1"
"Trzic-Tank3","2026-06-05 06:00","-0.1"
"Trzic-Tank3","2026-06-05 07:00","-0.1"
"Trzic-Tank3","2026-06-05 08:00","-0.1"
"Trzic-Tank3","2026-06-05 09:00","-0.1"
"Trzic-Tank3","2026-06-05 10:00","-0.1"
"Trzic-Tank3","2026-06-05 11:00","-0.1"
"Trzic-Tank3","2026-06-05 12:00","-0.1"
"Trzic-Tank3","2026-06-05 13:00","-0.1"
"Trzic-Tank3","2026-06-05 14:00","-0.1"
"Trzic-Tank3","2026-06-05 15:00","-0.1"
"Trzic-Tank3","2026-06-05 16:00","-0.1"
"Trzic-Tank3","2026-06-05 17:00","-0.1"
"Trzic-Tank3","2026-06-05 18:00","-0.1"
"Trzic-Tank3","2026-06-05 19:00","-0.1"
"Trzic-Tank3","2026-06-05 20:00","-0.1"
"Trzic-Tank3","2026-06-05 21:00","-0.1"
"Trzic-Tank3","2026-06-05 22:00","-0.1"
"Trzic-Tank3","2026-06-05 23:00","-0.1"
"Trzic-Tank3","2026-06-06 00:00","-0.1"
"Trzic-Tank3","2026-06-06 01:00","-0.1"
"Trzic-Tank3","2026-06-06 02:00","-0.1"
"Trzic-Tank3","2026-06-06 03:00","-0.1"
"Trzic-Tank3","2026-06-06 04:00","-0.1"
"Trzic-Tank3","2026-06-06 05:00","-0.1"
"Trzic-Tank3","2026-06-06 06:00","-0.1"
"Trzic-Tank3","2026-06-06 07:00","-0.1"
"Trzic-Tank3","2026-06-06 08:00","-0.1"
"Trzic-Tank3","2026-06-06 09:00","-0.1"
"Trzic-Tank3","2026-06-06 10:00","-0.1"
"Trzic-Tank3","2026-06-06 11:00","-0.1"
"Trzic-Tank3","2026-06-06 12:00","-0.1"
"Trzic-Tank3","2026-06-06 13:00","-0.1"
"Trzic-Tank3","2026-06-06 14:00","-0.1"
"Trzic-Tank3","2026-06-06 15:00","-0.1"
"Trzic-Tank3","2026-06-06 16:00","-0.1"
"Trzic-Tank3","2026-06-06 17:00","-0.1"
"Trzic-Tank3","2026-06-06 18:00","-0.1"
"Trzic-Tank3","2026-06-06 19:00","-0.1"
"Trzic-Tank3","2026-06-06 20:00","-0.1"
"Trzic-Tank3","2026-06-06 21:00","-0.1"
"Trzic-Tank3","2026-06-06 22:00","-0.1"
"Trzic-Tank3","2026-06-06 23:00","-0.1"
"Trzic-Tank3","2026-06-07 00:00","-0.1"
"Trzic-Tank3","2026-06-07 01:00","-0.1"
"Trzic-Tank3","2026-06-07 02:00","-0.1"
"Trzic-Tank3","2026-06-07 03:00","-0.1"
"Trzic-Tank3","2026-06-07 04:00","-0.1"
"Trzic-Tank3","2026-06-07 05:00","-0.1"
"Trzic-Tank3","2026-06-07 06:00","-0.1"
"Trzic-Tank3","2026-06-07 07:00","-0.1"
"Trzic-Tank3","2026-06-07 08:00","-0.1"
"Trzic-Tank3","2026-06-07 09:00","-0.1"
"Trzic-Tank3","2026-06-07 10:00","-0.1"
"Trzic-Tank3","2026-06-07 11:00","-0.1"
"Trzic-Tank3","2026-06-07 12:00","-0.1"
"Trzic-Tank3","2026-06-07 13:00","-0.1"
"Trzic-Tank3","2026-06-07 14:00","-0.1"
"Trzic-Tank3","2026-06-07 15:00","-0.1"
"Trzic-Tank3","2026-06-07 16:00","-0.1"
"Trzic-Tank3","2026-06-07 17:00","-0.1"
"Trzic-Tank3","2026-06-07 18:00","-0.1"
"Trzic-Tank3","2026-06-07 19:00","-0.1"
"Trzic-Tank3","2026-06-07 20:00","-0.1"
"Trzic-Tank3","2026-06-07 21:00","-0.1"
"Trzic-Tank3","2026-06-07 22:00","-0.1"
"Trzic-Tank3","2026-06-07 23:00","-0.1"
"Trzic-Tank3","2026-06-08 00:00","-0.1"
"Trzic-Tank3","2026-06-08 01:00","-0.1"
"Trzic-Tank3","2026-06-08 02:00","-0.1"
"Trzic-Tank3","2026-06-08 03:00","-0.1"
"Trzic-Tank3","2026-06-08 04:00","-0.1"
"Trzic-Tank3","2026-06-08 05:00","-0.1"
"Trzic-Tank3","2026-06-08 06:00","-0.1"
"Trzic-Tank3","2026-06-08 07:00","-0.1"
"Trzic-Tank3","2026-06-08 08:00","-0.1"
"Trzic-Tank3","2026-06-08 09:00","-0.1"
"Trzic-Tank3","2026-06-08 10:00","-0.1"
"Trzic-Tank3","2026-06-08 11:00","-0.1"
"Trzic-Tank3","2026-06-08 12:00","-0.1"
"Trzic-Tank3","2026-06-08 13:00","-0.1"
"Trzic-Tank3","2026-06-08 14:00","-0.1"
"Trzic-Tank3","2026-06-08 15:00","-0.1"
"Trzic-Tank3","2026-06-08 16:00","-0.1"
"Trzic-Tank3","2026-06-08 17:00","-0.1"
"Trzic-Tank3","2026-06-08 18:00","-0.1"
"Trzic-Tank3","2026-06-08 19:00","-0.1"
"Trzic-Tank3","2026-06-08 20:00","-0.1"
"Trzic-Tank3","2026-06-08 21:00","-0.1"
"Trzic-Tank3","2026-06-08 22:00","-0.1"
"Trzic-Tank3","2026-06-08 23:00","-0.1"
"Trzic-Tank3","2026-06-09 00:00","-0.1"
"Trzic-Tank3","2026-06-09 01:00","-0.1"
"Trzic-Tank3","2026-06-09 02:00","-0.1"
"Trzic-Tank3","2026-06-09 03:00","-0.1"
"Trzic-Tank3","2026-06-09 04:00","-0.1"
"Trzic-Tank3","2026-06-09 05:00","-0.1"
"Trzic-Tank3","2026-06-09 06:00","-0.1"
"Trzic-Tank3","2026-06-09 07:00","-0.1"
"Trzic-Tank3","2026-06-09 08:00","-0.1"
"Trzic-Tank3","2026-06-09 09:00","-0.1"
"Trzic-Tank3","2026-06-09 10:00","-0.1"
"Trzic-Tank3","2026-06-09 11:00","-0.1"
"Trzic-Tank3","2026-06-09 12:00","-0.1"
"Trzic-Tank3","2026-06-09 13:00","-0.1"
"Trzic-Tank3","2026-06-09 14:00","-0.1"
"Trzic-Tank3","2026-06-09 15:00","-0.1"
"Trzic-Tank3","2026-06-09 16:00","-0.1"
"Trzic-Tank3","2026-06-09 17:00","-0.1"
"Trzic-Tank3","2026-06-09 18:00","-0.1"
"Trzic-Tank3","2026-06-09 19:00","-0.1"
"Trzic-Tank3","2026-06-09 20:00","-0.1"
"Trzic-Tank3","2026-06-09 21:00","-0.1"
"Trzic-Tank3","2026-06-09 22:00","-0.1"
"Trzic-Tank3","2026-06-09 23:00","-0.1"
"Trzic-Tank3","2026-06-10 00:00","-0.1"
"Trzic-Tank3","2026-06-10 01:00","-0.1"
"Trzic-Tank3","2026-06-10 02:00","-0.1"
"Trzic-Tank3","2026-06-10 03:00","-0.1"
"Trzic-Tank3","2026-06-10 04:00","-0.1"
"Trzic-Tank3","2026-06-10 05:00","-0.1"
"Trzic-Tank3","2026-06-10 06:00","-0.1"
"Trzic-Tank3","2026-06-10 07:00","-0.1"
"Trzic-Tank3","2026-06-10 08:00","-0.1"
"Trzic-Tank3","2026-06-10 09:00","-0.1"
"Trzic-Tank3","2026-06-10 10:00","-0.1"
"Trzic-Tank3","2026-06-10 11:00","-0.1"
"Trzic-Tank3","2026-06-10 12:00","-0.1"
"Trzic-Tank3","2026-06-10 13:00","-0.1"
"Trzic-Tank3","2026-06-10 14:00","-0.1"
"Trzic-Tank3","2026-06-10 15:00","-0.1"
"Trzic-Tank3","2026-06-10 16:00","-0.1"
"Trzic-Tank3","2026-06-10 17:00","-0.1"
"Trzic-Tank3","2026-06-10 18:00","-0.1"
"Trzic-Tank3","2026-06-10 19:00","-0.1"
"Trzic-Tank3","2026-06-10 20:00","-0.1"
"Trzic-Tank3","2026-06-10 21:00","-0.1"
"Trzic-Tank3","2026-06-10 22:00","-0.1"
"Trzic-Tank3","2026-06-10 23:00","-0.1"
"Trzic-Tank3","2026-06-11 00:00","-0.1"
"Trzic-Tank3","2026-06-11 01:00","-0.1"
"Trzic-Tank3","2026-06-11 02:00","-0.1"
"Trzic-Tank3","2026-06-11 03:00","-0.1"
"Trzic-Tank3","2026-06-11 04:00","-0.1"
"Trzic-Tank3","2026-06-11 05:00","-0.1"
"Trzic-Tank3","2026-06-11 06:00","-0.1"
"Trzic-Tank3","2026-06-11 07:00","-0.1"
"Trzic-Tank3","2026-06-11 08:00","-0.1"
"Trzic-Tank3","2026-06-11 09:00","-0.1"
"Trzic-Tank3","2026-06-11 10:00","-0.1"
"Trzic-Tank3","2026-06-11 11:00","-0.1"
"Trzic-Tank3","2026-06-11 12:00","-0.1"
"Trzic-Tank3","2026-06-11 13:00","-0.1"
"Trzic-Tank3","2026-06-11 14:00","-0.1"
"Trzic-Tank3","2026-06-11 15:00","-0.1"
"Trzic-Tank3","2026-06-11 16:00","-0.1"
"Trzic-Tank3","2026-06-11 17:00","-0.1"
"Trzic-Tank3","2026-06-11 18:00","-0.1"
"Trzic-Tank3","2026-06-11 19:00","-0.1"
"Trzic-Tank3","2026-06-11 20:00","-0.1"
"Trzic-Tank3","2026-06-11 21:00","-0.1"
"Trzic-Tank3","2026-06-11 22:00","-0.1"
"Trzic-Tank3","2026-06-11 23:00","-0.1"
"Trzic-Tank3","2026-06-12 00:00","-0.1"
"Trzic-Tank3","2026-06-12 01:00","-0.1"
"Trzic-Tank3","2026-06-12 02:00","-0.1"
"Trzic-Tank3","2026-06-12 03:00","-0.1"
"Trzic-Tank3","2026-06-12 04:00","-0.1"
"Trzic-Tank3","2026-06-12 05:00","-0.1"
"Trzic-Tank3","2026-06-12 06:00","-0.1"
"Trzic-Tank3","2026-06-12 07:00","-0.1"
"Trzic-Tank3","2026-06-12 08:00","-0.1"
"Trzic-Tank3","2026-06-12 09:00","-0.1"
"Trzic-Tank3","2026-06-12 10:00","-0.1"
"Trzic-Tank3","2026-06-12 11:00","-0.1"
"Trzic-Tank3","2026-06-12 12:00","-0.1"
"Trzic-Tank3","2026-06-12 13:00","-0.1"
"Trzic-Tank3","2026-06-12 14:00","-0.1"
"Trzic-Tank3","2026-06-12 15:00","-0.1"
"Trzic-Tank3","2026-06-12 16:00","-0.1"
"Trzic-Tank3","2026-06-12 17:00","-0.1"
"Trzic-Tank3","2026-06-12 18:00","-0.1"
"Trzic-Tank3","2026-06-12 19:00","-0.1"
"Trzic-Tank3","2026-06-12 20:00","-0.1"
"Trzic-Tank3","2026-06-12 21:00","-0.1"
"Trzic-Tank3","2026-06-12 22:00","-0.1"
"Trzic-Tank3","2026-06-12 23:00","-0.1"
"Trzic-Tank3","2026-06-13 00:00","-0.1"
"Trzic-Tank3","2026-06-13 01:00","-0.1"
"Trzic-Tank3","2026-06-13 02:00","-0.1"
"Trzic-Tank3","2026-06-13 03:00","-0.1"
"Trzic-Tank3","2026-06-13 04:00","-0.1"
"Trzic-Tank3","2026-06-13 05:00","-0.1"
"Trzic-Tank3","2026-06-13 06:00","-0.1"
"Trzic-Tank3","2026-06-13 07:00","-0.1"
"Trzic-Tank3","2026-06-13 08:00","-0.1"
"Trzic-Tank3","2026-06-13 09:00","-0.1"
"Trzic-Tank3","2026-06-13 10:00","-0.1"
"Trzic-Tank3","2026-06-13 11:00","-0.1"
"Trzic-Tank3","2026-06-13 12:00","-0.1"
"Trzic-Tank3","2026-06-13 13:00","-0.1"
"Trzic-Tank3","2026-06-13 14:00","-0.1"
"Trzic-Tank3","2026-06-13 15:00","-0.1"
"Trzic-Tank3","2026-06-13 16:00","-0.1"
"Trzic-Tank3","2026-06-13 17:00","-0.1"
"Trzic-Tank3","2026-06-13 18:00","-0.1"
"Trzic-Tank3","2026-06-13 19:00","-0.1"
"Trzic-Tank3","2026-06-13 20:00","-0.1"
"Trzic-Tank3","2026-06-13 21:00","-0.1"
"Trzic-Tank3","2026-06-13 22:00","-0.1"
"Trzic-Tank3","2026-06-13 23:00","-0.1"
"Trzic-Tank3","2026-06-14 00:00","-0.1"
"Trzic-Tank3","2026-06-14 01:00","-0.1"
"Trzic-Tank3","2026-06-14 02:00","-0.1"
"Trzic-Tank3","2026-06-14 03:00","-0.1"
"Trzic-Tank3","2026-06-14 04:00","-0.1"
"Trzic-Tank3","2026-06-14 05:00","-0.1"
"Trzic-Tank3","2026-06-14 06:00","-0.1"
"Trzic-Tank3","2026-06-14 07:00","-0.1"
"Trzic-Tank3","2026-06-14 08:00","-0.1"
"Trzic-Tank3","2026-06-14 09:00","-0.1"
"Trzic-Tank3","2026-06-14 10:00","-0.1"
"Trzic-Tank3","2026-06-14 11:00","-0.1"
"Trzic-Tank3","2026-06-14 12:00","-0.1"
"Trzic-Tank3","2026-06-14 13:00","-0.1"
"Trzic-Tank3","2026-06-14 14:00","-0.1"
"Trzic-Tank3","2026-06-14 15:00","-0.1"
"Trzic-Tank3","2026-06-14 16:00","-0.1"
"Trzic-Tank3","2026-06-14 17:00","-0.1"
"Trzic-Tank3","2026-06-14 18:00","-0.1"
"Trzic-Tank3","2026-06-14 19:00","-0.1"
"Trzic-Tank3","2026-06-14 20:00","-0.1"
"Trzic-Tank3","2026-06-14 21:00","-0.1"
"Trzic-Tank3","2026-06-14 22:00","-0.1"
"Trzic-Tank3","2026-06-14 23:00","-0.1"
"Trzic-Tank3","2026-06-15 00:00","-0.1"
"Trzic-Tank3","2026-06-15 01:00","-0.1"
"Trzic-Tank3","2026-06-15 02:00","-0.1"
"Trzic-Tank3","2026-06-15 03:00","-0.1"
"Trzic-Tank3","2026-06-15 04:00","-0.1"
"Trzic-Tank3","2026-06-15 05:00","-0.1"
"Trzic-Tank3","2026-06-15 06:00","-0.1"
"Trzic-Tank3","2026-06-15 07:00","-0.1"
"Trzic-Tank3","2026-06-15 08:00","-0.1"
"Trzic-Tank3","2026-06-15 09:00","-0.1"
"Trzic-Tank3","2026-06-15 10:00","-0.1"
"Trzic-Tank3","2026-06-15 11:00","-0.1"
"Trzic-Tank3","2026-06-15 12:00","-0.1"
"Trzic-Tank3","2026-06-15 13:00","-0.1"
"Trzic-Tank3","2026-06-15 14:00","-0.1"
"Trzic-Tank3","2026-06-15 15:00","-0.1"
"Trzic-Tank3","2026-06-15 16:00","-0.1"
"Trzic-Tank3","2026-06-15 17:00","-0.1"
"Trzic-Tank3","2026-06-15 18:00","-0.1"
"Trzic-Tank3","2026-06-15 19:00","-0.1"
"Trzic-Tank3","2026-06-15 20:00","-0.1"
"Trzic-Tank3","2026-06-15 21:00","-0.1"
"Trzic-Tank3","2026-06-15 22:00","-0.1"
"Trzic-Tank3","2026-06-15 23:00","-0.1"
"Trzic-Tank3","2026-06-16 00:00","-0.1"
"Trzic-Tank3","2026-06-16 01:00","-0.1"
"Trzic-Tank3","2026-06-16 02:00","-0.1"
"Trzic-Tank3","2026-06-16 03:00","-0.1"
"Trzic-Tank3","2026-06-16 04:00","-0.1"
"Trzic-Tank3","2026-06-16 05:00","-0.1"
"Trzic-Tank3","2026-06-16 06:00","-0.1"
"Trzic-Tank3","2026-06-16 07:00","-0.1"
"Trzic-Tank3","2026-06-16 08:00","-0.1"
"Trzic-Tank3","2026-06-16 09:00","-0.1"
"Trzic-Tank3","2026-06-16 10:00","-0.1"
"Trzic-Tank3","2026-06-16 11:00","-0.1"
"Trzic-Tank3","2026-06-16 12:00","-0.1"
"Trzic-Tank3","2026-06-16 13:00","-0.1"
"Trzic-Tank3","2026-06-16 14:00","-0.1"
"Trzic-Tank3","2026-06-16 15:00","-0.1"
"Trzic-Tank3","2026-06-16 16:00","-0.1"
"Trzic-Tank3","2026-06-16 17:00","-0.1"
"Trzic-Tank3","2026-06-16 18:00","-0.1"
"Trzic-Tank3","2026-06-16 19:00","-0.1"
"Trzic-Tank3","2026-06-16 20:00","-0.1"
"Trzic-Tank3","2026-06-16 21:00","-0.1"
"Trzic-Tank3","2026-06-16 22:00","-0.1"
"Trzic-Tank3","2026-06-16 23:00","-0.1"
"Trzic-Tank3","2026-06-17 00:00","-0.1"
"Trzic-Tank3","2026-06-17 01:00","-0.1"
"Trzic-Tank3","2026-06-17 02:00","-0.1"
"Trzic-Tank3","2026-06-17 03:00","-0.1"
"Trzic-Tank3","2026-06-17 04:00","-0.1"
"Trzic-Tank3","2026-06-17 05:00","-0.1"
"Trzic-Tank3","2026-06-17 06:00","-0.1"
"Trzic-Tank3","2026-06-17 07:00","-0.1"
"Trzic-Tank3","2026-06-17 08:00","-0.1"
"Trzic-Tank3","2026-06-17 09:00","-0.1"
"Trzic-Tank3","2026-06-17 10:00","-0.1"
"Trzic-Tank3","2026-06-17 11:00","-0.1"
"Trzic-Tank3","2026-06-17 12:00","-0.1"
"Trzic-Tank3","2026-06-17 13:00","-0.1"
"Trzic-Tank3","2026-06-17 14:00","-0.1"
"Trzic-Tank3","2026-06-17 15:00","-0.1"
"Trzic-Tank3","2026-06-17 16:00","-0.1"
"Trzic-Tank3","2026-06-17 17:00","-0.1"
"Trzic-Tank3","2026-06-17 18:00","-0.1"
"Trzic-Tank3","2026-06-17 19:00","-0.1"
"Trzic-Tank3","2026-06-17 20:00","-0.1"
"Trzic-Tank3","2026-06-17 21:00","-0.1"
"Trzic-Tank3","2026-06-17 22:00","-0.1"
"Trzic-Tank3","2026-06-17 23:00","-0.1"
"Trzic-Tank3","2026-06-18 00:00","-0.1"
"Trzic-Tank3","2026-06-18 01:00","-0.1"
"Trzic-Tank3","2026-06-18 02:00","-0.1"
"Trzic-Tank3","2026-06-18 03:00","-0.1"
"Trzic-Tank3","2026-06-18 04:00","-0.1"
"Trzic-Tank3","2026-06-18 05:00","-0.1"
"Trzic-Tank3","2026-06-18 06:00","-0.1"
"Trzic-Tank3","2026-06-18 07:00","-0.1"
"Trzic-Tank3","2026-06-18 08:00","-0.1"
"Trzic-Tank3","2026-06-18 09:00","-0.1"
"Trzic-Tank3","2026-06-18 10:00","-0.1"
"Trzic-Tank3","2026-06-18 11:00","-0.1"
"Trzic-Tank3","2026-06-18 12:00","-0.1"
"Trzic-Tank3","2026-06-18 13:00","-0.1"
"Trzic-Tank3","2026-06-18 14:00","-0.1"
"Trzic-Tank3","2026-06-18 15:00","-0.1"
"Trzic-Tank3","2026-06-18 16:00","-0.1"
"Trzic-Tank3","2026-06-18 17:00","-0.1"
"Trzic-Tank3","2026-06-18 18:00","-0.1"
"Trzic-Tank3","2026-06-18 19:00","-0.1"
"Trzic-Tank3","2026-06-18 20:00","-0.1"
"Trzic-Tank3","2026-06-18 21:00","-0.1"
"Trzic-Tank3","2026-06-18 22:00","-0.1"
"Trzic-Tank3","2026-06-18 23:00","-0.1"
"Trzic-Tank3","2026-06-19 00:00","-0.1"
"Trzic-Tank3","2026-06-19 01:00","-0.1"
"Trzic-Tank3","2026-06-19 02:00","-0.1"
"Trzic-Tank3","2026-06-19 03:00","-0.1"
"Trzic-Tank3","2026-06-19 04:00","-0.1"
"Trzic-Tank3","2026-06-19 05:00","-0.1"
"Trzic-Tank3","2026-06-19 06:00","-0.1"
"Trzic-Tank3","2026-06-19 07:00","-0.1"
"Trzic-Tank3","2026-06-19 08:00","-0.1"
"Trzic-Tank3","2026-06-19 09:00","-0.1"
"Trzic-Tank3","2026-06-19 10:00","-0.1"
"Trzic-Tank3","2026-06-19 11:00","-0.1"
"Trzic-Tank3","2026-06-19 12:00","-0.1"
"Trzic-Tank3","2026-06-19 13:00","-0.1"
"Trzic-Tank3","2026-06-19 14:00","-0.1"
"Trzic-Tank3","2026-06-19 15:00","-0.1"
"Trzic-Tank3","2026-06-19 16:00","-0.1"
"Trzic-Tank3","2026-06-19 17:00","-0.1"
"Trzic-Tank3","2026-06-19 18:00","-0.1"
"Trzic-Tank3","2026-06-19 19:00","-0.1"
"Trzic-Tank3","2026-06-19 20:00","-0.1"
"Trzic-Tank3","2026-06-19 21:00","-0.1"
"Trzic-Tank3","2026-06-19 22:00","-0.1"
"Trzic-Tank3","2026-06-19 23:00","-0.1"
"Trzic-Tank3","2026-06-20 00:00","-0.1"
"Trzic-Tank3","2026-06-20 01:00","-0.1"
"Trzic-Tank3","2026-06-20 02:00","-0.1"
"Trzic-Tank3","2026-06-20 03:00","-0.1"
"Trzic-Tank3","2026-06-20 04:00","-0.1"
"Trzic-Tank3","2026-06-20 05:00","-0.1"
"Trzic-Tank3","2026-06-20 06:00","-0.1"
"Trzic-Tank3","2026-06-20 07:00","-0.1"
"Trzic-Tank3","2026-06-20 08:00","-0.1"
"Trzic-Tank3","2026-06-20 09:00","-0.1"
"Trzic-Tank3","2026-06-20 10:00","-0.1"
"Trzic-Tank3","2026-06-20 11:00","-0.1"
"Trzic-Tank3","2026-06-20 12:00","-0.1"
"Trzic-Tank3","2026-06-20 13:00","-0.1"
"Trzic-Tank3","2026-06-20 14:00","-0.2"
"Trzic-Tank3","2026-06-20 15:00","-0.2"
"Trzic-Tank3","2026-06-20 16:00","-0.2"
"Trzic-Tank3","2026-06-20 17:00","-0.3"
"Trzic-Tank3","2026-06-20 18:00","-0.4"
"Trzic-Tank3","2026-06-20 19:00","-0.4"
"Trzic-Tank3","2026-06-20 20:00","-0.1"
"Trzic-Tank3","2026-06-20 21:00","-0.1"
"Trzic-Tank3","2026-06-20 22:00","-0.1"
"Trzic-Tank3","2026-06-20 23:00","-0.1"
"Trzic-Tank3","2026-06-21 00:00","-0.1"
"Trzic-Tank3","2026-06-21 01:00","-0.1"
"Trzic-Tank3","2026-06-21 02:00","-0.1"
"Trzic-Tank3","2026-06-21 03:00","-0.1"
"Trzic-Tank3","2026-06-21 04:00","-0.1"
"Trzic-Tank3","2026-06-21 05:00","-0.1"
"Trzic-Tank3","2026-06-21 06:00","-0.1"
"Trzic-Tank3","2026-06-21 07:00","-0.1"
"Trzic-Tank3","2026-06-21 08:00","-0.1"
"Trzic-Tank3","2026-06-21 09:00","-0.1"
"Trzic-Tank3","2026-06-21 10:00","-0.1"
"Trzic-Tank3","2026-06-21 11:00","-0.1"
"Trzic-Tank3","2026-06-21 12:00","-0.1"
"Trzic-Tank3","2026-06-21 13:00","-0.1"
"Trzic-Tank3","2026-06-21 14:00","-0.1"
"Trzic-Tank3","2026-06-21 15:00","-0.1"
"Trzic-Tank3","2026-06-21 16:00","-0.1"
"Trzic-Tank3","2026-06-21 17:00","-0.1"
"Trzic-Tank3","2026-06-21 18:00","-0.1"
"Trzic-Tank3","2026-06-21 19:00","-0.1"
"Trzic-Tank3","2026-06-21 20:00","-0.1"
"Trzic-Tank3","2026-06-21 21:00","-0.1"
"Trzic-Tank3","2026-06-21 22:00","-0.1"
"Trzic-Tank3","2026-06-21 23:00","-0.1"
"Trzic-Tank3","2026-06-22 00:00","-0.1"
"Trzic-Tank3","2026-06-22 01:00","-0.1"
"Trzic-Tank3","2026-06-22 02:00","-0.1"
"Trzic-Tank3","2026-06-22 03:00","-0.1"
"Trzic-Tank3","2026-06-22 04:00","-0.1"
"Trzic-Tank3","2026-06-22 05:00","-0.1"
"Trzic-Tank3","2026-06-22 06:00","-0.1"
"Trzic-Tank3","2026-06-22 07:00","-0.1"
"Trzic-Tank3","2026-06-22 08:00","-0.1"
"Trzic-Tank3","2026-06-22 09:00","-0.1"
"Trzic-Tank3","2026-06-22 10:00","-0.1"
"Trzic-Tank3","2026-06-22 11:00","-0.1"
"Trzic-Tank3","2026-06-22 12:00","-0.1"
"Trzic-Tank3","2026-06-22 13:00","-0.1"
"Trzic-Tank3","2026-06-22 14:00","-0.1"
"Trzic-Tank3","2026-06-22 15:00","-0.1"
"Trzic-Tank3","2026-06-22 16:00","-0.1"
"Trzic-Tank3","2026-06-22 17:00","-0.1"
"Trzic-Tank3","2026-06-22 18:00","-0.1"
"Trzic-Tank3","2026-06-22 19:00","-0.1"
"Trzic-Tank3","2026-06-22 20:00","-0.1"
"Trzic-Tank3","2026-06-22 21:00","-0.1"
"Trzic-Tank3","2026-06-22 22:00","-0.1"
"Trzic-Tank3","2026-06-22 23:00","-0.1"
"Trzic-Tank3","2026-06-23 00:00","-0.1"
"Trzic-Tank3","2026-06-23 01:00","-0.1"
"Trzic-Tank3","2026-06-23 02:00","-0.1"
"Trzic-Tank3","2026-06-23 03:00","-0.1"
"Trzic-Tank3","2026-06-23 04:00","-0.1"
"Trzic-Tank3","2026-06-23 05:00","-0.1"
"Trzic-Tank3","2026-06-23 06:00","-0.1"
"Trzic-Tank3","2026-06-23 07:00","-0.1"
"Trzic-Tank3","2026-06-23 08:00","-0.1"
"Trzic-Tank3","2026-06-23 09:00","-0.1"
"Trzic-Tank3","2026-06-23 10:00","-0.1"
"Trzic-Tank3","2026-06-23 11:00","-0.1"
"Trzic-Tank3","2026-06-23 12:00","-0.1"
"Trzic-Tank3","2026-06-23 13:00","-0.1"
"Trzic-Tank3","2026-06-23 14:00","-0.1"
"Trzic-Tank3","2026-06-23 15:00","-0.1"
"Trzic-Tank3","2026-06-23 16:00","-0.1"
"Trzic-Tank3","2026-06-23 17:00","-0.1"
"Trzic-Tank3","2026-06-23 18:00","-0.1"
"Trzic-Tank3","2026-06-23 19:00","-0.1"
"Trzic-Tank3","2026-06-23 20:00","-0.1"
"Trzic-Tank3","2026-06-23 21:00","-0.1"
"Trzic-Tank3","2026-06-23 22:00","-0.1"
"Trzic-Tank3","2026-06-23 23:00","-0.1"
"Trzic-Tank3","2026-06-24 00:00","-0.1"
"Trzic-Tank3","2026-06-24 01:00","-0.1"
"Trzic-Tank3","2026-06-24 02:00","-0.1"
"Trzic-Tank3","2026-06-24 03:00","-0.1"
"Trzic-Tank3","2026-06-24 04:00","-0.1"
"Trzic-Tank3","2026-06-24 05:00","-0.1"
"Trzic-Tank3","2026-06-24 06:00","-0.1"
"Trzic-Tank3","2026-06-24 07:00","-0.1"
"Trzic-Tank3","2026-06-24 08:00","-0.1"
"Trzic-Tank3","2026-06-24 09:00","-0.1"
"Trzic-Tank3","2026-06-24 10:00","-0.1"
"Trzic-Tank3","2026-06-24 11:00","-0.1"
"Trzic-Tank3","2026-06-24 12:00","-0.1"
"Trzic-Tank3","2026-06-24 13:00","-0.1"
"Trzic-Tank3","2026-06-24 14:00","-0.1"
"Trzic-Tank3","2026-06-24 15:00","-0.1"
"Trzic-Tank3","2026-06-24 16:00","-0.1"
"Trzic-Tank3","2026-06-24 17:00","-0.1"
"Trzic-Tank3","2026-06-24 18:00","-0.1"
"Trzic-Tank3","2026-06-24 19:00","-0.1"
"Trzic-Tank3","2026-06-24 20:00","-0.1"
"Trzic-Tank3","2026-06-24 21:00","-0.1"
"Trzic-Tank3","2026-06-24 22:00","-0.1"
"Trzic-Tank3","2026-06-24 23:00","-0.1"
"Trzic-Tank3","2026-06-25 00:00","-0.1"
"Trzic-Tank3","2026-06-25 01:00","-0.1"
"Trzic-Tank3","2026-06-25 02:00","-0.1"
"Trzic-Tank3","2026-06-25 03:00","-0.1"
"Trzic-Tank3","2026-06-25 04:00","-0.1"
"Trzic-Tank3","2026-06-25 05:00","-0.1"
"Trzic-Tank3","2026-06-25 06:00","-0.1"
"Trzic-Tank3","2026-06-25 07:00","-0.1"
"Trzic-Tank3","2026-06-25 08:00","-0.1"
"Trzic-Tank3","2026-06-25 09:00","-0.1"
"Trzic-Tank3","2026-06-25 10:00","-0.1"
"Trzic-Tank3","2026-06-25 11:00","-0.1"
"Trzic-Tank3","2026-06-25 12:00","-0.1"
"Trzic-Tank3","2026-06-25 13:00","-0.1"
"Trzic-Tank3","2026-06-25 14:00","-0.1"
"Trzic-Tank3","2026-06-25 15:00","-0.2"
"Trzic-Tank3","2026-06-25 16:00","-0.3"
"Trzic-Tank3","2026-06-25 17:00","-0.3"
"Trzic-Tank3","2026-06-25 18:00","-0.5"
"Trzic-Tank3","2026-06-25 19:00","-0.9"
"Trzic-Tank3","2026-06-25 20:00","-1.1"
"Trzic-Tank3","2026-06-25 21:00","-1"
"Trzic-Tank3","2026-06-25 22:00","-1"
"Trzic-Tank3","2026-06-25 23:00","-0.9"
"Trzic-Tank3","2026-06-26 00:00","-0.9"
"Trzic-Tank3","2026-06-26 01:00","-0.9"
"Trzic-Tank3","2026-06-26 02:00","-0.9"
"Trzic-Tank3","2026-06-26 03:00","-0.9"
"Trzic-Tank3","2026-06-26 04:00","-0.9"
"Trzic-Tank3","2026-06-26 05:00","-0.8"
"Trzic-Tank3","2026-06-26 06:00","-0.7"
"Trzic-Tank3","2026-06-26 07:00","-0.7"
"Trzic-Tank3","2026-06-26 08:00","-0.8"
"Trzic-Tank3","2026-06-26 09:00","-0.8"
"Trzic-Tank3","2026-06-26 10:00","-0.9"
"Trzic-Tank3","2026-06-26 11:00","-1.4"
"Trzic-Tank3","2026-06-26 12:00","-3"
"Trzic-Tank3","2026-06-26 13:00","-5.8"
"Trzic-Tank3","2026-06-26 14:00","-7.1"
"Trzic-Tank3","2026-06-26 15:00","-9.7"
"Trzic-Tank3","2026-06-26 16:00","-11"
"Trzic-Tank3","2026-06-26 17:00","-12.3"
"Trzic-Tank3","2026-06-26 18:00","-13"
"Trzic-Tank3","2026-06-26 19:00","-13.5"
"Trzic-Tank3","2026-06-26 20:00","-14.1"
"Trzic-Tank3","2026-06-26 21:00","-13.9"
"Trzic-Tank3","2026-06-26 22:00","-13.6"
"Trzic-Tank3","2026-06-26 23:00","-13.4"
"Trzic-Tank3","2026-06-27 00:00","-13.4"
"Trzic-Tank3","2026-06-27 01:00","-13.1"
"Trzic-Tank3","2026-06-27 02:00","-13.1"
"Trzic-Tank3","2026-06-27 03:00","-13.1"
"Trzic-Tank3","2026-06-27 04:00","-13.1"
"Trzic-Tank3","2026-06-27 05:00","-12.7"
"Trzic-Tank3","2026-06-27 06:00","-12.6"
"Trzic-Tank3","2026-06-27 07:00","-12.5"
"Trzic-Tank3","2026-06-27 08:00","-12.6"
"Trzic-Tank3","2026-06-27 09:00","-12.8"
"Trzic-Tank3","2026-06-27 10:00","-13.4"
"Trzic-Tank3","2026-06-27 11:00","-14"
"Trzic-Tank3","2026-06-27 12:00","-14.6"
"Trzic-Tank3","2026-06-27 13:00","-15.7"
"Trzic-Tank3","2026-06-27 14:00","-17.4"
"Trzic-Tank3","2026-06-27 15:00","-18.3"
"Trzic-Tank3","2026-06-27 16:00","-19.5"
"Trzic-Tank3","2026-06-27 17:00","-20.5"
"Trzic-Tank3","2026-06-27 18:00","-21.6"
"Trzic-Tank3","2026-06-27 19:00","-22.6"
"Trzic-Tank3","2026-06-27 20:00","-23.1"
"Trzic-Tank3","2026-06-27 21:00","-22.9"
"Trzic-Tank3","2026-06-27 22:00","-22.3"
"Trzic-Tank3","2026-06-27 23:00","-22"
"Trzic-Tank3","2026-06-28 00:00","-22"
"Trzic-Tank3","2026-06-28 01:00","-21.4"
"Trzic-Tank3","2026-06-28 02:00","-21.4"
"Trzic-Tank3","2026-06-28 03:00","-21.4"
"Trzic-Tank3","2026-06-28 04:00","-21.4"
"Trzic-Tank3","2026-06-28 05:00","-20.1"
"Trzic-Tank3","2026-06-28 06:00","-19.9"
"Trzic-Tank3","2026-06-28 07:00","-19.8"
"Trzic-Tank3","2026-06-28 08:00","-19.9"
"Trzic-Tank3","2026-06-28 09:00","-20.1"
"Trzic-Tank3","2026-06-28 10:00","-21.3"
"Trzic-Tank3","2026-06-28 11:00","-22.4"
"Trzic-Tank3","2026-06-28 12:00","-25.4"
"Trzic-Tank3","2026-06-28 13:00","-27.3"
"Trzic-Tank3","2026-06-28 14:00","-29.9"
"Trzic-Tank3","2026-06-28 15:00","-31.4"
"Trzic-Tank3","2026-06-28 16:00","-36"
"Trzic-Tank3","2026-06-28 17:00","-39.1"
"Trzic-Tank3","2026-06-28 18:00","-42"
"Trzic-Tank3","2026-06-28 19:00","-44.1"
"Trzic-Tank3","2026-06-28 20:00","-44.5"
"Trzic-Tank3","2026-06-28 21:00","-43.9"
"Trzic-Tank3","2026-06-28 22:00","-43.3"
"Trzic-Tank3","2026-06-28 23:00","-42.9"
"Trzic-Tank3","2026-06-29 00:00","-42.9"
"Trzic-Tank3","2026-06-29 01:00","-41.9"
"Trzic-Tank3","2026-06-29 02:00","-41.9"
"Trzic-Tank3","2026-06-29 03:00","-41.9"
"Trzic-Tank3","2026-06-29 04:00","-41.9"
"Trzic-Tank3","2026-06-29 05:00","-40.4"
"Trzic-Tank3","2026-06-29 06:00","-40.1"
"Trzic-Tank3","2026-06-29 07:00","-40"
"Trzic-Tank3","2026-06-29 08:00","-40.6"
"Trzic-Tank3","2026-06-29 09:00","-41.2"
"Trzic-Tank3","2026-06-29 10:00","-41.7"
"Trzic-Tank3","2026-06-29 11:00","-47.4"
"Trzic-Tank3","2026-06-29 12:00","-50"
"Trzic-Tank3","2026-06-29 13:00","-57.3"
"Trzic-Tank3","2026-06-29 14:00","-63.7"
"Trzic-Tank3","2026-06-29 15:00","-68.1"
"Trzic-Tank3","2026-06-29 16:00","-76.3"
"Trzic-Tank3","2026-06-29 17:00","-80.7"
"Trzic-Tank3","2026-06-29 18:00","-86"
"Trzic-Tank3","2026-06-29 19:00","-93.9"
"Trzic-Tank3","2026-06-29 20:00","-96.7"
"Trzic-Tank3","2026-06-29 21:00","-96.3"
"Trzic-Tank3","2026-06-29 22:00","-95.2"
"Trzic-Tank3","2026-06-29 23:00","-94.8"
"Trzic-Tank3","2026-06-30 00:00","-94.8"
"Trzic-Tank3","2026-06-30 01:00","-93.2"
"Trzic-Tank3","2026-06-30 02:00","-93.2"
"Trzic-Tank3","2026-06-30 03:00","-93.2"
"Trzic-Tank3","2026-06-30 04:00","-93.2"
"Trzic-Tank3","2026-06-30 05:00","-91.5"
"Trzic-Tank3","2026-06-30 06:00","-91.2"
"Trzic-Tank3","2026-06-30 07:00","-90.8"
"Trzic-Tank3","2026-06-30 08:00","-91.5"
"Trzic-Tank3","2026-06-30 09:00","-92.4"
"Trzic-Tank3","2026-06-30 10:00","-94"
"Trzic-Tank3","2026-06-30 11:00","-99.4"
"Trzic-Tank3","2026-06-30 12:00","-107.2"
"Trzic-Tank3","2026-06-30 13:00","-116.8"
"Trzic-Tank3","2026-06-30 14:00","-126.5"
"Trzic-Tank3","2026-06-30 15:00","-144.7"
"Trzic-Tank3","2026-06-30 16:00","-157.1"
"Trzic-Tank3","2026-06-30 17:00","-167.4"
"Trzic-Tank3","2026-06-30 18:00","-172.8"
"Trzic-Tank3","2026-06-30 19:00","-175.3"
"Trzic-Tank3","2026-06-30 20:00","-173.3"
"Trzic-Tank3","2026-06-30 21:00","-172.7"
"Trzic-Tank3","2026-06-30 22:00","-171.2"
"Trzic-Tank3","2026-06-30 23:00",
"Trzic-Tank3","2026-07-01 00:00",
"Trzic-Tank3","2026-07-01 01:00",
"Trzic-Tank3","2026-07-01 02:00",
"Trzic-Tank3","2026-07-01 03:00",
"Trzic-Tank3","2026-07-01 04:00",
"Trzic-Tank3","2026-07-01 05:00",
"Trzic-Tank3","2026-07-01 06:00",
"Trzic-Tank3","2026-07-01 07:00",
"Trzic-Tank3","2026-07-01 08:00",
"Trzic-Tank3","2026-07-01 09:00","-167"
"Trzic-Tank3","2026-07-01 10:00","-169.9"
"Trzic-Tank3","2026-07-01 11:00","-177.6"
"Trzic-Tank3","2026-07-01 12:00","-190.1"
"Trzic-Tank3","2026-07-01 13:00","-205.3"
"Trzic-Tank3","2026-07-01 14:00","-222.7"
"Trzic-Tank3","2026-07-01 15:00","-247.4"
"Trzic-Tank3","2026-07-01 16:00","-258.8"
"Trzic-Tank3","2026-07-01 17:00","-285.7"
"Trzic-Tank3","2026-07-01 18:00","-283.7"
"Trzic-Tank3","2026-07-01 19:00","-281.1"
"Trzic-Tank3","2026-07-01 20:00","-280.5"
"Trzic-Tank3","2026-07-01 21:00","-278.2"
"Trzic-Tank3","2026-07-01 22:00","-276.9"
"Trzic-Tank3","2026-07-01 23:00","-275.5"
"Trzic-Tank3","2026-07-02 00:00","-275.5"
"Trzic-Tank3","2026-07-02 01:00","-272.6"
"Trzic-Tank3","2026-07-02 02:00","-272.6"
"Trzic-Tank3","2026-07-02 03:00","-272.6"
"Trzic-Tank3","2026-07-02 04:00","-272.6"
"Trzic-Tank3","2026-07-02 05:00","-268.5"
"Trzic-Tank3","2026-07-02 06:00","-268.3"
"Trzic-Tank3","2026-07-02 07:00","-268.9"
"Trzic-Tank3","2026-07-02 08:00","-272"
"Trzic-Tank3","2026-07-02 09:00","-274.2"
"Trzic-Tank3","2026-07-02 10:00","-278.9"
"Trzic-Tank3","2026-07-02 11:00","-295.3"
"Trzic-Tank3","2026-07-02 12:00","-315.7"
"Trzic-Tank3","2026-07-02 13:00","-327.6"
"Trzic-Tank3","2026-07-02 14:00","-353.4"
"Trzic-Tank3","2026-07-02 15:00","-372.9"
"Trzic-Tank3","2026-07-02 16:00","-396.2"
"Trzic-Tank3","2026-07-02 17:00","-414.2"
"Trzic-Tank3","2026-07-02 18:00","-422.1"
"Trzic-Tank3","2026-07-02 19:00","-432.5"
"Trzic-Tank3","2026-07-02 20:00","-433.3"
"Trzic-Tank3","2026-07-02 21:00","-428.4"
"Trzic-Tank3","2026-07-02 22:00","-422.3"
"Trzic-Tank3","2026-07-02 23:00","-421"
"Trzic-Tank3","2026-07-03 00:00","-421"
"Trzic-Tank3","2026-07-03 01:00","-414.8"
"Trzic-Tank3","2026-07-03 02:00","-414.8"
"Trzic-Tank3","2026-07-03 03:00","-414.8"
"Trzic-Tank3","2026-07-03 04:00","-414.8"
"Trzic-Tank3","2026-07-03 05:00","-412.7"
"Trzic-Tank3","2026-07-03 06:00","-410.7"
"Trzic-Tank3","2026-07-03 07:00","-410"
"Trzic-Tank3","2026-07-03 08:00","-411"
"Trzic-Tank3","2026-07-03 09:00","-411.7"
"Trzic-Tank3","2026-07-03 10:00","-415.1"
"Trzic-Tank3","2026-07-03 11:00","-430.2"
"Trzic-Tank3","2026-07-03 12:00","-440.8"
"Trzic-Tank3","2026-07-03 13:00","-448.1"
"Trzic-Tank3","2026-07-03 14:00","-452.3"
"Trzic-Tank3","2026-07-03 15:00","-471.9"
"Trzic-Tank3","2026-07-03 16:00","-493.5"
"Trzic-Tank3","2026-07-03 17:00","-508.2"
"Trzic-Tank3","2026-07-03 18:00","-524.4"
"Trzic-Tank3","2026-07-03 19:00","-537.4"
"Trzic-Tank3","2026-07-03 20:00","-538.5"
"Trzic-Tank3","2026-07-03 21:00","-539.6"
"Trzic-Tank3","2026-07-03 22:00","-536.2"
"Trzic-Tank3","2026-07-03 23:00","-533.7"
"Trzic-Tank3","2026-07-04 00:00","-533.7"
"Trzic-Tank3","2026-07-04 01:00","-526.4"
"Trzic-Tank3","2026-07-04 02:00","-526.4"
"Trzic-Tank3","2026-07-04 03:00","-526.4"
"Trzic-Tank3","2026-07-04 04:00","-526.4"
"Trzic-Tank3","2026-07-04 05:00","-527"
"Trzic-Tank3","2026-07-04 06:00","-528.6"
"Trzic-Tank3","2026-07-04 07:00","-528.8"
"Trzic-Tank3","2026-07-04 08:00","-530.4"
"Trzic-Tank3","2026-07-04 09:00","-530"
"Trzic-Tank3","2026-07-04 10:00","-530.8"
"Trzic-Tank3","2026-07-04 11:00","-540.7"
"Trzic-Tank3","2026-07-04 12:00","-564.8"
"Trzic-Tank3","2026-07-04 13:00","-575.6"
"Trzic-Tank3","2026-07-04 14:00","-594"
"Trzic-Tank3","2026-07-04 15:00","-611.9"
"Trzic-Tank3","2026-07-04 16:00","-626.6"
"Trzic-Tank3","2026-07-04 17:00","-628.6"
"Trzic-Tank3","2026-07-04 18:00","-645.5"
"Trzic-Tank3","2026-07-04 19:00","-654.3"
"Trzic-Tank3","2026-07-04 20:00","-661.9"
"Trzic-Tank3","2026-07-04 21:00","-660.7"
"Trzic-Tank3","2026-07-04 22:00","-659.5"
"Trzic-Tank3","2026-07-04 23:00","-657.3"
"Trzic-Tank3","2026-07-05 00:00","-657.3"
"Trzic-Tank3","2026-07-05 01:00","-652.8"
"Trzic-Tank3","2026-07-05 02:00","-652.8"
"Trzic-Tank3","2026-07-05 03:00","-652.8"
"Trzic-Tank3","2026-07-05 04:00","-652.8"
"Trzic-Tank3","2026-07-05 05:00","-658.9"
"Trzic-Tank3","2026-07-05 06:00","-660.1"
"Trzic-Tank3","2026-07-05 07:00","-665.1"
"Trzic-Tank3","2026-07-05 08:00","-667.1"
"Trzic-Tank3","2026-07-05 09:00","-671.7"
"Trzic-Tank3","2026-07-05 10:00","-674.8"
"Trzic-Tank3","2026-07-05 11:00","-675.5"
"Trzic-Tank3","2026-07-05 12:00","-678.6"
"Trzic-Tank3","2026-07-05 13:00","-693.3"
"Trzic-Tank3","2026-07-05 14:00","-715.3"
"Trzic-Tank3","2026-07-05 15:00","-721.3"
"Trzic-Tank3","2026-07-05 16:00","-739.1"
"Trzic-Tank3","2026-07-05 17:00","-750.4"
"Trzic-Tank3","2026-07-05 18:00","-757.7"
"Trzic-Tank3","2026-07-05 19:00","-756.5"
"Trzic-Tank3","2026-07-05 20:00","-758"
"Trzic-Tank3","2026-07-05 21:00","-755.3"
"Trzic-Tank3","2026-07-05 22:00","-756"
"Trzic-Tank3","2026-07-05 23:00","-757.7"
"Trzic-Tank3","2026-07-06 00:00","-757.7"
"Trzic-Tank3","2026-07-06 01:00","-758.2"
"Trzic-Tank3","2026-07-06 02:00","-758.2"
"Trzic-Tank3","2026-07-06 03:00","-758.2"
"Trzic-Tank3","2026-07-06 04:00","-758.2"
"Trzic-Tank3","2026-07-06 05:00","-761"
"Trzic-Tank3","2026-07-06 06:00","-766.6"
"Trzic-Tank3","2026-07-06 07:00","-766.6"
"Trzic-Tank3","2026-07-06 08:00","-769.5"
"Trzic-Tank3","2026-07-06 09:00","-770"
"Trzic-Tank3","2026-07-06 10:00","-773.2"
"Trzic-Tank3","2026-07-06 11:00","-772.5"
"Trzic-Tank3","2026-07-06 12:00","-777"
"Trzic-Tank3","2026-07-06 13:00","-796.2"
"Trzic-Tank3","2026-07-06 14:00","-798.5"
"Trzic-Tank3","2026-07-06 15:00","-822.6"
"Trzic-Tank3","2026-07-06 16:00","-825.3"
"Trzic-Tank3","2026-07-06 17:00","-826.8"
"Trzic-Tank3","2026-07-06 18:00","-835.4"
"Trzic-Tank3","2026-07-06 19:00","-847.8"
"Trzic-Tank3","2026-07-06 20:00","-850.5"
"Trzic-Tank3","2026-07-06 21:00","-856.4"
"Trzic-Tank3","2026-07-06 22:00","-859.6"
"Trzic-Tank3","2026-07-06 23:00","-862.4"
"Trzic-Tank3","2026-07-07 00:00","-862.4"
"Trzic-Tank3","2026-07-07 01:00","-865.2"
"Trzic-Tank3","2026-07-07 02:00","-865.2"
"Trzic-Tank3","2026-07-07 03:00","-865.2"
"Trzic-Tank3","2026-07-07 04:00","-865.2"
"Trzic-Tank3","2026-07-07 05:00","-877.2"
"Trzic-Tank3","2026-07-07 06:00","-876"
"Trzic-Tank3","2026-07-07 07:00","-882.5"
"Trzic-Tank3","2026-07-07 08:00","-891.4"
"Trzic-Tank3","2026-07-07 09:00","-890.6"
"Trzic-Tank3","2026-07-07 10:00","-894.7"
"Trzic-Tank3","2026-07-07 11:00","-905.3"
"Trzic-Tank3","2026-07-07 12:00","-925.3"
"Trzic-Tank3","2026-07-07 13:00","-926"
"Trzic-Tank3","2026-07-07 14:00","-949.5"
"Trzic-Tank3","2026-07-07 15:00","-953.7"
"Trzic-Tank3","2026-07-07 16:00","-951.3"
"Trzic-Tank3","2026-07-07 17:00","-958.5"
"Trzic-Tank3","2026-07-07 18:00","-979.7"
"Trzic-Tank3","2026-07-07 19:00","-985.8"
"Trzic-Tank3","2026-07-07 20:00","-997"
"Trzic-Tank3","2026-07-07 21:00","-1,008.8"
"Trzic-Tank3","2026-07-07 22:00","-1,024"
"Trzic-Tank3","2026-07-07 23:00","-1,021.6"
"Trzic-Tank3","2026-07-08 00:00","-1,021.6"
"Trzic-Tank3","2026-07-08 01:00","-1,029.7"
"Trzic-Tank3","2026-07-08 02:00","-1,029.7"
"Trzic-Tank3","2026-07-08 03:00","-1,029.7"
"Trzic-Tank3","2026-07-08 04:00","-1,029.7"
"Trzic-Tank3","2026-07-08 05:00","-1,041.8"
"Trzic-Tank3","2026-07-08 06:00","-1,044"
"Trzic-Tank3","2026-07-08 07:00","-1,042.5"
"Trzic-Tank3","2026-07-08 08:00","-1,047.6"
"Trzic-Tank3","2026-07-08 09:00","-1,044.7"
"Trzic-Tank3","2026-07-08 10:00","-1,052.2"
"Trzic-Tank3","2026-07-08 11:00","-1,056.6"
"Trzic-Tank3","2026-07-08 12:00","-1,059"
"Trzic-Tank3","2026-07-08 13:00","-1,071.3"
"Trzic-Tank3","2026-07-08 14:00","-1,078.9"
"Trzic-Tank3","2026-07-08 15:00","-1,085.9"
"Trzic-Tank3","2026-07-08 16:00","-1,090.9"
"Trzic-Tank3","2026-07-08 17:00","-1,098.2"
"Trzic-Tank3","2026-07-08 18:00","-1,112.2"
"Trzic-Tank3","2026-07-08 19:00","-1,120.7"
"Trzic-Tank3","2026-07-08 20:00","-1,122.5"
"Trzic-Tank3","2026-07-08 21:00","-1,123.6"
"Trzic-Tank3","2026-07-08 22:00","-1,123.3"
"Trzic-Tank3","2026-07-08 23:00","-1,125.1"
"Trzic-Tank3","2026-07-09 00:00","-1,125.1"
"Trzic-Tank3","2026-07-09 01:00","-1,130.3"
"Trzic-Tank3","2026-07-09 02:00","-1,130.3"
"Trzic-Tank3","2026-07-09 03:00","-1,130.3"
"Trzic-Tank3","2026-07-09 04:00","-1,130.3"
"Trzic-Tank3","2026-07-09 05:00","-1,141.6"
"Trzic-Tank3","2026-07-09 06:00","-1,142.6"
"Trzic-Tank3","2026-07-09 07:00","-1,143.4"
"Trzic-Tank3","2026-07-09 08:00","-1,147.9"
"Trzic-Tank3","2026-07-09 09:00","-1,151.1"
"Trzic-Tank3","2026-07-09 10:00","-1,150.3"
"Trzic-Tank3","2026-07-09 11:00","-1,158.5"
"Trzic-Tank3","2026-07-09 12:00","-1,173.8"
"Trzic-Tank3","2026-07-09 13:00","-1,189.6"
"Trzic-Tank3","2026-07-09 14:00","-1,194.8"
"Trzic-Tank3","2026-07-09 15:00","-1,200.9"
"Trzic-Tank3","2026-07-09 16:00","-1,209.7"
"Trzic-Tank3","2026-07-09 17:00","-1,220.9"
"Trzic-Tank3","2026-07-09 18:00","-1,226.6"
"Trzic-Tank3","2026-07-09 19:00","-1,230"
"Trzic-Tank3","2026-07-09 20:00","-1,229.4"
"Trzic-Tank3","2026-07-09 21:00","-1,229.4"
"Trzic-Tank3","2026-07-09 22:00","-1,232"
"Trzic-Tank3","2026-07-09 23:00","-1,230.8"
"Trzic-Tank3","2026-07-10 00:00","-1,230.8"
"Trzic-Tank3","2026-07-10 01:00","-1,241.9"
"Trzic-Tank3","2026-07-10 02:00","-1,241.9"
"Trzic-Tank3","2026-07-10 03:00","-1,241.9"
"Trzic-Tank3","2026-07-10 04:00","-1,241.9"
"Trzic-Tank3","2026-07-10 05:00","-1,250.8"
"Trzic-Tank3","2026-07-10 06:00","-1,258.9"
"Trzic-Tank3","2026-07-10 07:00","-1,253.1"
"Trzic-Tank3","2026-07-10 08:00","-1,258"
"Trzic-Tank3","2026-07-10 09:00","-1,262.7"
"Trzic-Tank3","2026-07-10 10:00","-1,264.1"
"Trzic-Tank3","2026-07-10 11:00","-1,275"
"Trzic-Tank3","2026-07-10 12:00","-1,284.1"
"Trzic-Tank3","2026-07-10 13:00","-1,304.7"
"Trzic-Tank3","2026-07-10 14:00","-1,310.1"
"Trzic-Tank3","2026-07-10 15:00","-1,321.3"
"Trzic-Tank3","2026-07-10 16:00","-1,330.4"
"Trzic-Tank3","2026-07-10 17:00","-1,333.2"
"Trzic-Tank3","2026-07-10 18:00","-1,328.3"
"Trzic-Tank3","2026-07-10 19:00","-1,320.7"
"Trzic-Tank3","2026-07-10 20:00",
"Trzic-Tank3","2026-07-10 21:00","-1,327.7"
"Trzic-Tank3","2026-07-10 22:00","-1,329.5"
"Trzic-Tank3","2026-07-10 23:00","-1,340.6"
"Trzic-Tank3","2026-07-11 00:00","-1,340.6"
"Trzic-Tank3","2026-07-11 01:00","-1,367.1"
"Trzic-Tank3","2026-07-11 02:00","-1,367.1"
"Trzic-Tank3","2026-07-11 03:00","-1,367.1"
"Trzic-Tank3","2026-07-11 04:00","-1,367.1"
"Trzic-Tank3","2026-07-11 05:00","-1,421"
"Trzic-Tank3","2026-07-11 06:00","-1,424.6"
"Trzic-Tank3","2026-07-11 07:00","-1,435.8"
"Trzic-Tank3","2026-07-11 08:00","-1,440.1"
"Trzic-Tank3","2026-07-11 09:00","-1,450.1"
"Trzic-Tank3","2026-07-11 10:00","-1,447.8"
"Trzic-Tank3","2026-07-11 11:00","-1,449.4"
"Trzic-Tank3","2026-07-11 12:00","-1,461.2"
"Trzic-Tank3","2026-07-11 13:00","-1,492.4"
"Trzic-Tank3","2026-07-11 14:00","-1,501.1"
"Trzic-Tank3","2026-07-11 15:00","-1,490.4"
"Trzic-Tank3","2026-07-11 16:00","-1,476.4"
"Trzic-Tank3","2026-07-11 17:00","-1,464.5"
"Trzic-Tank3","2026-07-11 18:00","-1,468.9"
"Trzic-Tank3","2026-07-11 19:00","-1,470.9"
"Trzic-Tank3","2026-07-11 20:00","-1,460.5"
"Trzic-Tank3","2026-07-11 21:00","-1,464.9"
"Trzic-Tank3","2026-07-11 22:00","-1,460.8"
"Trzic-Tank3","2026-07-11 23:00","-1,467.2"
"Trzic-Tank3","2026-07-12 00:00","-1,467.2"
"Trzic-Tank3","2026-07-12 01:00","-1,513.5"
"Trzic-Tank3","2026-07-12 02:00","-1,513.5"
"Trzic-Tank3","2026-07-12 03:00","-1,513.5"
"Trzic-Tank3","2026-07-12 04:00","-1,513.5"
"Trzic-Tank3","2026-07-12 05:00","-1,518.1"
"Trzic-Tank3","2026-07-12 06:00","-1,489.7"
"Trzic-Tank3","2026-07-12 07:00","-1,454.1"
"Trzic-Tank3","2026-07-12 08:00","-1,365.2"
"Trzic-Tank3","2026-07-12 09:00","-1,241.9"
"Trzic-Tank3","2026-07-12 10:00","-1,022.8"
"Trzic-Tank3","2026-07-12 11:00","-904.9"
"Trzic-Tank3","2026-07-12 12:00","-798.2"
"Trzic-Tank3","2026-07-12 13:00","-744.7"
"Trzic-Tank3","2026-07-12 14:00","-686.6"
"Trzic-Tank3","2026-07-12 15:00","-663.7"
"Trzic-Tank3","2026-07-12 16:00","-655.1"
"Trzic-Tank3","2026-07-12 17:00","-649.7"
"Trzic-Tank3","2026-07-12 18:00","-654.9"
"Trzic-Tank3","2026-07-12 19:00","-662.1"
"Trzic-Tank3","2026-07-12 20:00","-662.8"
"Trzic-Tank3","2026-07-12 21:00","-656.7"
"Trzic-Tank3","2026-07-12 22:00","-649.4"
"Trzic-Tank3","2026-07-12 23:00","-647.1"
"Trzic-Tank3","2026-07-13 00:00","-647.1"
"Trzic-Tank3","2026-07-13 01:00","-632.7"
"Trzic-Tank3","2026-07-13 02:00","-632.7"
"Trzic-Tank3","2026-07-13 03:00","-632.7"
"Trzic-Tank3","2026-07-13 04:00","-632.7"
"Trzic-Tank3","2026-07-13 05:00","-597.7"
"Trzic-Tank3","2026-07-13 06:00","-591.1"
"Trzic-Tank3","2026-07-13 07:00","-582.1"
"Trzic-Tank3","2026-07-13 08:00","-580.4"
"Trzic-Tank3","2026-07-13 09:00","-570.7"
"Trzic-Tank3","2026-07-13 10:00","-565.1"
"Trzic-Tank3","2026-07-13 11:00","-561.7"
"Trzic-Tank3","2026-07-13 12:00","-560.7"
"Trzic-Tank3","2026-07-13 13:00","-583.3"
"Trzic-Tank3","2026-07-13 14:00","-592.2"
"Trzic-Tank3","2026-07-13 15:00","-632.1"
"Trzic-Tank3","2026-07-13 16:00","-655.7"
"Trzic-Tank3","2026-07-13 17:00","-690.6"
"Trzic-Tank3","2026-07-13 18:00","-722.4"
"Trzic-Tank3","2026-07-13 19:00","-754.7"
"Trzic-Tank3","2026-07-13 20:00","-770"
"Trzic-Tank3","2026-07-13 21:00","-785.2"
"Trzic-Tank3","2026-07-13 22:00","-792.5"
"Trzic-Tank3","2026-07-13 23:00","-798.4"
"Trzic-Tank3","2026-07-14 00:00","-798.4"
"Trzic-Tank3","2026-07-14 01:00","-800.6"
"Trzic-Tank3","2026-07-14 02:00","-800.6"
"Trzic-Tank3","2026-07-14 03:00","-800.6"
"Trzic-Tank3","2026-07-14 04:00","-800.6"
"Trzic-Tank3","2026-07-14 05:00","-807.2"
"Trzic-Tank3","2026-07-14 06:00","-807.4"
"Trzic-Tank3","2026-07-14 07:00","-805.4"
"Trzic-Tank3","2026-07-14 08:00","-808.3"
"Trzic-Tank3","2026-07-14 09:00","-808.7"
"Trzic-Tank3","2026-07-14 10:00","-813.4"
"Trzic-Tank3","2026-07-14 11:00","-820.2"
"Trzic-Tank3","2026-07-14 12:00","-834.6"
"Trzic-Tank3","2026-07-14 13:00","-860.6"
"Trzic-Tank3","2026-07-14 14:00","-873"
"Trzic-Tank3","2026-07-14 15:00","-899.1"
"Trzic-Tank3","2026-07-14 16:00","-916.4"
"Trzic-Tank3","2026-07-14 17:00","-933.9"
"Trzic-Tank3","2026-07-14 18:00","-945.1"
"Trzic-Tank3","2026-07-14 19:00","-956.5"
"Trzic-Tank3","2026-07-14 20:00","-963.6"
"Trzic-Tank3","2026-07-14 21:00","-970.3"
"Trzic-Tank3","2026-07-14 22:00","-973.6"
"Trzic-Tank3","2026-07-14 23:00","-977.5"
"Trzic-Tank3","2026-07-15 00:00","-977.5"
"Trzic-Tank3","2026-07-15 01:00","-981.3"
"Trzic-Tank3","2026-07-15 02:00","-981.3"
"Trzic-Tank3","2026-07-15 03:00","-981.3"
"Trzic-Tank3","2026-07-15 04:00","-981.3"
"Trzic-Tank3","2026-07-15 05:00","-1,013.2"
"Trzic-Tank3","2026-07-15 06:00","-1,021.9"
"Trzic-Tank3","2026-07-15 07:00","-1,029.4"
"Trzic-Tank3","2026-07-15 08:00","-1,032.8"
"Trzic-Tank3","2026-07-15 09:00","-1,036.1"
"Trzic-Tank3","2026-07-15 10:00","-1,038.5"
"Trzic-Tank3","2026-07-15 11:00","-1,039.2"
"Trzic-Tank3","2026-07-15 12:00","-1,053.6"
"Trzic-Tank3","2026-07-15 13:00","-1,069.3"
"Trzic-Tank3","2026-07-15 14:00","-1,074.5"
"Trzic-Tank3","2026-07-15 15:00","-1,099.8"
"Trzic-Tank3","2026-07-15 16:00","-1,103.1"
"Trzic-Tank3","2026-07-15 17:00","-1,124.3"
"Trzic-Tank3","2026-07-15 18:00","-1,144.7"
"Trzic-Tank3","2026-07-15 19:00","-1,173.3"
"Trzic-Tank3","2026-07-15 20:00","-1,189"
"Trzic-Tank3","2026-07-15 21:00","-1,191"
"Trzic-Tank3","2026-07-15 22:00","-1,201.4"
"Trzic-Tank3","2026-07-15 23:00","-1,123.8"
"Trzic-Tank3","2026-07-16 00:00","-1,123.8"
"Trzic-Tank3","2026-07-16 01:00","-158.5"
"Trzic-Tank3","2026-07-16 02:00","-158.5"
"Trzic-Tank3","2026-07-16 03:00","-158.5"
"Trzic-Tank3","2026-07-16 04:00","-158.5"
"Trzic-Tank3","2026-07-16 05:00","-41.9"
"Trzic-Tank3","2026-07-16 06:00","-35"
"Trzic-Tank3","2026-07-16 07:00","-30.8"
"Trzic-Tank3","2026-07-16 08:00","-28.4"
"Trzic-Tank3","2026-07-16 09:00","-27.1"
"Trzic-Tank3","2026-07-16 10:00","-25.9"
"Trzic-Tank3","2026-07-16 11:00","-25.9"
"Trzic-Tank3","2026-07-16 12:00","-26.7"
"Trzic-Tank3","2026-07-16 13:00","-30"
"Trzic-Tank3","2026-07-16 14:00","-33.8"
"Trzic-Tank3","2026-07-16 15:00","-38.3"
"Trzic-Tank3","2026-07-16 16:00","-45.5"
"Trzic-Tank3","2026-07-16 17:00","-50.6"
"Trzic-Tank3","2026-07-16 18:00","-54.9"
"Trzic-Tank3","2026-07-16 19:00","-60.9"
"Trzic-Tank3","2026-07-16 20:00","-65.6"
"Trzic-Tank3","2026-07-16 21:00","-67.2"
"Trzic-Tank3","2026-07-16 22:00","-68.4"
"Trzic-Tank3","2026-07-16 23:00","-69.2"
"Trzic-Tank3","2026-07-17 00:00","-69.2"
"Trzic-Tank3","2026-07-17 01:00","-70.6"
"Trzic-Tank3","2026-07-17 02:00","-70.6"
"Trzic-Tank3","2026-07-17 03:00","-70.6"
"Trzic-Tank3","2026-07-17 04:00","-70.6"
"Trzic-Tank3","2026-07-17 05:00","-72"
"Trzic-Tank3","2026-07-17 06:00","-72.5"
"Trzic-Tank3","2026-07-17 07:00","-72.5"
"Trzic-Tank3","2026-07-17 08:00","-72.6"
"Trzic-Tank3","2026-07-17 09:00","-73"
"Trzic-Tank3","2026-07-17 10:00","-73.3"
"Trzic-Tank3","2026-07-17 11:00","-74"
"Trzic-Tank3","2026-07-17 12:00","-74.6"
"Trzic-Tank3","2026-07-17 13:00","-76"
"Trzic-Tank3","2026-07-17 14:00","-77.3"
"Trzic-Tank3","2026-07-17 15:00","-79"
"Trzic-Tank3","2026-07-17 16:00","-82.2"
"Trzic-Tank3","2026-07-17 17:00","-89.9"
"Trzic-Tank3","2026-07-17 18:00","-93.7"
"Trzic-Tank3","2026-07-17 19:00","-98.6"
"Trzic-Tank3","2026-07-17 20:00","-105.9"
"Trzic-Tank3","2026-07-17 21:00","-110"
"Trzic-Tank3","2026-07-17 22:00","-113.6"
"Trzic-Tank3","2026-07-17 23:00","-116.6"
"Trzic-Tank3","2026-07-18 00:00","-116.6"
"Trzic-Tank3","2026-07-18 01:00","-121.8"
"Trzic-Tank3","2026-07-18 02:00","-121.8"
"Trzic-Tank3","2026-07-18 03:00","-121.8"
"Trzic-Tank3","2026-07-18 04:00","-121.8"
"Trzic-Tank3","2026-07-18 05:00","-133.9"
"Trzic-Tank3","2026-07-18 06:00","-135.6"
"Trzic-Tank3","2026-07-18 07:00","-137.6"
"Trzic-Tank3","2026-07-18 08:00","-138.9"
"Trzic-Tank3","2026-07-18 09:00","-140.5"
"Trzic-Tank3","2026-07-18 10:00","-142.6"
"Trzic-Tank3","2026-07-18 11:00","-145.8"
"Trzic-Tank3","2026-07-18 12:00","-151.6"
"Trzic-Tank3","2026-07-18 13:00","-159.7"
"Trzic-Tank3","2026-07-18 14:00","-179"
"Trzic-Tank3","2026-07-18 15:00","-194"
"Trzic-Tank3","2026-07-18 16:00","-215.6"
"Trzic-Tank3","2026-07-18 17:00","-229.2"
"Trzic-Tank3","2026-07-18 18:00","-246.4"
"Trzic-Tank3","2026-07-18 19:00","-0.4"
"Trzic-Tank3","2026-07-18 20:00","-0.3"
"Trzic-Tank3","2026-07-18 21:00","-0.3"
"Trzic-Tank3","2026-07-18 22:00","-0.3"
"Trzic-Tank3","2026-07-18 23:00","-0.3"
"Trzic-Tank3","2026-07-19 00:00","-0.3"
"Trzic-Tank3","2026-07-19 01:00","-0.2"
"Trzic-Tank3","2026-07-19 02:00","-0.2"
"Trzic-Tank3","2026-07-19 03:00","-0.2"
"Trzic-Tank3","2026-07-19 04:00","-0.2"
"Trzic-Tank3","2026-07-19 05:00","-0.2"
"Trzic-Tank3","2026-07-19 06:00","-0.2"
"Trzic-Tank3","2026-07-19 07:00","-0.1"
"Trzic-Tank3","2026-07-19 08:00","-0.1"
"Trzic-Tank3","2026-07-19 09:00","-0.1"
"Trzic-Tank3","2026-07-19 10:00","-0.1"
"Trzic-Tank3","2026-07-19 11:00","-0.1"
"Trzic-Tank3","2026-07-19 12:00","-0.1"
"Trzic-Tank3","2026-07-19 13:00","-0.1"
"Trzic-Tank3","2026-07-19 14:00","-0.1"
"Trzic-Tank3","2026-07-19 15:00","-0.1"
"Trzic-Tank3","2026-07-19 16:00","-0.1"
"Trzic-Tank3","2026-07-19 17:00","-0.1"
"Trzic-Tank3","2026-07-19 18:00","-0.1"
"Trzic-Tank3","2026-07-19 19:00","-0.1"
"Trzic-Tank3","2026-07-19 20:00","-0.1"
"Trzic-Tank3","2026-07-19 21:00","-0.1"
"Trzic-Tank3","2026-07-19 22:00","-0.1"
"Trzic-Tank3","2026-07-19 23:00","-0.1"
"Trzic-Tank3","2026-07-20 00:00","-0.1"
"Trzic-Tank3","2026-07-20 01:00",
"Trzic-Tank3","2026-07-20 02:00","-0.1"
"Trzic-Tank3","2026-07-20 03:00","-0.1"
"Trzic-Tank3","2026-07-20 04:00","-0.1"
"Trzic-Tank3","2026-07-20 05:00","-0.1"
"Trzic-Tank3","2026-07-20 06:00","-0.1"
"Trzic-Tank3","2026-07-20 07:00","-0.1"
"Trzic-Tank3","2026-07-20 08:00","-0.1"
"Trzic-Tank3","2026-07-20 09:00","-0.1"
"Trzic-Tank3","2026-07-20 10:00","-0.1"
"Trzic-Tank3","2026-07-20 11:00","-0.1"
"Trzic-Tank3","2026-07-20 12:00","-0.1"
"Trzic-Tank3","2026-07-20 13:00","-0.1"
"Trzic-Tank3","2026-07-20 14:00","-0.1"
"Trzic-Tank3","2026-07-20 15:00","-0.1"
"Trzic-Tank3","2026-07-20 16:00","-0.1"
"Trzic-Tank3","2026-07-20 17:00","-0.1"
"Trzic-Tank3","2026-07-20 18:00","-0.1"
"Trzic-Tank3","2026-07-20 19:00","-0.1"
"Trzic-Tank3","2026-07-20 20:00","-0.1"
"Trzic-Tank3","2026-07-20 21:00","-0.1"
"Trzic-Tank3","2026-07-20 22:00","-0.1"
"Trzic-Tank3","2026-07-20 23:00","-0.1"
"Trzic-Tank3","2026-07-21 00:00","-0.1"
"Trzic-Tank3","2026-07-21 01:00","-0.1"
"Trzic-Tank3","2026-07-21 02:00","-0.1"
"Trzic-Tank3","2026-07-21 03:00","-0.1"
"Trzic-Tank3","2026-07-21 04:00","-0.1"
"Trzic-Tank3","2026-07-21 05:00","-0.1"
"Trzic-Tank3","2026-07-21 06:00","-0.1"
"Trzic-Tank3","2026-07-21 07:00","-0.1"
"Trzic-Tank3","2026-07-21 08:00","-0.1"
"Trzic-Tank3","2026-07-21 09:00","-0.1"
"Trzic-Tank3","2026-07-21 10:00","-0.1"
"Trzic-Tank3","2026-07-21 11:00","-0.1"
"Trzic-Tank3","2026-07-21 12:00","-0.1"
"Trzic-Tank3","2026-07-21 13:00","-0.1"
"Trzic-Tank3","2026-07-21 14:00","-0.1"
"Trzic-Tank3","2026-07-21 15:00","-0.1"
"Trzic-Tank3","2026-07-21 16:00","-0.1"
"Trzic-Tank3","2026-07-21 17:00","-0.1"
"Trzic-Tank3","2026-07-21 18:00","-0.1"
"Trzic-Tank3","2026-07-21 19:00","-0.1"
"Trzic-Tank3","2026-07-21 20:00","-0.1"
"Trzic-Tank3","2026-07-21 21:00","-0.1"
"Trzic-Tank3","2026-07-21 22:00","-0.1"
"Trzic-Tank3","2026-07-21 23:00","-0.1"
"Trzic-Tank3","2026-07-22 00:00","-0.1"
"Trzic-Tank3","2026-07-22 01:00","-0.1"
"Trzic-Tank3","2026-07-22 02:00","-0.1"
"Trzic-Tank3","2026-07-22 03:00","-0.1"
"Trzic-Tank3","2026-07-22 04:00","-0.1"
"Trzic-Tank3","2026-07-22 05:00","-0.1"
"Trzic-Tank3","2026-07-22 06:00","-0.1"
"Trzic-Tank3","2026-07-22 07:00","-0.1"
"Trzic-Tank3","2026-07-22 08:00","-0.1"
"Trzic-Tank3","2026-07-22 09:00","-0.1"
"Trzic-Tank3","2026-07-22 10:00","-0.1"
"Trzic-Tank3","2026-07-22 11:00","-0.1"
"Trzic-Tank3","2026-07-22 12:00","-0.1"
"Trzic-Tank3","2026-07-22 13:00","-0.1"
"Trzic-Tank3","2026-07-22 14:00","-0.1"
"Trzic-Tank3","2026-07-22 15:00","-0.1"
"Trzic-Tank3","2026-07-22 16:00","-0.1"
"Trzic-Tank3","2026-07-22 17:00","-0.1"
"Trzic-Tank3","2026-07-22 18:00","-0.1"
"Trzic-Tank3","2026-07-22 19:00","-0.1"
"Trzic-Tank3","2026-07-22 20:00","-0.1"
"Trzic-Tank3","2026-07-22 21:00","-0.1"
"Trzic-Tank3","2026-07-22 22:00","-0.1"
"Trzic-Tank3","2026-07-22 23:00","-0.1"
"Trzic-Tank3","2026-07-23 00:00","-0.1"
"Trzic-Tank3","2026-07-23 01:00","-0.1"
"Trzic-Tank3","2026-07-23 02:00","-0.1"
"Trzic-Tank3","2026-07-23 03:00","-0.1"
"Trzic-Tank3","2026-07-23 04:00","-0.1"
"Trzic-Tank3","2026-07-23 05:00","-0.1"
"Trzic-Tank3","2026-07-23 06:00","-0.1"
"Trzic-Tank3","2026-07-23 07:00","-0.1"
"Trzic-Tank3","2026-07-23 08:00","-0.1"
"Trzic-Tank3","2026-07-23 09:00","-0.1"
"Trzic-Tank3","2026-07-23 10:00","-0.1"
"Trzic-Tank3","2026-07-23 11:00","-0.1"
"Trzic-Tank3","2026-07-23 12:00","-0.1"
"Trzic-Tank3","2026-07-23 13:00","-0.1"
"Trzic-Tank3","2026-07-23 14:00","-0.1"
"Trzic-Tank3","2026-07-23 15:00","-0.1"
"Trzic-Tank3","2026-07-23 16:00","-0.1"
"Trzic-Tank3","2026-07-23 17:00","-0.1"
"Trzic-Tank3","2026-07-23 18:00","-0.1"
"Trzic-Tank3","2026-07-23 19:00","-0.1"
"Trzic-Tank3","2026-07-23 20:00","-0.1"
"Trzic-Tank3","2026-07-23 21:00","-0.1"
"Trzic-Tank3","2026-07-23 22:00","-0.1"
