"Tank št.","Čas per hour","Povprečna vrednost (kPa)"
"Trzic-Tank1","2026-05-27 16:00","-0.1"
"Trzic-Tank1","2026-05-27 17:00","-0.1"
"Trzic-Tank1","2026-05-27 18:00","-0.1"
"Trzic-Tank1","2026-05-27 19:00","-0.1"
"Trzic-Tank1","2026-05-27 20:00","-0.1"
"Trzic-Tank1","2026-05-27 21:00","-0.1"
"Trzic-Tank1","2026-05-27 22:00","-0.1"
"Trzic-Tank1","2026-05-27 23:00","-0.1"
"Trzic-Tank1","2026-05-28 00:00","-0.1"
"Trzic-Tank1","2026-05-28 01:00","-0.1"
"Trzic-Tank1","2026-05-28 02:00","-0.1"
"Trzic-Tank1","2026-05-28 03:00","-0.1"
"Trzic-Tank1","2026-05-28 04:00","-0.1"
"Trzic-Tank1","2026-05-28 05:00","-0.1"
"Trzic-Tank1","2026-05-28 06:00","-0.1"
"Trzic-Tank1","2026-05-28 07:00","-0.1"
"Trzic-Tank1","2026-05-28 08:00","-0.1"
"Trzic-Tank1","2026-05-28 09:00","-0.1"
"Trzic-Tank1","2026-05-28 10:00","-0.1"
"Trzic-Tank1","2026-05-28 11:00","-0.1"
"Trzic-Tank1","2026-05-28 12:00","-0.1"
"Trzic-Tank1","2026-05-28 13:00","-0.1"
"Trzic-Tank1","2026-05-28 14:00","-0.1"
"Trzic-Tank1","2026-05-28 15:00","-0.1"
"Trzic-Tank1","2026-05-28 16:00","-0.1"
"Trzic-Tank1","2026-05-28 17:00","-0.1"
"Trzic-Tank1","2026-05-28 18:00","-0.1"
"Trzic-Tank1","2026-05-28 19:00","-0.1"
"Trzic-Tank1","2026-05-28 20:00","-0.1"
"Trzic-Tank1","2026-05-28 21:00","-0.1"
"Trzic-Tank1","2026-05-28 22:00","-0.1"
"Trzic-Tank1","2026-05-28 23:00","-0.1"
"Trzic-Tank1","2026-05-29 00:00","-0.1"
"Trzic-Tank1","2026-05-29 01:00","-0.1"
"Trzic-Tank1","2026-05-29 02:00","-0.1"
"Trzic-Tank1","2026-05-29 03:00","-0.1"
"Trzic-Tank1","2026-05-29 04:00","-0.1"
"Trzic-Tank1","2026-05-29 05:00","-0.1"
"Trzic-Tank1","2026-05-29 06:00","-0.1"
"Trzic-Tank1","2026-05-29 07:00","-0.1"
"Trzic-Tank1","2026-05-29 08:00","-0.1"
"Trzic-Tank1","2026-05-29 09:00","-0.1"
"Trzic-Tank1","2026-05-29 10:00","-0.1"
"Trzic-Tank1","2026-05-29 11:00","-0.1"
"Trzic-Tank1","2026-05-29 12:00","-0.1"
"Trzic-Tank1","2026-05-29 13:00","-0.1"
"Trzic-Tank1","2026-05-29 14:00","-0.1"
"Trzic-Tank1","2026-05-29 15:00","-0.1"
"Trzic-Tank1","2026-05-29 16:00","-0.1"
"Trzic-Tank1","2026-05-29 17:00","-0.1"
"Trzic-Tank1","2026-05-29 18:00","-0.1"
"Trzic-Tank1","2026-05-29 19:00","-0.1"
"Trzic-Tank1","2026-05-29 20:00","-0.1"
"Trzic-Tank1","2026-05-29 21:00","-0.1"
"Trzic-Tank1","2026-05-29 22:00","-0.1"
"Trzic-Tank1","2026-05-29 23:00","-0.1"
"Trzic-Tank1","2026-05-30 00:00","-0.1"
"Trzic-Tank1","2026-05-30 01:00","-0.1"
"Trzic-Tank1","2026-05-30 02:00","-0.1"
"Trzic-Tank1","2026-05-30 03:00","-0.1"
"Trzic-Tank1","2026-05-30 04:00","-0.1"
"Trzic-Tank1","2026-05-30 05:00","-0.1"
"Trzic-Tank1","2026-05-30 06:00","-0.1"
"Trzic-Tank1","2026-05-30 07:00","-0.1"
"Trzic-Tank1","2026-05-30 08:00","-0.1"
"Trzic-Tank1","2026-05-30 09:00","-0.1"
"Trzic-Tank1","2026-05-30 10:00","-0.1"
"Trzic-Tank1","2026-05-30 11:00","-0.1"
"Trzic-Tank1","2026-05-30 12:00","-0.1"
"Trzic-Tank1","2026-05-30 13:00","-0.1"
"Trzic-Tank1","2026-05-30 14:00","-0.1"
"Trzic-Tank1","2026-05-30 15:00","-0.1"
"Trzic-Tank1","2026-05-30 16:00","-0.1"
"Trzic-Tank1","2026-05-30 17:00","-0.1"
"Trzic-Tank1","2026-05-30 18:00","-0.1"
"Trzic-Tank1","2026-05-30 19:00","-0.1"
"Trzic-Tank1","2026-05-30 20:00","-0.1"
"Trzic-Tank1","2026-05-30 21:00","-0.1"
"Trzic-Tank1","2026-05-30 22:00","-0.1"
"Trzic-Tank1","2026-05-30 23:00","-0.1"
"Trzic-Tank1","2026-05-31 00:00","-0.1"
"Trzic-Tank1","2026-05-31 01:00","-0.1"
"Trzic-Tank1","2026-05-31 02:00","-0.1"
"Trzic-Tank1","2026-05-31 03:00","-0.1"
"Trzic-Tank1","2026-05-31 04:00","-0.1"
"Trzic-Tank1","2026-05-31 05:00","-0.1"
"Trzic-Tank1","2026-05-31 06:00","-0.1"
"Trzic-Tank1","2026-05-31 07:00","-0.1"
"Trzic-Tank1","2026-05-31 08:00","-0.1"
"Trzic-Tank1","2026-05-31 09:00","-0.1"
"Trzic-Tank1","2026-05-31 10:00","-0.1"
"Trzic-Tank1","2026-05-31 11:00","-0.1"
"Trzic-Tank1","2026-05-31 12:00","-0.1"
"Trzic-Tank1","2026-05-31 13:00","-0.1"
"Trzic-Tank1","2026-05-31 14:00","-0.1"
"Trzic-Tank1","2026-05-31 15:00","-0.1"
"Trzic-Tank1","2026-05-31 16:00","-0.1"
"Trzic-Tank1","2026-05-31 17:00","-0.1"
"Trzic-Tank1","2026-05-31 18:00","-0.1"
"Trzic-Tank1","2026-05-31 19:00","-0.1"
"Trzic-Tank1","2026-05-31 20:00","-0.1"
"Trzic-Tank1","2026-05-31 21:00","-0.1"
"Trzic-Tank1","2026-05-31 22:00","-0.1"
"Trzic-Tank1","2026-05-31 23:00","-0.1"
"Trzic-Tank1","2026-06-01 00:00","-0.1"
"Trzic-Tank1","2026-06-01 01:00","-0.1"
"Trzic-Tank1","2026-06-01 02:00","-0.1"
"Trzic-Tank1","2026-06-01 03:00","-0.1"
"Trzic-Tank1","2026-06-01 04:00","-0.1"
"Trzic-Tank1","2026-06-01 05:00","-0.1"
"Trzic-Tank1","2026-06-01 06:00","-0.1"
"Trzic-Tank1","2026-06-01 07:00","-0.1"
"Trzic-Tank1","2026-06-01 08:00","-0.1"
"Trzic-Tank1","2026-06-01 09:00","-0.1"
"Trzic-Tank1","2026-06-01 10:00","-0.1"
"Trzic-Tank1","2026-06-01 11:00","-0.1"
"Trzic-Tank1","2026-06-01 12:00","-0.1"
"Trzic-Tank1","2026-06-01 13:00","-0.1"
"Trzic-Tank1","2026-06-01 14:00","-0.1"
"Trzic-Tank1","2026-06-01 15:00","-0.1"
"Trzic-Tank1","2026-06-01 16:00","-0.1"
"Trzic-Tank1","2026-06-01 17:00","-0.1"
"Trzic-Tank1","2026-06-01 18:00","-0.1"
"Trzic-Tank1","2026-06-01 19:00","-0.1"
"Trzic-Tank1","2026-06-01 20:00","-0.1"
"Trzic-Tank1","2026-06-01 21:00","-0.1"
"Trzic-Tank1","2026-06-01 22:00","-0.1"
"Trzic-Tank1","2026-06-01 23:00","-0.1"
"Trzic-Tank1","2026-06-02 00:00","-0.1"
"Trzic-Tank1","2026-06-02 01:00","-0.1"
"Trzic-Tank1","2026-06-02 02:00","-0.1"
"Trzic-Tank1","2026-06-02 03:00","-0.1"
"Trzic-Tank1","2026-06-02 04:00","-0.1"
"Trzic-Tank1","2026-06-02 05:00","-0.1"
"Trzic-Tank1","2026-06-02 06:00","-0.1"
"Trzic-Tank1","2026-06-02 07:00","-0.1"
"Trzic-Tank1","2026-06-02 08:00","-0.1"
"Trzic-Tank1","2026-06-02 09:00","-0.1"
"Trzic-Tank1","2026-06-02 10:00","-0.1"
"Trzic-Tank1","2026-06-02 11:00","-0.1"
"Trzic-Tank1","2026-06-02 12:00","-0.1"
"Trzic-Tank1","2026-06-02 13:00","-0.1"
"Trzic-Tank1","2026-06-02 14:00","-0.1"
"Trzic-Tank1","2026-06-02 15:00","-0.1"
"Trzic-Tank1","2026-06-02 16:00","-0.1"
"Trzic-Tank1","2026-06-02 17:00","-0.1"
"Trzic-Tank1","2026-06-02 18:00","-0.1"
"Trzic-Tank1","2026-06-02 19:00","-0.1"
"Trzic-Tank1","2026-06-02 20:00","-0.1"
"Trzic-Tank1","2026-06-02 21:00","-0.1"
"Trzic-Tank1","2026-06-02 22:00","-0.1"
"Trzic-Tank1","2026-06-02 23:00","-0.1"
"Trzic-Tank1","2026-06-03 00:00","-0.1"
"Trzic-Tank1","2026-06-03 01:00","-0.1"
"Trzic-Tank1","2026-06-03 02:00","-0.1"
"Trzic-Tank1","2026-06-03 03:00","-0.1"
"Trzic-Tank1","2026-06-03 04:00","-0.1"
"Trzic-Tank1","2026-06-03 05:00","-0.1"
"Trzic-Tank1","2026-06-03 06:00","-0.1"
"Trzic-Tank1","2026-06-03 07:00","-0.1"
"Trzic-Tank1","2026-06-03 08:00","-0.1"
"Trzic-Tank1","2026-06-03 09:00","-0.1"
"Trzic-Tank1","2026-06-03 10:00","-0.1"
"Trzic-Tank1","2026-06-03 11:00","-0.1"
"Trzic-Tank1","2026-06-03 12:00","-0.1"
"Trzic-Tank1","2026-06-03 13:00","-0.1"
"Trzic-Tank1","2026-06-03 14:00","-0.1"
"Trzic-Tank1","2026-06-03 15:00","-0.1"
"Trzic-Tank1","2026-06-03 16:00","-0.1"
"Trzic-Tank1","2026-06-03 17:00","-0.1"
"Trzic-Tank1","2026-06-03 18:00","-0.1"
"Trzic-Tank1","2026-06-03 19:00","-0.1"
"Trzic-Tank1","2026-06-03 20:00","-0.1"
"Trzic-Tank1","2026-06-03 21:00","-0.1"
"Trzic-Tank1","2026-06-03 22:00","-0.1"
"Trzic-Tank1","2026-06-03 23:00","-0.1"
"Trzic-Tank1","2026-06-04 00:00","-0.1"
"Trzic-Tank1","2026-06-04 01:00","-0.1"
"Trzic-Tank1","2026-06-04 02:00","-0.1"
"Trzic-Tank1","2026-06-04 03:00","-0.1"
"Trzic-Tank1","2026-06-04 04:00","-0.1"
"Trzic-Tank1","2026-06-04 05:00","-0.1"
"Trzic-Tank1","2026-06-04 06:00","-0.1"
"Trzic-Tank1","2026-06-04 07:00","-0.1"
"Trzic-Tank1","2026-06-04 08:00","-0.1"
"Trzic-Tank1","2026-06-04 09:00","-0.1"
"Trzic-Tank1","2026-06-04 10:00","-0.1"
"Trzic-Tank1","2026-06-04 11:00","-0.1"
"Trzic-Tank1","2026-06-04 12:00","-0.1"
"Trzic-Tank1","2026-06-04 13:00","-0.1"
"Trzic-Tank1","2026-06-04 14:00","-0.1"
"Trzic-Tank1","2026-06-04 15:00","-0.1"
"Trzic-Tank1","2026-06-04 16:00","-0.1"
"Trzic-Tank1","2026-06-04 17:00","-0.1"
"Trzic-Tank1","2026-06-04 18:00","-0.1"
"Trzic-Tank1","2026-06-04 19:00","-0.1"
"Trzic-Tank1","2026-06-04 20:00","-0.1"
"Trzic-Tank1","2026-06-04 21:00","-0.1"
"Trzic-Tank1","2026-06-04 22:00","-0.1"
"Trzic-Tank1","2026-06-04 23:00","-0.1"
"Trzic-Tank1","2026-06-05 00:00","-0.1"
"Trzic-Tank1","2026-06-05 01:00","-0.1"
"Trzic-Tank1","2026-06-05 02:00","-0.1"
"Trzic-Tank1","2026-06-05 03:00","-0.1"
"Trzic-Tank1","2026-06-05 04:00","-0.1"
"Trzic-Tank1","2026-06-05 05:00","-0.1"
"Trzic-Tank1","2026-06-05 06:00","-0.1"
"Trzic-Tank1","2026-06-05 07:00","-0.1"
"Trzic-Tank1","2026-06-05 08:00","-0.1"
"Trzic-Tank1","2026-06-05 09:00","-0.1"
"Trzic-Tank1","2026-06-05 10:00","-0.1"
"Trzic-Tank1","2026-06-05 11:00","-0.1"
"Trzic-Tank1","2026-06-05 12:00","-0.1"
"Trzic-Tank1","2026-06-05 13:00","-0.1"
"Trzic-Tank1","2026-06-05 14:00","-0.1"
"Trzic-Tank1","2026-06-05 15:00","-0.1"
"Trzic-Tank1","2026-06-05 16:00","-0.1"
"Trzic-Tank1","2026-06-05 17:00","-0.1"
"Trzic-Tank1","2026-06-05 18:00","-0.1"
"Trzic-Tank1","2026-06-05 19:00","-0.1"
"Trzic-Tank1","2026-06-05 20:00","-0.1"
"Trzic-Tank1","2026-06-05 21:00","-0.1"
"Trzic-Tank1","2026-06-05 22:00","-0.1"
"Trzic-Tank1","2026-06-05 23:00","-0.1"
"Trzic-Tank1","2026-06-06 00:00","-0.1"
"Trzic-Tank1","2026-06-06 01:00","-0.1"
"Trzic-Tank1","2026-06-06 02:00","-0.1"
"Trzic-Tank1","2026-06-06 03:00","-0.1"
"Trzic-Tank1","2026-06-06 04:00","-0.1"
"Trzic-Tank1","2026-06-06 05:00","-0.1"
"Trzic-Tank1","2026-06-06 06:00","-0.1"
"Trzic-Tank1","2026-06-06 07:00","-0.1"
"Trzic-Tank1","2026-06-06 08:00","-0.1"
"Trzic-Tank1","2026-06-06 09:00","-0.1"
"Trzic-Tank1","2026-06-06 10:00","-0.1"
"Trzic-Tank1","2026-06-06 11:00","-0.1"
"Trzic-Tank1","2026-06-06 12:00","-0.1"
"Trzic-Tank1","2026-06-06 13:00","-0.1"
"Trzic-Tank1","2026-06-06 14:00","-0.1"
"Trzic-Tank1","2026-06-06 15:00","-0.1"
"Trzic-Tank1","2026-06-06 16:00","-0.1"
"Trzic-Tank1","2026-06-06 17:00","-0.1"
"Trzic-Tank1","2026-06-06 18:00","-0.1"
"Trzic-Tank1","2026-06-06 19:00","-0.1"
"Trzic-Tank1","2026-06-06 20:00","-0.1"
"Trzic-Tank1","2026-06-06 21:00","-0.1"
"Trzic-Tank1","2026-06-06 22:00","-0.1"
"Trzic-Tank1","2026-06-06 23:00","-0.1"
"Trzic-Tank1","2026-06-07 00:00","-0.1"
"Trzic-Tank1","2026-06-07 01:00","-0.1"
"Trzic-Tank1","2026-06-07 02:00","-0.1"
"Trzic-Tank1","2026-06-07 03:00","-0.1"
"Trzic-Tank1","2026-06-07 04:00","-0.1"
"Trzic-Tank1","2026-06-07 05:00","-0.1"
"Trzic-Tank1","2026-06-07 06:00","-0.1"
"Trzic-Tank1","2026-06-07 07:00","-0.1"
"Trzic-Tank1","2026-06-07 08:00","-0.1"
"Trzic-Tank1","2026-06-07 09:00","-0.1"
"Trzic-Tank1","2026-06-07 10:00","-0.1"
"Trzic-Tank1","2026-06-07 11:00","-0.1"
"Trzic-Tank1","2026-06-07 12:00","-0.1"
"Trzic-Tank1","2026-06-07 13:00","-0.1"
"Trzic-Tank1","2026-06-07 14:00","-0.1"
"Trzic-Tank1","2026-06-07 15:00","-0.1"
"Trzic-Tank1","2026-06-07 16:00","-0.1"
"Trzic-Tank1","2026-06-07 17:00","-0.1"
"Trzic-Tank1","2026-06-07 18:00","-0.1"
"Trzic-Tank1","2026-06-07 19:00","-0.1"
"Trzic-Tank1","2026-06-07 20:00","-0.1"
"Trzic-Tank1","2026-06-07 21:00","-0.1"
"Trzic-Tank1","2026-06-07 22:00","-0.1"
"Trzic-Tank1","2026-06-07 23:00","-0.1"
"Trzic-Tank1","2026-06-08 00:00","-0.1"
"Trzic-Tank1","2026-06-08 01:00","-0.1"
"Trzic-Tank1","2026-06-08 02:00","-0.1"
"Trzic-Tank1","2026-06-08 03:00","-0.1"
"Trzic-Tank1","2026-06-08 04:00","-0.1"
"Trzic-Tank1","2026-06-08 05:00","-0.1"
"Trzic-Tank1","2026-06-08 06:00","-0.1"
"Trzic-Tank1","2026-06-08 07:00","-0.1"
"Trzic-Tank1","2026-06-08 08:00","-0.1"
"Trzic-Tank1","2026-06-08 09:00","-0.1"
"Trzic-Tank1","2026-06-08 10:00","-0.1"
"Trzic-Tank1","2026-06-08 11:00","-0.1"
"Trzic-Tank1","2026-06-08 12:00","-0.1"
"Trzic-Tank1","2026-06-08 13:00","-0.1"
"Trzic-Tank1","2026-06-08 14:00","-0.1"
"Trzic-Tank1","2026-06-08 15:00","-0.1"
"Trzic-Tank1","2026-06-08 16:00","-0.1"
"Trzic-Tank1","2026-06-08 17:00","-0.1"
"Trzic-Tank1","2026-06-08 18:00","-0.1"
"Trzic-Tank1","2026-06-08 19:00","-0.1"
"Trzic-Tank1","2026-06-08 20:00","-0.1"
"Trzic-Tank1","2026-06-08 21:00","-0.1"
"Trzic-Tank1","2026-06-08 22:00","-0.1"
"Trzic-Tank1","2026-06-08 23:00","-0.1"
"Trzic-Tank1","2026-06-09 00:00","-0.1"
"Trzic-Tank1","2026-06-09 01:00","-0.1"
"Trzic-Tank1","2026-06-09 02:00","-0.1"
"Trzic-Tank1","2026-06-09 03:00","-0.1"
"Trzic-Tank1","2026-06-09 04:00","-0.1"
"Trzic-Tank1","2026-06-09 05:00","-0.1"
"Trzic-Tank1","2026-06-09 06:00","-0.1"
"Trzic-Tank1","2026-06-09 07:00","-0.1"
"Trzic-Tank1","2026-06-09 08:00","-0.1"
"Trzic-Tank1","2026-06-09 09:00","-0.1"
"Trzic-Tank1","2026-06-09 10:00","-0.1"
"Trzic-Tank1","2026-06-09 11:00","-0.1"
"Trzic-Tank1","2026-06-09 12:00","-0.1"
"Trzic-Tank1","2026-06-09 13:00","-0.1"
"Trzic-Tank1","2026-06-09 14:00","-0.1"
"Trzic-Tank1","2026-06-09 15:00","-0.1"
"Trzic-Tank1","2026-06-09 16:00","-0.1"
"Trzic-Tank1","2026-06-09 17:00","-0.1"
"Trzic-Tank1","2026-06-09 18:00","-0.1"
"Trzic-Tank1","2026-06-09 19:00","-0.1"
"Trzic-Tank1","2026-06-09 20:00","-0.1"
"Trzic-Tank1","2026-06-09 21:00","-0.1"
"Trzic-Tank1","2026-06-09 22:00","-0.1"
"Trzic-Tank1","2026-06-09 23:00","-0.1"
"Trzic-Tank1","2026-06-10 00:00","-0.1"
"Trzic-Tank1","2026-06-10 01:00","-0.1"
"Trzic-Tank1","2026-06-10 02:00","-0.1"
"Trzic-Tank1","2026-06-10 03:00","-0.1"
"Trzic-Tank1","2026-06-10 04:00","-0.1"
"Trzic-Tank1","2026-06-10 05:00","-0.1"
"Trzic-Tank1","2026-06-10 06:00","-0.1"
"Trzic-Tank1","2026-06-10 07:00","-0.1"
"Trzic-Tank1","2026-06-10 08:00","-0.1"
"Trzic-Tank1","2026-06-10 09:00","-0.1"
"Trzic-Tank1","2026-06-10 10:00","-0.1"
"Trzic-Tank1","2026-06-10 11:00","-0.1"
"Trzic-Tank1","2026-06-10 12:00","-0.1"
"Trzic-Tank1","2026-06-10 13:00","-0.1"
"Trzic-Tank1","2026-06-10 14:00","-0.1"
"Trzic-Tank1","2026-06-10 15:00","-0.1"
"Trzic-Tank1","2026-06-10 16:00","-0.1"
"Trzic-Tank1","2026-06-10 17:00","-0.1"
"Trzic-Tank1","2026-06-10 18:00","-0.1"
"Trzic-Tank1","2026-06-10 19:00","-0.1"
"Trzic-Tank1","2026-06-10 20:00","-0.1"
"Trzic-Tank1","2026-06-10 21:00","-0.1"
"Trzic-Tank1","2026-06-10 22:00","-0.1"
"Trzic-Tank1","2026-06-10 23:00","-0.1"
"Trzic-Tank1","2026-06-11 00:00","-0.1"
"Trzic-Tank1","2026-06-11 01:00","-0.1"
"Trzic-Tank1","2026-06-11 02:00","-0.1"
"Trzic-Tank1","2026-06-11 03:00","-0.1"
"Trzic-Tank1","2026-06-11 04:00","-0.1"
"Trzic-Tank1","2026-06-11 05:00","-0.1"
"Trzic-Tank1","2026-06-11 06:00","-0.1"
"Trzic-Tank1","2026-06-11 07:00","-0.1"
"Trzic-Tank1","2026-06-11 08:00","-0.1"
"Trzic-Tank1","2026-06-11 09:00","-0.1"
"Trzic-Tank1","2026-06-11 10:00","-0.1"
"Trzic-Tank1","2026-06-11 11:00","-0.1"
"Trzic-Tank1","2026-06-11 12:00","-0.1"
"Trzic-Tank1","2026-06-11 13:00","-0.1"
"Trzic-Tank1","2026-06-11 14:00","-0.1"
"Trzic-Tank1","2026-06-11 15:00","-0.1"
"Trzic-Tank1","2026-06-11 16:00","-0.1"
"Trzic-Tank1","2026-06-11 17:00","-0.1"
"Trzic-Tank1","2026-06-11 18:00","-0.1"
"Trzic-Tank1","2026-06-11 19:00","-0.1"
"Trzic-Tank1","2026-06-11 20:00","-0.1"
"Trzic-Tank1","2026-06-11 21:00","-0.1"
"Trzic-Tank1","2026-06-11 22:00","-0.1"
"Trzic-Tank1","2026-06-11 23:00","-0.1"
"Trzic-Tank1","2026-06-12 00:00","-0.1"
"Trzic-Tank1","2026-06-12 01:00","-0.1"
"Trzic-Tank1","2026-06-12 02:00","-0.1"
"Trzic-Tank1","2026-06-12 03:00","-0.1"
"Trzic-Tank1","2026-06-12 04:00","-0.1"
"Trzic-Tank1","2026-06-12 05:00","-0.1"
"Trzic-Tank1","2026-06-12 06:00","-0.1"
"Trzic-Tank1","2026-06-12 07:00","-0.1"
"Trzic-Tank1","2026-06-12 08:00","-0.1"
"Trzic-Tank1","2026-06-12 09:00","-0.1"
"Trzic-Tank1","2026-06-12 10:00","-0.1"
"Trzic-Tank1","2026-06-12 11:00","-0.1"
"Trzic-Tank1","2026-06-12 12:00","-0.1"
"Trzic-Tank1","2026-06-12 13:00","-0.1"
"Trzic-Tank1","2026-06-12 14:00","-0.1"
"Trzic-Tank1","2026-06-12 15:00","-0.1"
"Trzic-Tank1","2026-06-12 16:00","-0.1"
"Trzic-Tank1","2026-06-12 17:00","-0.1"
"Trzic-Tank1","2026-06-12 18:00","-0.1"
"Trzic-Tank1","2026-06-12 19:00","-0.1"
"Trzic-Tank1","2026-06-12 20:00","-0.1"
"Trzic-Tank1","2026-06-12 21:00","-0.1"
"Trzic-Tank1","2026-06-12 22:00","-0.1"
"Trzic-Tank1","2026-06-12 23:00","-0.1"
"Trzic-Tank1","2026-06-13 00:00","-0.1"
"Trzic-Tank1","2026-06-13 01:00","-0.1"
"Trzic-Tank1","2026-06-13 02:00","-0.1"
"Trzic-Tank1","2026-06-13 03:00","-0.1"
"Trzic-Tank1","2026-06-13 04:00","-0.1"
"Trzic-Tank1","2026-06-13 05:00","-0.1"
"Trzic-Tank1","2026-06-13 06:00","-0.1"
"Trzic-Tank1","2026-06-13 07:00","-0.1"
"Trzic-Tank1","2026-06-13 08:00","-0.1"
"Trzic-Tank1","2026-06-13 09:00","-0.1"
"Trzic-Tank1","2026-06-13 10:00","-0.1"
"Trzic-Tank1","2026-06-13 11:00","-0.1"
"Trzic-Tank1","2026-06-13 12:00","-0.1"
"Trzic-Tank1","2026-06-13 13:00","-0.1"
"Trzic-Tank1","2026-06-13 14:00","-0.1"
"Trzic-Tank1","2026-06-13 15:00","-0.1"
"Trzic-Tank1","2026-06-13 16:00","-0.1"
"Trzic-Tank1","2026-06-13 17:00","-0.1"
"Trzic-Tank1","2026-06-13 18:00","-0.1"
"Trzic-Tank1","2026-06-13 19:00","-0.1"
"Trzic-Tank1","2026-06-13 20:00","-0.1"
"Trzic-Tank1","2026-06-13 21:00","-0.1"
"Trzic-Tank1","2026-06-13 22:00","-0.1"
"Trzic-Tank1","2026-06-13 23:00","-0.1"
"Trzic-Tank1","2026-06-14 00:00","-0.1"
"Trzic-Tank1","2026-06-14 01:00","-0.1"
"Trzic-Tank1","2026-06-14 02:00","-0.1"
"Trzic-Tank1","2026-06-14 03:00","-0.1"
"Trzic-Tank1","2026-06-14 04:00","-0.1"
"Trzic-Tank1","2026-06-14 05:00","-0.1"
"Trzic-Tank1","2026-06-14 06:00","-0.1"
"Trzic-Tank1","2026-06-14 07:00","-0.1"
"Trzic-Tank1","2026-06-14 08:00","-0.1"
"Trzic-Tank1","2026-06-14 09:00","-0.1"
"Trzic-Tank1","2026-06-14 10:00","-0.1"
"Trzic-Tank1","2026-06-14 11:00","-0.1"
"Trzic-Tank1","2026-06-14 12:00","-0.1"
"Trzic-Tank1","2026-06-14 13:00","-0.1"
"Trzic-Tank1","2026-06-14 14:00","-0.1"
"Trzic-Tank1","2026-06-14 15:00","-0.1"
"Trzic-Tank1","2026-06-14 16:00","-0.1"
"Trzic-Tank1","2026-06-14 17:00","-0.1"
"Trzic-Tank1","2026-06-14 18:00","-0.1"
"Trzic-Tank1","2026-06-14 19:00","-0.1"
"Trzic-Tank1","2026-06-14 20:00","-0.1"
"Trzic-Tank1","2026-06-14 21:00","-0.1"
"Trzic-Tank1","2026-06-14 22:00","-0.1"
"Trzic-Tank1","2026-06-14 23:00","-0.1"
"Trzic-Tank1","2026-06-15 00:00","-0.1"
"Trzic-Tank1","2026-06-15 01:00","-0.1"
"Trzic-Tank1","2026-06-15 02:00","-0.1"
"Trzic-Tank1","2026-06-15 03:00","-0.1"
"Trzic-Tank1","2026-06-15 04:00","-0.1"
"Trzic-Tank1","2026-06-15 05:00","-0.1"
"Trzic-Tank1","2026-06-15 06:00","-0.1"
"Trzic-Tank1","2026-06-15 07:00","-0.1"
"Trzic-Tank1","2026-06-15 08:00","-0.1"
"Trzic-Tank1","2026-06-15 09:00","-0.1"
"Trzic-Tank1","2026-06-15 10:00","-0.1"
"Trzic-Tank1","2026-06-15 11:00","-0.1"
"Trzic-Tank1","2026-06-15 12:00","-0.1"
"Trzic-Tank1","2026-06-15 13:00","-0.1"
"Trzic-Tank1","2026-06-15 14:00","-0.1"
"Trzic-Tank1","2026-06-15 15:00","-0.1"
"Trzic-Tank1","2026-06-15 16:00","-0.1"
"Trzic-Tank1","2026-06-15 17:00","-0.1"
"Trzic-Tank1","2026-06-15 18:00","-0.1"
"Trzic-Tank1","2026-06-15 19:00","-0.1"
"Trzic-Tank1","2026-06-15 20:00","-0.1"
"Trzic-Tank1","2026-06-15 21:00","-0.1"
"Trzic-Tank1","2026-06-15 22:00","-0.1"
"Trzic-Tank1","2026-06-15 23:00","-0.1"
"Trzic-Tank1","2026-06-16 00:00","-0.1"
"Trzic-Tank1","2026-06-16 01:00","-0.1"
"Trzic-Tank1","2026-06-16 02:00","-0.1"
"Trzic-Tank1","2026-06-16 03:00","-0.1"
"Trzic-Tank1","2026-06-16 04:00","-0.1"
"Trzic-Tank1","2026-06-16 05:00","-0.1"
"Trzic-Tank1","2026-06-16 06:00","-0.1"
"Trzic-Tank1","2026-06-16 07:00","-0.1"
"Trzic-Tank1","2026-06-16 08:00","-0.1"
"Trzic-Tank1","2026-06-16 09:00","-0.1"
"Trzic-Tank1","2026-06-16 10:00","-0.1"
"Trzic-Tank1","2026-06-16 11:00","-0.1"
"Trzic-Tank1","2026-06-16 12:00","-0.1"
"Trzic-Tank1","2026-06-16 13:00","-0.1"
"Trzic-Tank1","2026-06-16 14:00","-0.1"
"Trzic-Tank1","2026-06-16 15:00","-0.1"
"Trzic-Tank1","2026-06-16 16:00","-0.1"
"Trzic-Tank1","2026-06-16 17:00","-0.1"
"Trzic-Tank1","2026-06-16 18:00","-0.1"
"Trzic-Tank1","2026-06-16 19:00","-0.1"
"Trzic-Tank1","2026-06-16 20:00","-0.1"
"Trzic-Tank1","2026-06-16 21:00","-0.1"
"Trzic-Tank1","2026-06-16 22:00","-0.1"
"Trzic-Tank1","2026-06-16 23:00","-0.1"
"Trzic-Tank1","2026-06-17 00:00","-0.1"
"Trzic-Tank1","2026-06-17 01:00","-0.1"
"Trzic-Tank1","2026-06-17 02:00","-0.1"
"Trzic-Tank1","2026-06-17 03:00","-0.1"
"Trzic-Tank1","2026-06-17 04:00","-0.1"
"Trzic-Tank1","2026-06-17 05:00","-0.1"
"Trzic-Tank1","2026-06-17 06:00","-0.1"
"Trzic-Tank1","2026-06-17 07:00","-0.1"
"Trzic-Tank1","2026-06-17 08:00","-0.1"
"Trzic-Tank1","2026-06-17 09:00","-0.1"
"Trzic-Tank1","2026-06-17 10:00","-0.1"
"Trzic-Tank1","2026-06-17 11:00","-0.1"
"Trzic-Tank1","2026-06-17 12:00","-0.1"
"Trzic-Tank1","2026-06-17 13:00","-0.1"
"Trzic-Tank1","2026-06-17 14:00","-0.1"
"Trzic-Tank1","2026-06-17 15:00","-0.1"
"Trzic-Tank1","2026-06-17 16:00","-0.1"
"Trzic-Tank1","2026-06-17 17:00","-0.1"
"Trzic-Tank1","2026-06-17 18:00","-0.1"
"Trzic-Tank1","2026-06-17 19:00","-0.1"
"Trzic-Tank1","2026-06-17 20:00","-0.1"
"Trzic-Tank1","2026-06-17 21:00","-0.1"
"Trzic-Tank1","2026-06-17 22:00","-0.1"
"Trzic-Tank1","2026-06-17 23:00","-0.1"
"Trzic-Tank1","2026-06-18 00:00","-0.1"
"Trzic-Tank1","2026-06-18 01:00","-0.1"
"Trzic-Tank1","2026-06-18 02:00","-0.1"
"Trzic-Tank1","2026-06-18 03:00","-0.1"
"Trzic-Tank1","2026-06-18 04:00","-0.1"
"Trzic-Tank1","2026-06-18 05:00","-0.1"
"Trzic-Tank1","2026-06-18 06:00","-0.1"
"Trzic-Tank1","2026-06-18 07:00","-0.1"
"Trzic-Tank1","2026-06-18 08:00","-0.1"
"Trzic-Tank1","2026-06-18 09:00","-0.1"
"Trzic-Tank1","2026-06-18 10:00","-0.1"
"Trzic-Tank1","2026-06-18 11:00","-0.1"
"Trzic-Tank1","2026-06-18 12:00","-0.1"
"Trzic-Tank1","2026-06-18 13:00","-0.1"
"Trzic-Tank1","2026-06-18 14:00","-0.1"
"Trzic-Tank1","2026-06-18 15:00","-0.1"
"Trzic-Tank1","2026-06-18 16:00","-0.1"
"Trzic-Tank1","2026-06-18 17:00","-0.1"
"Trzic-Tank1","2026-06-18 18:00","-0.1"
"Trzic-Tank1","2026-06-18 19:00","-0.1"
"Trzic-Tank1","2026-06-18 20:00","-0.1"
"Trzic-Tank1","2026-06-18 21:00","-0.1"
"Trzic-Tank1","2026-06-18 22:00","-0.1"
"Trzic-Tank1","2026-06-18 23:00","-0.1"
"Trzic-Tank1","2026-06-19 00:00","-0.1"
"Trzic-Tank1","2026-06-19 01:00","-0.1"
"Trzic-Tank1","2026-06-19 02:00","-0.1"
"Trzic-Tank1","2026-06-19 03:00","-0.1"
"Trzic-Tank1","2026-06-19 04:00","-0.1"
"Trzic-Tank1","2026-06-19 05:00","-0.1"
"Trzic-Tank1","2026-06-19 06:00","-0.1"
"Trzic-Tank1","2026-06-19 07:00","-0.1"
"Trzic-Tank1","2026-06-19 08:00","-0.1"
"Trzic-Tank1","2026-06-19 09:00","-0.1"
"Trzic-Tank1","2026-06-19 10:00","-0.1"
"Trzic-Tank1","2026-06-19 11:00","-0.1"
"Trzic-Tank1","2026-06-19 12:00","-0.1"
"Trzic-Tank1","2026-06-19 13:00","-0.1"
"Trzic-Tank1","2026-06-19 14:00","-0.1"
"Trzic-Tank1","2026-06-19 15:00","-0.1"
"Trzic-Tank1","2026-06-19 16:00","-0.1"
"Trzic-Tank1","2026-06-19 17:00","-0.1"
"Trzic-Tank1","2026-06-19 18:00","-0.1"
"Trzic-Tank1","2026-06-19 19:00","-0.1"
"Trzic-Tank1","2026-06-19 20:00","-0.1"
"Trzic-Tank1","2026-06-19 21:00","-0.1"
"Trzic-Tank1","2026-06-19 22:00","-0.1"
"Trzic-Tank1","2026-06-19 23:00","-0.1"
"Trzic-Tank1","2026-06-20 00:00","-0.1"
"Trzic-Tank1","2026-06-20 01:00","-0.1"
"Trzic-Tank1","2026-06-20 02:00","-0.1"
"Trzic-Tank1","2026-06-20 03:00","-0.1"
"Trzic-Tank1","2026-06-20 04:00","-0.1"
"Trzic-Tank1","2026-06-20 05:00","-0.1"
"Trzic-Tank1","2026-06-20 06:00","-0.1"
"Trzic-Tank1","2026-06-20 07:00","-0.1"
"Trzic-Tank1","2026-06-20 08:00","-0.1"
"Trzic-Tank1","2026-06-20 09:00","-0.1"
"Trzic-Tank1","2026-06-20 10:00","-0.1"
"Trzic-Tank1","2026-06-20 11:00","-0.1"
"Trzic-Tank1","2026-06-20 12:00","-0.1"
"Trzic-Tank1","2026-06-20 13:00","-0.1"
"Trzic-Tank1","2026-06-20 14:00","-0.1"
"Trzic-Tank1","2026-06-20 15:00","-0.1"
"Trzic-Tank1","2026-06-20 16:00","-0.1"
"Trzic-Tank1","2026-06-20 17:00","-0.1"
"Trzic-Tank1","2026-06-20 18:00","-0.1"
"Trzic-Tank1","2026-06-20 19:00","-0.1"
"Trzic-Tank1","2026-06-20 20:00","-0.1"
"Trzic-Tank1","2026-06-20 21:00","-0.1"
"Trzic-Tank1","2026-06-20 22:00","-0.1"
"Trzic-Tank1","2026-06-20 23:00","-0.1"
"Trzic-Tank1","2026-06-21 00:00","-0.1"
"Trzic-Tank1","2026-06-21 01:00","-0.1"
"Trzic-Tank1","2026-06-21 02:00","-0.1"
"Trzic-Tank1","2026-06-21 03:00","-0.1"
"Trzic-Tank1","2026-06-21 04:00","-0.1"
"Trzic-Tank1","2026-06-21 05:00","-0.1"
"Trzic-Tank1","2026-06-21 06:00","-0.1"
"Trzic-Tank1","2026-06-21 07:00","-0.1"
"Trzic-Tank1","2026-06-21 08:00","-0.1"
"Trzic-Tank1","2026-06-21 09:00","-0.1"
"Trzic-Tank1","2026-06-21 10:00","-0.1"
"Trzic-Tank1","2026-06-21 11:00","-0.1"
"Trzic-Tank1","2026-06-21 12:00","-0.1"
"Trzic-Tank1","2026-06-21 13:00","-0.1"
"Trzic-Tank1","2026-06-21 14:00","-0.1"
"Trzic-Tank1","2026-06-21 15:00","-0.1"
"Trzic-Tank1","2026-06-21 16:00","-0.1"
"Trzic-Tank1","2026-06-21 17:00","-0.1"
"Trzic-Tank1","2026-06-21 18:00","-0.1"
"Trzic-Tank1","2026-06-21 19:00","-0.1"
"Trzic-Tank1","2026-06-21 20:00","-0.1"
"Trzic-Tank1","2026-06-21 21:00","-0.1"
"Trzic-Tank1","2026-06-21 22:00","-0.1"
"Trzic-Tank1","2026-06-21 23:00","-0.1"
"Trzic-Tank1","2026-06-22 00:00","-0.1"
"Trzic-Tank1","2026-06-22 01:00","-0.1"
"Trzic-Tank1","2026-06-22 02:00","-0.1"
"Trzic-Tank1","2026-06-22 03:00","-0.1"
"Trzic-Tank1","2026-06-22 04:00","-0.1"
"Trzic-Tank1","2026-06-22 05:00","-0.1"
"Trzic-Tank1","2026-06-22 06:00","-0.1"
"Trzic-Tank1","2026-06-22 07:00","-0.1"
"Trzic-Tank1","2026-06-22 08:00","-0.1"
"Trzic-Tank1","2026-06-22 09:00","-0.1"
"Trzic-Tank1","2026-06-22 10:00","-0.1"
"Trzic-Tank1","2026-06-22 11:00","-0.1"
"Trzic-Tank1","2026-06-22 12:00","-0.1"
"Trzic-Tank1","2026-06-22 13:00","-0.1"
"Trzic-Tank1","2026-06-22 14:00","-0.1"
"Trzic-Tank1","2026-06-22 15:00","-0.1"
"Trzic-Tank1","2026-06-22 16:00","-0.1"
"Trzic-Tank1","2026-06-22 17:00","-0.1"
"Trzic-Tank1","2026-06-22 18:00","-0.1"
"Trzic-Tank1","2026-06-22 19:00","-0.1"
"Trzic-Tank1","2026-06-22 20:00","-0.1"
"Trzic-Tank1","2026-06-22 21:00","-0.1"
"Trzic-Tank1","2026-06-22 22:00","-0.1"
"Trzic-Tank1","2026-06-22 23:00","-0.1"
"Trzic-Tank1","2026-06-23 00:00","-0.1"
"Trzic-Tank1","2026-06-23 01:00","-0.1"
"Trzic-Tank1","2026-06-23 02:00","-0.1"
"Trzic-Tank1","2026-06-23 03:00","-0.1"
"Trzic-Tank1","2026-06-23 04:00","-0.1"
"Trzic-Tank1","2026-06-23 05:00","-0.1"
"Trzic-Tank1","2026-06-23 06:00","-0.1"
"Trzic-Tank1","2026-06-23 07:00","-0.1"
"Trzic-Tank1","2026-06-23 08:00","-0.1"
"Trzic-Tank1","2026-06-23 09:00","-0.1"
"Trzic-Tank1","2026-06-23 10:00","-0.1"
"Trzic-Tank1","2026-06-23 11:00","-0.1"
"Trzic-Tank1","2026-06-23 12:00","-0.1"
"Trzic-Tank1","2026-06-23 13:00","-0.1"
"Trzic-Tank1","2026-06-23 14:00","-0.1"
"Trzic-Tank1","2026-06-23 15:00","-0.1"
"Trzic-Tank1","2026-06-23 16:00","-0.1"
"Trzic-Tank1","2026-06-23 17:00","-0.1"
"Trzic-Tank1","2026-06-23 18:00","-0.1"
"Trzic-Tank1","2026-06-23 19:00","-0.1"
"Trzic-Tank1","2026-06-23 20:00","-0.1"
"Trzic-Tank1","2026-06-23 21:00","-0.1"
"Trzic-Tank1","2026-06-23 22:00","-0.1"
"Trzic-Tank1","2026-06-23 23:00","-0.1"
"Trzic-Tank1","2026-06-24 00:00","-0.1"
"Trzic-Tank1","2026-06-24 01:00","-0.1"
"Trzic-Tank1","2026-06-24 02:00","-0.1"
"Trzic-Tank1","2026-06-24 03:00","-0.1"
"Trzic-Tank1","2026-06-24 04:00","-0.1"
"Trzic-Tank1","2026-06-24 05:00","-0.1"
"Trzic-Tank1","2026-06-24 06:00","-0.1"
"Trzic-Tank1","2026-06-24 07:00","-0.1"
"Trzic-Tank1","2026-06-24 08:00","-0.1"
"Trzic-Tank1","2026-06-24 09:00","-0.1"
"Trzic-Tank1","2026-06-24 10:00","-0.1"
"Trzic-Tank1","2026-06-24 11:00","-0.1"
"Trzic-Tank1","2026-06-24 12:00","-0.1"
"Trzic-Tank1","2026-06-24 13:00","-0.1"
"Trzic-Tank1","2026-06-24 14:00","-0.1"
"Trzic-Tank1","2026-06-24 15:00","-0.1"
"Trzic-Tank1","2026-06-24 16:00","-0.1"
"Trzic-Tank1","2026-06-24 17:00","-0.1"
"Trzic-Tank1","2026-06-24 18:00","-0.1"
"Trzic-Tank1","2026-06-24 19:00","-0.1"
"Trzic-Tank1","2026-06-24 20:00","-0.1"
"Trzic-Tank1","2026-06-24 21:00","-0.1"
"Trzic-Tank1","2026-06-24 22:00","-0.1"
"Trzic-Tank1","2026-06-24 23:00","-0.1"
"Trzic-Tank1","2026-06-25 00:00","-0.1"
"Trzic-Tank1","2026-06-25 01:00","-0.1"
"Trzic-Tank1","2026-06-25 02:00","-0.1"
"Trzic-Tank1","2026-06-25 03:00","-0.1"
"Trzic-Tank1","2026-06-25 04:00","-0.1"
"Trzic-Tank1","2026-06-25 05:00","-0.1"
"Trzic-Tank1","2026-06-25 06:00","-0.1"
"Trzic-Tank1","2026-06-25 07:00","-0.1"
"Trzic-Tank1","2026-06-25 08:00","-0.1"
"Trzic-Tank1","2026-06-25 09:00","-0.1"
"Trzic-Tank1","2026-06-25 10:00","-0.1"
"Trzic-Tank1","2026-06-25 11:00","-0.1"
"Trzic-Tank1","2026-06-25 12:00","-0.1"
"Trzic-Tank1","2026-06-25 13:00","-0.1"
"Trzic-Tank1","2026-06-25 14:00","-0.1"
"Trzic-Tank1","2026-06-25 15:00","-0.1"
"Trzic-Tank1","2026-06-25 16:00","-0.1"
"Trzic-Tank1","2026-06-25 17:00","-0.1"
"Trzic-Tank1","2026-06-25 18:00","-0.1"
"Trzic-Tank1","2026-06-25 19:00","-0.1"
"Trzic-Tank1","2026-06-25 20:00","-0.1"
"Trzic-Tank1","2026-06-25 21:00","-0.1"
"Trzic-Tank1","2026-06-25 22:00","-0.1"
"Trzic-Tank1","2026-06-25 23:00","-0.1"
"Trzic-Tank1","2026-06-26 00:00","-0.1"
"Trzic-Tank1","2026-06-26 01:00","-0.1"
"Trzic-Tank1","2026-06-26 02:00","-0.1"
"Trzic-Tank1","2026-06-26 03:00","-0.1"
"Trzic-Tank1","2026-06-26 04:00","-0.1"
"Trzic-Tank1","2026-06-26 05:00","-0.1"
"Trzic-Tank1","2026-06-26 06:00","-0.1"
"Trzic-Tank1","2026-06-26 07:00","-0.1"
"Trzic-Tank1","2026-06-26 08:00","-0.1"
"Trzic-Tank1","2026-06-26 09:00","-0.1"
"Trzic-Tank1","2026-06-26 10:00","-0.1"
"Trzic-Tank1","2026-06-26 11:00","-0.1"
"Trzic-Tank1","2026-06-26 12:00","-0.1"
"Trzic-Tank1","2026-06-26 13:00","-0.1"
"Trzic-Tank1","2026-06-26 14:00","-0.1"
"Trzic-Tank1","2026-06-26 15:00","-0.1"
"Trzic-Tank1","2026-06-26 16:00","-0.1"
"Trzic-Tank1","2026-06-26 17:00","-0.1"
"Trzic-Tank1","2026-06-26 18:00","-0.1"
"Trzic-Tank1","2026-06-26 19:00","-0.1"
"Trzic-Tank1","2026-06-26 20:00","-0.1"
"Trzic-Tank1","2026-06-26 21:00","-0.1"
"Trzic-Tank1","2026-06-26 22:00","-0.1"
"Trzic-Tank1","2026-06-26 23:00","-0.1"
"Trzic-Tank1","2026-06-27 00:00","-0.1"
"Trzic-Tank1","2026-06-27 01:00","-0.1"
"Trzic-Tank1","2026-06-27 02:00","-0.1"
"Trzic-Tank1","2026-06-27 03:00","-0.1"
"Trzic-Tank1","2026-06-27 04:00","-0.1"
"Trzic-Tank1","2026-06-27 05:00","-0.1"
"Trzic-Tank1","2026-06-27 06:00","-0.1"
"Trzic-Tank1","2026-06-27 07:00","-0.1"
"Trzic-Tank1","2026-06-27 08:00","-0.1"
"Trzic-Tank1","2026-06-27 09:00","-0.1"
"Trzic-Tank1","2026-06-27 10:00","-0.1"
"Trzic-Tank1","2026-06-27 11:00","-0.1"
"Trzic-Tank1","2026-06-27 12:00","-0.1"
"Trzic-Tank1","2026-06-27 13:00","-0.1"
"Trzic-Tank1","2026-06-27 14:00","-0.1"
"Trzic-Tank1","2026-06-27 15:00","-0.1"
"Trzic-Tank1","2026-06-27 16:00","-0.1"
"Trzic-Tank1","2026-06-27 17:00","-0.1"
"Trzic-Tank1","2026-06-27 18:00","-0.1"
"Trzic-Tank1","2026-06-27 19:00","-0.1"
"Trzic-Tank1","2026-06-27 20:00","-0.1"
"Trzic-Tank1","2026-06-27 21:00","-0.1"
"Trzic-Tank1","2026-06-27 22:00","-0.1"
"Trzic-Tank1","2026-06-27 23:00","-0.1"
"Trzic-Tank1","2026-06-28 00:00","-0.1"
"Trzic-Tank1","2026-06-28 01:00","-0.1"
"Trzic-Tank1","2026-06-28 02:00","-0.1"
"Trzic-Tank1","2026-06-28 03:00","-0.1"
"Trzic-Tank1","2026-06-28 04:00","-0.1"
"Trzic-Tank1","2026-06-28 05:00","-0.1"
"Trzic-Tank1","2026-06-28 06:00","-0.1"
"Trzic-Tank1","2026-06-28 07:00","-0.1"
"Trzic-Tank1","2026-06-28 08:00","-0.1"
"Trzic-Tank1","2026-06-28 09:00","-0.1"
"Trzic-Tank1","2026-06-28 10:00","-0.1"
"Trzic-Tank1","2026-06-28 11:00","-0.1"
"Trzic-Tank1","2026-06-28 12:00","-0.1"
"Trzic-Tank1","2026-06-28 13:00","-0.1"
"Trzic-Tank1","2026-06-28 14:00","-0.1"
"Trzic-Tank1","2026-06-28 15:00","-0.1"
"Trzic-Tank1","2026-06-28 16:00","-0.1"
"Trzic-Tank1","2026-06-28 17:00","-0.1"
"Trzic-Tank1","2026-06-28 18:00","-0.1"
"Trzic-Tank1","2026-06-28 19:00","-0.1"
"Trzic-Tank1","2026-06-28 20:00","-0.1"
"Trzic-Tank1","2026-06-28 21:00","-0.1"
"Trzic-Tank1","2026-06-28 22:00","-0.1"
"Trzic-Tank1","2026-06-28 23:00","-0.1"
"Trzic-Tank1","2026-06-29 00:00","-0.1"
"Trzic-Tank1","2026-06-29 01:00","-0.1"
"Trzic-Tank1","2026-06-29 02:00","-0.1"
"Trzic-Tank1","2026-06-29 03:00","-0.1"
"Trzic-Tank1","2026-06-29 04:00","-0.1"
"Trzic-Tank1","2026-06-29 05:00","-0.1"
"Trzic-Tank1","2026-06-29 06:00","-0.1"
"Trzic-Tank1","2026-06-29 07:00","-0.1"
"Trzic-Tank1","2026-06-29 08:00","-0.1"
"Trzic-Tank1","2026-06-29 09:00","-0.1"
"Trzic-Tank1","2026-06-29 10:00","-0.1"
"Trzic-Tank1","2026-06-29 11:00","-0.1"
"Trzic-Tank1","2026-06-29 12:00","-0.1"
"Trzic-Tank1","2026-06-29 13:00","-0.1"
"Trzic-Tank1","2026-06-29 14:00","-0.1"
"Trzic-Tank1","2026-06-29 15:00","-0.1"
"Trzic-Tank1","2026-06-29 16:00","-0.1"
"Trzic-Tank1","2026-06-29 17:00","-0.1"
"Trzic-Tank1","2026-06-29 18:00","-0.1"
"Trzic-Tank1","2026-06-29 19:00","-0.1"
"Trzic-Tank1","2026-06-29 20:00","-0.1"
"Trzic-Tank1","2026-06-29 21:00","-0.1"
"Trzic-Tank1","2026-06-29 22:00","-0.1"
"Trzic-Tank1","2026-06-29 23:00","-0.1"
"Trzic-Tank1","2026-06-30 00:00","-0.1"
"Trzic-Tank1","2026-06-30 01:00","-0.1"
"Trzic-Tank1","2026-06-30 02:00","-0.1"
"Trzic-Tank1","2026-06-30 03:00","-0.1"
"Trzic-Tank1","2026-06-30 04:00","-0.1"
"Trzic-Tank1","2026-06-30 05:00","-0.1"
"Trzic-Tank1","2026-06-30 06:00","-0.1"
"Trzic-Tank1","2026-06-30 07:00","-0.1"
"Trzic-Tank1","2026-06-30 08:00","-0.1"
"Trzic-Tank1","2026-06-30 09:00","-0.1"
"Trzic-Tank1","2026-06-30 10:00","-0.1"
"Trzic-Tank1","2026-06-30 11:00","-0.1"
"Trzic-Tank1","2026-06-30 12:00","-0.1"
"Trzic-Tank1","2026-06-30 13:00","-0.1"
"Trzic-Tank1","2026-06-30 14:00","-0.1"
"Trzic-Tank1","2026-06-30 15:00","-0.1"
"Trzic-Tank1","2026-06-30 16:00","-0.1"
"Trzic-Tank1","2026-06-30 17:00","-0.1"
"Trzic-Tank1","2026-06-30 18:00","-0.1"
"Trzic-Tank1","2026-06-30 19:00","-0.1"
"Trzic-Tank1","2026-06-30 20:00","-0.1"
"Trzic-Tank1","2026-06-30 21:00","-0.1"
"Trzic-Tank1","2026-06-30 22:00","-0.1"
"Trzic-Tank1","2026-06-30 23:00",
"Trzic-Tank1","2026-07-01 00:00",
"Trzic-Tank1","2026-07-01 01:00",
"Trzic-Tank1","2026-07-01 02:00",
"Trzic-Tank1","2026-07-01 03:00",
"Trzic-Tank1","2026-07-01 04:00",
"Trzic-Tank1","2026-07-01 05:00",
"Trzic-Tank1","2026-07-01 06:00",
"Trzic-Tank1","2026-07-01 07:00",
"Trzic-Tank1","2026-07-01 08:00",
"Trzic-Tank1","2026-07-01 09:00","-0.1"
"Trzic-Tank1","2026-07-01 10:00","-0.1"
"Trzic-Tank1","2026-07-01 11:00","-0.1"
"Trzic-Tank1","2026-07-01 12:00","-0.1"
"Trzic-Tank1","2026-07-01 13:00","-0.1"
"Trzic-Tank1","2026-07-01 14:00","-0.1"
"Trzic-Tank1","2026-07-01 15:00","-0.1"
"Trzic-Tank1","2026-07-01 16:00","-0.1"
"Trzic-Tank1","2026-07-01 17:00","-0.1"
"Trzic-Tank1","2026-07-01 18:00","-0.1"
"Trzic-Tank1","2026-07-01 19:00","-0.1"
"Trzic-Tank1","2026-07-01 20:00","-0.1"
"Trzic-Tank1","2026-07-01 21:00","-0.1"
"Trzic-Tank1","2026-07-01 22:00","-0.1"
"Trzic-Tank1","2026-07-01 23:00","-0.1"
"Trzic-Tank1","2026-07-02 00:00","-0.1"
"Trzic-Tank1","2026-07-02 01:00","-0.1"
"Trzic-Tank1","2026-07-02 02:00","-0.1"
"Trzic-Tank1","2026-07-02 03:00","-0.1"
"Trzic-Tank1","2026-07-02 04:00","-0.1"
"Trzic-Tank1","2026-07-02 05:00","-0.1"
"Trzic-Tank1","2026-07-02 06:00","-0.1"
"Trzic-Tank1","2026-07-02 07:00","-0.1"
"Trzic-Tank1","2026-07-02 08:00","-0.1"
"Trzic-Tank1","2026-07-02 09:00","-0.1"
"Trzic-Tank1","2026-07-02 10:00","-0.1"
"Trzic-Tank1","2026-07-02 11:00","-0.1"
"Trzic-Tank1","2026-07-02 12:00","-0.1"
"Trzic-Tank1","2026-07-02 13:00","-0.1"
"Trzic-Tank1","2026-07-02 14:00","-0.1"
"Trzic-Tank1","2026-07-02 15:00","-0.1"
"Trzic-Tank1","2026-07-02 16:00","-0.1"
"Trzic-Tank1","2026-07-02 17:00","-0.1"
"Trzic-Tank1","2026-07-02 18:00","-0.1"
"Trzic-Tank1","2026-07-02 19:00","-0.1"
"Trzic-Tank1","2026-07-02 20:00","-0.1"
"Trzic-Tank1","2026-07-02 21:00","-0.1"
"Trzic-Tank1","2026-07-02 22:00","-0.1"
"Trzic-Tank1","2026-07-02 23:00","-0.1"
"Trzic-Tank1","2026-07-03 00:00","-0.1"
"Trzic-Tank1","2026-07-03 01:00","-0.1"
"Trzic-Tank1","2026-07-03 02:00","-0.1"
"Trzic-Tank1","2026-07-03 03:00","-0.1"
"Trzic-Tank1","2026-07-03 04:00","-0.1"
"Trzic-Tank1","2026-07-03 05:00","-0.1"
"Trzic-Tank1","2026-07-03 06:00","-0.1"
"Trzic-Tank1","2026-07-03 07:00","-0.1"
"Trzic-Tank1","2026-07-03 08:00","-0.1"
"Trzic-Tank1","2026-07-03 09:00","-0.1"
"Trzic-Tank1","2026-07-03 10:00","-0.1"
"Trzic-Tank1","2026-07-03 11:00","-0.1"
"Trzic-Tank1","2026-07-03 12:00","-0.1"
"Trzic-Tank1","2026-07-03 13:00","-0.1"
"Trzic-Tank1","2026-07-03 14:00","-0.1"
"Trzic-Tank1","2026-07-03 15:00","-0.1"
"Trzic-Tank1","2026-07-03 16:00","-0.1"
"Trzic-Tank1","2026-07-03 17:00","-0.1"
"Trzic-Tank1","2026-07-03 18:00","-0.1"
"Trzic-Tank1","2026-07-03 19:00","-0.1"
"Trzic-Tank1","2026-07-03 20:00","-0.1"
"Trzic-Tank1","2026-07-03 21:00","-0.1"
"Trzic-Tank1","2026-07-03 22:00","-0.1"
"Trzic-Tank1","2026-07-03 23:00","-0.1"
"Trzic-Tank1","2026-07-04 00:00","-0.1"
"Trzic-Tank1","2026-07-04 01:00","-0.1"
"Trzic-Tank1","2026-07-04 02:00","-0.1"
"Trzic-Tank1","2026-07-04 03:00","-0.1"
"Trzic-Tank1","2026-07-04 04:00","-0.1"
"Trzic-Tank1","2026-07-04 05:00","-0.1"
"Trzic-Tank1","2026-07-04 06:00","-0.1"
"Trzic-Tank1","2026-07-04 07:00","-0.1"
"Trzic-Tank1","2026-07-04 08:00","-0.1"
"Trzic-Tank1","2026-07-04 09:00","-0.1"
"Trzic-Tank1","2026-07-04 10:00","-0.1"
"Trzic-Tank1","2026-07-04 11:00","-0.1"
"Trzic-Tank1","2026-07-04 12:00","-0.1"
"Trzic-Tank1","2026-07-04 13:00","-0.1"
"Trzic-Tank1","2026-07-04 14:00","-0.1"
"Trzic-Tank1","2026-07-04 15:00","-0.1"
"Trzic-Tank1","2026-07-04 16:00","-0.1"
"Trzic-Tank1","2026-07-04 17:00","-0.1"
"Trzic-Tank1","2026-07-04 18:00","-0.1"
"Trzic-Tank1","2026-07-04 19:00","-0.1"
"Trzic-Tank1","2026-07-04 20:00","-0.1"
"Trzic-Tank1","2026-07-04 21:00","-0.1"
"Trzic-Tank1","2026-07-04 22:00","-0.1"
"Trzic-Tank1","2026-07-04 23:00","-0.1"
"Trzic-Tank1","2026-07-05 00:00","-0.1"
"Trzic-Tank1","2026-07-05 01:00","-0.1"
"Trzic-Tank1","2026-07-05 02:00","-0.1"
"Trzic-Tank1","2026-07-05 03:00","-0.1"
"Trzic-Tank1","2026-07-05 04:00","-0.1"
"Trzic-Tank1","2026-07-05 05:00","-0.1"
"Trzic-Tank1","2026-07-05 06:00","-0.1"
"Trzic-Tank1","2026-07-05 07:00","-0.1"
"Trzic-Tank1","2026-07-05 08:00","-0.1"
"Trzic-Tank1","2026-07-05 09:00","-0.1"
"Trzic-Tank1","2026-07-05 10:00","-0.1"
"Trzic-Tank1","2026-07-05 11:00","-0.1"
"Trzic-Tank1","2026-07-05 12:00","-0.1"
"Trzic-Tank1","2026-07-05 13:00","-0.1"
"Trzic-Tank1","2026-07-05 14:00","-0.1"
"Trzic-Tank1","2026-07-05 15:00","-0.1"
"Trzic-Tank1","2026-07-05 16:00","-0.1"
"Trzic-Tank1","2026-07-05 17:00","-0.1"
"Trzic-Tank1","2026-07-05 18:00","-0.1"
"Trzic-Tank1","2026-07-05 19:00","-0.1"
"Trzic-Tank1","2026-07-05 20:00","-0.1"
"Trzic-Tank1","2026-07-05 21:00","-0.1"
"Trzic-Tank1","2026-07-05 22:00","-0.1"
"Trzic-Tank1","2026-07-05 23:00","-0.1"
"Trzic-Tank1","2026-07-06 00:00","-0.1"
"Trzic-Tank1","2026-07-06 01:00","-0.1"
"Trzic-Tank1","2026-07-06 02:00","-0.1"
"Trzic-Tank1","2026-07-06 03:00","-0.1"
"Trzic-Tank1","2026-07-06 04:00","-0.1"
"Trzic-Tank1","2026-07-06 05:00","-0.1"
"Trzic-Tank1","2026-07-06 06:00","-0.1"
"Trzic-Tank1","2026-07-06 07:00","-0.1"
"Trzic-Tank1","2026-07-06 08:00","-0.1"
"Trzic-Tank1","2026-07-06 09:00","-0.1"
"Trzic-Tank1","2026-07-06 10:00","-0.1"
"Trzic-Tank1","2026-07-06 11:00","-0.1"
"Trzic-Tank1","2026-07-06 12:00","-0.1"
"Trzic-Tank1","2026-07-06 13:00","-0.1"
"Trzic-Tank1","2026-07-06 14:00","-0.1"
"Trzic-Tank1","2026-07-06 15:00","-0.1"
"Trzic-Tank1","2026-07-06 16:00","-0.1"
"Trzic-Tank1","2026-07-06 17:00","-0.1"
"Trzic-Tank1","2026-07-06 18:00","-0.1"
"Trzic-Tank1","2026-07-06 19:00","-0.1"
"Trzic-Tank1","2026-07-06 20:00","-0.1"
"Trzic-Tank1","2026-07-06 21:00","-0.1"
"Trzic-Tank1","2026-07-06 22:00","-0.1"
"Trzic-Tank1","2026-07-06 23:00","-0.1"
"Trzic-Tank1","2026-07-07 00:00","-0.1"
"Trzic-Tank1","2026-07-07 01:00","-0.1"
"Trzic-Tank1","2026-07-07 02:00","-0.1"
"Trzic-Tank1","2026-07-07 03:00","-0.1"
"Trzic-Tank1","2026-07-07 04:00","-0.1"
"Trzic-Tank1","2026-07-07 05:00","-0.1"
"Trzic-Tank1","2026-07-07 06:00","-0.1"
"Trzic-Tank1","2026-07-07 07:00","-0.1"
"Trzic-Tank1","2026-07-07 08:00","-0.1"
"Trzic-Tank1","2026-07-07 09:00","-0.1"
"Trzic-Tank1","2026-07-07 10:00","-0.1"
"Trzic-Tank1","2026-07-07 11:00","-0.1"
"Trzic-Tank1","2026-07-07 12:00","-0.1"
"Trzic-Tank1","2026-07-07 13:00","-0.1"
"Trzic-Tank1","2026-07-07 14:00","-0.1"
"Trzic-Tank1","2026-07-07 15:00","-0.1"
"Trzic-Tank1","2026-07-07 16:00","-0.1"
"Trzic-Tank1","2026-07-07 17:00","-0.1"
"Trzic-Tank1","2026-07-07 18:00","-0.1"
"Trzic-Tank1","2026-07-07 19:00","-0.1"
"Trzic-Tank1","2026-07-07 20:00","-0.1"
"Trzic-Tank1","2026-07-07 21:00","-0.1"
"Trzic-Tank1","2026-07-07 22:00","-0.1"
"Trzic-Tank1","2026-07-07 23:00","-0.1"
"Trzic-Tank1","2026-07-08 00:00","-0.1"
"Trzic-Tank1","2026-07-08 01:00","-0.1"
"Trzic-Tank1","2026-07-08 02:00","-0.1"
"Trzic-Tank1","2026-07-08 03:00","-0.1"
"Trzic-Tank1","2026-07-08 04:00","-0.1"
"Trzic-Tank1","2026-07-08 05:00","-0.1"
"Trzic-Tank1","2026-07-08 06:00","-0.1"
"Trzic-Tank1","2026-07-08 07:00","-0.1"
"Trzic-Tank1","2026-07-08 08:00","-0.1"
"Trzic-Tank1","2026-07-08 09:00","-0.1"
"Trzic-Tank1","2026-07-08 10:00","-0.1"
"Trzic-Tank1","2026-07-08 11:00","-0.1"
"Trzic-Tank1","2026-07-08 12:00","-0.1"
"Trzic-Tank1","2026-07-08 13:00","-0.1"
"Trzic-Tank1","2026-07-08 14:00","-0.1"
"Trzic-Tank1","2026-07-08 15:00","-0.1"
"Trzic-Tank1","2026-07-08 16:00","-0.1"
"Trzic-Tank1","2026-07-08 17:00","-0.1"
"Trzic-Tank1","2026-07-08 18:00","-0.1"
"Trzic-Tank1","2026-07-08 19:00","-0.1"
"Trzic-Tank1","2026-07-08 20:00","-0.1"
"Trzic-Tank1","2026-07-08 21:00","-0.1"
"Trzic-Tank1","2026-07-08 22:00","-0.1"
"Trzic-Tank1","2026-07-08 23:00","-0.1"
"Trzic-Tank1","2026-07-09 00:00","-0.1"
"Trzic-Tank1","2026-07-09 01:00","-0.1"
"Trzic-Tank1","2026-07-09 02:00","-0.1"
"Trzic-Tank1","2026-07-09 03:00","-0.1"
"Trzic-Tank1","2026-07-09 04:00","-0.1"
"Trzic-Tank1","2026-07-09 05:00","-0.1"
"Trzic-Tank1","2026-07-09 06:00","-0.1"
"Trzic-Tank1","2026-07-09 07:00","-0.1"
"Trzic-Tank1","2026-07-09 08:00","-0.1"
"Trzic-Tank1","2026-07-09 09:00","-0.1"
"Trzic-Tank1","2026-07-09 10:00","-0.1"
"Trzic-Tank1","2026-07-09 11:00","-0.1"
"Trzic-Tank1","2026-07-09 12:00","-0.1"
"Trzic-Tank1","2026-07-09 13:00","-0.1"
"Trzic-Tank1","2026-07-09 14:00","-0.1"
"Trzic-Tank1","2026-07-09 15:00","-0.1"
"Trzic-Tank1","2026-07-09 16:00","-0.1"
"Trzic-Tank1","2026-07-09 17:00","-0.1"
"Trzic-Tank1","2026-07-09 18:00","-0.1"
"Trzic-Tank1","2026-07-09 19:00","-0.1"
"Trzic-Tank1","2026-07-09 20:00","-0.1"
"Trzic-Tank1","2026-07-09 21:00","-0.1"
"Trzic-Tank1","2026-07-09 22:00","-0.1"
"Trzic-Tank1","2026-07-09 23:00","-0.1"
"Trzic-Tank1","2026-07-10 00:00","-0.1"
"Trzic-Tank1","2026-07-10 01:00","-0.1"
"Trzic-Tank1","2026-07-10 02:00","-0.1"
"Trzic-Tank1","2026-07-10 03:00","-0.1"
"Trzic-Tank1","2026-07-10 04:00","-0.1"
"Trzic-Tank1","2026-07-10 05:00","-0.1"
"Trzic-Tank1","2026-07-10 06:00","-0.1"
"Trzic-Tank1","2026-07-10 07:00","-0.1"
"Trzic-Tank1","2026-07-10 08:00","-0.1"
"Trzic-Tank1","2026-07-10 09:00","-0.1"
"Trzic-Tank1","2026-07-10 10:00","-0.1"
"Trzic-Tank1","2026-07-10 11:00","-0.1"
"Trzic-Tank1","2026-07-10 12:00","-0.1"
"Trzic-Tank1","2026-07-10 13:00","-0.1"
"Trzic-Tank1","2026-07-10 14:00","-0.1"
"Trzic-Tank1","2026-07-10 15:00","-0.1"
"Trzic-Tank1","2026-07-10 16:00","-0.1"
"Trzic-Tank1","2026-07-10 17:00","-0.1"
"Trzic-Tank1","2026-07-10 18:00","-0.1"
"Trzic-Tank1","2026-07-10 19:00","-0.1"
"Trzic-Tank1","2026-07-10 20:00",
"Trzic-Tank1","2026-07-10 21:00","-0.1"
"Trzic-Tank1","2026-07-10 22:00","-0.1"
"Trzic-Tank1","2026-07-10 23:00","-0.1"
"Trzic-Tank1","2026-07-11 00:00","-0.1"
"Trzic-Tank1","2026-07-11 01:00","-0.1"
"Trzic-Tank1","2026-07-11 02:00","-0.1"
"Trzic-Tank1","2026-07-11 03:00","-0.1"
"Trzic-Tank1","2026-07-11 04:00","-0.1"
"Trzic-Tank1","2026-07-11 05:00","-0.1"
"Trzic-Tank1","2026-07-11 06:00","-0.1"
"Trzic-Tank1","2026-07-11 07:00","-0.1"
"Trzic-Tank1","2026-07-11 08:00","-0.1"
"Trzic-Tank1","2026-07-11 09:00","-0.1"
"Trzic-Tank1","2026-07-11 10:00","-0.1"
"Trzic-Tank1","2026-07-11 11:00","-0.1"
"Trzic-Tank1","2026-07-11 12:00","-0.1"
"Trzic-Tank1","2026-07-11 13:00","-0.1"
"Trzic-Tank1","2026-07-11 14:00","-0.1"
"Trzic-Tank1","2026-07-11 15:00","-0.1"
"Trzic-Tank1","2026-07-11 16:00","-0.1"
"Trzic-Tank1","2026-07-11 17:00","-0.1"
"Trzic-Tank1","2026-07-11 18:00","-0.1"
"Trzic-Tank1","2026-07-11 19:00","-0.1"
"Trzic-Tank1","2026-07-11 20:00","-0.1"
"Trzic-Tank1","2026-07-11 21:00","-0.1"
"Trzic-Tank1","2026-07-11 22:00","-0.1"
"Trzic-Tank1","2026-07-11 23:00","-0.1"
"Trzic-Tank1","2026-07-12 00:00","-0.1"
"Trzic-Tank1","2026-07-12 01:00","-0.1"
"Trzic-Tank1","2026-07-12 02:00","-0.1"
"Trzic-Tank1","2026-07-12 03:00","-0.1"
"Trzic-Tank1","2026-07-12 04:00","-0.1"
"Trzic-Tank1","2026-07-12 05:00","-0.1"
"Trzic-Tank1","2026-07-12 06:00","-0.1"
"Trzic-Tank1","2026-07-12 07:00","-0.1"
"Trzic-Tank1","2026-07-12 08:00","-0.1"
"Trzic-Tank1","2026-07-12 09:00","-0.1"
"Trzic-Tank1","2026-07-12 10:00","-0.1"
"Trzic-Tank1","2026-07-12 11:00","-0.1"
"Trzic-Tank1","2026-07-12 12:00","-0.1"
"Trzic-Tank1","2026-07-12 13:00","-0.1"
"Trzic-Tank1","2026-07-12 14:00","-0.1"
"Trzic-Tank1","2026-07-12 15:00","-0.1"
"Trzic-Tank1","2026-07-12 16:00","-0.1"
"Trzic-Tank1","2026-07-12 17:00","-0.1"
"Trzic-Tank1","2026-07-12 18:00","-0.1"
"Trzic-Tank1","2026-07-12 19:00","-0.1"
"Trzic-Tank1","2026-07-12 20:00","-0.1"
"Trzic-Tank1","2026-07-12 21:00","-0.1"
"Trzic-Tank1","2026-07-12 22:00","-0.1"
"Trzic-Tank1","2026-07-12 23:00","-0.1"
"Trzic-Tank1","2026-07-13 00:00","-0.1"
"Trzic-Tank1","2026-07-13 01:00","-0.1"
"Trzic-Tank1","2026-07-13 02:00","-0.1"
"Trzic-Tank1","2026-07-13 03:00","-0.1"
"Trzic-Tank1","2026-07-13 04:00","-0.1"
"Trzic-Tank1","2026-07-13 05:00","-0.1"
"Trzic-Tank1","2026-07-13 06:00","-0.1"
"Trzic-Tank1","2026-07-13 07:00","-0.1"
"Trzic-Tank1","2026-07-13 08:00","-0.1"
"Trzic-Tank1","2026-07-13 09:00","-0.1"
"Trzic-Tank1","2026-07-13 10:00","-0.1"
"Trzic-Tank1","2026-07-13 11:00","-0.1"
"Trzic-Tank1","2026-07-13 12:00","-0.1"
"Trzic-Tank1","2026-07-13 13:00","-0.1"
"Trzic-Tank1","2026-07-13 14:00","-0.1"
"Trzic-Tank1","2026-07-13 15:00","-0.1"
"Trzic-Tank1","2026-07-13 16:00","-0.1"
"Trzic-Tank1","2026-07-13 17:00","-0.1"
"Trzic-Tank1","2026-07-13 18:00","-0.1"
"Trzic-Tank1","2026-07-13 19:00","-0.1"
"Trzic-Tank1","2026-07-13 20:00","-0.1"
"Trzic-Tank1","2026-07-13 21:00","-0.1"
"Trzic-Tank1","2026-07-13 22:00","-0.1"
"Trzic-Tank1","2026-07-13 23:00","-0.1"
"Trzic-Tank1","2026-07-14 00:00","-0.1"
"Trzic-Tank1","2026-07-14 01:00","-0.1"
"Trzic-Tank1","2026-07-14 02:00","-0.1"
"Trzic-Tank1","2026-07-14 03:00","-0.1"
"Trzic-Tank1","2026-07-14 04:00","-0.1"
"Trzic-Tank1","2026-07-14 05:00","-0.1"
"Trzic-Tank1","2026-07-14 06:00","-0.1"
"Trzic-Tank1","2026-07-14 07:00","-0.1"
"Trzic-Tank1","2026-07-14 08:00","-0.1"
"Trzic-Tank1","2026-07-14 09:00","-0.1"
"Trzic-Tank1","2026-07-14 10:00","-0.1"
"Trzic-Tank1","2026-07-14 11:00","-0.1"
"Trzic-Tank1","2026-07-14 12:00","-0.1"
"Trzic-Tank1","2026-07-14 13:00","-0.1"
"Trzic-Tank1","2026-07-14 14:00","-0.1"
"Trzic-Tank1","2026-07-14 15:00","-0.1"
"Trzic-Tank1","2026-07-14 16:00","-0.1"
"Trzic-Tank1","2026-07-14 17:00","-0.1"
"Trzic-Tank1","2026-07-14 18:00","-0.1"
"Trzic-Tank1","2026-07-14 19:00","-0.1"
"Trzic-Tank1","2026-07-14 20:00","-0.1"
"Trzic-Tank1","2026-07-14 21:00","-0.1"
"Trzic-Tank1","2026-07-14 22:00","-0.1"
"Trzic-Tank1","2026-07-14 23:00","-0.1"
"Trzic-Tank1","2026-07-15 00:00","-0.1"
"Trzic-Tank1","2026-07-15 01:00","-0.1"
"Trzic-Tank1","2026-07-15 02:00","-0.1"
"Trzic-Tank1","2026-07-15 03:00","-0.1"
"Trzic-Tank1","2026-07-15 04:00","-0.1"
"Trzic-Tank1","2026-07-15 05:00","-0.1"
"Trzic-Tank1","2026-07-15 06:00","-0.1"
"Trzic-Tank1","2026-07-15 07:00","-0.1"
"Trzic-Tank1","2026-07-15 08:00","-0.1"
"Trzic-Tank1","2026-07-15 09:00","-0.1"
"Trzic-Tank1","2026-07-15 10:00","-0.1"
"Trzic-Tank1","2026-07-15 11:00","-0.1"
"Trzic-Tank1","2026-07-15 12:00","-0.1"
"Trzic-Tank1","2026-07-15 13:00","-0.1"
"Trzic-Tank1","2026-07-15 14:00","-0.1"
"Trzic-Tank1","2026-07-15 15:00","-0.1"
"Trzic-Tank1","2026-07-15 16:00","-0.1"
"Trzic-Tank1","2026-07-15 17:00","-0.1"
"Trzic-Tank1","2026-07-15 18:00","-0.1"
"Trzic-Tank1","2026-07-15 19:00","-0.1"
"Trzic-Tank1","2026-07-15 20:00","-0.1"
"Trzic-Tank1","2026-07-15 21:00","-0.1"
"Trzic-Tank1","2026-07-15 22:00","-0.1"
"Trzic-Tank1","2026-07-15 23:00","-0.1"
"Trzic-Tank1","2026-07-16 00:00","-0.1"
"Trzic-Tank1","2026-07-16 01:00","-0.1"
"Trzic-Tank1","2026-07-16 02:00","-0.1"
"Trzic-Tank1","2026-07-16 03:00","-0.1"
"Trzic-Tank1","2026-07-16 04:00","-0.1"
"Trzic-Tank1","2026-07-16 05:00","-0.1"
"Trzic-Tank1","2026-07-16 06:00","-0.1"
"Trzic-Tank1","2026-07-16 07:00","-0.1"
"Trzic-Tank1","2026-07-16 08:00","-0.1"
"Trzic-Tank1","2026-07-16 09:00","-0.1"
"Trzic-Tank1","2026-07-16 10:00","-0.1"
"Trzic-Tank1","2026-07-16 11:00","-0.1"
"Trzic-Tank1","2026-07-16 12:00","-0.1"
"Trzic-Tank1","2026-07-16 13:00","-0.1"
"Trzic-Tank1","2026-07-16 14:00","-0.1"
"Trzic-Tank1","2026-07-16 15:00","-0.1"
"Trzic-Tank1","2026-07-16 16:00","-0.1"
"Trzic-Tank1","2026-07-16 17:00","-0.1"
"Trzic-Tank1","2026-07-16 18:00","-0.1"
"Trzic-Tank1","2026-07-16 19:00","-0.1"
"Trzic-Tank1","2026-07-16 20:00","-0.1"
"Trzic-Tank1","2026-07-16 21:00","-0.1"
"Trzic-Tank1","2026-07-16 22:00","-0.1"
"Trzic-Tank1","2026-07-16 23:00","-0.1"
"Trzic-Tank1","2026-07-17 00:00","-0.1"
"Trzic-Tank1","2026-07-17 01:00","-0.1"
"Trzic-Tank1","2026-07-17 02:00","-0.1"
"Trzic-Tank1","2026-07-17 03:00","-0.1"
"Trzic-Tank1","2026-07-17 04:00","-0.1"
"Trzic-Tank1","2026-07-17 05:00","-0.1"
"Trzic-Tank1","2026-07-17 06:00","-0.1"
"Trzic-Tank1","2026-07-17 07:00","-0.1"
"Trzic-Tank1","2026-07-17 08:00","-0.1"
"Trzic-Tank1","2026-07-17 09:00","-0.1"
"Trzic-Tank1","2026-07-17 10:00","-0.1"
"Trzic-Tank1","2026-07-17 11:00","-0.1"
"Trzic-Tank1","2026-07-17 12:00","-0.1"
"Trzic-Tank1","2026-07-17 13:00","-0.1"
"Trzic-Tank1","2026-07-17 14:00","-0.1"
"Trzic-Tank1","2026-07-17 15:00","-0.1"
"Trzic-Tank1","2026-07-17 16:00","-0.1"
"Trzic-Tank1","2026-07-17 17:00","-0.1"
"Trzic-Tank1","2026-07-17 18:00","-0.1"
"Trzic-Tank1","2026-07-17 19:00","-0.1"
"Trzic-Tank1","2026-07-17 20:00","-0.1"
"Trzic-Tank1","2026-07-17 21:00","-0.1"
"Trzic-Tank1","2026-07-17 22:00","-0.1"
"Trzic-Tank1","2026-07-17 23:00","-0.1"
"Trzic-Tank1","2026-07-18 00:00","-0.1"
"Trzic-Tank1","2026-07-18 01:00","-0.1"
"Trzic-Tank1","2026-07-18 02:00","-0.1"
"Trzic-Tank1","2026-07-18 03:00","-0.1"
"Trzic-Tank1","2026-07-18 04:00","-0.1"
"Trzic-Tank1","2026-07-18 05:00","-0.1"
"Trzic-Tank1","2026-07-18 06:00","-0.1"
"Trzic-Tank1","2026-07-18 07:00","-0.1"
"Trzic-Tank1","2026-07-18 08:00","-0.1"
"Trzic-Tank1","2026-07-18 09:00","-0.1"
"Trzic-Tank1","2026-07-18 10:00","-0.1"
"Trzic-Tank1","2026-07-18 11:00","-0.1"
"Trzic-Tank1","2026-07-18 12:00","-0.1"
"Trzic-Tank1","2026-07-18 13:00","-0.1"
"Trzic-Tank1","2026-07-18 14:00","-0.1"
"Trzic-Tank1","2026-07-18 15:00","-0.1"
"Trzic-Tank1","2026-07-18 16:00","-0.1"
"Trzic-Tank1","2026-07-18 17:00","-0.1"
"Trzic-Tank1","2026-07-18 18:00","-0.1"
"Trzic-Tank1","2026-07-18 19:00","-0.1"
"Trzic-Tank1","2026-07-18 20:00","-0.1"
"Trzic-Tank1","2026-07-18 21:00","-0.1"
"Trzic-Tank1","2026-07-18 22:00","-0.1"
"Trzic-Tank1","2026-07-18 23:00","-0.1"
"Trzic-Tank1","2026-07-19 00:00","-0.1"
"Trzic-Tank1","2026-07-19 01:00","-0.1"
"Trzic-Tank1","2026-07-19 02:00","-0.1"
"Trzic-Tank1","2026-07-19 03:00","-0.1"
"Trzic-Tank1","2026-07-19 04:00","-0.1"
"Trzic-Tank1","2026-07-19 05:00","-0.1"
"Trzic-Tank1","2026-07-19 06:00","-0.1"
"Trzic-Tank1","2026-07-19 07:00","-0.1"
"Trzic-Tank1","2026-07-19 08:00","-0.1"
"Trzic-Tank1","2026-07-19 09:00","-0.1"
"Trzic-Tank1","2026-07-19 10:00","-0.1"
"Trzic-Tank1","2026-07-19 11:00","-0.1"
"Trzic-Tank1","2026-07-19 12:00","-0.1"
"Trzic-Tank1","2026-07-19 13:00","-0.1"
"Trzic-Tank1","2026-07-19 14:00","-0.1"
"Trzic-Tank1","2026-07-19 15:00","-0.1"
"Trzic-Tank1","2026-07-19 16:00","-0.1"
"Trzic-Tank1","2026-07-19 17:00","-0.1"
"Trzic-Tank1","2026-07-19 18:00","-0.1"
"Trzic-Tank1","2026-07-19 19:00","-0.1"
"Trzic-Tank1","2026-07-19 20:00","-0.1"
"Trzic-Tank1","2026-07-19 21:00","-0.1"
"Trzic-Tank1","2026-07-19 22:00","-0.1"
"Trzic-Tank1","2026-07-19 23:00","-0.1"
"Trzic-Tank1","2026-07-20 00:00","-0.1"
"Trzic-Tank1","2026-07-20 01:00",
"Trzic-Tank1","2026-07-20 02:00","-0.1"
"Trzic-Tank1","2026-07-20 03:00","-0.1"
"Trzic-Tank1","2026-07-20 04:00","-0.1"
"Trzic-Tank1","2026-07-20 05:00","-0.1"
"Trzic-Tank1","2026-07-20 06:00","-0.1"
"Trzic-Tank1","2026-07-20 07:00","-0.1"
"Trzic-Tank1","2026-07-20 08:00","-0.1"
"Trzic-Tank1","2026-07-20 09:00","-0.1"
"Trzic-Tank1","2026-07-20 10:00","-0.1"
"Trzic-Tank1","2026-07-20 11:00","-0.1"
"Trzic-Tank1","2026-07-20 12:00","-0.1"
"Trzic-Tank1","2026-07-20 13:00","-0.1"
"Trzic-Tank1","2026-07-20 14:00","-0.1"
"Trzic-Tank1","2026-07-20 15:00","-0.1"
"Trzic-Tank1","2026-07-20 16:00","-0.1"
"Trzic-Tank1","2026-07-20 17:00","-0.1"
"Trzic-Tank1","2026-07-20 18:00","-0.1"
"Trzic-Tank1","2026-07-20 19:00","-0.1"
"Trzic-Tank1","2026-07-20 20:00","-0.1"
"Trzic-Tank1","2026-07-20 21:00","-0.1"
"Trzic-Tank1","2026-07-20 22:00","-0.1"
"Trzic-Tank1","2026-07-20 23:00","-0.1"
"Trzic-Tank1","2026-07-21 00:00","-0.1"
"Trzic-Tank1","2026-07-21 01:00","-0.1"
"Trzic-Tank1","2026-07-21 02:00","-0.1"
"Trzic-Tank1","2026-07-21 03:00","-0.1"
"Trzic-Tank1","2026-07-21 04:00","-0.1"
"Trzic-Tank1","2026-07-21 05:00","-0.1"
"Trzic-Tank1","2026-07-21 06:00","-0.1"
"Trzic-Tank1","2026-07-21 07:00","-0.1"
"Trzic-Tank1","2026-07-21 08:00","-0.1"
"Trzic-Tank1","2026-07-21 09:00","-0.1"
"Trzic-Tank1","2026-07-21 10:00","-0.1"
"Trzic-Tank1","2026-07-21 11:00","-0.1"
"Trzic-Tank1","2026-07-21 12:00","-0.1"
"Trzic-Tank1","2026-07-21 13:00","-0.1"
"Trzic-Tank1","2026-07-21 14:00","-0.1"
"Trzic-Tank1","2026-07-21 15:00","-0.1"
"Trzic-Tank1","2026-07-21 16:00","-0.1"
"Trzic-Tank1","2026-07-21 17:00","-0.1"
"Trzic-Tank1","2026-07-21 18:00","-0.1"
"Trzic-Tank1","2026-07-21 19:00","-0.1"
"Trzic-Tank1","2026-07-21 20:00","-0.1"
"Trzic-Tank1","2026-07-21 21:00","-0.1"
"Trzic-Tank1","2026-07-21 22:00","-0.1"
"Trzic-Tank1","2026-07-21 23:00","-0.1"
"Trzic-Tank1","2026-07-22 00:00","-0.1"
"Trzic-Tank1","2026-07-22 01:00","-0.1"
"Trzic-Tank1","2026-07-22 02:00","-0.1"
"Trzic-Tank1","2026-07-22 03:00","-0.1"
"Trzic-Tank1","2026-07-22 04:00","-0.1"
"Trzic-Tank1","2026-07-22 05:00","-0.1"
"Trzic-Tank1","2026-07-22 06:00","-0.1"
"Trzic-Tank1","2026-07-22 07:00","-0.1"
"Trzic-Tank1","2026-07-22 08:00","-0.1"
"Trzic-Tank1","2026-07-22 09:00","-0.1"
"Trzic-Tank1","2026-07-22 10:00","-0.1"
"Trzic-Tank1","2026-07-22 11:00","-0.1"
"Trzic-Tank1","2026-07-22 12:00","-0.1"
"Trzic-Tank1","2026-07-22 13:00","-0.1"
"Trzic-Tank1","2026-07-22 14:00","-0.1"
"Trzic-Tank1","2026-07-22 15:00","-0.1"
"Trzic-Tank1","2026-07-22 16:00","-0.1"
"Trzic-Tank1","2026-07-22 17:00","-0.1"
"Trzic-Tank1","2026-07-22 18:00","-0.1"
"Trzic-Tank1","2026-07-22 19:00","-0.1"
"Trzic-Tank1","2026-07-22 20:00","-0.1"
"Trzic-Tank1","2026-07-22 21:00","-0.1"
"Trzic-Tank1","2026-07-22 22:00","-0.1"
"Trzic-Tank1","2026-07-22 23:00","-0.1"
"Trzic-Tank1","2026-07-23 00:00","-0.1"
"Trzic-Tank1","2026-07-23 01:00","-0.1"
"Trzic-Tank1","2026-07-23 02:00","-0.1"
"Trzic-Tank1","2026-07-23 03:00","-0.1"
"Trzic-Tank1","2026-07-23 04:00","-0.1"
"Trzic-Tank1","2026-07-23 05:00","-0.1"
"Trzic-Tank1","2026-07-23 06:00","-0.1"
"Trzic-Tank1","2026-07-23 07:00","-0.1"
"Trzic-Tank1","2026-07-23 08:00","-0.1"
"Trzic-Tank1","2026-07-23 09:00","-0.1"
"Trzic-Tank1","2026-07-23 10:00","-0.1"
"Trzic-Tank1","2026-07-23 11:00","-0.1"
"Trzic-Tank1","2026-07-23 12:00","-0.1"
"Trzic-Tank1","2026-07-23 13:00","-0.1"
"Trzic-Tank1","2026-07-23 14:00","-0.1"
"Trzic-Tank1","2026-07-23 15:00","-0.1"
"Trzic-Tank1","2026-07-23 16:00","-0.1"
"Trzic-Tank1","2026-07-23 17:00","-0.1"
"Trzic-Tank1","2026-07-23 18:00","-0.1"
"Trzic-Tank1","2026-07-23 19:00","-0.1"
"Trzic-Tank1","2026-07-23 20:00","-0.1"
"Trzic-Tank1","2026-07-23 21:00","-0.1"
"Trzic-Tank1","2026-07-23 22:00","-0.1"
"Trzic-Tank3","2026-05-27 16:00","-11"
"Trzic-Tank3","2026-05-27 17:00","-11"
"Trzic-Tank3","2026-05-27 18:00","-11"
"Trzic-Tank3","2026-05-27 19:00","-11"
"Trzic-Tank3","2026-05-27 20:00","-11"
"Trzic-Tank3","2026-05-27 21:00","-11"
"Trzic-Tank3","2026-05-27 22:00","-11"
"Trzic-Tank3","2026-05-27 23:00","-11"
"Trzic-Tank3","2026-05-28 00:00","-11"
"Trzic-Tank3","2026-05-28 01:00","-11.1"
"Trzic-Tank3","2026-05-28 02:00","-11.1"
"Trzic-Tank3","2026-05-28 03:00","-11.1"
"Trzic-Tank3","2026-05-28 04:00","-11.1"
"Trzic-Tank3","2026-05-28 05:00","-11.1"
"Trzic-Tank3","2026-05-28 06:00","-11.1"
"Trzic-Tank3","2026-05-28 07:00","-11.1"
"Trzic-Tank3","2026-05-28 08:00","-11.1"
"Trzic-Tank3","2026-05-28 09:00","-11.1"
"Trzic-Tank3","2026-05-28 10:00","-11.1"
"Trzic-Tank3","2026-05-28 11:00","-11.1"
"Trzic-Tank3","2026-05-28 12:00","-11.1"
"Trzic-Tank3","2026-05-28 13:00","-11.1"
"Trzic-Tank3","2026-05-28 14:00","-11.1"
"Trzic-Tank3","2026-05-28 15:00","-11.1"
"Trzic-Tank3","2026-05-28 16:00","-11.1"
"Trzic-Tank3","2026-05-28 17:00","-11.1"
"Trzic-Tank3","2026-05-28 18:00","-11.1"
"Trzic-Tank3","2026-05-28 19:00","-11.1"
"Trzic-Tank3","2026-05-28 20:00","-11.1"
"Trzic-Tank3","2026-05-28 21:00","-11.1"
"Trzic-Tank3","2026-05-28 22:00","-11.2"
"Trzic-Tank3","2026-05-28 23:00","-11.2"
"Trzic-Tank3","2026-05-29 00:00","-11.2"
"Trzic-Tank3","2026-05-29 01:00","-11.2"
"Trzic-Tank3","2026-05-29 02:00","-11.2"
"Trzic-Tank3","2026-05-29 03:00","-11.2"
"Trzic-Tank3","2026-05-29 04:00","-11.2"
"Trzic-Tank3","2026-05-29 05:00","-11.2"
"Trzic-Tank3","2026-05-29 06:00","-11.2"
"Trzic-Tank3","2026-05-29 07:00","-11.2"
"Trzic-Tank3","2026-05-29 08:00","-11.2"
"Trzic-Tank3","2026-05-29 09:00","-11.2"
"Trzic-Tank3","2026-05-29 10:00","-11.2"
"Trzic-Tank3","2026-05-29 11:00","-11.2"
"Trzic-Tank3","2026-05-29 12:00","-11.2"
"Trzic-Tank3","2026-05-29 13:00","-11.2"
"Trzic-Tank3","2026-05-29 14:00","-11.2"
"Trzic-Tank3","2026-05-29 15:00","-11.2"
"Trzic-Tank3","2026-05-29 16:00","-11.2"
"Trzic-Tank3","2026-05-29 17:00","-11.2"
"Trzic-Tank3","2026-05-29 18:00","-11.2"
"Trzic-Tank3","2026-05-29 19:00","-11.2"
"Trzic-Tank3","2026-05-29 20:00","-11.2"
"Trzic-Tank3","2026-05-29 21:00","-11.2"
"Trzic-Tank3","2026-05-29 22:00","-11.2"
"Trzic-Tank3","2026-05-29 23:00","-11.2"
"Trzic-Tank3","2026-05-30 00:00","-11.2"
"Trzic-Tank3","2026-05-30 01:00","-11.2"
"Trzic-Tank3","2026-05-30 02:00","-11.2"
"Trzic-Tank3","2026-05-30 03:00","-11.2"
"Trzic-Tank3","2026-05-30 04:00","-11.2"
"Trzic-Tank3","2026-05-30 05:00","-11.2"
"Trzic-Tank3","2026-05-30 06:00","-11.2"
"Trzic-Tank3","2026-05-30 07:00","-11.2"
"Trzic-Tank3","2026-05-30 08:00","-11.2"
"Trzic-Tank3","2026-05-30 09:00","-11.2"
"Trzic-Tank3","2026-05-30 10:00","-11.2"
"Trzic-Tank3","2026-05-30 11:00","-11.2"
"Trzic-Tank3","2026-05-30 12:00","-11.2"
"Trzic-Tank3","2026-05-30 13:00","-11.1"
"Trzic-Tank3","2026-05-30 14:00","-11.1"
"Trzic-Tank3","2026-05-30 15:00","-11.1"
"Trzic-Tank3","2026-05-30 16:00","-11.1"
"Trzic-Tank3","2026-05-30 17:00","-11.1"
"Trzic-Tank3","2026-05-30 18:00","-11.1"
"Trzic-Tank3","2026-05-30 19:00","-11.1"
"Trzic-Tank3","2026-05-30 20:00","-11.1"
"Trzic-Tank3","2026-05-30 21:00","-11.1"
"Trzic-Tank3","2026-05-30 22:00","-11.1"
"Trzic-Tank3","2026-05-30 23:00","-11.2"
"Trzic-Tank3","2026-05-31 00:00","-11.2"
"Trzic-Tank3","2026-05-31 01:00","-11.2"
"Trzic-Tank3","2026-05-31 02:00","-11.2"
"Trzic-Tank3","2026-05-31 03:00","-11.2"
"Trzic-Tank3","2026-05-31 04:00","-11.2"
"Trzic-Tank3","2026-05-31 05:00","-11.2"
"Trzic-Tank3","2026-05-31 06:00","-11.2"
"Trzic-Tank3","2026-05-31 07:00","-11.2"
"Trzic-Tank3","2026-05-31 08:00","-11.2"
"Trzic-Tank3","2026-05-31 09:00","-11.2"
"Trzic-Tank3","2026-05-31 10:00","-11.2"
"Trzic-Tank3","2026-05-31 11:00","-11.2"
"Trzic-Tank3","2026-05-31 12:00","-11.2"
"Trzic-Tank3","2026-05-31 13:00","-11.1"
"Trzic-Tank3","2026-05-31 14:00","-11.1"
"Trzic-Tank3","2026-05-31 15:00","-11.1"
"Trzic-Tank3","2026-05-31 16:00","-11.1"
"Trzic-Tank3","2026-05-31 17:00","-11.1"
"Trzic-Tank3","2026-05-31 18:00","-10.9"
"Trzic-Tank3","2026-05-31 19:00","-10.8"
"Trzic-Tank3","2026-05-31 20:00","-10.8"
"Trzic-Tank3","2026-05-31 21:00","-10.8"
"Trzic-Tank3","2026-05-31 22:00","-10.8"
"Trzic-Tank3","2026-05-31 23:00","-10.8"
"Trzic-Tank3","2026-06-01 00:00","-10.8"
"Trzic-Tank3","2026-06-01 01:00","-10.7"
"Trzic-Tank3","2026-06-01 02:00","-10.7"
"Trzic-Tank3","2026-06-01 03:00","-10.7"
"Trzic-Tank3","2026-06-01 04:00","-10.7"
"Trzic-Tank3","2026-06-01 05:00","-10.7"
"Trzic-Tank3","2026-06-01 06:00","-10.7"
"Trzic-Tank3","2026-06-01 07:00","-10.7"
"Trzic-Tank3","2026-06-01 08:00","-10.7"
"Trzic-Tank3","2026-06-01 09:00","-10.6"
"Trzic-Tank3","2026-06-01 10:00","-10.6"
"Trzic-Tank3","2026-06-01 11:00","-10.6"
"Trzic-Tank3","2026-06-01 12:00","-10.6"
"Trzic-Tank3","2026-06-01 13:00","-10.6"
"Trzic-Tank3","2026-06-01 14:00","-10.6"
"Trzic-Tank3","2026-06-01 15:00","-10.6"
"Trzic-Tank3","2026-06-01 16:00","-10.6"
"Trzic-Tank3","2026-06-01 17:00","-10.6"
"Trzic-Tank3","2026-06-01 18:00","-10.6"
"Trzic-Tank3","2026-06-01 19:00","-10.6"
"Trzic-Tank3","2026-06-01 20:00","-10.6"
"Trzic-Tank3","2026-06-01 21:00","-10.6"
"Trzic-Tank3","2026-06-01 22:00","-10.6"
"Trzic-Tank3","2026-06-01 23:00","-10.6"
"Trzic-Tank3","2026-06-02 00:00","-10.6"
"Trzic-Tank3","2026-06-02 01:00","-10.6"
"Trzic-Tank3","2026-06-02 02:00","-10.6"
"Trzic-Tank3","2026-06-02 03:00","-10.6"
"Trzic-Tank3","2026-06-02 04:00","-10.6"
"Trzic-Tank3","2026-06-02 05:00","-10.5"
"Trzic-Tank3","2026-06-02 06:00","-10.5"
"Trzic-Tank3","2026-06-02 07:00","-10.5"
"Trzic-Tank3","2026-06-02 08:00","-10.5"
"Trzic-Tank3","2026-06-02 09:00","-10.5"
"Trzic-Tank3","2026-06-02 10:00","-10.5"
"Trzic-Tank3","2026-06-02 11:00","-10.5"
"Trzic-Tank3","2026-06-02 12:00","-10.5"
"Trzic-Tank3","2026-06-02 13:00","-10.5"
"Trzic-Tank3","2026-06-02 14:00","-10.5"
"Trzic-Tank3","2026-06-02 15:00","-10.5"
"Trzic-Tank3","2026-06-02 16:00","-10.5"
"Trzic-Tank3","2026-06-02 17:00","-10.5"
"Trzic-Tank3","2026-06-02 18:00","-10.5"
"Trzic-Tank3","2026-06-02 19:00","-10.5"
"Trzic-Tank3","2026-06-02 20:00","-10.5"
"Trzic-Tank3","2026-06-02 21:00","-10.5"
"Trzic-Tank3","2026-06-02 22:00","-10.5"
"Trzic-Tank3","2026-06-02 23:00","-10.5"
"Trzic-Tank3","2026-06-03 00:00","-10.5"
"Trzic-Tank3","2026-06-03 01:00","-10.5"
"Trzic-Tank3","2026-06-03 02:00","-10.5"
"Trzic-Tank3","2026-06-03 03:00","-10.5"
"Trzic-Tank3","2026-06-03 04:00","-10.5"
"Trzic-Tank3","2026-06-03 05:00","-10.5"
"Trzic-Tank3","2026-06-03 06:00","-10.5"
"Trzic-Tank3","2026-06-03 07:00","-10.5"
"Trzic-Tank3","2026-06-03 08:00","-10.4"
"Trzic-Tank3","2026-06-03 09:00","-10.4"
"Trzic-Tank3","2026-06-03 10:00","-10.4"
"Trzic-Tank3","2026-06-03 11:00","-10.4"
"Trzic-Tank3","2026-06-03 12:00","-10.4"
"Trzic-Tank3","2026-06-03 13:00","-10.3"
"Trzic-Tank3","2026-06-03 14:00","-10.3"
"Trzic-Tank3","2026-06-03 15:00","-10.3"
"Trzic-Tank3","2026-06-03 16:00","-10.3"
"Trzic-Tank3","2026-06-03 17:00","-10.3"
"Trzic-Tank3","2026-06-03 18:00","-10.3"
"Trzic-Tank3","2026-06-03 19:00","-10.2"
"Trzic-Tank3","2026-06-03 20:00","-10.2"
"Trzic-Tank3","2026-06-03 21:00","-10.2"
"Trzic-Tank3","2026-06-03 22:00","-10.2"
"Trzic-Tank3","2026-06-03 23:00","-10.2"
"Trzic-Tank3","2026-06-04 00:00","-10.2"
"Trzic-Tank3","2026-06-04 01:00","-10.1"
"Trzic-Tank3","2026-06-04 02:00","-10.1"
"Trzic-Tank3","2026-06-04 03:00","-10.1"
"Trzic-Tank3","2026-06-04 04:00","-10.1"
"Trzic-Tank3","2026-06-04 05:00","-10.1"
"Trzic-Tank3","2026-06-04 06:00","-10.1"
"Trzic-Tank3","2026-06-04 07:00","-10.1"
"Trzic-Tank3","2026-06-04 08:00","-10"
"Trzic-Tank3","2026-06-04 09:00","-10"
"Trzic-Tank3","2026-06-04 10:00","-10"
"Trzic-Tank3","2026-06-04 11:00","-10"
"Trzic-Tank3","2026-06-04 12:00","-10"
"Trzic-Tank3","2026-06-04 13:00","-10"
"Trzic-Tank3","2026-06-04 14:00","-10"
"Trzic-Tank3","2026-06-04 15:00","-10"
"Trzic-Tank3","2026-06-04 16:00","-10"
"Trzic-Tank3","2026-06-04 17:00","-10"
"Trzic-Tank3","2026-06-04 18:00","-9.9"
"Trzic-Tank3","2026-06-04 19:00","-10"
"Trzic-Tank3","2026-06-04 20:00","-10"
"Trzic-Tank3","2026-06-04 21:00","-10"
"Trzic-Tank3","2026-06-04 22:00","-10"
"Trzic-Tank3","2026-06-04 23:00","-10"
"Trzic-Tank3","2026-06-05 00:00","-10"
"Trzic-Tank3","2026-06-05 01:00","-10"
"Trzic-Tank3","2026-06-05 02:00","-10"
"Trzic-Tank3","2026-06-05 03:00","-10"
"Trzic-Tank3","2026-06-05 04:00","-10"
"Trzic-Tank3","2026-06-05 05:00","-10"
"Trzic-Tank3","2026-06-05 06:00","-10"
"Trzic-Tank3","2026-06-05 07:00","-10"
"Trzic-Tank3","2026-06-05 08:00","-10"
"Trzic-Tank3","2026-06-05 09:00","-9.9"
"Trzic-Tank3","2026-06-05 10:00","-9.9"
"Trzic-Tank3","2026-06-05 11:00","-9.9"
"Trzic-Tank3","2026-06-05 12:00","-9.9"
"Trzic-Tank3","2026-06-05 13:00","-9.9"
"Trzic-Tank3","2026-06-05 14:00","-9.8"
"Trzic-Tank3","2026-06-05 15:00","-9.8"
"Trzic-Tank3","2026-06-05 16:00","-9.8"
"Trzic-Tank3","2026-06-05 17:00","-9.8"
"Trzic-Tank3","2026-06-05 18:00","-9.8"
"Trzic-Tank3","2026-06-05 19:00","-9.8"
"Trzic-Tank3","2026-06-05 20:00","-9.7"
"Trzic-Tank3","2026-06-05 21:00","-9.7"
"Trzic-Tank3","2026-06-05 22:00","-9.7"
"Trzic-Tank3","2026-06-05 23:00","-9.7"
"Trzic-Tank3","2026-06-06 00:00","-9.7"
"Trzic-Tank3","2026-06-06 01:00","-9.7"
"Trzic-Tank3","2026-06-06 02:00","-9.7"
"Trzic-Tank3","2026-06-06 03:00","-9.7"
"Trzic-Tank3","2026-06-06 04:00","-9.7"
"Trzic-Tank3","2026-06-06 05:00","-9.7"
"Trzic-Tank3","2026-06-06 06:00","-9.7"
"Trzic-Tank3","2026-06-06 07:00","-9.7"
"Trzic-Tank3","2026-06-06 08:00","-9.7"
"Trzic-Tank3","2026-06-06 09:00","-9.7"
"Trzic-Tank3","2026-06-06 10:00","-9.7"
"Trzic-Tank3","2026-06-06 11:00","-9.7"
"Trzic-Tank3","2026-06-06 12:00","-9.7"
"Trzic-Tank3","2026-06-06 13:00","-9.7"
"Trzic-Tank3","2026-06-06 14:00","-9.7"
"Trzic-Tank3","2026-06-06 15:00","-9.7"
"Trzic-Tank3","2026-06-06 16:00","-9.7"
"Trzic-Tank3","2026-06-06 17:00","-9.7"
"Trzic-Tank3","2026-06-06 18:00","-9.7"
"Trzic-Tank3","2026-06-06 19:00","-9.7"
"Trzic-Tank3","2026-06-06 20:00","-9.7"
"Trzic-Tank3","2026-06-06 21:00","-9.7"
"Trzic-Tank3","2026-06-06 22:00","-9.7"
"Trzic-Tank3","2026-06-06 23:00","-9.7"
"Trzic-Tank3","2026-06-07 00:00","-9.7"
"Trzic-Tank3","2026-06-07 01:00","-9.7"
"Trzic-Tank3","2026-06-07 02:00","-9.7"
"Trzic-Tank3","2026-06-07 03:00","-9.7"
"Trzic-Tank3","2026-06-07 04:00","-9.7"
"Trzic-Tank3","2026-06-07 05:00","-9.7"
"Trzic-Tank3","2026-06-07 06:00","-9.7"
"Trzic-Tank3","2026-06-07 07:00","-9.7"
"Trzic-Tank3","2026-06-07 08:00","-9.7"
"Trzic-Tank3","2026-06-07 09:00","-9.7"
"Trzic-Tank3","2026-06-07 10:00","-9.7"
"Trzic-Tank3","2026-06-07 11:00","-9.7"
"Trzic-Tank3","2026-06-07 12:00","-9.7"
"Trzic-Tank3","2026-06-07 13:00","-9.7"
"Trzic-Tank3","2026-06-07 14:00","-9.6"
"Trzic-Tank3","2026-06-07 15:00","-9.6"
"Trzic-Tank3","2026-06-07 16:00","-9.6"
"Trzic-Tank3","2026-06-07 17:00","-9.6"
"Trzic-Tank3","2026-06-07 18:00","-9.7"
"Trzic-Tank3","2026-06-07 19:00","-9.7"
"Trzic-Tank3","2026-06-07 20:00","-9.7"
"Trzic-Tank3","2026-06-07 21:00","-9.7"
"Trzic-Tank3","2026-06-07 22:00","-9.7"
"Trzic-Tank3","2026-06-07 23:00","-9.7"
"Trzic-Tank3","2026-06-08 00:00","-9.7"
"Trzic-Tank3","2026-06-08 01:00","-9.7"
"Trzic-Tank3","2026-06-08 02:00","-9.7"
"Trzic-Tank3","2026-06-08 03:00","-9.7"
"Trzic-Tank3","2026-06-08 04:00","-9.7"
"Trzic-Tank3","2026-06-08 05:00","-9.7"
"Trzic-Tank3","2026-06-08 06:00","-9.7"
"Trzic-Tank3","2026-06-08 07:00","-9.7"
"Trzic-Tank3","2026-06-08 08:00","-9.7"
"Trzic-Tank3","2026-06-08 09:00","-9.7"
"Trzic-Tank3","2026-06-08 10:00","-9.7"
"Trzic-Tank3","2026-06-08 11:00","-9.7"
"Trzic-Tank3","2026-06-08 12:00","-9.7"
"Trzic-Tank3","2026-06-08 13:00","-9.7"
"Trzic-Tank3","2026-06-08 14:00","-9.7"
"Trzic-Tank3","2026-06-08 15:00","-9.7"
"Trzic-Tank3","2026-06-08 16:00","-9.7"
"Trzic-Tank3","2026-06-08 17:00","-9.7"
"Trzic-Tank3","2026-06-08 18:00","-9.7"
"Trzic-Tank3","2026-06-08 19:00","-9.7"
"Trzic-Tank3","2026-06-08 20:00","-9.7"
"Trzic-Tank3","2026-06-08 21:00","-9.7"
"Trzic-Tank3","2026-06-08 22:00","-9.7"
"Trzic-Tank3","2026-06-08 23:00","-9.7"
"Trzic-Tank3","2026-06-09 00:00","-9.7"
"Trzic-Tank3","2026-06-09 01:00","-9.7"
"Trzic-Tank3","2026-06-09 02:00","-9.7"
"Trzic-Tank3","2026-06-09 03:00","-9.7"
"Trzic-Tank3","2026-06-09 04:00","-9.7"
"Trzic-Tank3","2026-06-09 05:00","-9.8"
"Trzic-Tank3","2026-06-09 06:00","-9.8"
"Trzic-Tank3","2026-06-09 07:00","-9.7"
"Trzic-Tank3","2026-06-09 08:00","-9.8"
"Trzic-Tank3","2026-06-09 09:00","-9.7"
"Trzic-Tank3","2026-06-09 10:00","-9.7"
"Trzic-Tank3","2026-06-09 11:00","-9.7"
"Trzic-Tank3","2026-06-09 12:00","-9.7"
"Trzic-Tank3","2026-06-09 13:00","-9.7"
"Trzic-Tank3","2026-06-09 14:00","-9.7"
"Trzic-Tank3","2026-06-09 15:00","-9.7"
"Trzic-Tank3","2026-06-09 16:00","-9.7"
"Trzic-Tank3","2026-06-09 17:00","-9.7"
"Trzic-Tank3","2026-06-09 18:00","-9.7"
"Trzic-Tank3","2026-06-09 19:00","-9.7"
"Trzic-Tank3","2026-06-09 20:00","-9.7"
"Trzic-Tank3","2026-06-09 21:00","-9.7"
"Trzic-Tank3","2026-06-09 22:00","-9.8"
"Trzic-Tank3","2026-06-09 23:00","-9.8"
"Trzic-Tank3","2026-06-10 00:00","-9.8"
"Trzic-Tank3","2026-06-10 01:00","-9.8"
"Trzic-Tank3","2026-06-10 02:00","-9.8"
"Trzic-Tank3","2026-06-10 03:00","-9.8"
"Trzic-Tank3","2026-06-10 04:00","-9.8"
"Trzic-Tank3","2026-06-10 05:00","-9.7"
"Trzic-Tank3","2026-06-10 06:00","-9.8"
"Trzic-Tank3","2026-06-10 07:00","-9.7"
"Trzic-Tank3","2026-06-10 08:00","-9.7"
"Trzic-Tank3","2026-06-10 09:00","-9.7"
"Trzic-Tank3","2026-06-10 10:00","-9.7"
"Trzic-Tank3","2026-06-10 11:00","-9.7"
"Trzic-Tank3","2026-06-10 12:00","-9.7"
"Trzic-Tank3","2026-06-10 13:00","-9.7"
"Trzic-Tank3","2026-06-10 14:00","-9.6"
"Trzic-Tank3","2026-06-10 15:00","-9.6"
"Trzic-Tank3","2026-06-10 16:00","-9.6"
"Trzic-Tank3","2026-06-10 17:00","-9.6"
"Trzic-Tank3","2026-06-10 18:00","-9.6"
"Trzic-Tank3","2026-06-10 19:00","-9.6"
"Trzic-Tank3","2026-06-10 20:00","-9.6"
"Trzic-Tank3","2026-06-10 21:00","-9.6"
"Trzic-Tank3","2026-06-10 22:00","-9.5"
"Trzic-Tank3","2026-06-10 23:00","-9.5"
"Trzic-Tank3","2026-06-11 00:00","-9.5"
"Trzic-Tank3","2026-06-11 01:00","-9.4"
"Trzic-Tank3","2026-06-11 02:00","-9.4"
"Trzic-Tank3","2026-06-11 03:00","-9.4"
"Trzic-Tank3","2026-06-11 04:00","-9.4"
"Trzic-Tank3","2026-06-11 05:00","-9.4"
"Trzic-Tank3","2026-06-11 06:00","-9.4"
"Trzic-Tank3","2026-06-11 07:00","-9.4"
"Trzic-Tank3","2026-06-11 08:00","-9.3"
"Trzic-Tank3","2026-06-11 09:00","-9.3"
"Trzic-Tank3","2026-06-11 10:00","-9.3"
"Trzic-Tank3","2026-06-11 11:00","-9.3"
"Trzic-Tank3","2026-06-11 12:00","-9.3"
"Trzic-Tank3","2026-06-11 13:00","-9.3"
"Trzic-Tank3","2026-06-11 14:00","-9.3"
"Trzic-Tank3","2026-06-11 15:00","-9.3"
"Trzic-Tank3","2026-06-11 16:00","-9.2"
"Trzic-Tank3","2026-06-11 17:00","-9.2"
"Trzic-Tank3","2026-06-11 18:00","-9.2"
"Trzic-Tank3","2026-06-11 19:00","-9.2"
"Trzic-Tank3","2026-06-11 20:00","-9.2"
"Trzic-Tank3","2026-06-11 21:00","-9.2"
"Trzic-Tank3","2026-06-11 22:00","-9.2"
"Trzic-Tank3","2026-06-11 23:00","-9.2"
"Trzic-Tank3","2026-06-12 00:00","-9.2"
"Trzic-Tank3","2026-06-12 01:00","-9.2"
"Trzic-Tank3","2026-06-12 02:00","-9.2"
"Trzic-Tank3","2026-06-12 03:00","-9.2"
"Trzic-Tank3","2026-06-12 04:00","-9.2"
"Trzic-Tank3","2026-06-12 05:00","-9.2"
"Trzic-Tank3","2026-06-12 06:00","-9.2"
"Trzic-Tank3","2026-06-12 07:00","-9.2"
"Trzic-Tank3","2026-06-12 08:00","-9.2"
"Trzic-Tank3","2026-06-12 09:00","-9.2"
"Trzic-Tank3","2026-06-12 10:00","-9.1"
"Trzic-Tank3","2026-06-12 11:00","-9.1"
"Trzic-Tank3","2026-06-12 12:00","-9.1"
"Trzic-Tank3","2026-06-12 13:00","-9.1"
"Trzic-Tank3","2026-06-12 14:00","-9.1"
"Trzic-Tank3","2026-06-12 15:00","-9.1"
"Trzic-Tank3","2026-06-12 16:00","-9.1"
"Trzic-Tank3","2026-06-12 17:00","-9.1"
"Trzic-Tank3","2026-06-12 18:00","-9.1"
"Trzic-Tank3","2026-06-12 19:00","-9.1"
"Trzic-Tank3","2026-06-12 20:00","-9.1"
"Trzic-Tank3","2026-06-12 21:00","-9.1"
"Trzic-Tank3","2026-06-12 22:00","-9.2"
"Trzic-Tank3","2026-06-12 23:00","-9.2"
"Trzic-Tank3","2026-06-13 00:00","-9.2"
"Trzic-Tank3","2026-06-13 01:00","-9.1"
"Trzic-Tank3","2026-06-13 02:00","-9.1"
"Trzic-Tank3","2026-06-13 03:00","-9.1"
"Trzic-Tank3","2026-06-13 04:00","-9.1"
"Trzic-Tank3","2026-06-13 05:00","-9.2"
"Trzic-Tank3","2026-06-13 06:00","-9.2"
"Trzic-Tank3","2026-06-13 07:00","-9.2"
"Trzic-Tank3","2026-06-13 08:00","-9.2"
"Trzic-Tank3","2026-06-13 09:00","-9.2"
"Trzic-Tank3","2026-06-13 10:00","-9.1"
"Trzic-Tank3","2026-06-13 11:00","-9.1"
"Trzic-Tank3","2026-06-13 12:00","-9.1"
"Trzic-Tank3","2026-06-13 13:00","-9.1"
"Trzic-Tank3","2026-06-13 14:00","-9.1"
"Trzic-Tank3","2026-06-13 15:00","-9.1"
"Trzic-Tank3","2026-06-13 16:00","-9.1"
"Trzic-Tank3","2026-06-13 17:00","-9.1"
"Trzic-Tank3","2026-06-13 18:00","-9.1"
"Trzic-Tank3","2026-06-13 19:00","-9.2"
"Trzic-Tank3","2026-06-13 20:00","-9.2"
"Trzic-Tank3","2026-06-13 21:00","-9.2"
"Trzic-Tank3","2026-06-13 22:00","-9.2"
"Trzic-Tank3","2026-06-13 23:00","-9.2"
"Trzic-Tank3","2026-06-14 00:00","-9.2"
"Trzic-Tank3","2026-06-14 01:00","-9.2"
"Trzic-Tank3","2026-06-14 02:00","-9.2"
"Trzic-Tank3","2026-06-14 03:00","-9.2"
"Trzic-Tank3","2026-06-14 04:00","-9.2"
"Trzic-Tank3","2026-06-14 05:00","-9.2"
"Trzic-Tank3","2026-06-14 06:00","-9.2"
"Trzic-Tank3","2026-06-14 07:00","-9.2"
"Trzic-Tank3","2026-06-14 08:00","-9.2"
"Trzic-Tank3","2026-06-14 09:00","-9.2"
"Trzic-Tank3","2026-06-14 10:00","-9.2"
"Trzic-Tank3","2026-06-14 11:00","-9.2"
"Trzic-Tank3","2026-06-14 12:00","-9.2"
"Trzic-Tank3","2026-06-14 13:00","-9.2"
"Trzic-Tank3","2026-06-14 14:00","-9.2"
"Trzic-Tank3","2026-06-14 15:00","-9.2"
"Trzic-Tank3","2026-06-14 16:00","-9.2"
"Trzic-Tank3","2026-06-14 17:00","-9.2"
"Trzic-Tank3","2026-06-14 18:00","-9.2"
"Trzic-Tank3","2026-06-14 19:00","-9.2"
"Trzic-Tank3","2026-06-14 20:00","-9.2"
"Trzic-Tank3","2026-06-14 21:00","-9.2"
"Trzic-Tank3","2026-06-14 22:00","-9.2"
"Trzic-Tank3","2026-06-14 23:00","-9.2"
"Trzic-Tank3","2026-06-15 00:00","-9.2"
"Trzic-Tank3","2026-06-15 01:00","-9.2"
"Trzic-Tank3","2026-06-15 02:00","-9.2"
"Trzic-Tank3","2026-06-15 03:00","-9.2"
"Trzic-Tank3","2026-06-15 04:00","-9.2"
"Trzic-Tank3","2026-06-15 05:00","-9.2"
"Trzic-Tank3","2026-06-15 06:00","-9.2"
"Trzic-Tank3","2026-06-15 07:00","-9.2"
"Trzic-Tank3","2026-06-15 08:00","-9.2"
"Trzic-Tank3","2026-06-15 09:00","-9.2"
"Trzic-Tank3","2026-06-15 10:00","-9.2"
"Trzic-Tank3","2026-06-15 11:00","-9.2"
"Trzic-Tank3","2026-06-15 12:00","-9.2"
"Trzic-Tank3","2026-06-15 13:00","-9.2"
"Trzic-Tank3","2026-06-15 14:00","-9.2"
"Trzic-Tank3","2026-06-15 15:00","-9.2"
"Trzic-Tank3","2026-06-15 16:00","-9.2"
"Trzic-Tank3","2026-06-15 17:00","-9.2"
"Trzic-Tank3","2026-06-15 18:00","-9.2"
"Trzic-Tank3","2026-06-15 19:00","-9.2"
"Trzic-Tank3","2026-06-15 20:00","-9.2"
"Trzic-Tank3","2026-06-15 21:00","-9.2"
"Trzic-Tank3","2026-06-15 22:00","-9.2"
"Trzic-Tank3","2026-06-15 23:00","-9.2"
"Trzic-Tank3","2026-06-16 00:00","-9.2"
"Trzic-Tank3","2026-06-16 01:00","-9.2"
"Trzic-Tank3","2026-06-16 02:00","-9.2"
"Trzic-Tank3","2026-06-16 03:00","-9.2"
"Trzic-Tank3","2026-06-16 04:00","-9.2"
"Trzic-Tank3","2026-06-16 05:00","-9.2"
"Trzic-Tank3","2026-06-16 06:00","-9.2"
"Trzic-Tank3","2026-06-16 07:00","-9.2"
"Trzic-Tank3","2026-06-16 08:00","-9.2"
"Trzic-Tank3","2026-06-16 09:00","-9.2"
"Trzic-Tank3","2026-06-16 10:00","-9.2"
"Trzic-Tank3","2026-06-16 11:00","-9.2"
"Trzic-Tank3","2026-06-16 12:00","-9.2"
"Trzic-Tank3","2026-06-16 13:00","-9.2"
"Trzic-Tank3","2026-06-16 14:00","-9.2"
"Trzic-Tank3","2026-06-16 15:00","-9.2"
"Trzic-Tank3","2026-06-16 16:00","-9.2"
"Trzic-Tank3","2026-06-16 17:00","-9.2"
"Trzic-Tank3","2026-06-16 18:00","-9.2"
"Trzic-Tank3","2026-06-16 19:00","-9.2"
"Trzic-Tank3","2026-06-16 20:00","-9.2"
"Trzic-Tank3","2026-06-16 21:00","-9.2"
"Trzic-Tank3","2026-06-16 22:00","-9.2"
"Trzic-Tank3","2026-06-16 23:00","-9.2"
"Trzic-Tank3","2026-06-17 00:00","-9.2"
"Trzic-Tank3","2026-06-17 01:00","-9.2"
"Trzic-Tank3","2026-06-17 02:00","-9.2"
"Trzic-Tank3","2026-06-17 03:00","-9.2"
"Trzic-Tank3","2026-06-17 04:00","-9.2"
"Trzic-Tank3","2026-06-17 05:00","-9.2"
"Trzic-Tank3","2026-06-17 06:00","-9.2"
"Trzic-Tank3","2026-06-17 07:00","-9.2"
"Trzic-Tank3","2026-06-17 08:00","-9.2"
"Trzic-Tank3","2026-06-17 09:00","-9.2"
"Trzic-Tank3","2026-06-17 10:00","-9.2"
"Trzic-Tank3","2026-06-17 11:00","-9.2"
"Trzic-Tank3","2026-06-17 12:00","-9.2"
"Trzic-Tank3","2026-06-17 13:00","-9.2"
"Trzic-Tank3","2026-06-17 14:00","-9.2"
"Trzic-Tank3","2026-06-17 15:00","-9.2"
"Trzic-Tank3","2026-06-17 16:00","-9.2"
"Trzic-Tank3","2026-06-17 17:00","-9.2"
"Trzic-Tank3","2026-06-17 18:00","-9.2"
"Trzic-Tank3","2026-06-17 19:00","-9.2"
"Trzic-Tank3","2026-06-17 20:00","-9.2"
"Trzic-Tank3","2026-06-17 21:00","-9.2"
"Trzic-Tank3","2026-06-17 22:00","-9.2"
"Trzic-Tank3","2026-06-17 23:00","-9.2"
"Trzic-Tank3","2026-06-18 00:00","-9.2"
"Trzic-Tank3","2026-06-18 01:00","-9.2"
"Trzic-Tank3","2026-06-18 02:00","-9.2"
"Trzic-Tank3","2026-06-18 03:00","-9.2"
"Trzic-Tank3","2026-06-18 04:00","-9.2"
"Trzic-Tank3","2026-06-18 05:00","-9.2"
"Trzic-Tank3","2026-06-18 06:00","-9.2"
"Trzic-Tank3","2026-06-18 07:00","-9.2"
"Trzic-Tank3","2026-06-18 08:00","-9.2"
"Trzic-Tank3","2026-06-18 09:00","-9.2"
"Trzic-Tank3","2026-06-18 10:00","-9.2"
"Trzic-Tank3","2026-06-18 11:00","-9.2"
"Trzic-Tank3","2026-06-18 12:00","-9.2"
"Trzic-Tank3","2026-06-18 13:00","-9.2"
"Trzic-Tank3","2026-06-18 14:00","-9.2"
"Trzic-Tank3","2026-06-18 15:00","-9.2"
"Trzic-Tank3","2026-06-18 16:00","-9.2"
"Trzic-Tank3","2026-06-18 17:00","-9.2"
"Trzic-Tank3","2026-06-18 18:00","-9.2"
"Trzic-Tank3","2026-06-18 19:00","-9.2"
"Trzic-Tank3","2026-06-18 20:00","-9.2"
"Trzic-Tank3","2026-06-18 21:00","-9.2"
"Trzic-Tank3","2026-06-18 22:00","-9.2"
"Trzic-Tank3","2026-06-18 23:00","-9.2"
"Trzic-Tank3","2026-06-19 00:00","-9.2"
"Trzic-Tank3","2026-06-19 01:00","-9.2"
"Trzic-Tank3","2026-06-19 02:00","-9.2"
"Trzic-Tank3","2026-06-19 03:00","-9.2"
"Trzic-Tank3","2026-06-19 04:00","-9.2"
"Trzic-Tank3","2026-06-19 05:00","-9.2"
"Trzic-Tank3","2026-06-19 06:00","-9.2"
"Trzic-Tank3","2026-06-19 07:00","-9.2"
"Trzic-Tank3","2026-06-19 08:00","-9.2"
"Trzic-Tank3","2026-06-19 09:00","-9.2"
"Trzic-Tank3","2026-06-19 10:00","-9.2"
"Trzic-Tank3","2026-06-19 11:00","-9.2"
"Trzic-Tank3","2026-06-19 12:00","-9.2"
"Trzic-Tank3","2026-06-19 13:00","-9.2"
"Trzic-Tank3","2026-06-19 14:00","-9.2"
"Trzic-Tank3","2026-06-19 15:00","-9.2"
"Trzic-Tank3","2026-06-19 16:00","-9.2"
"Trzic-Tank3","2026-06-19 17:00","-9.2"
"Trzic-Tank3","2026-06-19 18:00","-9.2"
"Trzic-Tank3","2026-06-19 19:00","-9.2"
"Trzic-Tank3","2026-06-19 20:00","-9.2"
"Trzic-Tank3","2026-06-19 21:00","-9.2"
"Trzic-Tank3","2026-06-19 22:00","-9.3"
"Trzic-Tank3","2026-06-19 23:00","-9.3"
"Trzic-Tank3","2026-06-20 00:00","-9.3"
"Trzic-Tank3","2026-06-20 01:00","-9.3"
"Trzic-Tank3","2026-06-20 02:00","-9.3"
"Trzic-Tank3","2026-06-20 03:00","-9.3"
"Trzic-Tank3","2026-06-20 04:00","-9.3"
"Trzic-Tank3","2026-06-20 05:00","-9.3"
"Trzic-Tank3","2026-06-20 06:00","-9.3"
"Trzic-Tank3","2026-06-20 07:00","-9.3"
"Trzic-Tank3","2026-06-20 08:00","-9.3"
"Trzic-Tank3","2026-06-20 09:00","-9.3"
"Trzic-Tank3","2026-06-20 10:00","-9.3"
"Trzic-Tank3","2026-06-20 11:00","-9.3"
"Trzic-Tank3","2026-06-20 12:00","-9.3"
"Trzic-Tank3","2026-06-20 13:00","-9.3"
"Trzic-Tank3","2026-06-20 14:00","-9.3"
"Trzic-Tank3","2026-06-20 15:00","-9.3"
"Trzic-Tank3","2026-06-20 16:00","-9.3"
"Trzic-Tank3","2026-06-20 17:00","-9.3"
"Trzic-Tank3","2026-06-20 18:00","-9.3"
"Trzic-Tank3","2026-06-20 19:00","-9.3"
"Trzic-Tank3","2026-06-20 20:00","-9.1"
"Trzic-Tank3","2026-06-20 21:00","-9.1"
"Trzic-Tank3","2026-06-20 22:00","-9.2"
"Trzic-Tank3","2026-06-20 23:00","-9.1"
"Trzic-Tank3","2026-06-21 00:00","-9.1"
"Trzic-Tank3","2026-06-21 01:00","-9.1"
"Trzic-Tank3","2026-06-21 02:00","-9.1"
"Trzic-Tank3","2026-06-21 03:00","-9.1"
"Trzic-Tank3","2026-06-21 04:00","-9.1"
"Trzic-Tank3","2026-06-21 05:00","-9.1"
"Trzic-Tank3","2026-06-21 06:00","-9.1"
"Trzic-Tank3","2026-06-21 07:00","-9.1"
"Trzic-Tank3","2026-06-21 08:00","-9.1"
"Trzic-Tank3","2026-06-21 09:00","-9.1"
"Trzic-Tank3","2026-06-21 10:00","-9"
"Trzic-Tank3","2026-06-21 11:00","-9.1"
"Trzic-Tank3","2026-06-21 12:00","-9"
"Trzic-Tank3","2026-06-21 13:00","-9"
"Trzic-Tank3","2026-06-21 14:00","-9"
"Trzic-Tank3","2026-06-21 15:00","-9"
"Trzic-Tank3","2026-06-21 16:00","-9"
"Trzic-Tank3","2026-06-21 17:00","-9"
"Trzic-Tank3","2026-06-21 18:00","-9"
"Trzic-Tank3","2026-06-21 19:00","-9"
"Trzic-Tank3","2026-06-21 20:00","-9"
"Trzic-Tank3","2026-06-21 21:00","-9"
"Trzic-Tank3","2026-06-21 22:00","-9"
"Trzic-Tank3","2026-06-21 23:00","-9"
"Trzic-Tank3","2026-06-22 00:00","-9"
"Trzic-Tank3","2026-06-22 01:00","-9"
"Trzic-Tank3","2026-06-22 02:00","-9"
"Trzic-Tank3","2026-06-22 03:00","-9"
"Trzic-Tank3","2026-06-22 04:00","-9"
"Trzic-Tank3","2026-06-22 05:00","-9"
"Trzic-Tank3","2026-06-22 06:00","-9"
"Trzic-Tank3","2026-06-22 07:00","-9"
"Trzic-Tank3","2026-06-22 08:00","-9"
"Trzic-Tank3","2026-06-22 09:00","-9"
"Trzic-Tank3","2026-06-22 10:00","-9"
"Trzic-Tank3","2026-06-22 11:00","-9"
"Trzic-Tank3","2026-06-22 12:00","-9"
"Trzic-Tank3","2026-06-22 13:00","-9"
"Trzic-Tank3","2026-06-22 14:00","-9"
"Trzic-Tank3","2026-06-22 15:00","-9"
"Trzic-Tank3","2026-06-22 16:00","-9"
"Trzic-Tank3","2026-06-22 17:00","-9"
"Trzic-Tank3","2026-06-22 18:00","-9"
"Trzic-Tank3","2026-06-22 19:00","-9"
"Trzic-Tank3","2026-06-22 20:00","-9"
"Trzic-Tank3","2026-06-22 21:00","-9"
"Trzic-Tank3","2026-06-22 22:00","-9"
"Trzic-Tank3","2026-06-22 23:00","-9"
"Trzic-Tank3","2026-06-23 00:00","-9"
"Trzic-Tank3","2026-06-23 01:00","-9"
"Trzic-Tank3","2026-06-23 02:00","-9"
"Trzic-Tank3","2026-06-23 03:00","-9"
"Trzic-Tank3","2026-06-23 04:00","-9"
"Trzic-Tank3","2026-06-23 05:00","-9"
"Trzic-Tank3","2026-06-23 06:00","-9"
"Trzic-Tank3","2026-06-23 07:00","-9"
"Trzic-Tank3","2026-06-23 08:00","-9"
"Trzic-Tank3","2026-06-23 09:00","-9"
"Trzic-Tank3","2026-06-23 10:00","-9"
"Trzic-Tank3","2026-06-23 11:00","-9"
"Trzic-Tank3","2026-06-23 12:00","-9"
"Trzic-Tank3","2026-06-23 13:00","-9"
"Trzic-Tank3","2026-06-23 14:00","-9"
"Trzic-Tank3","2026-06-23 15:00","-9"
"Trzic-Tank3","2026-06-23 16:00","-9"
"Trzic-Tank3","2026-06-23 17:00","-9"
"Trzic-Tank3","2026-06-23 18:00","-9"
"Trzic-Tank3","2026-06-23 19:00","-9"
"Trzic-Tank3","2026-06-23 20:00","-9"
"Trzic-Tank3","2026-06-23 21:00","-9"
"Trzic-Tank3","2026-06-23 22:00","-9"
"Trzic-Tank3","2026-06-23 23:00","-9"
"Trzic-Tank3","2026-06-24 00:00","-9"
"Trzic-Tank3","2026-06-24 01:00","-9"
"Trzic-Tank3","2026-06-24 02:00","-9"
"Trzic-Tank3","2026-06-24 03:00","-9"
"Trzic-Tank3","2026-06-24 04:00","-9"
"Trzic-Tank3","2026-06-24 05:00","-9"
"Trzic-Tank3","2026-06-24 06:00","-9"
"Trzic-Tank3","2026-06-24 07:00","-9"
"Trzic-Tank3","2026-06-24 08:00","-9"
"Trzic-Tank3","2026-06-24 09:00","-9"
"Trzic-Tank3","2026-06-24 10:00","-9"
"Trzic-Tank3","2026-06-24 11:00","-9"
"Trzic-Tank3","2026-06-24 12:00","-9"
"Trzic-Tank3","2026-06-24 13:00","-9"
"Trzic-Tank3","2026-06-24 14:00","-9"
"Trzic-Tank3","2026-06-24 15:00","-9"
"Trzic-Tank3","2026-06-24 16:00","-9"
"Trzic-Tank3","2026-06-24 17:00","-9"
"Trzic-Tank3","2026-06-24 18:00","-9"
"Trzic-Tank3","2026-06-24 19:00","-9"
"Trzic-Tank3","2026-06-24 20:00","-9"
"Trzic-Tank3","2026-06-24 21:00","-9"
"Trzic-Tank3","2026-06-24 22:00","-9"
"Trzic-Tank3","2026-06-24 23:00","-9"
"Trzic-Tank3","2026-06-25 00:00","-9"
"Trzic-Tank3","2026-06-25 01:00","-9.1"
"Trzic-Tank3","2026-06-25 02:00","-9.1"
"Trzic-Tank3","2026-06-25 03:00","-9.1"
"Trzic-Tank3","2026-06-25 04:00","-9.1"
"Trzic-Tank3","2026-06-25 05:00","-9.1"
"Trzic-Tank3","2026-06-25 06:00","-9.1"
"Trzic-Tank3","2026-06-25 07:00","-9"
"Trzic-Tank3","2026-06-25 08:00","-9"
"Trzic-Tank3","2026-06-25 09:00","-9"
"Trzic-Tank3","2026-06-25 10:00","-9"
"Trzic-Tank3","2026-06-25 11:00","-9"
"Trzic-Tank3","2026-06-25 12:00","-9"
"Trzic-Tank3","2026-06-25 13:00","-9"
"Trzic-Tank3","2026-06-25 14:00","-9"
"Trzic-Tank3","2026-06-25 15:00","-9"
"Trzic-Tank3","2026-06-25 16:00","-9"
"Trzic-Tank3","2026-06-25 17:00","-9"
"Trzic-Tank3","2026-06-25 18:00","-9"
"Trzic-Tank3","2026-06-25 19:00","-9"
"Trzic-Tank3","2026-06-25 20:00","-9.1"
"Trzic-Tank3","2026-06-25 21:00","-9.1"
"Trzic-Tank3","2026-06-25 22:00","-9.1"
"Trzic-Tank3","2026-06-25 23:00","-9.1"
"Trzic-Tank3","2026-06-26 00:00","-9.1"
"Trzic-Tank3","2026-06-26 01:00","-9.1"
"Trzic-Tank3","2026-06-26 02:00","-9.1"
"Trzic-Tank3","2026-06-26 03:00","-9.1"
"Trzic-Tank3","2026-06-26 04:00","-9.1"
"Trzic-Tank3","2026-06-26 05:00","-9.1"
"Trzic-Tank3","2026-06-26 06:00","-9.1"
"Trzic-Tank3","2026-06-26 07:00","-9.1"
"Trzic-Tank3","2026-06-26 08:00","-9.1"
"Trzic-Tank3","2026-06-26 09:00","-9.1"
"Trzic-Tank3","2026-06-26 10:00","-9.1"
"Trzic-Tank3","2026-06-26 11:00","-9.1"
"Trzic-Tank3","2026-06-26 12:00","-9.1"
"Trzic-Tank3","2026-06-26 13:00","-9.1"
"Trzic-Tank3","2026-06-26 14:00","-9.1"
"Trzic-Tank3","2026-06-26 15:00","-9.1"
"Trzic-Tank3","2026-06-26 16:00","-9.1"
"Trzic-Tank3","2026-06-26 17:00","-9.1"
"Trzic-Tank3","2026-06-26 18:00","-9.1"
"Trzic-Tank3","2026-06-26 19:00","-9.1"
"Trzic-Tank3","2026-06-26 20:00","-9.1"
"Trzic-Tank3","2026-06-26 21:00","-9.1"
"Trzic-Tank3","2026-06-26 22:00","-9.1"
"Trzic-Tank3","2026-06-26 23:00","-9.1"
"Trzic-Tank3","2026-06-27 00:00","-9.1"
"Trzic-Tank3","2026-06-27 01:00","-9.2"
"Trzic-Tank3","2026-06-27 02:00","-9.2"
"Trzic-Tank3","2026-06-27 03:00","-9.2"
"Trzic-Tank3","2026-06-27 04:00","-9.2"
"Trzic-Tank3","2026-06-27 05:00","-9.2"
"Trzic-Tank3","2026-06-27 06:00","-9.2"
"Trzic-Tank3","2026-06-27 07:00","-9.2"
"Trzic-Tank3","2026-06-27 08:00","-9.2"
"Trzic-Tank3","2026-06-27 09:00","-9.2"
"Trzic-Tank3","2026-06-27 10:00","-9.3"
"Trzic-Tank3","2026-06-27 11:00","-9.3"
"Trzic-Tank3","2026-06-27 12:00","-9.3"
"Trzic-Tank3","2026-06-27 13:00","-9.3"
"Trzic-Tank3","2026-06-27 14:00","-9.3"
"Trzic-Tank3","2026-06-27 15:00","-9.3"
"Trzic-Tank3","2026-06-27 16:00","-9.3"
"Trzic-Tank3","2026-06-27 17:00","-9.4"
"Trzic-Tank3","2026-06-27 18:00","-9.4"
"Trzic-Tank3","2026-06-27 19:00","-9.4"
"Trzic-Tank3","2026-06-27 20:00","-9.4"
"Trzic-Tank3","2026-06-27 21:00","-9.4"
"Trzic-Tank3","2026-06-27 22:00","-9.4"
"Trzic-Tank3","2026-06-27 23:00","-9.4"
"Trzic-Tank3","2026-06-28 00:00","-9.4"
"Trzic-Tank3","2026-06-28 01:00","-9.4"
"Trzic-Tank3","2026-06-28 02:00","-9.4"
"Trzic-Tank3","2026-06-28 03:00","-9.4"
"Trzic-Tank3","2026-06-28 04:00","-9.4"
"Trzic-Tank3","2026-06-28 05:00","-9.4"
"Trzic-Tank3","2026-06-28 06:00","-9.4"
"Trzic-Tank3","2026-06-28 07:00","-9.4"
"Trzic-Tank3","2026-06-28 08:00","-9.4"
"Trzic-Tank3","2026-06-28 09:00","-9.4"
"Trzic-Tank3","2026-06-28 10:00","-9.4"
"Trzic-Tank3","2026-06-28 11:00","-9.4"
"Trzic-Tank3","2026-06-28 12:00","-9.4"
"Trzic-Tank3","2026-06-28 13:00","-9.4"
"Trzic-Tank3","2026-06-28 14:00","-9.5"
"Trzic-Tank3","2026-06-28 15:00","-9.5"
"Trzic-Tank3","2026-06-28 16:00","-9.6"
"Trzic-Tank3","2026-06-28 17:00","-9.6"
"Trzic-Tank3","2026-06-28 18:00","-9.7"
"Trzic-Tank3","2026-06-28 19:00","-9.7"
"Trzic-Tank3","2026-06-28 20:00","-9.7"
"Trzic-Tank3","2026-06-28 21:00","-9.7"
"Trzic-Tank3","2026-06-28 22:00","-9.7"
"Trzic-Tank3","2026-06-28 23:00","-9.7"
"Trzic-Tank3","2026-06-29 00:00","-9.7"
"Trzic-Tank3","2026-06-29 01:00","-9.8"
"Trzic-Tank3","2026-06-29 02:00","-9.8"
"Trzic-Tank3","2026-06-29 03:00","-9.8"
"Trzic-Tank3","2026-06-29 04:00","-9.8"
"Trzic-Tank3","2026-06-29 05:00","-9.8"
"Trzic-Tank3","2026-06-29 06:00","-9.8"
"Trzic-Tank3","2026-06-29 07:00","-9.8"
"Trzic-Tank3","2026-06-29 08:00","-9.9"
"Trzic-Tank3","2026-06-29 09:00","-9.9"
"Trzic-Tank3","2026-06-29 10:00","-9.9"
"Trzic-Tank3","2026-06-29 11:00","-10"
"Trzic-Tank3","2026-06-29 12:00","-10"
"Trzic-Tank3","2026-06-29 13:00","-10.1"
"Trzic-Tank3","2026-06-29 14:00","-10.1"
"Trzic-Tank3","2026-06-29 15:00","-10.2"
"Trzic-Tank3","2026-06-29 16:00","-10.4"
"Trzic-Tank3","2026-06-29 17:00","-10.4"
"Trzic-Tank3","2026-06-29 18:00","-10.5"
"Trzic-Tank3","2026-06-29 19:00","-10.7"
"Trzic-Tank3","2026-06-29 20:00","-10.8"
"Trzic-Tank3","2026-06-29 21:00","-10.9"
"Trzic-Tank3","2026-06-29 22:00","-10.9"
"Trzic-Tank3","2026-06-29 23:00","-11"
"Trzic-Tank3","2026-06-30 00:00","-11"
"Trzic-Tank3","2026-06-30 01:00","-11.1"
"Trzic-Tank3","2026-06-30 02:00","-11.1"
"Trzic-Tank3","2026-06-30 03:00","-11.1"
"Trzic-Tank3","2026-06-30 04:00","-11.1"
"Trzic-Tank3","2026-06-30 05:00","-11.4"
"Trzic-Tank3","2026-06-30 06:00","-11.5"
"Trzic-Tank3","2026-06-30 07:00","-11.6"
"Trzic-Tank3","2026-06-30 08:00","-11.7"
"Trzic-Tank3","2026-06-30 09:00","-11.7"
"Trzic-Tank3","2026-06-30 10:00","-11.9"
"Trzic-Tank3","2026-06-30 11:00","-12.1"
"Trzic-Tank3","2026-06-30 12:00","-12.3"
"Trzic-Tank3","2026-06-30 13:00","-12.6"
"Trzic-Tank3","2026-06-30 14:00","-12.8"
"Trzic-Tank3","2026-06-30 15:00","-13.2"
"Trzic-Tank3","2026-06-30 16:00","-13.5"
"Trzic-Tank3","2026-06-30 17:00","-13.8"
"Trzic-Tank3","2026-06-30 18:00","-13.9"
"Trzic-Tank3","2026-06-30 19:00","-14.1"
"Trzic-Tank3","2026-06-30 20:00","-14.2"
"Trzic-Tank3","2026-06-30 21:00","-14.3"
"Trzic-Tank3","2026-06-30 22:00","-14.3"
"Trzic-Tank3","2026-06-30 23:00",
"Trzic-Tank3","2026-07-01 00:00",
"Trzic-Tank3","2026-07-01 01:00",
"Trzic-Tank3","2026-07-01 02:00",
"Trzic-Tank3","2026-07-01 03:00",
"Trzic-Tank3","2026-07-01 04:00",
"Trzic-Tank3","2026-07-01 05:00",
"Trzic-Tank3","2026-07-01 06:00",
"Trzic-Tank3","2026-07-01 07:00",
"Trzic-Tank3","2026-07-01 08:00",
"Trzic-Tank3","2026-07-01 09:00","-15.2"
"Trzic-Tank3","2026-07-01 10:00","-15.5"
"Trzic-Tank3","2026-07-01 11:00","-15.8"
"Trzic-Tank3","2026-07-01 12:00","-16.3"
"Trzic-Tank3","2026-07-01 13:00","-16.8"
"Trzic-Tank3","2026-07-01 14:00","-17.3"
"Trzic-Tank3","2026-07-01 15:00","-18.1"
"Trzic-Tank3","2026-07-01 16:00","-18.5"
"Trzic-Tank3","2026-07-01 17:00","-19.3"
"Trzic-Tank3","2026-07-01 18:00","-19.4"
"Trzic-Tank3","2026-07-01 19:00","-19.4"
"Trzic-Tank3","2026-07-01 20:00","-19.9"
"Trzic-Tank3","2026-07-01 21:00","-20"
"Trzic-Tank3","2026-07-01 22:00","-20.1"
"Trzic-Tank3","2026-07-01 23:00","-20.2"
"Trzic-Tank3","2026-07-02 00:00","-20.2"
"Trzic-Tank3","2026-07-02 01:00","-20.4"
"Trzic-Tank3","2026-07-02 02:00","-20.4"
"Trzic-Tank3","2026-07-02 03:00","-20.4"
"Trzic-Tank3","2026-07-02 04:00","-20.4"
"Trzic-Tank3","2026-07-02 05:00","-21"
"Trzic-Tank3","2026-07-02 06:00","-21.1"
"Trzic-Tank3","2026-07-02 07:00","-21.4"
"Trzic-Tank3","2026-07-02 08:00","-21.9"
"Trzic-Tank3","2026-07-02 09:00","-22.1"
"Trzic-Tank3","2026-07-02 10:00","-22.6"
"Trzic-Tank3","2026-07-02 11:00","-23.4"
"Trzic-Tank3","2026-07-02 12:00","-24.2"
"Trzic-Tank3","2026-07-02 13:00","-24.7"
"Trzic-Tank3","2026-07-02 14:00","-25.7"
"Trzic-Tank3","2026-07-02 15:00","-26.6"
"Trzic-Tank3","2026-07-02 16:00","-27.5"
"Trzic-Tank3","2026-07-02 17:00","-28.4"
"Trzic-Tank3","2026-07-02 18:00","-28.7"
"Trzic-Tank3","2026-07-02 19:00","-29.8"
"Trzic-Tank3","2026-07-02 20:00","-30.1"
"Trzic-Tank3","2026-07-02 21:00","-30.3"
"Trzic-Tank3","2026-07-02 22:00","-30.4"
"Trzic-Tank3","2026-07-02 23:00","-30.5"
"Trzic-Tank3","2026-07-03 00:00","-30.5"
"Trzic-Tank3","2026-07-03 01:00","-30.8"
"Trzic-Tank3","2026-07-03 02:00","-30.8"
"Trzic-Tank3","2026-07-03 03:00","-30.8"
"Trzic-Tank3","2026-07-03 04:00","-30.8"
"Trzic-Tank3","2026-07-03 05:00","-31.5"
"Trzic-Tank3","2026-07-03 06:00","-31.6"
"Trzic-Tank3","2026-07-03 07:00","-31.9"
"Trzic-Tank3","2026-07-03 08:00","-32.1"
"Trzic-Tank3","2026-07-03 09:00","-32.6"
"Trzic-Tank3","2026-07-03 10:00","-33.2"
"Trzic-Tank3","2026-07-03 11:00","-34"
"Trzic-Tank3","2026-07-03 12:00","-34.7"
"Trzic-Tank3","2026-07-03 13:00","-35.3"
"Trzic-Tank3","2026-07-03 14:00","-36.1"
"Trzic-Tank3","2026-07-03 15:00","-37.2"
"Trzic-Tank3","2026-07-03 16:00","-38.8"
"Trzic-Tank3","2026-07-03 17:00","-39.9"
"Trzic-Tank3","2026-07-03 18:00","-40.9"
"Trzic-Tank3","2026-07-03 19:00","-42"
"Trzic-Tank3","2026-07-03 20:00","-42.7"
"Trzic-Tank3","2026-07-03 21:00","-43.4"
"Trzic-Tank3","2026-07-03 22:00","-44"
"Trzic-Tank3","2026-07-03 23:00","-44.3"
"Trzic-Tank3","2026-07-04 00:00","-44.3"
"Trzic-Tank3","2026-07-04 01:00","-45.1"
"Trzic-Tank3","2026-07-04 02:00","-45.1"
"Trzic-Tank3","2026-07-04 03:00","-45.1"
"Trzic-Tank3","2026-07-04 04:00","-45.1"
"Trzic-Tank3","2026-07-04 05:00","-46.9"
"Trzic-Tank3","2026-07-04 06:00","-47.4"
"Trzic-Tank3","2026-07-04 07:00","-48"
"Trzic-Tank3","2026-07-04 08:00","-48.9"
"Trzic-Tank3","2026-07-04 09:00","-49.7"
"Trzic-Tank3","2026-07-04 10:00","-50.9"
"Trzic-Tank3","2026-07-04 11:00","-53.8"
"Trzic-Tank3","2026-07-04 12:00","-59.1"
"Trzic-Tank3","2026-07-04 13:00","-60.8"
"Trzic-Tank3","2026-07-04 14:00","-63.8"
"Trzic-Tank3","2026-07-04 15:00","-68.1"
"Trzic-Tank3","2026-07-04 16:00","-70.5"
"Trzic-Tank3","2026-07-04 17:00","-71.8"
"Trzic-Tank3","2026-07-04 18:00","-75.2"
"Trzic-Tank3","2026-07-04 19:00","-76.4"
"Trzic-Tank3","2026-07-04 20:00","-78.5"
"Trzic-Tank3","2026-07-04 21:00","-79.9"
"Trzic-Tank3","2026-07-04 22:00","-80.1"
"Trzic-Tank3","2026-07-04 23:00","-80.6"
"Trzic-Tank3","2026-07-05 00:00","-80.6"
"Trzic-Tank3","2026-07-05 01:00","-81.3"
"Trzic-Tank3","2026-07-05 02:00","-81.3"
"Trzic-Tank3","2026-07-05 03:00","-81.3"
"Trzic-Tank3","2026-07-05 04:00","-81.3"
"Trzic-Tank3","2026-07-05 05:00","-83.5"
"Trzic-Tank3","2026-07-05 06:00","-84.3"
"Trzic-Tank3","2026-07-05 07:00","-85.2"
"Trzic-Tank3","2026-07-05 08:00","-86.3"
"Trzic-Tank3","2026-07-05 09:00","-87.2"
"Trzic-Tank3","2026-07-05 10:00","-88.7"
"Trzic-Tank3","2026-07-05 11:00","-90.1"
"Trzic-Tank3","2026-07-05 12:00","-92.8"
"Trzic-Tank3","2026-07-05 13:00","-95.3"
"Trzic-Tank3","2026-07-05 14:00","-99.5"
"Trzic-Tank3","2026-07-05 15:00","-102.5"
"Trzic-Tank3","2026-07-05 16:00","-107.1"
"Trzic-Tank3","2026-07-05 17:00","-109.4"
"Trzic-Tank3","2026-07-05 18:00","-111.1"
"Trzic-Tank3","2026-07-05 19:00","-113.2"
"Trzic-Tank3","2026-07-05 20:00","-114.5"
"Trzic-Tank3","2026-07-05 21:00","-114.9"
"Trzic-Tank3","2026-07-05 22:00","-115.3"
"Trzic-Tank3","2026-07-05 23:00","-115.9"
"Trzic-Tank3","2026-07-06 00:00","-115.9"
"Trzic-Tank3","2026-07-06 01:00","-116.5"
"Trzic-Tank3","2026-07-06 02:00","-116.5"
"Trzic-Tank3","2026-07-06 03:00","-116.5"
"Trzic-Tank3","2026-07-06 04:00","-116.5"
"Trzic-Tank3","2026-07-06 05:00","-118.4"
"Trzic-Tank3","2026-07-06 06:00","-119.2"
"Trzic-Tank3","2026-07-06 07:00","-120.4"
"Trzic-Tank3","2026-07-06 08:00","-121.2"
"Trzic-Tank3","2026-07-06 09:00","-122"
"Trzic-Tank3","2026-07-06 10:00","-123.9"
"Trzic-Tank3","2026-07-06 11:00","-126.1"
"Trzic-Tank3","2026-07-06 12:00","-128.2"
"Trzic-Tank3","2026-07-06 13:00","-133.2"
"Trzic-Tank3","2026-07-06 14:00","-136.9"
"Trzic-Tank3","2026-07-06 15:00","-143.3"
"Trzic-Tank3","2026-07-06 16:00","-147.5"
"Trzic-Tank3","2026-07-06 17:00","-149.8"
"Trzic-Tank3","2026-07-06 18:00","-152.8"
"Trzic-Tank3","2026-07-06 19:00","-156.5"
"Trzic-Tank3","2026-07-06 20:00","-158.8"
"Trzic-Tank3","2026-07-06 21:00","-161"
"Trzic-Tank3","2026-07-06 22:00","-161.2"
"Trzic-Tank3","2026-07-06 23:00","-161.4"
"Trzic-Tank3","2026-07-07 00:00","-161.4"
"Trzic-Tank3","2026-07-07 01:00","-162.1"
"Trzic-Tank3","2026-07-07 02:00","-162.1"
"Trzic-Tank3","2026-07-07 03:00","-162.1"
"Trzic-Tank3","2026-07-07 04:00","-162.1"
"Trzic-Tank3","2026-07-07 05:00","-165.9"
"Trzic-Tank3","2026-07-07 06:00","-166.4"
"Trzic-Tank3","2026-07-07 07:00","-166.9"
"Trzic-Tank3","2026-07-07 08:00","-169"
"Trzic-Tank3","2026-07-07 09:00","-170.4"
"Trzic-Tank3","2026-07-07 10:00","-172.2"
"Trzic-Tank3","2026-07-07 11:00","-176.7"
"Trzic-Tank3","2026-07-07 12:00","-180.3"
"Trzic-Tank3","2026-07-07 13:00","-184"
"Trzic-Tank3","2026-07-07 14:00","-190.8"
"Trzic-Tank3","2026-07-07 15:00","-193.7"
"Trzic-Tank3","2026-07-07 16:00","-198.4"
"Trzic-Tank3","2026-07-07 17:00","-200.3"
"Trzic-Tank3","2026-07-07 18:00","-204.3"
"Trzic-Tank3","2026-07-07 19:00","-206.1"
"Trzic-Tank3","2026-07-07 20:00","-207.1"
"Trzic-Tank3","2026-07-07 21:00","-208.1"
"Trzic-Tank3","2026-07-07 22:00","-209"
"Trzic-Tank3","2026-07-07 23:00","-210"
"Trzic-Tank3","2026-07-08 00:00","-210"
"Trzic-Tank3","2026-07-08 01:00","-212.4"
"Trzic-Tank3","2026-07-08 02:00","-212.4"
"Trzic-Tank3","2026-07-08 03:00","-212.4"
"Trzic-Tank3","2026-07-08 04:00","-212.4"
"Trzic-Tank3","2026-07-08 05:00","-216.1"
"Trzic-Tank3","2026-07-08 06:00","-216.4"
"Trzic-Tank3","2026-07-08 07:00","-217.2"
"Trzic-Tank3","2026-07-08 08:00","-217.4"
"Trzic-Tank3","2026-07-08 09:00","-218"
"Trzic-Tank3","2026-07-08 10:00","-220.8"
"Trzic-Tank3","2026-07-08 11:00","-224.3"
"Trzic-Tank3","2026-07-08 12:00","-224.9"
"Trzic-Tank3","2026-07-08 13:00","-226.6"
"Trzic-Tank3","2026-07-08 14:00","-227.6"
"Trzic-Tank3","2026-07-08 15:00","-232.4"
"Trzic-Tank3","2026-07-08 16:00","-235"
"Trzic-Tank3","2026-07-08 17:00","-236.4"
"Trzic-Tank3","2026-07-08 18:00","-238.9"
"Trzic-Tank3","2026-07-08 19:00","-239.1"
"Trzic-Tank3","2026-07-08 20:00","-240.2"
"Trzic-Tank3","2026-07-08 21:00","-242.2"
"Trzic-Tank3","2026-07-08 22:00","-242.5"
"Trzic-Tank3","2026-07-08 23:00","-244.1"
"Trzic-Tank3","2026-07-09 00:00","-244.1"
"Trzic-Tank3","2026-07-09 01:00","-246.7"
"Trzic-Tank3","2026-07-09 02:00","-246.7"
"Trzic-Tank3","2026-07-09 03:00","-246.7"
"Trzic-Tank3","2026-07-09 04:00","-246.7"
"Trzic-Tank3","2026-07-09 05:00","-250.9"
"Trzic-Tank3","2026-07-09 06:00","-252.1"
"Trzic-Tank3","2026-07-09 07:00","-253"
"Trzic-Tank3","2026-07-09 08:00","-253.3"
"Trzic-Tank3","2026-07-09 09:00","-254.4"
"Trzic-Tank3","2026-07-09 10:00","-256.1"
"Trzic-Tank3","2026-07-09 11:00","-258.5"
"Trzic-Tank3","2026-07-09 12:00","-263.9"
"Trzic-Tank3","2026-07-09 13:00","-265.2"
"Trzic-Tank3","2026-07-09 14:00","-267.9"
"Trzic-Tank3","2026-07-09 15:00","-269.1"
"Trzic-Tank3","2026-07-09 16:00","-269.6"
"Trzic-Tank3","2026-07-09 17:00","-270.5"
"Trzic-Tank3","2026-07-09 18:00","-271.3"
"Trzic-Tank3","2026-07-09 19:00","-273.9"
"Trzic-Tank3","2026-07-09 20:00","-275.8"
"Trzic-Tank3","2026-07-09 21:00","-278.2"
"Trzic-Tank3","2026-07-09 22:00","-279.8"
"Trzic-Tank3","2026-07-09 23:00","-279.5"
"Trzic-Tank3","2026-07-10 00:00","-279.5"
"Trzic-Tank3","2026-07-10 01:00","-282.9"
"Trzic-Tank3","2026-07-10 02:00","-282.9"
"Trzic-Tank3","2026-07-10 03:00","-282.9"
"Trzic-Tank3","2026-07-10 04:00","-282.9"
"Trzic-Tank3","2026-07-10 05:00","-286.3"
"Trzic-Tank3","2026-07-10 06:00","-287.3"
"Trzic-Tank3","2026-07-10 07:00","-288"
"Trzic-Tank3","2026-07-10 08:00","-288.9"
"Trzic-Tank3","2026-07-10 09:00","-289.7"
"Trzic-Tank3","2026-07-10 10:00","-292.2"
"Trzic-Tank3","2026-07-10 11:00","-294.2"
"Trzic-Tank3","2026-07-10 12:00","-297.7"
"Trzic-Tank3","2026-07-10 13:00","-304.9"
"Trzic-Tank3","2026-07-10 14:00","-306.6"
"Trzic-Tank3","2026-07-10 15:00","-308.2"
"Trzic-Tank3","2026-07-10 16:00","-309.4"
"Trzic-Tank3","2026-07-10 17:00","-310.2"
"Trzic-Tank3","2026-07-10 18:00","-310.2"
"Trzic-Tank3","2026-07-10 19:00","-311.1"
"Trzic-Tank3","2026-07-10 20:00",
"Trzic-Tank3","2026-07-10 21:00","-311"
"Trzic-Tank3","2026-07-10 22:00","-310.8"
"Trzic-Tank3","2026-07-10 23:00","-310.4"
"Trzic-Tank3","2026-07-11 00:00","-310.4"
"Trzic-Tank3","2026-07-11 01:00","-310.6"
"Trzic-Tank3","2026-07-11 02:00","-310.6"
"Trzic-Tank3","2026-07-11 03:00","-310.6"
"Trzic-Tank3","2026-07-11 04:00","-310.6"
"Trzic-Tank3","2026-07-11 05:00","-312.5"
"Trzic-Tank3","2026-07-11 06:00","-312.2"
"Trzic-Tank3","2026-07-11 07:00","-313"
"Trzic-Tank3","2026-07-11 08:00","-314.3"
"Trzic-Tank3","2026-07-11 09:00","-314.6"
"Trzic-Tank3","2026-07-11 10:00","-316.2"
"Trzic-Tank3","2026-07-11 11:00","-319.9"
"Trzic-Tank3","2026-07-11 12:00","-326.7"
"Trzic-Tank3","2026-07-11 13:00","-331.9"
"Trzic-Tank3","2026-07-11 14:00","-332.4"
"Trzic-Tank3","2026-07-11 15:00","-335"
"Trzic-Tank3","2026-07-11 16:00","-336"
"Trzic-Tank3","2026-07-11 17:00","-336"
"Trzic-Tank3","2026-07-11 18:00","-335.7"
"Trzic-Tank3","2026-07-11 19:00","-335.3"
"Trzic-Tank3","2026-07-11 20:00","-335.2"
"Trzic-Tank3","2026-07-11 21:00","-334.5"
"Trzic-Tank3","2026-07-11 22:00","-333.2"
"Trzic-Tank3","2026-07-11 23:00","-332.7"
"Trzic-Tank3","2026-07-12 00:00","-332.7"
"Trzic-Tank3","2026-07-12 01:00","-332.6"
"Trzic-Tank3","2026-07-12 02:00","-332.6"
"Trzic-Tank3","2026-07-12 03:00","-332.6"
"Trzic-Tank3","2026-07-12 04:00","-332.6"
"Trzic-Tank3","2026-07-12 05:00","-336"
"Trzic-Tank3","2026-07-12 06:00","-337.4"
"Trzic-Tank3","2026-07-12 07:00","-338.4"
"Trzic-Tank3","2026-07-12 08:00","-339.4"
"Trzic-Tank3","2026-07-12 09:00","-341.5"
"Trzic-Tank3","2026-07-12 10:00","-346.2"
"Trzic-Tank3","2026-07-12 11:00","-349.4"
"Trzic-Tank3","2026-07-12 12:00","-354.6"
"Trzic-Tank3","2026-07-12 13:00","-355.5"
"Trzic-Tank3","2026-07-12 14:00","-360.5"
"Trzic-Tank3","2026-07-12 15:00","-362.9"
"Trzic-Tank3","2026-07-12 16:00","-364.3"
"Trzic-Tank3","2026-07-12 17:00","-362"
"Trzic-Tank3","2026-07-12 18:00","-360.2"
"Trzic-Tank3","2026-07-12 19:00","-355.5"
"Trzic-Tank3","2026-07-12 20:00","-354.3"
"Trzic-Tank3","2026-07-12 21:00","-347.1"
"Trzic-Tank3","2026-07-12 22:00","-345.7"
"Trzic-Tank3","2026-07-12 23:00","-343.9"
"Trzic-Tank3","2026-07-13 00:00","-343.9"
"Trzic-Tank3","2026-07-13 01:00","-342.2"
"Trzic-Tank3","2026-07-13 02:00","-342.2"
"Trzic-Tank3","2026-07-13 03:00","-342.2"
"Trzic-Tank3","2026-07-13 04:00","-342.2"
"Trzic-Tank3","2026-07-13 05:00","-343.1"
"Trzic-Tank3","2026-07-13 06:00","-346.7"
"Trzic-Tank3","2026-07-13 07:00","-349.9"
"Trzic-Tank3","2026-07-13 08:00","-351.9"
"Trzic-Tank3","2026-07-13 09:00","-358.3"
"Trzic-Tank3","2026-07-13 10:00","-361.9"
"Trzic-Tank3","2026-07-13 11:00","-366"
"Trzic-Tank3","2026-07-13 12:00","-367.8"
"Trzic-Tank3","2026-07-13 13:00","-368.3"
"Trzic-Tank3","2026-07-13 14:00","-369.2"
"Trzic-Tank3","2026-07-13 15:00","-370.8"
"Trzic-Tank3","2026-07-13 16:00","-370.2"
"Trzic-Tank3","2026-07-13 17:00","-369.8"
"Trzic-Tank3","2026-07-13 18:00","-370.3"
"Trzic-Tank3","2026-07-13 19:00","-367.9"
"Trzic-Tank3","2026-07-13 20:00","-366"
"Trzic-Tank3","2026-07-13 21:00","-364.6"
"Trzic-Tank3","2026-07-13 22:00","-360"
"Trzic-Tank3","2026-07-13 23:00","-352.9"
"Trzic-Tank3","2026-07-14 00:00","-352.9"
"Trzic-Tank3","2026-07-14 01:00","-347.5"
"Trzic-Tank3","2026-07-14 02:00","-347.5"
"Trzic-Tank3","2026-07-14 03:00","-347.5"
"Trzic-Tank3","2026-07-14 04:00","-347.5"
"Trzic-Tank3","2026-07-14 05:00","-344"
"Trzic-Tank3","2026-07-14 06:00","-343.6"
"Trzic-Tank3","2026-07-14 07:00","-346.8"
"Trzic-Tank3","2026-07-14 08:00","-347.9"
"Trzic-Tank3","2026-07-14 09:00","-348.7"
"Trzic-Tank3","2026-07-14 10:00","-351.6"
"Trzic-Tank3","2026-07-14 11:00","-354.8"
"Trzic-Tank3","2026-07-14 12:00","-356.3"
"Trzic-Tank3","2026-07-14 13:00","-359"
"Trzic-Tank3","2026-07-14 14:00","-359.6"
"Trzic-Tank3","2026-07-14 15:00","-360.9"
"Trzic-Tank3","2026-07-14 16:00","-362"
"Trzic-Tank3","2026-07-14 17:00","-361.3"
"Trzic-Tank3","2026-07-14 18:00","-357.4"
"Trzic-Tank3","2026-07-14 19:00","-356"
"Trzic-Tank3","2026-07-14 20:00","-354.8"
"Trzic-Tank3","2026-07-14 21:00","-352.4"
"Trzic-Tank3","2026-07-14 22:00","-353.7"
"Trzic-Tank3","2026-07-14 23:00","-351.6"
"Trzic-Tank3","2026-07-15 00:00","-351.6"
"Trzic-Tank3","2026-07-15 01:00","-355.1"
"Trzic-Tank3","2026-07-15 02:00","-355.1"
"Trzic-Tank3","2026-07-15 03:00","-355.1"
"Trzic-Tank3","2026-07-15 04:00","-355.1"
"Trzic-Tank3","2026-07-15 05:00","-359.9"
"Trzic-Tank3","2026-07-15 06:00","-362.6"
"Trzic-Tank3","2026-07-15 07:00","-365.8"
"Trzic-Tank3","2026-07-15 08:00","-366.8"
"Trzic-Tank3","2026-07-15 09:00","-365.6"
"Trzic-Tank3","2026-07-15 10:00","-368.6"
"Trzic-Tank3","2026-07-15 11:00","-368.7"
"Trzic-Tank3","2026-07-15 12:00","-370.9"
"Trzic-Tank3","2026-07-15 13:00","-371.2"
"Trzic-Tank3","2026-07-15 14:00","-371.4"
"Trzic-Tank3","2026-07-15 15:00","-372.4"
"Trzic-Tank3","2026-07-15 16:00","-371.9"
"Trzic-Tank3","2026-07-15 17:00","-371.5"
"Trzic-Tank3","2026-07-15 18:00","-371.3"
"Trzic-Tank3","2026-07-15 19:00","-369.2"
"Trzic-Tank3","2026-07-15 20:00","-367.2"
"Trzic-Tank3","2026-07-15 21:00","-364.2"
"Trzic-Tank3","2026-07-15 22:00","-360.1"
"Trzic-Tank3","2026-07-15 23:00","-356.2"
"Trzic-Tank3","2026-07-16 00:00","-356.2"
"Trzic-Tank3","2026-07-16 01:00","-351.1"
"Trzic-Tank3","2026-07-16 02:00","-351.1"
"Trzic-Tank3","2026-07-16 03:00","-351.1"
"Trzic-Tank3","2026-07-16 04:00","-351.1"
"Trzic-Tank3","2026-07-16 05:00","-355"
"Trzic-Tank3","2026-07-16 06:00","-357.6"
"Trzic-Tank3","2026-07-16 07:00","-361"
"Trzic-Tank3","2026-07-16 08:00","-365.3"
"Trzic-Tank3","2026-07-16 09:00","-364.8"
"Trzic-Tank3","2026-07-16 10:00","-366"
"Trzic-Tank3","2026-07-16 11:00","-368.4"
"Trzic-Tank3","2026-07-16 12:00","-367.1"
"Trzic-Tank3","2026-07-16 13:00","-369.2"
"Trzic-Tank3","2026-07-16 14:00","-369.1"
"Trzic-Tank3","2026-07-16 15:00","-369.4"
"Trzic-Tank3","2026-07-16 16:00","-369.3"
"Trzic-Tank3","2026-07-16 17:00","-368"
"Trzic-Tank3","2026-07-16 18:00","-368.3"
"Trzic-Tank3","2026-07-16 19:00","-365.9"
"Trzic-Tank3","2026-07-16 20:00","-360.2"
"Trzic-Tank3","2026-07-16 21:00","-356.9"
"Trzic-Tank3","2026-07-16 22:00","-355.5"
"Trzic-Tank3","2026-07-16 23:00","-350.7"
"Trzic-Tank3","2026-07-17 00:00","-350.7"
"Trzic-Tank3","2026-07-17 01:00","-345.9"
"Trzic-Tank3","2026-07-17 02:00","-345.9"
"Trzic-Tank3","2026-07-17 03:00","-345.9"
"Trzic-Tank3","2026-07-17 04:00","-345.9"
"Trzic-Tank3","2026-07-17 05:00","-343.9"
"Trzic-Tank3","2026-07-17 06:00","-348.8"
"Trzic-Tank3","2026-07-17 07:00","-349.6"
"Trzic-Tank3","2026-07-17 08:00","-352.7"
"Trzic-Tank3","2026-07-17 09:00","-357.3"
"Trzic-Tank3","2026-07-17 10:00","-361.4"
"Trzic-Tank3","2026-07-17 11:00","-363.2"
"Trzic-Tank3","2026-07-17 12:00","-365.1"
"Trzic-Tank3","2026-07-17 13:00","-367"
"Trzic-Tank3","2026-07-17 14:00","-367.4"
"Trzic-Tank3","2026-07-17 15:00","-367.8"
"Trzic-Tank3","2026-07-17 16:00","-367.8"
"Trzic-Tank3","2026-07-17 17:00","-368.3"
"Trzic-Tank3","2026-07-17 18:00","-368.8"
"Trzic-Tank3","2026-07-17 19:00","-367.2"
"Trzic-Tank3","2026-07-17 20:00","-365.8"
"Trzic-Tank3","2026-07-17 21:00","-362.3"
"Trzic-Tank3","2026-07-17 22:00","-360.2"
"Trzic-Tank3","2026-07-17 23:00","-357.4"
"Trzic-Tank3","2026-07-18 00:00","-357.4"
"Trzic-Tank3","2026-07-18 01:00","-355.4"
"Trzic-Tank3","2026-07-18 02:00","-355.4"
"Trzic-Tank3","2026-07-18 03:00","-355.4"
"Trzic-Tank3","2026-07-18 04:00","-355.4"
"Trzic-Tank3","2026-07-18 05:00","-357.9"
"Trzic-Tank3","2026-07-18 06:00","-359.7"
"Trzic-Tank3","2026-07-18 07:00","-362.7"
"Trzic-Tank3","2026-07-18 08:00","-365.3"
"Trzic-Tank3","2026-07-18 09:00","-366.3"
"Trzic-Tank3","2026-07-18 10:00","-368.1"
"Trzic-Tank3","2026-07-18 11:00","-367.8"
"Trzic-Tank3","2026-07-18 12:00","-368.7"
"Trzic-Tank3","2026-07-18 13:00","-370.7"
"Trzic-Tank3","2026-07-18 14:00","-370.3"
"Trzic-Tank3","2026-07-18 15:00","-370.2"
"Trzic-Tank3","2026-07-18 16:00","-369.7"
"Trzic-Tank3","2026-07-18 17:00","-370.1"
"Trzic-Tank3","2026-07-18 18:00","-365.8"
"Trzic-Tank3","2026-07-18 19:00","-10.2"
"Trzic-Tank3","2026-07-18 20:00","-10.3"
"Trzic-Tank3","2026-07-18 21:00","-10.3"
"Trzic-Tank3","2026-07-18 22:00","-10.3"
"Trzic-Tank3","2026-07-18 23:00","-10.2"
"Trzic-Tank3","2026-07-19 00:00","-10.2"
"Trzic-Tank3","2026-07-19 01:00","-10.3"
"Trzic-Tank3","2026-07-19 02:00","-10.3"
"Trzic-Tank3","2026-07-19 03:00","-10.3"
"Trzic-Tank3","2026-07-19 04:00","-10.3"
"Trzic-Tank3","2026-07-19 05:00","-10.2"
"Trzic-Tank3","2026-07-19 06:00","-10.2"
"Trzic-Tank3","2026-07-19 07:00","-10.2"
"Trzic-Tank3","2026-07-19 08:00","-10.2"
"Trzic-Tank3","2026-07-19 09:00","-10.2"
"Trzic-Tank3","2026-07-19 10:00","-10.2"
"Trzic-Tank3","2026-07-19 11:00","-10.2"
"Trzic-Tank3","2026-07-19 12:00","-10.2"
"Trzic-Tank3","2026-07-19 13:00","-10.2"
"Trzic-Tank3","2026-07-19 14:00","-10.2"
"Trzic-Tank3","2026-07-19 15:00","-10.2"
"Trzic-Tank3","2026-07-19 16:00","-10.2"
"Trzic-Tank3","2026-07-19 17:00","-10.2"
"Trzic-Tank3","2026-07-19 18:00","-10.2"
"Trzic-Tank3","2026-07-19 19:00","-10.2"
"Trzic-Tank3","2026-07-19 20:00","-10.3"
"Trzic-Tank3","2026-07-19 21:00","-10.3"
"Trzic-Tank3","2026-07-19 22:00","-10.3"
"Trzic-Tank3","2026-07-19 23:00","-10.3"
"Trzic-Tank3","2026-07-20 00:00","-10.3"
"Trzic-Tank3","2026-07-20 01:00",
"Trzic-Tank3","2026-07-20 02:00","-10.3"
"Trzic-Tank3","2026-07-20 03:00","-10.3"
"Trzic-Tank3","2026-07-20 04:00","-10.3"
"Trzic-Tank3","2026-07-20 05:00","-10.3"
"Trzic-Tank3","2026-07-20 06:00","-10.3"
"Trzic-Tank3","2026-07-20 07:00","-10.3"
"Trzic-Tank3","2026-07-20 08:00","-10.3"
"Trzic-Tank3","2026-07-20 09:00","-10.3"
"Trzic-Tank3","2026-07-20 10:00","-10.3"
"Trzic-Tank3","2026-07-20 11:00","-10.3"
"Trzic-Tank3","2026-07-20 12:00","-10.3"
"Trzic-Tank3","2026-07-20 13:00","-10.3"
"Trzic-Tank3","2026-07-20 14:00","-10.3"
"Trzic-Tank3","2026-07-20 15:00","-10.3"
"Trzic-Tank3","2026-07-20 16:00","-10.3"
"Trzic-Tank3","2026-07-20 17:00","-10.3"
"Trzic-Tank3","2026-07-20 18:00","-10.3"
"Trzic-Tank3","2026-07-20 19:00","-10.3"
"Trzic-Tank3","2026-07-20 20:00","-10.3"
"Trzic-Tank3","2026-07-20 21:00","-10.3"
"Trzic-Tank3","2026-07-20 22:00","-10.4"
"Trzic-Tank3","2026-07-20 23:00","-10.4"
"Trzic-Tank3","2026-07-21 00:00","-10.4"
"Trzic-Tank3","2026-07-21 01:00","-10.4"
"Trzic-Tank3","2026-07-21 02:00","-10.4"
"Trzic-Tank3","2026-07-21 03:00","-10.4"
"Trzic-Tank3","2026-07-21 04:00","-10.4"
"Trzic-Tank3","2026-07-21 05:00","-10.4"
"Trzic-Tank3","2026-07-21 06:00","-10.4"
"Trzic-Tank3","2026-07-21 07:00","-10.4"
"Trzic-Tank3","2026-07-21 08:00","-10.4"
"Trzic-Tank3","2026-07-21 09:00","-10.4"
"Trzic-Tank3","2026-07-21 10:00","-10.4"
"Trzic-Tank3","2026-07-21 11:00","-10.4"
"Trzic-Tank3","2026-07-21 12:00","-10.4"
"Trzic-Tank3","2026-07-21 13:00","-10.4"
"Trzic-Tank3","2026-07-21 14:00","-10.4"
"Trzic-Tank3","2026-07-21 15:00","-10.4"
"Trzic-Tank3","2026-07-21 16:00","-10.4"
"Trzic-Tank3","2026-07-21 17:00","-10.4"
"Trzic-Tank3","2026-07-21 18:00","-10.4"
"Trzic-Tank3","2026-07-21 19:00","-10.3"
"Trzic-Tank3","2026-07-21 20:00","-10.3"
"Trzic-Tank3","2026-07-21 21:00","-10.4"
"Trzic-Tank3","2026-07-21 22:00","-10.3"
"Trzic-Tank3","2026-07-21 23:00","-10.3"
"Trzic-Tank3","2026-07-22 00:00","-10.3"
"Trzic-Tank3","2026-07-22 01:00","-10.3"
"Trzic-Tank3","2026-07-22 02:00","-10.3"
"Trzic-Tank3","2026-07-22 03:00","-10.3"
"Trzic-Tank3","2026-07-22 04:00","-10.3"
"Trzic-Tank3","2026-07-22 05:00","-10.3"
"Trzic-Tank3","2026-07-22 06:00","-10.3"
"Trzic-Tank3","2026-07-22 07:00","-10.3"
"Trzic-Tank3","2026-07-22 08:00","-10.3"
"Trzic-Tank3","2026-07-22 09:00","-10.3"
"Trzic-Tank3","2026-07-22 10:00","-10.3"
"Trzic-Tank3","2026-07-22 11:00","-10.3"
"Trzic-Tank3","2026-07-22 12:00","-10.3"
"Trzic-Tank3","2026-07-22 13:00","-10.2"
"Trzic-Tank3","2026-07-22 14:00","-10.2"
"Trzic-Tank3","2026-07-22 15:00","-10.3"
"Trzic-Tank3","2026-07-22 16:00","-10.3"
"Trzic-Tank3","2026-07-22 17:00","-10.3"
"Trzic-Tank3","2026-07-22 18:00","-10.3"
"Trzic-Tank3","2026-07-22 19:00","-10.3"
"Trzic-Tank3","2026-07-22 20:00","-10.3"
"Trzic-Tank3","2026-07-22 21:00","-10.3"
"Trzic-Tank3","2026-07-22 22:00","-10.3"
"Trzic-Tank3","2026-07-22 23:00","-10.3"
"Trzic-Tank3","2026-07-23 00:00","-10.3"
"Trzic-Tank3","2026-07-23 01:00","-10.3"
"Trzic-Tank3","2026-07-23 02:00","-10.3"
"Trzic-Tank3","2026-07-23 03:00","-10.3"
"Trzic-Tank3","2026-07-23 04:00","-10.3"
"Trzic-Tank3","2026-07-23 05:00","-10.3"
"Trzic-Tank3","2026-07-23 06:00","-10.3"
"Trzic-Tank3","2026-07-23 07:00","-10.3"
"Trzic-Tank3","2026-07-23 08:00","-10.3"
"Trzic-Tank3","2026-07-23 09:00","-10.3"
"Trzic-Tank3","2026-07-23 10:00","-10.3"
"Trzic-Tank3","2026-07-23 11:00","-10.3"
"Trzic-Tank3","2026-07-23 12:00","-10.3"
"Trzic-Tank3","2026-07-23 13:00","-10.3"
"Trzic-Tank3","2026-07-23 14:00","-10.3"
"Trzic-Tank3","2026-07-23 15:00","-10.3"
"Trzic-Tank3","2026-07-23 16:00","-10.3"
"Trzic-Tank3","2026-07-23 17:00","-10.3"
"Trzic-Tank3","2026-07-23 18:00","-10.3"
"Trzic-Tank3","2026-07-23 19:00","-10.3"
"Trzic-Tank3","2026-07-23 20:00","-10.3"
"Trzic-Tank3","2026-07-23 21:00","-10.3"
"Trzic-Tank3","2026-07-23 22:00","-10.3"
"Trzic-Tank4","2026-05-27 16:00","-10"
"Trzic-Tank4","2026-05-27 17:00","-10"
"Trzic-Tank4","2026-05-27 18:00","-10"
"Trzic-Tank4","2026-05-27 19:00","-10"
"Trzic-Tank4","2026-05-27 20:00","-10"
"Trzic-Tank4","2026-05-27 21:00","-10"
"Trzic-Tank4","2026-05-27 22:00","-10"
"Trzic-Tank4","2026-05-27 23:00","-10"
"Trzic-Tank4","2026-05-28 00:00","-10"
"Trzic-Tank4","2026-05-28 01:00","-10"
"Trzic-Tank4","2026-05-28 02:00","-10"
"Trzic-Tank4","2026-05-28 03:00","-10"
"Trzic-Tank4","2026-05-28 04:00","-10"
"Trzic-Tank4","2026-05-28 05:00","-10"
"Trzic-Tank4","2026-05-28 06:00","-10"
"Trzic-Tank4","2026-05-28 07:00","-10"
"Trzic-Tank4","2026-05-28 08:00","-10"
"Trzic-Tank4","2026-05-28 09:00","-10"
"Trzic-Tank4","2026-05-28 10:00","-10"
"Trzic-Tank4","2026-05-28 11:00","-10"
"Trzic-Tank4","2026-05-28 12:00","-10"
"Trzic-Tank4","2026-05-28 13:00","-9.9"
"Trzic-Tank4","2026-05-28 14:00","-9.9"
"Trzic-Tank4","2026-05-28 15:00","-9.9"
"Trzic-Tank4","2026-05-28 16:00","-9.9"
"Trzic-Tank4","2026-05-28 17:00","-9.9"
"Trzic-Tank4","2026-05-28 18:00","-9.9"
"Trzic-Tank4","2026-05-28 19:00","-9.9"
"Trzic-Tank4","2026-05-28 20:00","-9.9"
"Trzic-Tank4","2026-05-28 21:00","-9.9"
"Trzic-Tank4","2026-05-28 22:00","-10"
"Trzic-Tank4","2026-05-28 23:00","-9.9"
"Trzic-Tank4","2026-05-29 00:00","-9.9"
"Trzic-Tank4","2026-05-29 01:00","-9.9"
"Trzic-Tank4","2026-05-29 02:00","-9.9"
"Trzic-Tank4","2026-05-29 03:00","-9.9"
"Trzic-Tank4","2026-05-29 04:00","-9.9"
"Trzic-Tank4","2026-05-29 05:00","-9.9"
"Trzic-Tank4","2026-05-29 06:00","-9.9"
"Trzic-Tank4","2026-05-29 07:00","-9.9"
"Trzic-Tank4","2026-05-29 08:00","-9.9"
"Trzic-Tank4","2026-05-29 09:00","-9.9"
"Trzic-Tank4","2026-05-29 10:00","-9.9"
"Trzic-Tank4","2026-05-29 11:00","-9.9"
"Trzic-Tank4","2026-05-29 12:00","-9.9"
"Trzic-Tank4","2026-05-29 13:00","-9.9"
"Trzic-Tank4","2026-05-29 14:00","-9.9"
"Trzic-Tank4","2026-05-29 15:00","-9.9"
"Trzic-Tank4","2026-05-29 16:00","-9.9"
"Trzic-Tank4","2026-05-29 17:00","-9.9"
"Trzic-Tank4","2026-05-29 18:00","-9.9"
"Trzic-Tank4","2026-05-29 19:00","-9.9"
"Trzic-Tank4","2026-05-29 20:00","-9.9"
"Trzic-Tank4","2026-05-29 21:00","-9.9"
"Trzic-Tank4","2026-05-29 22:00","-9.9"
"Trzic-Tank4","2026-05-29 23:00","-9.9"
"Trzic-Tank4","2026-05-30 00:00","-9.9"
"Trzic-Tank4","2026-05-30 01:00","-9.9"
"Trzic-Tank4","2026-05-30 02:00","-9.9"
"Trzic-Tank4","2026-05-30 03:00","-9.9"
"Trzic-Tank4","2026-05-30 04:00","-9.9"
"Trzic-Tank4","2026-05-30 05:00","-9.9"
"Trzic-Tank4","2026-05-30 06:00","-9.9"
"Trzic-Tank4","2026-05-30 07:00","-9.9"
"Trzic-Tank4","2026-05-30 08:00","-9.9"
"Trzic-Tank4","2026-05-30 09:00","-9.9"
"Trzic-Tank4","2026-05-30 10:00","-9.9"
"Trzic-Tank4","2026-05-30 11:00","-9.8"
"Trzic-Tank4","2026-05-30 12:00","-9.8"
"Trzic-Tank4","2026-05-30 13:00","-9.8"
"Trzic-Tank4","2026-05-30 14:00","-9.8"
"Trzic-Tank4","2026-05-30 15:00","-9.8"
"Trzic-Tank4","2026-05-30 16:00","-9.8"
"Trzic-Tank4","2026-05-30 17:00","-9.8"
"Trzic-Tank4","2026-05-30 18:00","-9.8"
"Trzic-Tank4","2026-05-30 19:00","-9.8"
"Trzic-Tank4","2026-05-30 20:00","-9.8"
"Trzic-Tank4","2026-05-30 21:00","-9.8"
"Trzic-Tank4","2026-05-30 22:00","-9.8"
"Trzic-Tank4","2026-05-30 23:00","-9.8"
"Trzic-Tank4","2026-05-31 00:00","-9.8"
"Trzic-Tank4","2026-05-31 01:00","-9.8"
"Trzic-Tank4","2026-05-31 02:00","-9.8"
"Trzic-Tank4","2026-05-31 03:00","-9.8"
"Trzic-Tank4","2026-05-31 04:00","-9.8"
"Trzic-Tank4","2026-05-31 05:00","-9.8"
"Trzic-Tank4","2026-05-31 06:00","-9.8"
"Trzic-Tank4","2026-05-31 07:00","-9.8"
"Trzic-Tank4","2026-05-31 08:00","-9.8"
"Trzic-Tank4","2026-05-31 09:00","-9.8"
"Trzic-Tank4","2026-05-31 10:00","-9.8"
"Trzic-Tank4","2026-05-31 11:00","-9.8"
"Trzic-Tank4","2026-05-31 12:00","-9.8"
"Trzic-Tank4","2026-05-31 13:00","-9.8"
"Trzic-Tank4","2026-05-31 14:00","-9.8"
"Trzic-Tank4","2026-05-31 15:00","-9.8"
"Trzic-Tank4","2026-05-31 16:00","-9.8"
"Trzic-Tank4","2026-05-31 17:00","-9.6"
"Trzic-Tank4","2026-05-31 18:00","-9.6"
"Trzic-Tank4","2026-05-31 19:00","-9.6"
"Trzic-Tank4","2026-05-31 20:00","-9.6"
"Trzic-Tank4","2026-05-31 21:00","-9.6"
"Trzic-Tank4","2026-05-31 22:00","-9.6"
"Trzic-Tank4","2026-05-31 23:00","-9.6"
"Trzic-Tank4","2026-06-01 00:00","-9.6"
"Trzic-Tank4","2026-06-01 01:00","-9.6"
"Trzic-Tank4","2026-06-01 02:00","-9.6"
"Trzic-Tank4","2026-06-01 03:00","-9.6"
"Trzic-Tank4","2026-06-01 04:00","-9.6"
"Trzic-Tank4","2026-06-01 05:00","-9.6"
"Trzic-Tank4","2026-06-01 06:00","-9.6"
"Trzic-Tank4","2026-06-01 07:00","-9.6"
"Trzic-Tank4","2026-06-01 08:00","-9.6"
"Trzic-Tank4","2026-06-01 09:00","-9.6"
"Trzic-Tank4","2026-06-01 10:00","-9.5"
"Trzic-Tank4","2026-06-01 11:00","-9.5"
"Trzic-Tank4","2026-06-01 12:00","-9.5"
"Trzic-Tank4","2026-06-01 13:00","-9.5"
"Trzic-Tank4","2026-06-01 14:00","-9.5"
"Trzic-Tank4","2026-06-01 15:00","-9.5"
"Trzic-Tank4","2026-06-01 16:00","-9.5"
"Trzic-Tank4","2026-06-01 17:00","-9.5"
"Trzic-Tank4","2026-06-01 18:00","-9.5"
"Trzic-Tank4","2026-06-01 19:00","-9.5"
"Trzic-Tank4","2026-06-01 20:00","-9.5"
"Trzic-Tank4","2026-06-01 21:00","-9.5"
"Trzic-Tank4","2026-06-01 22:00","-9.5"
"Trzic-Tank4","2026-06-01 23:00","-9.5"
"Trzic-Tank4","2026-06-02 00:00","-9.5"
"Trzic-Tank4","2026-06-02 01:00","-9.5"
"Trzic-Tank4","2026-06-02 02:00","-9.5"
"Trzic-Tank4","2026-06-02 03:00","-9.5"
"Trzic-Tank4","2026-06-02 04:00","-9.5"
"Trzic-Tank4","2026-06-02 05:00","-9.5"
"Trzic-Tank4","2026-06-02 06:00","-9.5"
"Trzic-Tank4","2026-06-02 07:00","-9.5"
"Trzic-Tank4","2026-06-02 08:00","-9.5"
"Trzic-Tank4","2026-06-02 09:00","-9.5"
"Trzic-Tank4","2026-06-02 10:00","-9.5"
"Trzic-Tank4","2026-06-02 11:00","-9.5"
"Trzic-Tank4","2026-06-02 12:00","-9.5"
"Trzic-Tank4","2026-06-02 13:00","-9.5"
"Trzic-Tank4","2026-06-02 14:00","-9.5"
"Trzic-Tank4","2026-06-02 15:00","-9.5"
"Trzic-Tank4","2026-06-02 16:00","-9.5"
"Trzic-Tank4","2026-06-02 17:00","-9.5"
"Trzic-Tank4","2026-06-02 18:00","-9.5"
"Trzic-Tank4","2026-06-02 19:00","-9.5"
"Trzic-Tank4","2026-06-02 20:00","-9.5"
"Trzic-Tank4","2026-06-02 21:00","-9.5"
"Trzic-Tank4","2026-06-02 22:00","-9.5"
"Trzic-Tank4","2026-06-02 23:00","-9.5"
"Trzic-Tank4","2026-06-03 00:00","-9.5"
"Trzic-Tank4","2026-06-03 01:00","-9.5"
"Trzic-Tank4","2026-06-03 02:00","-9.5"
"Trzic-Tank4","2026-06-03 03:00","-9.5"
"Trzic-Tank4","2026-06-03 04:00","-9.5"
"Trzic-Tank4","2026-06-03 05:00","-9.5"
"Trzic-Tank4","2026-06-03 06:00","-9.5"
"Trzic-Tank4","2026-06-03 07:00","-9.5"
"Trzic-Tank4","2026-06-03 08:00","-9.5"
"Trzic-Tank4","2026-06-03 09:00","-9.5"
"Trzic-Tank4","2026-06-03 10:00","-9.4"
"Trzic-Tank4","2026-06-03 11:00","-9.4"
"Trzic-Tank4","2026-06-03 12:00","-9.4"
"Trzic-Tank4","2026-06-03 13:00","-9.4"
"Trzic-Tank4","2026-06-03 14:00","-9.5"
"Trzic-Tank4","2026-06-03 15:00","-9.4"
"Trzic-Tank4","2026-06-03 16:00","-9.4"
"Trzic-Tank4","2026-06-03 17:00","-9.4"
"Trzic-Tank4","2026-06-03 18:00","-9.4"
"Trzic-Tank4","2026-06-03 19:00","-9.4"
"Trzic-Tank4","2026-06-03 20:00","-9.4"
"Trzic-Tank4","2026-06-03 21:00","-9.4"
"Trzic-Tank4","2026-06-03 22:00","-9.4"
"Trzic-Tank4","2026-06-03 23:00","-9.4"
"Trzic-Tank4","2026-06-04 00:00","-9.4"
"Trzic-Tank4","2026-06-04 01:00","-9.4"
"Trzic-Tank4","2026-06-04 02:00","-9.4"
"Trzic-Tank4","2026-06-04 03:00","-9.4"
"Trzic-Tank4","2026-06-04 04:00","-9.4"
"Trzic-Tank4","2026-06-04 05:00","-9.4"
"Trzic-Tank4","2026-06-04 06:00","-9.4"
"Trzic-Tank4","2026-06-04 07:00","-9.4"
"Trzic-Tank4","2026-06-04 08:00","-9.4"
"Trzic-Tank4","2026-06-04 09:00","-9.4"
"Trzic-Tank4","2026-06-04 10:00","-9.4"
"Trzic-Tank4","2026-06-04 11:00","-9.4"
"Trzic-Tank4","2026-06-04 12:00","-9.4"
"Trzic-Tank4","2026-06-04 13:00","-9.3"
"Trzic-Tank4","2026-06-04 14:00","-9.3"
"Trzic-Tank4","2026-06-04 15:00","-9.3"
"Trzic-Tank4","2026-06-04 16:00","-9.3"
"Trzic-Tank4","2026-06-04 17:00","-9.3"
"Trzic-Tank4","2026-06-04 18:00","-9.3"
"Trzic-Tank4","2026-06-04 19:00","-9.3"
"Trzic-Tank4","2026-06-04 20:00","-9.3"
"Trzic-Tank4","2026-06-04 21:00","-9.3"
"Trzic-Tank4","2026-06-04 22:00","-9.3"
"Trzic-Tank4","2026-06-04 23:00","-9.3"
"Trzic-Tank4","2026-06-05 00:00","-9.3"
"Trzic-Tank4","2026-06-05 01:00","-9.4"
"Trzic-Tank4","2026-06-05 02:00","-9.4"
"Trzic-Tank4","2026-06-05 03:00","-9.4"
"Trzic-Tank4","2026-06-05 04:00","-9.4"
"Trzic-Tank4","2026-06-05 05:00","-9.4"
"Trzic-Tank4","2026-06-05 06:00","-9.3"
"Trzic-Tank4","2026-06-05 07:00","-9.3"
"Trzic-Tank4","2026-06-05 08:00","-9.3"
"Trzic-Tank4","2026-06-05 09:00","-9.3"
"Trzic-Tank4","2026-06-05 10:00","-9.3"
"Trzic-Tank4","2026-06-05 11:00","-9.3"
"Trzic-Tank4","2026-06-05 12:00","-9.3"
"Trzic-Tank4","2026-06-05 13:00","-9.3"
"Trzic-Tank4","2026-06-05 14:00","-9.3"
"Trzic-Tank4","2026-06-05 15:00","-9.3"
"Trzic-Tank4","2026-06-05 16:00","-9.3"
"Trzic-Tank4","2026-06-05 17:00","-9.3"
"Trzic-Tank4","2026-06-05 18:00","-9.3"
"Trzic-Tank4","2026-06-05 19:00","-9.3"
"Trzic-Tank4","2026-06-05 20:00","-9.3"
"Trzic-Tank4","2026-06-05 21:00","-9.3"
"Trzic-Tank4","2026-06-05 22:00","-9.3"
"Trzic-Tank4","2026-06-05 23:00","-9.3"
"Trzic-Tank4","2026-06-06 00:00","-9.3"
"Trzic-Tank4","2026-06-06 01:00","-9.2"
"Trzic-Tank4","2026-06-06 02:00","-9.2"
"Trzic-Tank4","2026-06-06 03:00","-9.2"
"Trzic-Tank4","2026-06-06 04:00","-9.2"
"Trzic-Tank4","2026-06-06 05:00","-9.2"
"Trzic-Tank4","2026-06-06 06:00","-9.2"
"Trzic-Tank4","2026-06-06 07:00","-9.2"
"Trzic-Tank4","2026-06-06 08:00","-9.2"
"Trzic-Tank4","2026-06-06 09:00","-9.2"
"Trzic-Tank4","2026-06-06 10:00","-9.2"
"Trzic-Tank4","2026-06-06 11:00","-9.2"
"Trzic-Tank4","2026-06-06 12:00","-9.2"
"Trzic-Tank4","2026-06-06 13:00","-9.2"
"Trzic-Tank4","2026-06-06 14:00","-9.2"
"Trzic-Tank4","2026-06-06 15:00","-9.2"
"Trzic-Tank4","2026-06-06 16:00","-9.2"
"Trzic-Tank4","2026-06-06 17:00","-9.2"
"Trzic-Tank4","2026-06-06 18:00","-9.2"
"Trzic-Tank4","2026-06-06 19:00","-9.2"
"Trzic-Tank4","2026-06-06 20:00","-9.2"
"Trzic-Tank4","2026-06-06 21:00","-9.2"
"Trzic-Tank4","2026-06-06 22:00","-9.2"
"Trzic-Tank4","2026-06-06 23:00","-9.2"
"Trzic-Tank4","2026-06-07 00:00","-9.2"
"Trzic-Tank4","2026-06-07 01:00","-9.2"
"Trzic-Tank4","2026-06-07 02:00","-9.2"
"Trzic-Tank4","2026-06-07 03:00","-9.2"
"Trzic-Tank4","2026-06-07 04:00","-9.2"
"Trzic-Tank4","2026-06-07 05:00","-9.2"
"Trzic-Tank4","2026-06-07 06:00","-9.2"
"Trzic-Tank4","2026-06-07 07:00","-9.2"
"Trzic-Tank4","2026-06-07 08:00","-9.2"
"Trzic-Tank4","2026-06-07 09:00","-9.2"
"Trzic-Tank4","2026-06-07 10:00","-9.2"
"Trzic-Tank4","2026-06-07 11:00","-9.2"
"Trzic-Tank4","2026-06-07 12:00","-9.2"
"Trzic-Tank4","2026-06-07 13:00","-9.2"
"Trzic-Tank4","2026-06-07 14:00","-9.2"
"Trzic-Tank4","2026-06-07 15:00","-9.2"
"Trzic-Tank4","2026-06-07 16:00","-9.2"
"Trzic-Tank4","2026-06-07 17:00","-9.2"
"Trzic-Tank4","2026-06-07 18:00","-9.2"
"Trzic-Tank4","2026-06-07 19:00","-9.2"
"Trzic-Tank4","2026-06-07 20:00","-9.2"
"Trzic-Tank4","2026-06-07 21:00","-9.2"
"Trzic-Tank4","2026-06-07 22:00","-9.2"
"Trzic-Tank4","2026-06-07 23:00","-9.2"
"Trzic-Tank4","2026-06-08 00:00","-9.2"
"Trzic-Tank4","2026-06-08 01:00","-9.2"
"Trzic-Tank4","2026-06-08 02:00","-9.2"
"Trzic-Tank4","2026-06-08 03:00","-9.2"
"Trzic-Tank4","2026-06-08 04:00","-9.2"
"Trzic-Tank4","2026-06-08 05:00","-9.2"
"Trzic-Tank4","2026-06-08 06:00","-9.2"
"Trzic-Tank4","2026-06-08 07:00","-9.2"
"Trzic-Tank4","2026-06-08 08:00","-9.2"
"Trzic-Tank4","2026-06-08 09:00","-9.2"
"Trzic-Tank4","2026-06-08 10:00","-9.2"
"Trzic-Tank4","2026-06-08 11:00","-9.2"
"Trzic-Tank4","2026-06-08 12:00","-9.2"
"Trzic-Tank4","2026-06-08 13:00","-9.2"
"Trzic-Tank4","2026-06-08 14:00","-9.2"
"Trzic-Tank4","2026-06-08 15:00","-9.2"
"Trzic-Tank4","2026-06-08 16:00","-9.2"
"Trzic-Tank4","2026-06-08 17:00","-9.2"
"Trzic-Tank4","2026-06-08 18:00","-9.2"
"Trzic-Tank4","2026-06-08 19:00","-9.2"
"Trzic-Tank4","2026-06-08 20:00","-9.2"
"Trzic-Tank4","2026-06-08 21:00","-9.2"
"Trzic-Tank4","2026-06-08 22:00","-9.2"
"Trzic-Tank4","2026-06-08 23:00","-9.2"
"Trzic-Tank4","2026-06-09 00:00","-9.2"
"Trzic-Tank4","2026-06-09 01:00","-9.2"
"Trzic-Tank4","2026-06-09 02:00","-9.2"
"Trzic-Tank4","2026-06-09 03:00","-9.2"
"Trzic-Tank4","2026-06-09 04:00","-9.2"
"Trzic-Tank4","2026-06-09 05:00","-9.2"
"Trzic-Tank4","2026-06-09 06:00","-9.2"
"Trzic-Tank4","2026-06-09 07:00","-9.2"
"Trzic-Tank4","2026-06-09 08:00","-9.2"
"Trzic-Tank4","2026-06-09 09:00","-9.2"
"Trzic-Tank4","2026-06-09 10:00","-9.2"
"Trzic-Tank4","2026-06-09 11:00","-9.2"
"Trzic-Tank4","2026-06-09 12:00","-9.2"
"Trzic-Tank4","2026-06-09 13:00","-9.2"
"Trzic-Tank4","2026-06-09 14:00","-9.2"
"Trzic-Tank4","2026-06-09 15:00","-9.2"
"Trzic-Tank4","2026-06-09 16:00","-9.2"
"Trzic-Tank4","2026-06-09 17:00","-9.2"
"Trzic-Tank4","2026-06-09 18:00","-9.2"
"Trzic-Tank4","2026-06-09 19:00","-9.2"
"Trzic-Tank4","2026-06-09 20:00","-9.2"
"Trzic-Tank4","2026-06-09 21:00","-9.2"
"Trzic-Tank4","2026-06-09 22:00","-9.2"
"Trzic-Tank4","2026-06-09 23:00","-9.2"
"Trzic-Tank4","2026-06-10 00:00","-9.2"
"Trzic-Tank4","2026-06-10 01:00","-9.2"
"Trzic-Tank4","2026-06-10 02:00","-9.2"
"Trzic-Tank4","2026-06-10 03:00","-9.2"
"Trzic-Tank4","2026-06-10 04:00","-9.2"
"Trzic-Tank4","2026-06-10 05:00","-9.2"
"Trzic-Tank4","2026-06-10 06:00","-9.2"
"Trzic-Tank4","2026-06-10 07:00","-9.2"
"Trzic-Tank4","2026-06-10 08:00","-9.2"
"Trzic-Tank4","2026-06-10 09:00","-9.2"
"Trzic-Tank4","2026-06-10 10:00","-9.1"
"Trzic-Tank4","2026-06-10 11:00","-9.1"
"Trzic-Tank4","2026-06-10 12:00","-9.1"
"Trzic-Tank4","2026-06-10 13:00","-9.1"
"Trzic-Tank4","2026-06-10 14:00","-9.1"
"Trzic-Tank4","2026-06-10 15:00","-9.1"
"Trzic-Tank4","2026-06-10 16:00","-9.1"
"Trzic-Tank4","2026-06-10 17:00","-9.1"
"Trzic-Tank4","2026-06-10 18:00","-9.1"
"Trzic-Tank4","2026-06-10 19:00","-9.1"
"Trzic-Tank4","2026-06-10 20:00","-9.1"
"Trzic-Tank4","2026-06-10 21:00","-9.1"
"Trzic-Tank4","2026-06-10 22:00","-8.9"
"Trzic-Tank4","2026-06-10 23:00","-8.9"
"Trzic-Tank4","2026-06-11 00:00","-8.9"
"Trzic-Tank4","2026-06-11 01:00","-8.9"
"Trzic-Tank4","2026-06-11 02:00","-8.9"
"Trzic-Tank4","2026-06-11 03:00","-8.9"
"Trzic-Tank4","2026-06-11 04:00","-8.9"
"Trzic-Tank4","2026-06-11 05:00","-8.8"
"Trzic-Tank4","2026-06-11 06:00","-8.8"
"Trzic-Tank4","2026-06-11 07:00","-8.8"
"Trzic-Tank4","2026-06-11 08:00","-8.8"
"Trzic-Tank4","2026-06-11 09:00","-8.8"
"Trzic-Tank4","2026-06-11 10:00","-8.8"
"Trzic-Tank4","2026-06-11 11:00","-8.8"
"Trzic-Tank4","2026-06-11 12:00","-8.8"
"Trzic-Tank4","2026-06-11 13:00","-8.8"
"Trzic-Tank4","2026-06-11 14:00","-8.8"
"Trzic-Tank4","2026-06-11 15:00","-8.7"
"Trzic-Tank4","2026-06-11 16:00","-8.7"
"Trzic-Tank4","2026-06-11 17:00","-8.7"
"Trzic-Tank4","2026-06-11 18:00","-8.7"
"Trzic-Tank4","2026-06-11 19:00","-8.7"
"Trzic-Tank4","2026-06-11 20:00","-8.7"
"Trzic-Tank4","2026-06-11 21:00","-8.7"
"Trzic-Tank4","2026-06-11 22:00","-8.7"
"Trzic-Tank4","2026-06-11 23:00","-8.7"
"Trzic-Tank4","2026-06-12 00:00","-8.7"
"Trzic-Tank4","2026-06-12 01:00","-8.7"
"Trzic-Tank4","2026-06-12 02:00","-8.7"
"Trzic-Tank4","2026-06-12 03:00","-8.7"
"Trzic-Tank4","2026-06-12 04:00","-8.7"
"Trzic-Tank4","2026-06-12 05:00","-8.7"
"Trzic-Tank4","2026-06-12 06:00","-8.7"
"Trzic-Tank4","2026-06-12 07:00","-8.7"
"Trzic-Tank4","2026-06-12 08:00","-8.7"
"Trzic-Tank4","2026-06-12 09:00","-8.7"
"Trzic-Tank4","2026-06-12 10:00","-8.7"
"Trzic-Tank4","2026-06-12 11:00","-8.7"
"Trzic-Tank4","2026-06-12 12:00","-8.7"
"Trzic-Tank4","2026-06-12 13:00","-8.7"
"Trzic-Tank4","2026-06-12 14:00","-8.7"
"Trzic-Tank4","2026-06-12 15:00","-8.7"
"Trzic-Tank4","2026-06-12 16:00","-8.7"
"Trzic-Tank4","2026-06-12 17:00","-8.7"
"Trzic-Tank4","2026-06-12 18:00","-8.7"
"Trzic-Tank4","2026-06-12 19:00","-8.7"
"Trzic-Tank4","2026-06-12 20:00","-8.7"
"Trzic-Tank4","2026-06-12 21:00","-8.7"
"Trzic-Tank4","2026-06-12 22:00","-8.7"
"Trzic-Tank4","2026-06-12 23:00","-8.7"
"Trzic-Tank4","2026-06-13 00:00","-8.7"
"Trzic-Tank4","2026-06-13 01:00","-8.7"
"Trzic-Tank4","2026-06-13 02:00","-8.7"
"Trzic-Tank4","2026-06-13 03:00","-8.7"
"Trzic-Tank4","2026-06-13 04:00","-8.7"
"Trzic-Tank4","2026-06-13 05:00","-8.7"
"Trzic-Tank4","2026-06-13 06:00","-8.7"
"Trzic-Tank4","2026-06-13 07:00","-8.7"
"Trzic-Tank4","2026-06-13 08:00","-8.7"
"Trzic-Tank4","2026-06-13 09:00","-8.7"
"Trzic-Tank4","2026-06-13 10:00","-8.7"
"Trzic-Tank4","2026-06-13 11:00","-8.7"
"Trzic-Tank4","2026-06-13 12:00","-8.7"
"Trzic-Tank4","2026-06-13 13:00","-8.7"
"Trzic-Tank4","2026-06-13 14:00","-8.7"
"Trzic-Tank4","2026-06-13 15:00","-8.7"
"Trzic-Tank4","2026-06-13 16:00","-8.7"
"Trzic-Tank4","2026-06-13 17:00","-8.7"
"Trzic-Tank4","2026-06-13 18:00","-8.8"
"Trzic-Tank4","2026-06-13 19:00","-8.7"
"Trzic-Tank4","2026-06-13 20:00","-8.7"
"Trzic-Tank4","2026-06-13 21:00","-8.8"
"Trzic-Tank4","2026-06-13 22:00","-8.8"
"Trzic-Tank4","2026-06-13 23:00","-8.8"
"Trzic-Tank4","2026-06-14 00:00","-8.8"
"Trzic-Tank4","2026-06-14 01:00","-8.8"
"Trzic-Tank4","2026-06-14 02:00","-8.8"
"Trzic-Tank4","2026-06-14 03:00","-8.8"
"Trzic-Tank4","2026-06-14 04:00","-8.8"
"Trzic-Tank4","2026-06-14 05:00","-8.8"
"Trzic-Tank4","2026-06-14 06:00","-8.8"
"Trzic-Tank4","2026-06-14 07:00","-8.8"
"Trzic-Tank4","2026-06-14 08:00","-8.8"
"Trzic-Tank4","2026-06-14 09:00","-8.8"
"Trzic-Tank4","2026-06-14 10:00","-8.8"
"Trzic-Tank4","2026-06-14 11:00","-8.8"
"Trzic-Tank4","2026-06-14 12:00","-8.8"
"Trzic-Tank4","2026-06-14 13:00","-8.8"
"Trzic-Tank4","2026-06-14 14:00","-8.8"
"Trzic-Tank4","2026-06-14 15:00","-8.8"
"Trzic-Tank4","2026-06-14 16:00","-8.8"
"Trzic-Tank4","2026-06-14 17:00","-8.8"
"Trzic-Tank4","2026-06-14 18:00","-8.8"
"Trzic-Tank4","2026-06-14 19:00","-8.8"
"Trzic-Tank4","2026-06-14 20:00","-8.8"
"Trzic-Tank4","2026-06-14 21:00","-8.8"
"Trzic-Tank4","2026-06-14 22:00","-8.8"
"Trzic-Tank4","2026-06-14 23:00","-8.8"
"Trzic-Tank4","2026-06-15 00:00","-8.8"
"Trzic-Tank4","2026-06-15 01:00","-8.8"
"Trzic-Tank4","2026-06-15 02:00","-8.8"
"Trzic-Tank4","2026-06-15 03:00","-8.8"
"Trzic-Tank4","2026-06-15 04:00","-8.8"
"Trzic-Tank4","2026-06-15 05:00","-8.8"
"Trzic-Tank4","2026-06-15 06:00","-8.8"
"Trzic-Tank4","2026-06-15 07:00","-8.8"
"Trzic-Tank4","2026-06-15 08:00","-8.8"
"Trzic-Tank4","2026-06-15 09:00","-8.8"
"Trzic-Tank4","2026-06-15 10:00","-8.8"
"Trzic-Tank4","2026-06-15 11:00","-8.8"
"Trzic-Tank4","2026-06-15 12:00","-8.8"
"Trzic-Tank4","2026-06-15 13:00","-8.8"
"Trzic-Tank4","2026-06-15 14:00","-8.8"
"Trzic-Tank4","2026-06-15 15:00","-8.8"
"Trzic-Tank4","2026-06-15 16:00","-8.8"
"Trzic-Tank4","2026-06-15 17:00","-8.8"
"Trzic-Tank4","2026-06-15 18:00","-8.8"
"Trzic-Tank4","2026-06-15 19:00","-8.8"
"Trzic-Tank4","2026-06-15 20:00","-8.8"
"Trzic-Tank4","2026-06-15 21:00","-8.8"
"Trzic-Tank4","2026-06-15 22:00","-8.8"
"Trzic-Tank4","2026-06-15 23:00","-8.8"
"Trzic-Tank4","2026-06-16 00:00","-8.8"
"Trzic-Tank4","2026-06-16 01:00","-8.8"
"Trzic-Tank4","2026-06-16 02:00","-8.8"
"Trzic-Tank4","2026-06-16 03:00","-8.8"
"Trzic-Tank4","2026-06-16 04:00","-8.8"
"Trzic-Tank4","2026-06-16 05:00","-8.8"
"Trzic-Tank4","2026-06-16 06:00","-8.8"
"Trzic-Tank4","2026-06-16 07:00","-8.8"
"Trzic-Tank4","2026-06-16 08:00","-8.8"
"Trzic-Tank4","2026-06-16 09:00","-8.8"
"Trzic-Tank4","2026-06-16 10:00","-8.8"
"Trzic-Tank4","2026-06-16 11:00","-8.8"
"Trzic-Tank4","2026-06-16 12:00","-8.8"
"Trzic-Tank4","2026-06-16 13:00","-8.8"
"Trzic-Tank4","2026-06-16 14:00","-8.8"
"Trzic-Tank4","2026-06-16 15:00","-8.8"
"Trzic-Tank4","2026-06-16 16:00","-8.8"
"Trzic-Tank4","2026-06-16 17:00","-8.8"
"Trzic-Tank4","2026-06-16 18:00","-8.8"
"Trzic-Tank4","2026-06-16 19:00","-8.8"
"Trzic-Tank4","2026-06-16 20:00","-8.8"
"Trzic-Tank4","2026-06-16 21:00","-8.8"
"Trzic-Tank4","2026-06-16 22:00","-8.8"
"Trzic-Tank4","2026-06-16 23:00","-8.8"
"Trzic-Tank4","2026-06-17 00:00","-8.8"
"Trzic-Tank4","2026-06-17 01:00","-8.8"
"Trzic-Tank4","2026-06-17 02:00","-8.8"
"Trzic-Tank4","2026-06-17 03:00","-8.8"
"Trzic-Tank4","2026-06-17 04:00","-8.8"
"Trzic-Tank4","2026-06-17 05:00","-8.8"
"Trzic-Tank4","2026-06-17 06:00","-8.8"
"Trzic-Tank4","2026-06-17 07:00","-8.8"
"Trzic-Tank4","2026-06-17 08:00","-8.8"
"Trzic-Tank4","2026-06-17 09:00","-8.8"
"Trzic-Tank4","2026-06-17 10:00","-8.8"
"Trzic-Tank4","2026-06-17 11:00","-8.8"
"Trzic-Tank4","2026-06-17 12:00","-8.8"
"Trzic-Tank4","2026-06-17 13:00","-8.8"
"Trzic-Tank4","2026-06-17 14:00","-8.8"
"Trzic-Tank4","2026-06-17 15:00","-8.8"
"Trzic-Tank4","2026-06-17 16:00","-8.8"
"Trzic-Tank4","2026-06-17 17:00","-8.8"
"Trzic-Tank4","2026-06-17 18:00","-8.8"
"Trzic-Tank4","2026-06-17 19:00","-8.8"
"Trzic-Tank4","2026-06-17 20:00","-8.8"
"Trzic-Tank4","2026-06-17 21:00","-8.8"
"Trzic-Tank4","2026-06-17 22:00","-8.8"
"Trzic-Tank4","2026-06-17 23:00","-8.8"
"Trzic-Tank4","2026-06-18 00:00","-8.8"
"Trzic-Tank4","2026-06-18 01:00","-8.8"
"Trzic-Tank4","2026-06-18 02:00","-8.8"
"Trzic-Tank4","2026-06-18 03:00","-8.8"
"Trzic-Tank4","2026-06-18 04:00","-8.8"
"Trzic-Tank4","2026-06-18 05:00","-8.8"
"Trzic-Tank4","2026-06-18 06:00","-8.8"
"Trzic-Tank4","2026-06-18 07:00","-8.8"
"Trzic-Tank4","2026-06-18 08:00","-8.8"
"Trzic-Tank4","2026-06-18 09:00","-8.8"
"Trzic-Tank4","2026-06-18 10:00","-8.8"
"Trzic-Tank4","2026-06-18 11:00","-8.8"
"Trzic-Tank4","2026-06-18 12:00","-8.8"
"Trzic-Tank4","2026-06-18 13:00","-8.8"
"Trzic-Tank4","2026-06-18 14:00","-8.8"
"Trzic-Tank4","2026-06-18 15:00","-8.8"
"Trzic-Tank4","2026-06-18 16:00","-8.8"
"Trzic-Tank4","2026-06-18 17:00","-8.8"
"Trzic-Tank4","2026-06-18 18:00","-8.8"
"Trzic-Tank4","2026-06-18 19:00","-8.8"
"Trzic-Tank4","2026-06-18 20:00","-8.8"
"Trzic-Tank4","2026-06-18 21:00","-8.8"
"Trzic-Tank4","2026-06-18 22:00","-8.9"
"Trzic-Tank4","2026-06-18 23:00","-8.8"
"Trzic-Tank4","2026-06-19 00:00","-8.8"
"Trzic-Tank4","2026-06-19 01:00","-8.8"
"Trzic-Tank4","2026-06-19 02:00","-8.8"
"Trzic-Tank4","2026-06-19 03:00","-8.8"
"Trzic-Tank4","2026-06-19 04:00","-8.8"
"Trzic-Tank4","2026-06-19 05:00","-8.8"
"Trzic-Tank4","2026-06-19 06:00","-8.9"
"Trzic-Tank4","2026-06-19 07:00","-8.9"
"Trzic-Tank4","2026-06-19 08:00","-8.8"
"Trzic-Tank4","2026-06-19 09:00","-8.9"
"Trzic-Tank4","2026-06-19 10:00","-8.8"
"Trzic-Tank4","2026-06-19 11:00","-8.8"
"Trzic-Tank4","2026-06-19 12:00","-8.9"
"Trzic-Tank4","2026-06-19 13:00","-8.8"
"Trzic-Tank4","2026-06-19 14:00","-8.9"
"Trzic-Tank4","2026-06-19 15:00","-8.8"
"Trzic-Tank4","2026-06-19 16:00","-8.8"
"Trzic-Tank4","2026-06-19 17:00","-8.9"
"Trzic-Tank4","2026-06-19 18:00","-8.8"
"Trzic-Tank4","2026-06-19 19:00","-8.9"
"Trzic-Tank4","2026-06-19 20:00","-8.9"
"Trzic-Tank4","2026-06-19 21:00","-8.9"
"Trzic-Tank4","2026-06-19 22:00","-8.9"
"Trzic-Tank4","2026-06-19 23:00","-8.9"
"Trzic-Tank4","2026-06-20 00:00","-8.9"
"Trzic-Tank4","2026-06-20 01:00","-8.9"
"Trzic-Tank4","2026-06-20 02:00","-8.9"
"Trzic-Tank4","2026-06-20 03:00","-8.9"
"Trzic-Tank4","2026-06-20 04:00","-8.9"
"Trzic-Tank4","2026-06-20 05:00","-8.9"
"Trzic-Tank4","2026-06-20 06:00","-8.9"
"Trzic-Tank4","2026-06-20 07:00","-8.9"
"Trzic-Tank4","2026-06-20 08:00","-8.9"
"Trzic-Tank4","2026-06-20 09:00","-8.9"
"Trzic-Tank4","2026-06-20 10:00","-8.9"
"Trzic-Tank4","2026-06-20 11:00","-8.9"
"Trzic-Tank4","2026-06-20 12:00","-8.9"
"Trzic-Tank4","2026-06-20 13:00","-8.9"
"Trzic-Tank4","2026-06-20 14:00","-8.9"
"Trzic-Tank4","2026-06-20 15:00","-8.9"
"Trzic-Tank4","2026-06-20 16:00","-8.9"
"Trzic-Tank4","2026-06-20 17:00","-8.9"
"Trzic-Tank4","2026-06-20 18:00","-8.9"
"Trzic-Tank4","2026-06-20 19:00","-8.9"
"Trzic-Tank4","2026-06-20 20:00","-8.7"
"Trzic-Tank4","2026-06-20 21:00","-8.7"
"Trzic-Tank4","2026-06-20 22:00","-8.7"
"Trzic-Tank4","2026-06-20 23:00","-8.6"
"Trzic-Tank4","2026-06-21 00:00","-8.6"
"Trzic-Tank4","2026-06-21 01:00","-8.6"
"Trzic-Tank4","2026-06-21 02:00","-8.6"
"Trzic-Tank4","2026-06-21 03:00","-8.6"
"Trzic-Tank4","2026-06-21 04:00","-8.6"
"Trzic-Tank4","2026-06-21 05:00","-8.6"
"Trzic-Tank4","2026-06-21 06:00","-8.6"
"Trzic-Tank4","2026-06-21 07:00","-8.6"
"Trzic-Tank4","2026-06-21 08:00","-8.6"
"Trzic-Tank4","2026-06-21 09:00","-8.6"
"Trzic-Tank4","2026-06-21 10:00","-8.6"
"Trzic-Tank4","2026-06-21 11:00","-8.6"
"Trzic-Tank4","2026-06-21 12:00","-8.6"
"Trzic-Tank4","2026-06-21 13:00","-8.6"
"Trzic-Tank4","2026-06-21 14:00","-8.6"
"Trzic-Tank4","2026-06-21 15:00","-8.6"
"Trzic-Tank4","2026-06-21 16:00","-8.6"
"Trzic-Tank4","2026-06-21 17:00","-8.6"
"Trzic-Tank4","2026-06-21 18:00","-8.6"
"Trzic-Tank4","2026-06-21 19:00","-8.6"
"Trzic-Tank4","2026-06-21 20:00","-8.6"
"Trzic-Tank4","2026-06-21 21:00","-8.6"
"Trzic-Tank4","2026-06-21 22:00","-8.6"
"Trzic-Tank4","2026-06-21 23:00","-8.6"
"Trzic-Tank4","2026-06-22 00:00","-8.6"
"Trzic-Tank4","2026-06-22 01:00","-8.6"
"Trzic-Tank4","2026-06-22 02:00","-8.6"
"Trzic-Tank4","2026-06-22 03:00","-8.6"
"Trzic-Tank4","2026-06-22 04:00","-8.6"
"Trzic-Tank4","2026-06-22 05:00","-8.6"
"Trzic-Tank4","2026-06-22 06:00","-8.6"
"Trzic-Tank4","2026-06-22 07:00","-8.6"
"Trzic-Tank4","2026-06-22 08:00","-8.6"
"Trzic-Tank4","2026-06-22 09:00","-8.6"
"Trzic-Tank4","2026-06-22 10:00","-8.6"
"Trzic-Tank4","2026-06-22 11:00","-8.6"
"Trzic-Tank4","2026-06-22 12:00","-8.6"
"Trzic-Tank4","2026-06-22 13:00","-8.6"
"Trzic-Tank4","2026-06-22 14:00","-8.6"
"Trzic-Tank4","2026-06-22 15:00","-8.6"
"Trzic-Tank4","2026-06-22 16:00","-8.6"
"Trzic-Tank4","2026-06-22 17:00","-8.6"
"Trzic-Tank4","2026-06-22 18:00","-8.6"
"Trzic-Tank4","2026-06-22 19:00","-8.6"
"Trzic-Tank4","2026-06-22 20:00","-8.6"
"Trzic-Tank4","2026-06-22 21:00","-8.6"
"Trzic-Tank4","2026-06-22 22:00","-8.6"
"Trzic-Tank4","2026-06-22 23:00","-8.6"
"Trzic-Tank4","2026-06-23 00:00","-8.6"
"Trzic-Tank4","2026-06-23 01:00","-8.6"
"Trzic-Tank4","2026-06-23 02:00","-8.6"
"Trzic-Tank4","2026-06-23 03:00","-8.6"
"Trzic-Tank4","2026-06-23 04:00","-8.6"
"Trzic-Tank4","2026-06-23 05:00","-8.6"
"Trzic-Tank4","2026-06-23 06:00","-8.6"
"Trzic-Tank4","2026-06-23 07:00","-8.6"
"Trzic-Tank4","2026-06-23 08:00","-8.6"
"Trzic-Tank4","2026-06-23 09:00","-8.6"
"Trzic-Tank4","2026-06-23 10:00","-8.6"
"Trzic-Tank4","2026-06-23 11:00","-8.6"
"Trzic-Tank4","2026-06-23 12:00","-8.6"
"Trzic-Tank4","2026-06-23 13:00","-8.6"
"Trzic-Tank4","2026-06-23 14:00","-8.6"
"Trzic-Tank4","2026-06-23 15:00","-8.6"
"Trzic-Tank4","2026-06-23 16:00","-8.6"
"Trzic-Tank4","2026-06-23 17:00","-8.6"
"Trzic-Tank4","2026-06-23 18:00","-8.7"
"Trzic-Tank4","2026-06-23 19:00","-8.6"
"Trzic-Tank4","2026-06-23 20:00","-8.6"
"Trzic-Tank4","2026-06-23 21:00","-8.7"
"Trzic-Tank4","2026-06-23 22:00","-8.7"
"Trzic-Tank4","2026-06-23 23:00","-8.7"
"Trzic-Tank4","2026-06-24 00:00","-8.7"
"Trzic-Tank4","2026-06-24 01:00","-8.7"
"Trzic-Tank4","2026-06-24 02:00","-8.7"
"Trzic-Tank4","2026-06-24 03:00","-8.7"
"Trzic-Tank4","2026-06-24 04:00","-8.7"
"Trzic-Tank4","2026-06-24 05:00","-8.7"
"Trzic-Tank4","2026-06-24 06:00","-8.7"
"Trzic-Tank4","2026-06-24 07:00","-8.7"
"Trzic-Tank4","2026-06-24 08:00","-8.7"
"Trzic-Tank4","2026-06-24 09:00","-8.7"
"Trzic-Tank4","2026-06-24 10:00","-8.7"
"Trzic-Tank4","2026-06-24 11:00","-8.7"
"Trzic-Tank4","2026-06-24 12:00","-8.7"
"Trzic-Tank4","2026-06-24 13:00","-8.7"
"Trzic-Tank4","2026-06-24 14:00","-8.7"
"Trzic-Tank4","2026-06-24 15:00","-8.7"
"Trzic-Tank4","2026-06-24 16:00","-8.7"
"Trzic-Tank4","2026-06-24 17:00","-8.7"
"Trzic-Tank4","2026-06-24 18:00","-8.7"
"Trzic-Tank4","2026-06-24 19:00","-8.7"
"Trzic-Tank4","2026-06-24 20:00","-8.7"
"Trzic-Tank4","2026-06-24 21:00","-8.7"
"Trzic-Tank4","2026-06-24 22:00","-8.7"
"Trzic-Tank4","2026-06-24 23:00","-8.7"
"Trzic-Tank4","2026-06-25 00:00","-8.7"
"Trzic-Tank4","2026-06-25 01:00","-8.7"
"Trzic-Tank4","2026-06-25 02:00","-8.7"
"Trzic-Tank4","2026-06-25 03:00","-8.7"
"Trzic-Tank4","2026-06-25 04:00","-8.7"
"Trzic-Tank4","2026-06-25 05:00","-8.7"
"Trzic-Tank4","2026-06-25 06:00","-8.7"
"Trzic-Tank4","2026-06-25 07:00","-8.7"
"Trzic-Tank4","2026-06-25 08:00","-8.7"
"Trzic-Tank4","2026-06-25 09:00","-8.7"
"Trzic-Tank4","2026-06-25 10:00","-8.7"
"Trzic-Tank4","2026-06-25 11:00","-8.7"
"Trzic-Tank4","2026-06-25 12:00","-8.7"
"Trzic-Tank4","2026-06-25 13:00","-8.7"
"Trzic-Tank4","2026-06-25 14:00","-8.7"
"Trzic-Tank4","2026-06-25 15:00","-8.7"
"Trzic-Tank4","2026-06-25 16:00","-8.7"
"Trzic-Tank4","2026-06-25 17:00","-8.7"
"Trzic-Tank4","2026-06-25 18:00","-8.7"
"Trzic-Tank4","2026-06-25 19:00","-8.7"
"Trzic-Tank4","2026-06-25 20:00","-8.7"
"Trzic-Tank4","2026-06-25 21:00","-8.7"
"Trzic-Tank4","2026-06-25 22:00","-8.7"
"Trzic-Tank4","2026-06-25 23:00","-8.7"
"Trzic-Tank4","2026-06-26 00:00","-8.7"
"Trzic-Tank4","2026-06-26 01:00","-8.7"
"Trzic-Tank4","2026-06-26 02:00","-8.7"
"Trzic-Tank4","2026-06-26 03:00","-8.7"
"Trzic-Tank4","2026-06-26 04:00","-8.7"
"Trzic-Tank4","2026-06-26 05:00","-8.7"
"Trzic-Tank4","2026-06-26 06:00","-8.7"
"Trzic-Tank4","2026-06-26 07:00","-8.7"
"Trzic-Tank4","2026-06-26 08:00","-8.7"
"Trzic-Tank4","2026-06-26 09:00","-8.7"
"Trzic-Tank4","2026-06-26 10:00","-8.7"
"Trzic-Tank4","2026-06-26 11:00","-8.7"
"Trzic-Tank4","2026-06-26 12:00","-8.7"
"Trzic-Tank4","2026-06-26 13:00","-8.7"
"Trzic-Tank4","2026-06-26 14:00","-8.7"
"Trzic-Tank4","2026-06-26 15:00","-8.8"
"Trzic-Tank4","2026-06-26 16:00","-8.8"
"Trzic-Tank4","2026-06-26 17:00","-8.8"
"Trzic-Tank4","2026-06-26 18:00","-8.8"
"Trzic-Tank4","2026-06-26 19:00","-8.8"
"Trzic-Tank4","2026-06-26 20:00","-8.8"
"Trzic-Tank4","2026-06-26 21:00","-8.8"
"Trzic-Tank4","2026-06-26 22:00","-8.8"
"Trzic-Tank4","2026-06-26 23:00","-8.8"
"Trzic-Tank4","2026-06-27 00:00","-8.8"
"Trzic-Tank4","2026-06-27 01:00","-8.8"
"Trzic-Tank4","2026-06-27 02:00","-8.8"
"Trzic-Tank4","2026-06-27 03:00","-8.8"
"Trzic-Tank4","2026-06-27 04:00","-8.8"
"Trzic-Tank4","2026-06-27 05:00","-8.8"
"Trzic-Tank4","2026-06-27 06:00","-8.8"
"Trzic-Tank4","2026-06-27 07:00","-8.8"
"Trzic-Tank4","2026-06-27 08:00","-8.8"
"Trzic-Tank4","2026-06-27 09:00","-8.8"
"Trzic-Tank4","2026-06-27 10:00","-8.8"
"Trzic-Tank4","2026-06-27 11:00","-8.8"
"Trzic-Tank4","2026-06-27 12:00","-8.8"
"Trzic-Tank4","2026-06-27 13:00","-8.8"
"Trzic-Tank4","2026-06-27 14:00","-8.8"
"Trzic-Tank4","2026-06-27 15:00","-8.8"
"Trzic-Tank4","2026-06-27 16:00","-8.8"
"Trzic-Tank4","2026-06-27 17:00","-8.8"
"Trzic-Tank4","2026-06-27 18:00","-8.8"
"Trzic-Tank4","2026-06-27 19:00","-8.8"
"Trzic-Tank4","2026-06-27 20:00","-8.8"
"Trzic-Tank4","2026-06-27 21:00","-8.8"
"Trzic-Tank4","2026-06-27 22:00","-8.8"
"Trzic-Tank4","2026-06-27 23:00","-8.8"
"Trzic-Tank4","2026-06-28 00:00","-8.8"
"Trzic-Tank4","2026-06-28 01:00","-8.8"
"Trzic-Tank4","2026-06-28 02:00","-8.8"
"Trzic-Tank4","2026-06-28 03:00","-8.8"
"Trzic-Tank4","2026-06-28 04:00","-8.8"
"Trzic-Tank4","2026-06-28 05:00","-8.8"
"Trzic-Tank4","2026-06-28 06:00","-8.8"
"Trzic-Tank4","2026-06-28 07:00","-8.8"
"Trzic-Tank4","2026-06-28 08:00","-8.8"
"Trzic-Tank4","2026-06-28 09:00","-8.8"
"Trzic-Tank4","2026-06-28 10:00","-8.8"
"Trzic-Tank4","2026-06-28 11:00","-8.8"
"Trzic-Tank4","2026-06-28 12:00","-8.8"
"Trzic-Tank4","2026-06-28 13:00","-8.8"
"Trzic-Tank4","2026-06-28 14:00","-8.8"
"Trzic-Tank4","2026-06-28 15:00","-8.8"
"Trzic-Tank4","2026-06-28 16:00","-8.9"
"Trzic-Tank4","2026-06-28 17:00","-8.9"
"Trzic-Tank4","2026-06-28 18:00","-9.1"
"Trzic-Tank4","2026-06-28 19:00","-9.1"
"Trzic-Tank4","2026-06-28 20:00","-9.1"
"Trzic-Tank4","2026-06-28 21:00","-9.1"
"Trzic-Tank4","2026-06-28 22:00","-9.2"
"Trzic-Tank4","2026-06-28 23:00","-9.2"
"Trzic-Tank4","2026-06-29 00:00","-9.2"
"Trzic-Tank4","2026-06-29 01:00","-9.2"
"Trzic-Tank4","2026-06-29 02:00","-9.2"
"Trzic-Tank4","2026-06-29 03:00","-9.2"
"Trzic-Tank4","2026-06-29 04:00","-9.2"
"Trzic-Tank4","2026-06-29 05:00","-9.3"
"Trzic-Tank4","2026-06-29 06:00","-9.3"
"Trzic-Tank4","2026-06-29 07:00","-9.4"
"Trzic-Tank4","2026-06-29 08:00","-9.4"
"Trzic-Tank4","2026-06-29 09:00","-9.4"
"Trzic-Tank4","2026-06-29 10:00","-9.5"
"Trzic-Tank4","2026-06-29 11:00","-9.6"
"Trzic-Tank4","2026-06-29 12:00","-9.6"
"Trzic-Tank4","2026-06-29 13:00","-9.7"
"Trzic-Tank4","2026-06-29 14:00","-9.8"
"Trzic-Tank4","2026-06-29 15:00","-10"
"Trzic-Tank4","2026-06-29 16:00","-10.1"
"Trzic-Tank4","2026-06-29 17:00","-10.3"
"Trzic-Tank4","2026-06-29 18:00","-10.5"
"Trzic-Tank4","2026-06-29 19:00","-10.8"
"Trzic-Tank4","2026-06-29 20:00","-11"
"Trzic-Tank4","2026-06-29 21:00","-11.1"
"Trzic-Tank4","2026-06-29 22:00","-11.2"
"Trzic-Tank4","2026-06-29 23:00","-11.4"
"Trzic-Tank4","2026-06-30 00:00","-11.4"
"Trzic-Tank4","2026-06-30 01:00","-11.6"
"Trzic-Tank4","2026-06-30 02:00","-11.6"
"Trzic-Tank4","2026-06-30 03:00","-11.6"
"Trzic-Tank4","2026-06-30 04:00","-11.6"
"Trzic-Tank4","2026-06-30 05:00","-12.2"
"Trzic-Tank4","2026-06-30 06:00","-12.3"
"Trzic-Tank4","2026-06-30 07:00","-12.4"
"Trzic-Tank4","2026-06-30 08:00","-12.6"
"Trzic-Tank4","2026-06-30 09:00","-12.7"
"Trzic-Tank4","2026-06-30 10:00","-12.9"
"Trzic-Tank4","2026-06-30 11:00","-13.2"
"Trzic-Tank4","2026-06-30 12:00","-13.6"
"Trzic-Tank4","2026-06-30 13:00","-14.1"
"Trzic-Tank4","2026-06-30 14:00","-14.3"
"Trzic-Tank4","2026-06-30 15:00","-14.8"
"Trzic-Tank4","2026-06-30 16:00","-15"
"Trzic-Tank4","2026-06-30 17:00","-15.5"
"Trzic-Tank4","2026-06-30 18:00","-15.7"
"Trzic-Tank4","2026-06-30 19:00","-15.8"
"Trzic-Tank4","2026-06-30 20:00","-16"
"Trzic-Tank4","2026-06-30 21:00","-16.1"
"Trzic-Tank4","2026-06-30 22:00","-16.2"
"Trzic-Tank4","2026-06-30 23:00",
"Trzic-Tank4","2026-07-01 00:00",
"Trzic-Tank4","2026-07-01 01:00",
"Trzic-Tank4","2026-07-01 02:00",
"Trzic-Tank4","2026-07-01 03:00",
"Trzic-Tank4","2026-07-01 04:00",
"Trzic-Tank4","2026-07-01 05:00",
"Trzic-Tank4","2026-07-01 06:00",
"Trzic-Tank4","2026-07-01 07:00",
"Trzic-Tank4","2026-07-01 08:00",
"Trzic-Tank4","2026-07-01 09:00","-18"
"Trzic-Tank4","2026-07-01 10:00","-18.1"
"Trzic-Tank4","2026-07-01 11:00","-18.8"
"Trzic-Tank4","2026-07-01 12:00","-19.4"
"Trzic-Tank4","2026-07-01 13:00","-20.2"
"Trzic-Tank4","2026-07-01 14:00","-20.7"
"Trzic-Tank4","2026-07-01 15:00","-21.5"
"Trzic-Tank4","2026-07-01 16:00","-21.9"
"Trzic-Tank4","2026-07-01 17:00","-22.8"
"Trzic-Tank4","2026-07-01 18:00","-22.8"
"Trzic-Tank4","2026-07-01 19:00","-23"
"Trzic-Tank4","2026-07-01 20:00","-23.4"
"Trzic-Tank4","2026-07-01 21:00","-23.6"
"Trzic-Tank4","2026-07-01 22:00","-23.7"
"Trzic-Tank4","2026-07-01 23:00","-23.9"
"Trzic-Tank4","2026-07-02 00:00","-23.9"
"Trzic-Tank4","2026-07-02 01:00","-24.2"
"Trzic-Tank4","2026-07-02 02:00","-24.2"
"Trzic-Tank4","2026-07-02 03:00","-24.2"
"Trzic-Tank4","2026-07-02 04:00","-24.2"
"Trzic-Tank4","2026-07-02 05:00","-24.9"
"Trzic-Tank4","2026-07-02 06:00","-25"
"Trzic-Tank4","2026-07-02 07:00","-25.2"
"Trzic-Tank4","2026-07-02 08:00","-25.6"
"Trzic-Tank4","2026-07-02 09:00","-25.9"
"Trzic-Tank4","2026-07-02 10:00","-26.2"
"Trzic-Tank4","2026-07-02 11:00","-26.8"
"Trzic-Tank4","2026-07-02 12:00","-27.3"
"Trzic-Tank4","2026-07-02 13:00","-27.9"
"Trzic-Tank4","2026-07-02 14:00","-28.4"
"Trzic-Tank4","2026-07-02 15:00","-29.2"
"Trzic-Tank4","2026-07-02 16:00","-29.9"
"Trzic-Tank4","2026-07-02 17:00","-31.6"
"Trzic-Tank4","2026-07-02 18:00","-32.5"
"Trzic-Tank4","2026-07-02 19:00","-34.7"
"Trzic-Tank4","2026-07-02 20:00","-35.5"
"Trzic-Tank4","2026-07-02 21:00","-36.4"
"Trzic-Tank4","2026-07-02 22:00","-36.6"
"Trzic-Tank4","2026-07-02 23:00","-37.2"
"Trzic-Tank4","2026-07-03 00:00","-37.2"
"Trzic-Tank4","2026-07-03 01:00","-38.4"
"Trzic-Tank4","2026-07-03 02:00","-38.4"
"Trzic-Tank4","2026-07-03 03:00","-38.4"
"Trzic-Tank4","2026-07-03 04:00","-38.4"
"Trzic-Tank4","2026-07-03 05:00","-41.2"
"Trzic-Tank4","2026-07-03 06:00","-41.5"
"Trzic-Tank4","2026-07-03 07:00","-42.4"
"Trzic-Tank4","2026-07-03 08:00","-43.7"
"Trzic-Tank4","2026-07-03 09:00","-45.5"
"Trzic-Tank4","2026-07-03 10:00","-47.8"
"Trzic-Tank4","2026-07-03 11:00","-51.7"
"Trzic-Tank4","2026-07-03 12:00","-56.5"
"Trzic-Tank4","2026-07-03 13:00","-61.1"
"Trzic-Tank4","2026-07-03 14:00","-64.4"
"Trzic-Tank4","2026-07-03 15:00","-68.1"
"Trzic-Tank4","2026-07-03 16:00","-72"
"Trzic-Tank4","2026-07-03 17:00","-75.3"
"Trzic-Tank4","2026-07-03 18:00","-79.4"
"Trzic-Tank4","2026-07-03 19:00","-81.7"
"Trzic-Tank4","2026-07-03 20:00","-84.5"
"Trzic-Tank4","2026-07-03 21:00","-85.4"
"Trzic-Tank4","2026-07-03 22:00","-86.1"
"Trzic-Tank4","2026-07-03 23:00","-86.3"
"Trzic-Tank4","2026-07-04 00:00","-86.3"
"Trzic-Tank4","2026-07-04 01:00","-87"
"Trzic-Tank4","2026-07-04 02:00","-87"
"Trzic-Tank4","2026-07-04 03:00","-87"
"Trzic-Tank4","2026-07-04 04:00","-87"
"Trzic-Tank4","2026-07-04 05:00","-89.7"
"Trzic-Tank4","2026-07-04 06:00","-90.1"
"Trzic-Tank4","2026-07-04 07:00","-91.2"
"Trzic-Tank4","2026-07-04 08:00","-92.2"
"Trzic-Tank4","2026-07-04 09:00","-92.9"
"Trzic-Tank4","2026-07-04 10:00","-94.3"
"Trzic-Tank4","2026-07-04 11:00","-99.3"
"Trzic-Tank4","2026-07-04 12:00","-102.7"
"Trzic-Tank4","2026-07-04 13:00","-108.9"
"Trzic-Tank4","2026-07-04 14:00","-112"
"Trzic-Tank4","2026-07-04 15:00","-120.8"
"Trzic-Tank4","2026-07-04 16:00","-126.6"
"Trzic-Tank4","2026-07-04 17:00","-136.6"
"Trzic-Tank4","2026-07-04 18:00","-141.7"
"Trzic-Tank4","2026-07-04 19:00","-151.3"
"Trzic-Tank4","2026-07-04 20:00","-152.9"
"Trzic-Tank4","2026-07-04 21:00","-157.3"
"Trzic-Tank4","2026-07-04 22:00","-158.1"
"Trzic-Tank4","2026-07-04 23:00","-158.7"
"Trzic-Tank4","2026-07-05 00:00","-158.7"
"Trzic-Tank4","2026-07-05 01:00","-159.6"
"Trzic-Tank4","2026-07-05 02:00","-159.6"
"Trzic-Tank4","2026-07-05 03:00","-159.6"
"Trzic-Tank4","2026-07-05 04:00","-159.6"
"Trzic-Tank4","2026-07-05 05:00","-162.7"
"Trzic-Tank4","2026-07-05 06:00","-164.4"
"Trzic-Tank4","2026-07-05 07:00","-166.3"
"Trzic-Tank4","2026-07-05 08:00","-167.8"
"Trzic-Tank4","2026-07-05 09:00","-169.5"
"Trzic-Tank4","2026-07-05 10:00","-174"
"Trzic-Tank4","2026-07-05 11:00","-179.2"
"Trzic-Tank4","2026-07-05 12:00","-182.2"
"Trzic-Tank4","2026-07-05 13:00","-189.1"
"Trzic-Tank4","2026-07-05 14:00","-199.5"
"Trzic-Tank4","2026-07-05 15:00","-205.1"
"Trzic-Tank4","2026-07-05 16:00","-215.4"
"Trzic-Tank4","2026-07-05 17:00","-221"
"Trzic-Tank4","2026-07-05 18:00","-225.4"
"Trzic-Tank4","2026-07-05 19:00","-229.6"
"Trzic-Tank4","2026-07-05 20:00","-236.4"
"Trzic-Tank4","2026-07-05 21:00","-237.9"
"Trzic-Tank4","2026-07-05 22:00","-238.9"
"Trzic-Tank4","2026-07-05 23:00","-240.2"
"Trzic-Tank4","2026-07-06 00:00","-240.2"
"Trzic-Tank4","2026-07-06 01:00","-246.3"
"Trzic-Tank4","2026-07-06 02:00","-246.3"
"Trzic-Tank4","2026-07-06 03:00","-246.3"
"Trzic-Tank4","2026-07-06 04:00","-246.3"
"Trzic-Tank4","2026-07-06 05:00","-251.6"
"Trzic-Tank4","2026-07-06 06:00","-252.1"
"Trzic-Tank4","2026-07-06 07:00","-253.3"
"Trzic-Tank4","2026-07-06 08:00","-253.9"
"Trzic-Tank4","2026-07-06 09:00","-255.8"
"Trzic-Tank4","2026-07-06 10:00","-262"
"Trzic-Tank4","2026-07-06 11:00","-265.3"
"Trzic-Tank4","2026-07-06 12:00","-269.4"
"Trzic-Tank4","2026-07-06 13:00","-271.8"
"Trzic-Tank4","2026-07-06 14:00","-277.3"
"Trzic-Tank4","2026-07-06 15:00","-287.9"
"Trzic-Tank4","2026-07-06 16:00","-289.4"
"Trzic-Tank4","2026-07-06 17:00","-291.7"
"Trzic-Tank4","2026-07-06 18:00","-298.7"
"Trzic-Tank4","2026-07-06 19:00","-303.5"
"Trzic-Tank4","2026-07-06 20:00","-306.1"
"Trzic-Tank4","2026-07-06 21:00","-311"
"Trzic-Tank4","2026-07-06 22:00","-313.8"
"Trzic-Tank4","2026-07-06 23:00","-314"
"Trzic-Tank4","2026-07-07 00:00","-314"
"Trzic-Tank4","2026-07-07 01:00","-316.8"
"Trzic-Tank4","2026-07-07 02:00","-316.8"
"Trzic-Tank4","2026-07-07 03:00","-316.8"
"Trzic-Tank4","2026-07-07 04:00","-316.8"
"Trzic-Tank4","2026-07-07 05:00","-328.7"
"Trzic-Tank4","2026-07-07 06:00","-334.7"
"Trzic-Tank4","2026-07-07 07:00","-337.9"
"Trzic-Tank4","2026-07-07 08:00","-341.6"
"Trzic-Tank4","2026-07-07 09:00","-342.7"
"Trzic-Tank4","2026-07-07 10:00","-344.8"
"Trzic-Tank4","2026-07-07 11:00","-349.4"
"Trzic-Tank4","2026-07-07 12:00","-354.6"
"Trzic-Tank4","2026-07-07 13:00","-359.8"
"Trzic-Tank4","2026-07-07 14:00","-374.5"
"Trzic-Tank4","2026-07-07 15:00","-378.7"
"Trzic-Tank4","2026-07-07 16:00","-382.4"
"Trzic-Tank4","2026-07-07 17:00","-383.1"
"Trzic-Tank4","2026-07-07 18:00","-384.2"
"Trzic-Tank4","2026-07-07 19:00","-387.3"
"Trzic-Tank4","2026-07-07 20:00","-390.7"
"Trzic-Tank4","2026-07-07 21:00","-389.8"
"Trzic-Tank4","2026-07-07 22:00","-391.1"
"Trzic-Tank4","2026-07-07 23:00","-391.4"
"Trzic-Tank4","2026-07-08 00:00","-391.4"
"Trzic-Tank4","2026-07-08 01:00","-395.1"
"Trzic-Tank4","2026-07-08 02:00","-395.1"
"Trzic-Tank4","2026-07-08 03:00","-395.1"
"Trzic-Tank4","2026-07-08 04:00","-395.1"
"Trzic-Tank4","2026-07-08 05:00","-407.6"
"Trzic-Tank4","2026-07-08 06:00","-409.9"
"Trzic-Tank4","2026-07-08 07:00","-417.6"
"Trzic-Tank4","2026-07-08 08:00","-418.4"
"Trzic-Tank4","2026-07-08 09:00","-424.5"
"Trzic-Tank4","2026-07-08 10:00","-429.4"
"Trzic-Tank4","2026-07-08 11:00","-433.1"
"Trzic-Tank4","2026-07-08 12:00","-434.8"
"Trzic-Tank4","2026-07-08 13:00","-437.8"
"Trzic-Tank4","2026-07-08 14:00","-440.7"
"Trzic-Tank4","2026-07-08 15:00","-444.8"
"Trzic-Tank4","2026-07-08 16:00","-448.8"
"Trzic-Tank4","2026-07-08 17:00","-452.7"
"Trzic-Tank4","2026-07-08 18:00","-457.5"
"Trzic-Tank4","2026-07-08 19:00","-465.3"
"Trzic-Tank4","2026-07-08 20:00","-464.9"
"Trzic-Tank4","2026-07-08 21:00","-468.2"
"Trzic-Tank4","2026-07-08 22:00","-469.2"
"Trzic-Tank4","2026-07-08 23:00","-471.3"
"Trzic-Tank4","2026-07-09 00:00","-471.3"
"Trzic-Tank4","2026-07-09 01:00","-474.2"
"Trzic-Tank4","2026-07-09 02:00","-474.2"
"Trzic-Tank4","2026-07-09 03:00","-474.2"
"Trzic-Tank4","2026-07-09 04:00","-474.2"
"Trzic-Tank4","2026-07-09 05:00","-479.2"
"Trzic-Tank4","2026-07-09 06:00","-484.7"
"Trzic-Tank4","2026-07-09 07:00","-487.3"
"Trzic-Tank4","2026-07-09 08:00","-490.9"
"Trzic-Tank4","2026-07-09 09:00","-496.2"
"Trzic-Tank4","2026-07-09 10:00","-499.5"
"Trzic-Tank4","2026-07-09 11:00","-503.8"
"Trzic-Tank4","2026-07-09 12:00","-508"
"Trzic-Tank4","2026-07-09 13:00","-513.6"
"Trzic-Tank4","2026-07-09 14:00","-515.6"
"Trzic-Tank4","2026-07-09 15:00","-517"
"Trzic-Tank4","2026-07-09 16:00","-519.9"
"Trzic-Tank4","2026-07-09 17:00","-519.9"
"Trzic-Tank4","2026-07-09 18:00","-523.5"
"Trzic-Tank4","2026-07-09 19:00","-524.1"
"Trzic-Tank4","2026-07-09 20:00","-522.6"
"Trzic-Tank4","2026-07-09 21:00","-523"
"Trzic-Tank4","2026-07-09 22:00","-522.3"
"Trzic-Tank4","2026-07-09 23:00","-519.5"
"Trzic-Tank4","2026-07-10 00:00","-519.5"
"Trzic-Tank4","2026-07-10 01:00","-520.2"
"Trzic-Tank4","2026-07-10 02:00","-520.2"
"Trzic-Tank4","2026-07-10 03:00","-520.2"
"Trzic-Tank4","2026-07-10 04:00","-520.2"
"Trzic-Tank4","2026-07-10 05:00","-526.3"
"Trzic-Tank4","2026-07-10 06:00","-528.6"
"Trzic-Tank4","2026-07-10 07:00","-528.7"
"Trzic-Tank4","2026-07-10 08:00","-534.2"
"Trzic-Tank4","2026-07-10 09:00","-539.5"
"Trzic-Tank4","2026-07-10 10:00","-539.4"
"Trzic-Tank4","2026-07-10 11:00","-550.4"
"Trzic-Tank4","2026-07-10 12:00","-561.6"
"Trzic-Tank4","2026-07-10 13:00","-578"
"Trzic-Tank4","2026-07-10 14:00","-584.2"
"Trzic-Tank4","2026-07-10 15:00","-597.7"
"Trzic-Tank4","2026-07-10 16:00","-595.2"
"Trzic-Tank4","2026-07-10 17:00","-585.2"
"Trzic-Tank4","2026-07-10 18:00","-580.5"
"Trzic-Tank4","2026-07-10 19:00","-571.7"
"Trzic-Tank4","2026-07-10 20:00",
"Trzic-Tank4","2026-07-10 21:00","-547.3"
"Trzic-Tank4","2026-07-10 22:00","-533.2"
"Trzic-Tank4","2026-07-10 23:00","-533.1"
"Trzic-Tank4","2026-07-11 00:00","-533.1"
"Trzic-Tank4","2026-07-11 01:00","-522.4"
"Trzic-Tank4","2026-07-11 02:00","-522.4"
"Trzic-Tank4","2026-07-11 03:00","-522.4"
"Trzic-Tank4","2026-07-11 04:00","-522.4"
"Trzic-Tank4","2026-07-11 05:00","-524.7"
"Trzic-Tank4","2026-07-11 06:00","-526.6"
"Trzic-Tank4","2026-07-11 07:00","-527.5"
"Trzic-Tank4","2026-07-11 08:00","-530.3"
"Trzic-Tank4","2026-07-11 09:00","-536.7"
"Trzic-Tank4","2026-07-11 10:00","-540.5"
"Trzic-Tank4","2026-07-11 11:00","-548.9"
"Trzic-Tank4","2026-07-11 12:00","-555.1"
"Trzic-Tank4","2026-07-11 13:00","-562.1"
"Trzic-Tank4","2026-07-11 14:00","-577.8"
"Trzic-Tank4","2026-07-11 15:00","-575.6"
"Trzic-Tank4","2026-07-11 16:00","-574.8"
"Trzic-Tank4","2026-07-11 17:00","-564.5"
"Trzic-Tank4","2026-07-11 18:00","-551.8"
"Trzic-Tank4","2026-07-11 19:00","-545.9"
"Trzic-Tank4","2026-07-11 20:00","-545.5"
"Trzic-Tank4","2026-07-11 21:00","-530.8"
"Trzic-Tank4","2026-07-11 22:00","-526.1"
"Trzic-Tank4","2026-07-11 23:00","-524.4"
"Trzic-Tank4","2026-07-12 00:00","-524.4"
"Trzic-Tank4","2026-07-12 01:00","-520.8"
"Trzic-Tank4","2026-07-12 02:00","-520.8"
"Trzic-Tank4","2026-07-12 03:00","-520.8"
"Trzic-Tank4","2026-07-12 04:00","-520.8"
"Trzic-Tank4","2026-07-12 05:00","-531.6"
"Trzic-Tank4","2026-07-12 06:00","-535.4"
"Trzic-Tank4","2026-07-12 07:00","-547.3"
"Trzic-Tank4","2026-07-12 08:00","-561.4"
"Trzic-Tank4","2026-07-12 09:00","-577.2"
"Trzic-Tank4","2026-07-12 10:00","-584.1"
"Trzic-Tank4","2026-07-12 11:00","-598.7"
"Trzic-Tank4","2026-07-12 12:00","-604.9"
"Trzic-Tank4","2026-07-12 13:00","-612.8"
"Trzic-Tank4","2026-07-12 14:00","-616.4"
"Trzic-Tank4","2026-07-12 15:00","-617"
"Trzic-Tank4","2026-07-12 16:00","-615.2"
"Trzic-Tank4","2026-07-12 17:00","-618.3"
"Trzic-Tank4","2026-07-12 18:00","-613.3"
"Trzic-Tank4","2026-07-12 19:00","-609.7"
"Trzic-Tank4","2026-07-12 20:00","-599.5"
"Trzic-Tank4","2026-07-12 21:00","-594.3"
"Trzic-Tank4","2026-07-12 22:00","-580.4"
"Trzic-Tank4","2026-07-12 23:00","-572.5"
"Trzic-Tank4","2026-07-13 00:00","-572.5"
"Trzic-Tank4","2026-07-13 01:00","-556"
"Trzic-Tank4","2026-07-13 02:00","-556"
"Trzic-Tank4","2026-07-13 03:00","-556"
"Trzic-Tank4","2026-07-13 04:00","-556"
"Trzic-Tank4","2026-07-13 05:00","-579.8"
"Trzic-Tank4","2026-07-13 06:00","-592.2"
"Trzic-Tank4","2026-07-13 07:00","-601.7"
"Trzic-Tank4","2026-07-13 08:00","-611.2"
"Trzic-Tank4","2026-07-13 09:00","-611.4"
"Trzic-Tank4","2026-07-13 10:00","-620.1"
"Trzic-Tank4","2026-07-13 11:00","-622.6"
"Trzic-Tank4","2026-07-13 12:00","-627.5"
"Trzic-Tank4","2026-07-13 13:00","-634.2"
"Trzic-Tank4","2026-07-13 14:00","-635.5"
"Trzic-Tank4","2026-07-13 15:00","-638.3"
"Trzic-Tank4","2026-07-13 16:00","-638.7"
"Trzic-Tank4","2026-07-13 17:00","-638.8"
"Trzic-Tank4","2026-07-13 18:00","-639.3"
"Trzic-Tank4","2026-07-13 19:00","-632.3"
"Trzic-Tank4","2026-07-13 20:00","-625.3"
"Trzic-Tank4","2026-07-13 21:00","-620.6"
"Trzic-Tank4","2026-07-13 22:00","-612.8"
"Trzic-Tank4","2026-07-13 23:00","-603.5"
"Trzic-Tank4","2026-07-14 00:00","-603.5"
"Trzic-Tank4","2026-07-14 01:00","-589.9"
"Trzic-Tank4","2026-07-14 02:00","-589.9"
"Trzic-Tank4","2026-07-14 03:00","-589.9"
"Trzic-Tank4","2026-07-14 04:00","-589.9"
"Trzic-Tank4","2026-07-14 05:00","-583.3"
"Trzic-Tank4","2026-07-14 06:00","-586.7"
"Trzic-Tank4","2026-07-14 07:00","-590.9"
"Trzic-Tank4","2026-07-14 08:00","-588.6"
"Trzic-Tank4","2026-07-14 09:00","-601.9"
"Trzic-Tank4","2026-07-14 10:00","-603.4"
"Trzic-Tank4","2026-07-14 11:00","-608.5"
"Trzic-Tank4","2026-07-14 12:00","-610.4"
"Trzic-Tank4","2026-07-14 13:00","-612.9"
"Trzic-Tank4","2026-07-14 14:00","-615.5"
"Trzic-Tank4","2026-07-14 15:00","-620"
"Trzic-Tank4","2026-07-14 16:00","-615.7"
"Trzic-Tank4","2026-07-14 17:00","-616.4"
"Trzic-Tank4","2026-07-14 18:00","-611.2"
"Trzic-Tank4","2026-07-14 19:00","-609.7"
"Trzic-Tank4","2026-07-14 20:00","-605.3"
"Trzic-Tank4","2026-07-14 21:00","-602.1"
"Trzic-Tank4","2026-07-14 22:00","-601.9"
"Trzic-Tank4","2026-07-14 23:00","-604.2"
"Trzic-Tank4","2026-07-15 00:00","-604.2"
"Trzic-Tank4","2026-07-15 01:00","-603.8"
"Trzic-Tank4","2026-07-15 02:00","-603.8"
"Trzic-Tank4","2026-07-15 03:00","-603.8"
"Trzic-Tank4","2026-07-15 04:00","-603.8"
"Trzic-Tank4","2026-07-15 05:00","-615.5"
"Trzic-Tank4","2026-07-15 06:00","-618"
"Trzic-Tank4","2026-07-15 07:00","-621.1"
"Trzic-Tank4","2026-07-15 08:00","-626.5"
"Trzic-Tank4","2026-07-15 09:00","-630.1"
"Trzic-Tank4","2026-07-15 10:00","-633.1"
"Trzic-Tank4","2026-07-15 11:00","-633.9"
"Trzic-Tank4","2026-07-15 12:00","-637.4"
"Trzic-Tank4","2026-07-15 13:00","-641.8"
"Trzic-Tank4","2026-07-15 14:00","-641.8"
"Trzic-Tank4","2026-07-15 15:00","-646.1"
"Trzic-Tank4","2026-07-15 16:00","-642.4"
"Trzic-Tank4","2026-07-15 17:00","-637.4"
"Trzic-Tank4","2026-07-15 18:00","-633.7"
"Trzic-Tank4","2026-07-15 19:00","-626.2"
"Trzic-Tank4","2026-07-15 20:00","-621.9"
"Trzic-Tank4","2026-07-15 21:00","-620.6"
"Trzic-Tank4","2026-07-15 22:00","-602.8"
"Trzic-Tank4","2026-07-15 23:00","-569.4"
"Trzic-Tank4","2026-07-16 00:00","-569.4"
"Trzic-Tank4","2026-07-16 01:00","-609.5"
"Trzic-Tank4","2026-07-16 02:00","-609.5"
"Trzic-Tank4","2026-07-16 03:00","-609.5"
"Trzic-Tank4","2026-07-16 04:00","-609.5"
"Trzic-Tank4","2026-07-16 05:00","-33.2"
"Trzic-Tank4","2026-07-16 06:00","-22.5"
"Trzic-Tank4","2026-07-16 07:00","-20.7"
"Trzic-Tank4","2026-07-16 08:00","-19.4"
"Trzic-Tank4","2026-07-16 09:00","-18.3"
"Trzic-Tank4","2026-07-16 10:00","-17.8"
"Trzic-Tank4","2026-07-16 11:00","-17.7"
"Trzic-Tank4","2026-07-16 12:00","-17.8"
"Trzic-Tank4","2026-07-16 13:00","-18"
"Trzic-Tank4","2026-07-16 14:00","-18.5"
"Trzic-Tank4","2026-07-16 15:00","-19.4"
"Trzic-Tank4","2026-07-16 16:00","-20.2"
"Trzic-Tank4","2026-07-16 17:00","-20.8"
"Trzic-Tank4","2026-07-16 18:00","-21.5"
"Trzic-Tank4","2026-07-16 19:00","-22"
"Trzic-Tank4","2026-07-16 20:00","-22.4"
"Trzic-Tank4","2026-07-16 21:00","-22.5"
"Trzic-Tank4","2026-07-16 22:00","-22.6"
"Trzic-Tank4","2026-07-16 23:00","-22.7"
"Trzic-Tank4","2026-07-17 00:00","-22.7"
"Trzic-Tank4","2026-07-17 01:00","-22.8"
"Trzic-Tank4","2026-07-17 02:00","-22.8"
"Trzic-Tank4","2026-07-17 03:00","-22.8"
"Trzic-Tank4","2026-07-17 04:00","-22.8"
"Trzic-Tank4","2026-07-17 05:00","-23.3"
"Trzic-Tank4","2026-07-17 06:00","-23.4"
"Trzic-Tank4","2026-07-17 07:00","-23.5"
"Trzic-Tank4","2026-07-17 08:00","-23.8"
"Trzic-Tank4","2026-07-17 09:00","-24"
"Trzic-Tank4","2026-07-17 10:00","-24.4"
"Trzic-Tank4","2026-07-17 11:00","-24.5"
"Trzic-Tank4","2026-07-17 12:00","-25.1"
"Trzic-Tank4","2026-07-17 13:00","-26.6"
"Trzic-Tank4","2026-07-17 14:00","-27.7"
"Trzic-Tank4","2026-07-17 15:00","-30.7"
"Trzic-Tank4","2026-07-17 16:00","-33.8"
"Trzic-Tank4","2026-07-17 17:00","-40.2"
"Trzic-Tank4","2026-07-17 18:00","-47.5"
"Trzic-Tank4","2026-07-17 19:00","-53.1"
"Trzic-Tank4","2026-07-17 20:00","-60"
"Trzic-Tank4","2026-07-17 21:00","-61.7"
"Trzic-Tank4","2026-07-17 22:00","-62.3"
"Trzic-Tank4","2026-07-17 23:00","-63.6"
"Trzic-Tank4","2026-07-18 00:00","-63.6"
"Trzic-Tank4","2026-07-18 01:00","-65.7"
"Trzic-Tank4","2026-07-18 02:00","-65.7"
"Trzic-Tank4","2026-07-18 03:00","-65.7"
"Trzic-Tank4","2026-07-18 04:00","-65.7"
"Trzic-Tank4","2026-07-18 05:00","-69.2"
"Trzic-Tank4","2026-07-18 06:00","-70.4"
"Trzic-Tank4","2026-07-18 07:00","-71.4"
"Trzic-Tank4","2026-07-18 08:00","-72.3"
"Trzic-Tank4","2026-07-18 09:00","-73.2"
"Trzic-Tank4","2026-07-18 10:00","-75.7"
"Trzic-Tank4","2026-07-18 11:00","-79"
"Trzic-Tank4","2026-07-18 12:00","-83.5"
"Trzic-Tank4","2026-07-18 13:00","-90"
"Trzic-Tank4","2026-07-18 14:00","-94"
"Trzic-Tank4","2026-07-18 15:00","-101.8"
"Trzic-Tank4","2026-07-18 16:00","-109.4"
"Trzic-Tank4","2026-07-18 17:00","-118.4"
"Trzic-Tank4","2026-07-18 18:00","-125.1"
"Trzic-Tank4","2026-07-18 19:00","-9.6"
"Trzic-Tank4","2026-07-18 20:00","-9.6"
"Trzic-Tank4","2026-07-18 21:00","-9.5"
"Trzic-Tank4","2026-07-18 22:00","-9.5"
"Trzic-Tank4","2026-07-18 23:00","-9.5"
"Trzic-Tank4","2026-07-19 00:00","-9.5"
"Trzic-Tank4","2026-07-19 01:00","-9.5"
"Trzic-Tank4","2026-07-19 02:00","-9.5"
"Trzic-Tank4","2026-07-19 03:00","-9.5"
"Trzic-Tank4","2026-07-19 04:00","-9.5"
"Trzic-Tank4","2026-07-19 05:00","-9.5"
"Trzic-Tank4","2026-07-19 06:00","-9.5"
"Trzic-Tank4","2026-07-19 07:00","-9.5"
"Trzic-Tank4","2026-07-19 08:00","-9.5"
"Trzic-Tank4","2026-07-19 09:00","-9.5"
"Trzic-Tank4","2026-07-19 10:00","-9.5"
"Trzic-Tank4","2026-07-19 11:00","-9.5"
"Trzic-Tank4","2026-07-19 12:00","-9.5"
"Trzic-Tank4","2026-07-19 13:00","-9.5"
"Trzic-Tank4","2026-07-19 14:00","-9.5"
"Trzic-Tank4","2026-07-19 15:00","-9.5"
"Trzic-Tank4","2026-07-19 16:00","-9.5"
"Trzic-Tank4","2026-07-19 17:00","-9.5"
"Trzic-Tank4","2026-07-19 18:00","-9.5"
"Trzic-Tank4","2026-07-19 19:00","-9.5"
"Trzic-Tank4","2026-07-19 20:00","-9.5"
"Trzic-Tank4","2026-07-19 21:00","-9.5"
"Trzic-Tank4","2026-07-19 22:00","-9.5"
"Trzic-Tank4","2026-07-19 23:00","-9.5"
"Trzic-Tank4","2026-07-20 00:00","-9.5"
"Trzic-Tank4","2026-07-20 01:00",
"Trzic-Tank4","2026-07-20 02:00","-9.5"
"Trzic-Tank4","2026-07-20 03:00","-9.5"
"Trzic-Tank4","2026-07-20 04:00","-9.5"
"Trzic-Tank4","2026-07-20 05:00","-9.6"
"Trzic-Tank4","2026-07-20 06:00","-9.6"
"Trzic-Tank4","2026-07-20 07:00","-9.6"
"Trzic-Tank4","2026-07-20 08:00","-9.6"
"Trzic-Tank4","2026-07-20 09:00","-9.6"
"Trzic-Tank4","2026-07-20 10:00","-9.6"
"Trzic-Tank4","2026-07-20 11:00","-9.6"
"Trzic-Tank4","2026-07-20 12:00","-9.6"
"Trzic-Tank4","2026-07-20 13:00","-9.6"
"Trzic-Tank4","2026-07-20 14:00","-9.6"
"Trzic-Tank4","2026-07-20 15:00","-9.6"
"Trzic-Tank4","2026-07-20 16:00","-9.6"
"Trzic-Tank4","2026-07-20 17:00","-9.6"
"Trzic-Tank4","2026-07-20 18:00","-9.6"
"Trzic-Tank4","2026-07-20 19:00","-9.6"
"Trzic-Tank4","2026-07-20 20:00","-9.7"
"Trzic-Tank4","2026-07-20 21:00","-9.7"
"Trzic-Tank4","2026-07-20 22:00","-9.7"
"Trzic-Tank4","2026-07-20 23:00","-9.7"
"Trzic-Tank4","2026-07-21 00:00","-9.7"
"Trzic-Tank4","2026-07-21 01:00","-9.7"
"Trzic-Tank4","2026-07-21 02:00","-9.7"
"Trzic-Tank4","2026-07-21 03:00","-9.7"
"Trzic-Tank4","2026-07-21 04:00","-9.7"
"Trzic-Tank4","2026-07-21 05:00","-9.7"
"Trzic-Tank4","2026-07-21 06:00","-9.7"
"Trzic-Tank4","2026-07-21 07:00","-9.7"
"Trzic-Tank4","2026-07-21 08:00","-9.7"
"Trzic-Tank4","2026-07-21 09:00","-9.7"
"Trzic-Tank4","2026-07-21 10:00","-9.7"
"Trzic-Tank4","2026-07-21 11:00","-9.7"
"Trzic-Tank4","2026-07-21 12:00","-9.7"
"Trzic-Tank4","2026-07-21 13:00","-9.7"
"Trzic-Tank4","2026-07-21 14:00","-9.7"
"Trzic-Tank4","2026-07-21 15:00","-9.7"
"Trzic-Tank4","2026-07-21 16:00","-9.7"
"Trzic-Tank4","2026-07-21 17:00","-9.7"
"Trzic-Tank4","2026-07-21 18:00","-9.7"
"Trzic-Tank4","2026-07-21 19:00","-9.7"
"Trzic-Tank4","2026-07-21 20:00","-9.7"
"Trzic-Tank4","2026-07-21 21:00","-9.7"
"Trzic-Tank4","2026-07-21 22:00","-9.7"
"Trzic-Tank4","2026-07-21 23:00","-9.7"
"Trzic-Tank4","2026-07-22 00:00","-9.7"
"Trzic-Tank4","2026-07-22 01:00","-9.7"
"Trzic-Tank4","2026-07-22 02:00","-9.7"
"Trzic-Tank4","2026-07-22 03:00","-9.7"
"Trzic-Tank4","2026-07-22 04:00","-9.7"
"Trzic-Tank4","2026-07-22 05:00","-9.7"
"Trzic-Tank4","2026-07-22 06:00","-9.7"
"Trzic-Tank4","2026-07-22 07:00","-9.7"
"Trzic-Tank4","2026-07-22 08:00","-9.7"
"Trzic-Tank4","2026-07-22 09:00","-9.7"
"Trzic-Tank4","2026-07-22 10:00","-9.7"
"Trzic-Tank4","2026-07-22 11:00","-9.7"
"Trzic-Tank4","2026-07-22 12:00","-9.7"
"Trzic-Tank4","2026-07-22 13:00","-9.7"
"Trzic-Tank4","2026-07-22 14:00","-9.7"
"Trzic-Tank4","2026-07-22 15:00","-9.7"
"Trzic-Tank4","2026-07-22 16:00","-9.7"
"Trzic-Tank4","2026-07-22 17:00","-9.7"
"Trzic-Tank4","2026-07-22 18:00","-9.7"
"Trzic-Tank4","2026-07-22 19:00","-9.7"
"Trzic-Tank4","2026-07-22 20:00","-9.7"
"Trzic-Tank4","2026-07-22 21:00","-9.7"
"Trzic-Tank4","2026-07-22 22:00","-9.7"
"Trzic-Tank4","2026-07-22 23:00","-9.7"
"Trzic-Tank4","2026-07-23 00:00","-9.7"
"Trzic-Tank4","2026-07-23 01:00","-9.7"
"Trzic-Tank4","2026-07-23 02:00","-9.7"
"Trzic-Tank4","2026-07-23 03:00","-9.7"
"Trzic-Tank4","2026-07-23 04:00","-9.7"
"Trzic-Tank4","2026-07-23 05:00","-9.7"
"Trzic-Tank4","2026-07-23 06:00","-9.7"
"Trzic-Tank4","2026-07-23 07:00","-9.7"
"Trzic-Tank4","2026-07-23 08:00","-9.7"
"Trzic-Tank4","2026-07-23 09:00","-9.7"
"Trzic-Tank4","2026-07-23 10:00","-9.7"
"Trzic-Tank4","2026-07-23 11:00","-9.7"
"Trzic-Tank4","2026-07-23 12:00","-9.7"
"Trzic-Tank4","2026-07-23 13:00","-9.7"
"Trzic-Tank4","2026-07-23 14:00","-9.7"
"Trzic-Tank4","2026-07-23 15:00","-9.7"
"Trzic-Tank4","2026-07-23 16:00","-9.8"
"Trzic-Tank4","2026-07-23 17:00","-9.8"
"Trzic-Tank4","2026-07-23 18:00","-9.8"
"Trzic-Tank4","2026-07-23 19:00","-9.8"
"Trzic-Tank4","2026-07-23 20:00","-9.8"
"Trzic-Tank4","2026-07-23 21:00","-9.8"
"Trzic-Tank4","2026-07-23 22:00","-9.8"
"Trzic-Tank2","2026-05-27 16:00","-0.1"
"Trzic-Tank2","2026-05-27 17:00","-0.1"
"Trzic-Tank2","2026-05-27 18:00","-0.1"
"Trzic-Tank2","2026-05-27 19:00","-0.1"
"Trzic-Tank2","2026-05-27 20:00","-0.1"
"Trzic-Tank2","2026-05-27 21:00","-0.1"
"Trzic-Tank2","2026-05-27 22:00","-0.1"
"Trzic-Tank2","2026-05-27 23:00","-0.1"
"Trzic-Tank2","2026-05-28 00:00","-0.1"
"Trzic-Tank2","2026-05-28 01:00","-0.1"
"Trzic-Tank2","2026-05-28 02:00","-0.1"
"Trzic-Tank2","2026-05-28 03:00","-0.1"
"Trzic-Tank2","2026-05-28 04:00","-0.1"
"Trzic-Tank2","2026-05-28 05:00","-0.1"
"Trzic-Tank2","2026-05-28 06:00","-0.1"
"Trzic-Tank2","2026-05-28 07:00","-0.1"
"Trzic-Tank2","2026-05-28 08:00","-0.1"
"Trzic-Tank2","2026-05-28 09:00","-0.1"
"Trzic-Tank2","2026-05-28 10:00","-0.1"
"Trzic-Tank2","2026-05-28 11:00","-0.1"
"Trzic-Tank2","2026-05-28 12:00","-0.1"
"Trzic-Tank2","2026-05-28 13:00","-0.1"
"Trzic-Tank2","2026-05-28 14:00","-0.1"
"Trzic-Tank2","2026-05-28 15:00","-0.1"
"Trzic-Tank2","2026-05-28 16:00","-0.1"
"Trzic-Tank2","2026-05-28 17:00","-0.1"
"Trzic-Tank2","2026-05-28 18:00","-0.1"
"Trzic-Tank2","2026-05-28 19:00","-0.1"
"Trzic-Tank2","2026-05-28 20:00","-0.1"
"Trzic-Tank2","2026-05-28 21:00","-0.1"
"Trzic-Tank2","2026-05-28 22:00","-0.1"
"Trzic-Tank2","2026-05-28 23:00","-0.1"
"Trzic-Tank2","2026-05-29 00:00","-0.1"
"Trzic-Tank2","2026-05-29 01:00","-0.1"
"Trzic-Tank2","2026-05-29 02:00","-0.1"
"Trzic-Tank2","2026-05-29 03:00","-0.1"
"Trzic-Tank2","2026-05-29 04:00","-0.1"
"Trzic-Tank2","2026-05-29 05:00","-0.1"
"Trzic-Tank2","2026-05-29 06:00","-0.1"
"Trzic-Tank2","2026-05-29 07:00","-0.1"
"Trzic-Tank2","2026-05-29 08:00","-0.1"
"Trzic-Tank2","2026-05-29 09:00","-0.1"
"Trzic-Tank2","2026-05-29 10:00","-0.1"
"Trzic-Tank2","2026-05-29 11:00","-0.1"
"Trzic-Tank2","2026-05-29 12:00","-0.1"
"Trzic-Tank2","2026-05-29 13:00","-0.1"
"Trzic-Tank2","2026-05-29 14:00","-0.1"
"Trzic-Tank2","2026-05-29 15:00","-0.1"
"Trzic-Tank2","2026-05-29 16:00","-0.1"
"Trzic-Tank2","2026-05-29 17:00","-0.1"
"Trzic-Tank2","2026-05-29 18:00","-0.1"
"Trzic-Tank2","2026-05-29 19:00","-0.1"
"Trzic-Tank2","2026-05-29 20:00","-0.1"
"Trzic-Tank2","2026-05-29 21:00","-0.1"
"Trzic-Tank2","2026-05-29 22:00","-0.1"
"Trzic-Tank2","2026-05-29 23:00","-0.1"
"Trzic-Tank2","2026-05-30 00:00","-0.1"
"Trzic-Tank2","2026-05-30 01:00","-0.1"
"Trzic-Tank2","2026-05-30 02:00","-0.1"
"Trzic-Tank2","2026-05-30 03:00","-0.1"
"Trzic-Tank2","2026-05-30 04:00","-0.1"
"Trzic-Tank2","2026-05-30 05:00","-0.1"
"Trzic-Tank2","2026-05-30 06:00","-0.1"
"Trzic-Tank2","2026-05-30 07:00","-0.1"
"Trzic-Tank2","2026-05-30 08:00","-0.1"
"Trzic-Tank2","2026-05-30 09:00","-0.1"
"Trzic-Tank2","2026-05-30 10:00","-0.1"
"Trzic-Tank2","2026-05-30 11:00","-0.1"
"Trzic-Tank2","2026-05-30 12:00","-0.1"
"Trzic-Tank2","2026-05-30 13:00","-0.1"
"Trzic-Tank2","2026-05-30 14:00","-0.1"
"Trzic-Tank2","2026-05-30 15:00","-0.1"
"Trzic-Tank2","2026-05-30 16:00","-0.1"
"Trzic-Tank2","2026-05-30 17:00","-0.1"
"Trzic-Tank2","2026-05-30 18:00","-0.1"
"Trzic-Tank2","2026-05-30 19:00","-0.1"
"Trzic-Tank2","2026-05-30 20:00","-0.1"
"Trzic-Tank2","2026-05-30 21:00","-0.1"
"Trzic-Tank2","2026-05-30 22:00","-0.1"
"Trzic-Tank2","2026-05-30 23:00","-0.1"
"Trzic-Tank2","2026-05-31 00:00","-0.1"
"Trzic-Tank2","2026-05-31 01:00","-0.1"
"Trzic-Tank2","2026-05-31 02:00","-0.1"
"Trzic-Tank2","2026-05-31 03:00","-0.1"
"Trzic-Tank2","2026-05-31 04:00","-0.1"
"Trzic-Tank2","2026-05-31 05:00","-0.1"
"Trzic-Tank2","2026-05-31 06:00","-0.1"
"Trzic-Tank2","2026-05-31 07:00","-0.1"
"Trzic-Tank2","2026-05-31 08:00","-0.1"
"Trzic-Tank2","2026-05-31 09:00","-0.1"
"Trzic-Tank2","2026-05-31 10:00","-0.1"
"Trzic-Tank2","2026-05-31 11:00","-0.1"
"Trzic-Tank2","2026-05-31 12:00","-0.1"
"Trzic-Tank2","2026-05-31 13:00","-0.1"
"Trzic-Tank2","2026-05-31 14:00","-0.1"
"Trzic-Tank2","2026-05-31 15:00","-0.1"
"Trzic-Tank2","2026-05-31 16:00","-0.1"
"Trzic-Tank2","2026-05-31 17:00","-0.1"
"Trzic-Tank2","2026-05-31 18:00","-0.1"
"Trzic-Tank2","2026-05-31 19:00","-0.1"
"Trzic-Tank2","2026-05-31 20:00","-0.1"
"Trzic-Tank2","2026-05-31 21:00","-0.1"
"Trzic-Tank2","2026-05-31 22:00","-0.1"
"Trzic-Tank2","2026-05-31 23:00","-0.1"
"Trzic-Tank2","2026-06-01 00:00","-0.1"
"Trzic-Tank2","2026-06-01 01:00","-0.1"
"Trzic-Tank2","2026-06-01 02:00","-0.1"
"Trzic-Tank2","2026-06-01 03:00","-0.1"
"Trzic-Tank2","2026-06-01 04:00","-0.1"
"Trzic-Tank2","2026-06-01 05:00","-0.1"
"Trzic-Tank2","2026-06-01 06:00","-0.1"
"Trzic-Tank2","2026-06-01 07:00","-0.1"
"Trzic-Tank2","2026-06-01 08:00","-0.1"
"Trzic-Tank2","2026-06-01 09:00","-0.1"
"Trzic-Tank2","2026-06-01 10:00","-0.1"
"Trzic-Tank2","2026-06-01 11:00","-0.1"
"Trzic-Tank2","2026-06-01 12:00","-0.1"
"Trzic-Tank2","2026-06-01 13:00","-0.1"
"Trzic-Tank2","2026-06-01 14:00","-0.1"
"Trzic-Tank2","2026-06-01 15:00","-0.1"
"Trzic-Tank2","2026-06-01 16:00","-0.1"
"Trzic-Tank2","2026-06-01 17:00","-0.1"
"Trzic-Tank2","2026-06-01 18:00","-0.1"
"Trzic-Tank2","2026-06-01 19:00","-0.1"
"Trzic-Tank2","2026-06-01 20:00","-0.1"
"Trzic-Tank2","2026-06-01 21:00","-0.1"
"Trzic-Tank2","2026-06-01 22:00","-0.1"
"Trzic-Tank2","2026-06-01 23:00","-0.1"
"Trzic-Tank2","2026-06-02 00:00","-0.1"
"Trzic-Tank2","2026-06-02 01:00","-0.1"
"Trzic-Tank2","2026-06-02 02:00","-0.1"
"Trzic-Tank2","2026-06-02 03:00","-0.1"
"Trzic-Tank2","2026-06-02 04:00","-0.1"
"Trzic-Tank2","2026-06-02 05:00","-0.1"
"Trzic-Tank2","2026-06-02 06:00","-0.1"
"Trzic-Tank2","2026-06-02 07:00","-0.1"
"Trzic-Tank2","2026-06-02 08:00","-0.1"
"Trzic-Tank2","2026-06-02 09:00","-0.1"
"Trzic-Tank2","2026-06-02 10:00","-0.1"
"Trzic-Tank2","2026-06-02 11:00","-0.1"
"Trzic-Tank2","2026-06-02 12:00","-0.1"
"Trzic-Tank2","2026-06-02 13:00","-0.1"
"Trzic-Tank2","2026-06-02 14:00","-0.1"
"Trzic-Tank2","2026-06-02 15:00","-0.1"
"Trzic-Tank2","2026-06-02 16:00","-0.1"
"Trzic-Tank2","2026-06-02 17:00","-0.1"
"Trzic-Tank2","2026-06-02 18:00","-0.1"
"Trzic-Tank2","2026-06-02 19:00","-0.1"
"Trzic-Tank2","2026-06-02 20:00","-0.1"
"Trzic-Tank2","2026-06-02 21:00","-0.1"
"Trzic-Tank2","2026-06-02 22:00","-0.1"
"Trzic-Tank2","2026-06-02 23:00","-0.1"
"Trzic-Tank2","2026-06-03 00:00","-0.1"
"Trzic-Tank2","2026-06-03 01:00","-0.1"
"Trzic-Tank2","2026-06-03 02:00","-0.1"
"Trzic-Tank2","2026-06-03 03:00","-0.1"
"Trzic-Tank2","2026-06-03 04:00","-0.1"
"Trzic-Tank2","2026-06-03 05:00","-0.1"
"Trzic-Tank2","2026-06-03 06:00","-0.1"
"Trzic-Tank2","2026-06-03 07:00","-0.1"
"Trzic-Tank2","2026-06-03 08:00","-0.1"
"Trzic-Tank2","2026-06-03 09:00","-0.1"
"Trzic-Tank2","2026-06-03 10:00","-0.1"
"Trzic-Tank2","2026-06-03 11:00","-0.1"
"Trzic-Tank2","2026-06-03 12:00","-0.1"
"Trzic-Tank2","2026-06-03 13:00","-0.1"
"Trzic-Tank2","2026-06-03 14:00","-0.1"
"Trzic-Tank2","2026-06-03 15:00","-0.1"
"Trzic-Tank2","2026-06-03 16:00","-0.1"
"Trzic-Tank2","2026-06-03 17:00","-0.1"
"Trzic-Tank2","2026-06-03 18:00","-0.1"
"Trzic-Tank2","2026-06-03 19:00","-0.1"
"Trzic-Tank2","2026-06-03 20:00","-0.1"
"Trzic-Tank2","2026-06-03 21:00","-0.1"
"Trzic-Tank2","2026-06-03 22:00","-0.1"
"Trzic-Tank2","2026-06-03 23:00","-0.1"
"Trzic-Tank2","2026-06-04 00:00","-0.1"
"Trzic-Tank2","2026-06-04 01:00","-0.1"
"Trzic-Tank2","2026-06-04 02:00","-0.1"
"Trzic-Tank2","2026-06-04 03:00","-0.1"
"Trzic-Tank2","2026-06-04 04:00","-0.1"
"Trzic-Tank2","2026-06-04 05:00","-0.1"
"Trzic-Tank2","2026-06-04 06:00","-0.1"
"Trzic-Tank2","2026-06-04 07:00","-0.1"
"Trzic-Tank2","2026-06-04 08:00","-0.1"
"Trzic-Tank2","2026-06-04 09:00","-0.1"
"Trzic-Tank2","2026-06-04 10:00","-0.1"
"Trzic-Tank2","2026-06-04 11:00","-0.1"
"Trzic-Tank2","2026-06-04 12:00","-0.1"
"Trzic-Tank2","2026-06-04 13:00","-0.1"
"Trzic-Tank2","2026-06-04 14:00","-0.1"
"Trzic-Tank2","2026-06-04 15:00","-0.1"
"Trzic-Tank2","2026-06-04 16:00","-0.1"
"Trzic-Tank2","2026-06-04 17:00","-0.1"
"Trzic-Tank2","2026-06-04 18:00","-0.1"
"Trzic-Tank2","2026-06-04 19:00","-0.1"
"Trzic-Tank2","2026-06-04 20:00","-0.1"
"Trzic-Tank2","2026-06-04 21:00","-0.1"
"Trzic-Tank2","2026-06-04 22:00","-0.1"
"Trzic-Tank2","2026-06-04 23:00","-0.1"
"Trzic-Tank2","2026-06-05 00:00","-0.1"
"Trzic-Tank2","2026-06-05 01:00","-0.1"
"Trzic-Tank2","2026-06-05 02:00","-0.1"
"Trzic-Tank2","2026-06-05 03:00","-0.1"
"Trzic-Tank2","2026-06-05 04:00","-0.1"
"Trzic-Tank2","2026-06-05 05:00","-0.1"
"Trzic-Tank2","2026-06-05 06:00","-0.1"
"Trzic-Tank2","2026-06-05 07:00","-0.1"
"Trzic-Tank2","2026-06-05 08:00","-0.1"
"Trzic-Tank2","2026-06-05 09:00","-0.1"
"Trzic-Tank2","2026-06-05 10:00","-0.1"
"Trzic-Tank2","2026-06-05 11:00","-0.1"
"Trzic-Tank2","2026-06-05 12:00","-0.1"
"Trzic-Tank2","2026-06-05 13:00","-0.1"
"Trzic-Tank2","2026-06-05 14:00","-0.1"
"Trzic-Tank2","2026-06-05 15:00","-0.1"
"Trzic-Tank2","2026-06-05 16:00","-0.1"
"Trzic-Tank2","2026-06-05 17:00","-0.1"
"Trzic-Tank2","2026-06-05 18:00","-0.1"
"Trzic-Tank2","2026-06-05 19:00","-0.1"
"Trzic-Tank2","2026-06-05 20:00","-0.1"
"Trzic-Tank2","2026-06-05 21:00","-0.1"
"Trzic-Tank2","2026-06-05 22:00","-0.1"
"Trzic-Tank2","2026-06-05 23:00","-0.1"
"Trzic-Tank2","2026-06-06 00:00","-0.1"
"Trzic-Tank2","2026-06-06 01:00","-0.1"
"Trzic-Tank2","2026-06-06 02:00","-0.1"
"Trzic-Tank2","2026-06-06 03:00","-0.1"
"Trzic-Tank2","2026-06-06 04:00","-0.1"
"Trzic-Tank2","2026-06-06 05:00","-0.1"
"Trzic-Tank2","2026-06-06 06:00","-0.1"
"Trzic-Tank2","2026-06-06 07:00","-0.1"
"Trzic-Tank2","2026-06-06 08:00","-0.1"
"Trzic-Tank2","2026-06-06 09:00","-0.1"
"Trzic-Tank2","2026-06-06 10:00","-0.1"
"Trzic-Tank2","2026-06-06 11:00","-0.1"
"Trzic-Tank2","2026-06-06 12:00","-0.1"
"Trzic-Tank2","2026-06-06 13:00","-0.1"
"Trzic-Tank2","2026-06-06 14:00","-0.1"
"Trzic-Tank2","2026-06-06 15:00","-0.1"
"Trzic-Tank2","2026-06-06 16:00","-0.1"
"Trzic-Tank2","2026-06-06 17:00","-0.1"
"Trzic-Tank2","2026-06-06 18:00","-0.1"
"Trzic-Tank2","2026-06-06 19:00","-0.1"
"Trzic-Tank2","2026-06-06 20:00","-0.1"
"Trzic-Tank2","2026-06-06 21:00","-0.1"
"Trzic-Tank2","2026-06-06 22:00","-0.1"
"Trzic-Tank2","2026-06-06 23:00","-0.1"
"Trzic-Tank2","2026-06-07 00:00","-0.1"
"Trzic-Tank2","2026-06-07 01:00","-0.1"
"Trzic-Tank2","2026-06-07 02:00","-0.1"
"Trzic-Tank2","2026-06-07 03:00","-0.1"
"Trzic-Tank2","2026-06-07 04:00","-0.1"
"Trzic-Tank2","2026-06-07 05:00","-0.1"
"Trzic-Tank2","2026-06-07 06:00","-0.1"
"Trzic-Tank2","2026-06-07 07:00","-0.1"
"Trzic-Tank2","2026-06-07 08:00","-0.1"
"Trzic-Tank2","2026-06-07 09:00","-0.1"
"Trzic-Tank2","2026-06-07 10:00","-0.1"
"Trzic-Tank2","2026-06-07 11:00","-0.1"
"Trzic-Tank2","2026-06-07 12:00","-0.1"
"Trzic-Tank2","2026-06-07 13:00","-0.1"
"Trzic-Tank2","2026-06-07 14:00","-0.1"
"Trzic-Tank2","2026-06-07 15:00","-0.1"
"Trzic-Tank2","2026-06-07 16:00","-0.1"
"Trzic-Tank2","2026-06-07 17:00","-0.1"
"Trzic-Tank2","2026-06-07 18:00","-0.1"
"Trzic-Tank2","2026-06-07 19:00","-0.1"
"Trzic-Tank2","2026-06-07 20:00","-0.1"
"Trzic-Tank2","2026-06-07 21:00","-0.1"
"Trzic-Tank2","2026-06-07 22:00","-0.1"
"Trzic-Tank2","2026-06-07 23:00","-0.1"
"Trzic-Tank2","2026-06-08 00:00","-0.1"
"Trzic-Tank2","2026-06-08 01:00","-0.1"
"Trzic-Tank2","2026-06-08 02:00","-0.1"
"Trzic-Tank2","2026-06-08 03:00","-0.1"
"Trzic-Tank2","2026-06-08 04:00","-0.1"
"Trzic-Tank2","2026-06-08 05:00","-0.1"
"Trzic-Tank2","2026-06-08 06:00","-0.1"
"Trzic-Tank2","2026-06-08 07:00","-0.1"
"Trzic-Tank2","2026-06-08 08:00","-0.1"
"Trzic-Tank2","2026-06-08 09:00","-0.1"
"Trzic-Tank2","2026-06-08 10:00","-0.1"
"Trzic-Tank2","2026-06-08 11:00","-0.1"
"Trzic-Tank2","2026-06-08 12:00","-0.1"
"Trzic-Tank2","2026-06-08 13:00","-0.1"
"Trzic-Tank2","2026-06-08 14:00","-0.1"
"Trzic-Tank2","2026-06-08 15:00","-0.1"
"Trzic-Tank2","2026-06-08 16:00","-0.1"
"Trzic-Tank2","2026-06-08 17:00","-0.1"
"Trzic-Tank2","2026-06-08 18:00","-0.1"
"Trzic-Tank2","2026-06-08 19:00","-0.1"
"Trzic-Tank2","2026-06-08 20:00","-0.1"
"Trzic-Tank2","2026-06-08 21:00","-0.1"
"Trzic-Tank2","2026-06-08 22:00","-0.1"
"Trzic-Tank2","2026-06-08 23:00","-0.1"
"Trzic-Tank2","2026-06-09 00:00","-0.1"
"Trzic-Tank2","2026-06-09 01:00","-0.1"
"Trzic-Tank2","2026-06-09 02:00","-0.1"
"Trzic-Tank2","2026-06-09 03:00","-0.1"
"Trzic-Tank2","2026-06-09 04:00","-0.1"
"Trzic-Tank2","2026-06-09 05:00","-0.1"
"Trzic-Tank2","2026-06-09 06:00","-0.1"
"Trzic-Tank2","2026-06-09 07:00","-0.1"
"Trzic-Tank2","2026-06-09 08:00","-0.1"
"Trzic-Tank2","2026-06-09 09:00","-0.1"
"Trzic-Tank2","2026-06-09 10:00","-0.1"
"Trzic-Tank2","2026-06-09 11:00","-0.1"
"Trzic-Tank2","2026-06-09 12:00","-0.1"
"Trzic-Tank2","2026-06-09 13:00","-0.1"
"Trzic-Tank2","2026-06-09 14:00","-0.1"
"Trzic-Tank2","2026-06-09 15:00","-0.1"
"Trzic-Tank2","2026-06-09 16:00","-0.1"
"Trzic-Tank2","2026-06-09 17:00","-0.1"
"Trzic-Tank2","2026-06-09 18:00","-0.1"
"Trzic-Tank2","2026-06-09 19:00","-0.1"
"Trzic-Tank2","2026-06-09 20:00","-0.1"
"Trzic-Tank2","2026-06-09 21:00","-0.1"
"Trzic-Tank2","2026-06-09 22:00","-0.1"
"Trzic-Tank2","2026-06-09 23:00","-0.1"
"Trzic-Tank2","2026-06-10 00:00","-0.1"
"Trzic-Tank2","2026-06-10 01:00","-0.1"
"Trzic-Tank2","2026-06-10 02:00","-0.1"
"Trzic-Tank2","2026-06-10 03:00","-0.1"
"Trzic-Tank2","2026-06-10 04:00","-0.1"
"Trzic-Tank2","2026-06-10 05:00","-0.1"
"Trzic-Tank2","2026-06-10 06:00","-0.1"
"Trzic-Tank2","2026-06-10 07:00","-0.1"
"Trzic-Tank2","2026-06-10 08:00","-0.1"
"Trzic-Tank2","2026-06-10 09:00","-0.1"
"Trzic-Tank2","2026-06-10 10:00","-0.1"
"Trzic-Tank2","2026-06-10 11:00","-0.1"
"Trzic-Tank2","2026-06-10 12:00","-0.1"
"Trzic-Tank2","2026-06-10 13:00","-0.1"
"Trzic-Tank2","2026-06-10 14:00","-0.1"
"Trzic-Tank2","2026-06-10 15:00","-0.1"
"Trzic-Tank2","2026-06-10 16:00","-0.1"
"Trzic-Tank2","2026-06-10 17:00","-0.1"
"Trzic-Tank2","2026-06-10 18:00","-0.1"
"Trzic-Tank2","2026-06-10 19:00","-0.1"
"Trzic-Tank2","2026-06-10 20:00","-0.1"
"Trzic-Tank2","2026-06-10 21:00","-0.1"
"Trzic-Tank2","2026-06-10 22:00","-0.1"
"Trzic-Tank2","2026-06-10 23:00","-0.1"
"Trzic-Tank2","2026-06-11 00:00","-0.1"
"Trzic-Tank2","2026-06-11 01:00","-0.1"
"Trzic-Tank2","2026-06-11 02:00","-0.1"
"Trzic-Tank2","2026-06-11 03:00","-0.1"
"Trzic-Tank2","2026-06-11 04:00","-0.1"
"Trzic-Tank2","2026-06-11 05:00","-0.1"
"Trzic-Tank2","2026-06-11 06:00","-0.1"
"Trzic-Tank2","2026-06-11 07:00","-0.1"
"Trzic-Tank2","2026-06-11 08:00","-0.1"
"Trzic-Tank2","2026-06-11 09:00","-0.1"
"Trzic-Tank2","2026-06-11 10:00","-0.1"
"Trzic-Tank2","2026-06-11 11:00","-0.1"
"Trzic-Tank2","2026-06-11 12:00","-0.1"
"Trzic-Tank2","2026-06-11 13:00","-0.1"
"Trzic-Tank2","2026-06-11 14:00","-0.1"
"Trzic-Tank2","2026-06-11 15:00","-0.1"
"Trzic-Tank2","2026-06-11 16:00","-0.1"
"Trzic-Tank2","2026-06-11 17:00","-0.1"
"Trzic-Tank2","2026-06-11 18:00","-0.1"
"Trzic-Tank2","2026-06-11 19:00","-0.1"
"Trzic-Tank2","2026-06-11 20:00","-0.1"
"Trzic-Tank2","2026-06-11 21:00","-0.1"
"Trzic-Tank2","2026-06-11 22:00","-0.1"
"Trzic-Tank2","2026-06-11 23:00","-0.1"
"Trzic-Tank2","2026-06-12 00:00","-0.1"
"Trzic-Tank2","2026-06-12 01:00","-0.1"
"Trzic-Tank2","2026-06-12 02:00","-0.1"
"Trzic-Tank2","2026-06-12 03:00","-0.1"
"Trzic-Tank2","2026-06-12 04:00","-0.1"
"Trzic-Tank2","2026-06-12 05:00","-0.1"
"Trzic-Tank2","2026-06-12 06:00","-0.1"
"Trzic-Tank2","2026-06-12 07:00","-0.1"
"Trzic-Tank2","2026-06-12 08:00","-0.1"
"Trzic-Tank2","2026-06-12 09:00","-0.1"
"Trzic-Tank2","2026-06-12 10:00","-0.1"
"Trzic-Tank2","2026-06-12 11:00","-0.1"
"Trzic-Tank2","2026-06-12 12:00","-0.1"
"Trzic-Tank2","2026-06-12 13:00","-0.1"
"Trzic-Tank2","2026-06-12 14:00","-0.1"
"Trzic-Tank2","2026-06-12 15:00","-0.1"
"Trzic-Tank2","2026-06-12 16:00","-0.1"
"Trzic-Tank2","2026-06-12 17:00","-0.1"
"Trzic-Tank2","2026-06-12 18:00","-0.1"
"Trzic-Tank2","2026-06-12 19:00","-0.1"
"Trzic-Tank2","2026-06-12 20:00","-0.1"
"Trzic-Tank2","2026-06-12 21:00","-0.1"
"Trzic-Tank2","2026-06-12 22:00","-0.1"
"Trzic-Tank2","2026-06-12 23:00","-0.1"
"Trzic-Tank2","2026-06-13 00:00","-0.1"
"Trzic-Tank2","2026-06-13 01:00","-0.1"
"Trzic-Tank2","2026-06-13 02:00","-0.1"
"Trzic-Tank2","2026-06-13 03:00","-0.1"
"Trzic-Tank2","2026-06-13 04:00","-0.1"
"Trzic-Tank2","2026-06-13 05:00","-0.1"
"Trzic-Tank2","2026-06-13 06:00","-0.1"
"Trzic-Tank2","2026-06-13 07:00","-0.1"
"Trzic-Tank2","2026-06-13 08:00","-0.1"
"Trzic-Tank2","2026-06-13 09:00","-0.1"
"Trzic-Tank2","2026-06-13 10:00","-0.1"
"Trzic-Tank2","2026-06-13 11:00","-0.1"
"Trzic-Tank2","2026-06-13 12:00","-0.1"
"Trzic-Tank2","2026-06-13 13:00","-0.1"
"Trzic-Tank2","2026-06-13 14:00","-0.1"
"Trzic-Tank2","2026-06-13 15:00","-0.1"
"Trzic-Tank2","2026-06-13 16:00","-0.1"
"Trzic-Tank2","2026-06-13 17:00","-0.1"
"Trzic-Tank2","2026-06-13 18:00","-0.1"
"Trzic-Tank2","2026-06-13 19:00","-0.1"
"Trzic-Tank2","2026-06-13 20:00","-0.1"
"Trzic-Tank2","2026-06-13 21:00","-0.1"
"Trzic-Tank2","2026-06-13 22:00","-0.1"
"Trzic-Tank2","2026-06-13 23:00","-0.1"
"Trzic-Tank2","2026-06-14 00:00","-0.1"
"Trzic-Tank2","2026-06-14 01:00","-0.1"
"Trzic-Tank2","2026-06-14 02:00","-0.1"
"Trzic-Tank2","2026-06-14 03:00","-0.1"
"Trzic-Tank2","2026-06-14 04:00","-0.1"
"Trzic-Tank2","2026-06-14 05:00","-0.1"
"Trzic-Tank2","2026-06-14 06:00","-0.1"
"Trzic-Tank2","2026-06-14 07:00","-0.1"
"Trzic-Tank2","2026-06-14 08:00","-0.1"
"Trzic-Tank2","2026-06-14 09:00","-0.1"
"Trzic-Tank2","2026-06-14 10:00","-0.1"
"Trzic-Tank2","2026-06-14 11:00","-0.1"
"Trzic-Tank2","2026-06-14 12:00","-0.1"
"Trzic-Tank2","2026-06-14 13:00","-0.1"
"Trzic-Tank2","2026-06-14 14:00","-0.1"
"Trzic-Tank2","2026-06-14 15:00","-0.1"
"Trzic-Tank2","2026-06-14 16:00","-0.1"
"Trzic-Tank2","2026-06-14 17:00","-0.1"
"Trzic-Tank2","2026-06-14 18:00","-0.1"
"Trzic-Tank2","2026-06-14 19:00","-0.1"
"Trzic-Tank2","2026-06-14 20:00","-0.1"
"Trzic-Tank2","2026-06-14 21:00","-0.1"
"Trzic-Tank2","2026-06-14 22:00","-0.1"
"Trzic-Tank2","2026-06-14 23:00","-0.1"
"Trzic-Tank2","2026-06-15 00:00","-0.1"
"Trzic-Tank2","2026-06-15 01:00","-0.1"
"Trzic-Tank2","2026-06-15 02:00","-0.1"
"Trzic-Tank2","2026-06-15 03:00","-0.1"
"Trzic-Tank2","2026-06-15 04:00","-0.1"
"Trzic-Tank2","2026-06-15 05:00","-0.1"
"Trzic-Tank2","2026-06-15 06:00","-0.1"
"Trzic-Tank2","2026-06-15 07:00","-0.1"
"Trzic-Tank2","2026-06-15 08:00","-0.1"
"Trzic-Tank2","2026-06-15 09:00","-0.1"
"Trzic-Tank2","2026-06-15 10:00","-0.1"
"Trzic-Tank2","2026-06-15 11:00","-0.1"
"Trzic-Tank2","2026-06-15 12:00","-0.1"
"Trzic-Tank2","2026-06-15 13:00","-0.1"
"Trzic-Tank2","2026-06-15 14:00","-0.1"
"Trzic-Tank2","2026-06-15 15:00","-0.1"
"Trzic-Tank2","2026-06-15 16:00","-0.1"
"Trzic-Tank2","2026-06-15 17:00","-0.1"
"Trzic-Tank2","2026-06-15 18:00","-0.1"
"Trzic-Tank2","2026-06-15 19:00","-0.1"
"Trzic-Tank2","2026-06-15 20:00","-0.1"
"Trzic-Tank2","2026-06-15 21:00","-0.1"
"Trzic-Tank2","2026-06-15 22:00","-0.1"
"Trzic-Tank2","2026-06-15 23:00","-0.1"
"Trzic-Tank2","2026-06-16 00:00","-0.1"
"Trzic-Tank2","2026-06-16 01:00","-0.1"
"Trzic-Tank2","2026-06-16 02:00","-0.1"
"Trzic-Tank2","2026-06-16 03:00","-0.1"
"Trzic-Tank2","2026-06-16 04:00","-0.1"
"Trzic-Tank2","2026-06-16 05:00","-0.1"
"Trzic-Tank2","2026-06-16 06:00","-0.1"
"Trzic-Tank2","2026-06-16 07:00","-0.1"
"Trzic-Tank2","2026-06-16 08:00","-0.1"
"Trzic-Tank2","2026-06-16 09:00","-0.1"
"Trzic-Tank2","2026-06-16 10:00","-0.1"
"Trzic-Tank2","2026-06-16 11:00","-0.1"
"Trzic-Tank2","2026-06-16 12:00","-0.1"
"Trzic-Tank2","2026-06-16 13:00","-0.1"
"Trzic-Tank2","2026-06-16 14:00","-0.1"
"Trzic-Tank2","2026-06-16 15:00","-0.1"
"Trzic-Tank2","2026-06-16 16:00","-0.1"
"Trzic-Tank2","2026-06-16 17:00","-0.1"
"Trzic-Tank2","2026-06-16 18:00","-0.1"
"Trzic-Tank2","2026-06-16 19:00","-0.1"
"Trzic-Tank2","2026-06-16 20:00","-0.1"
"Trzic-Tank2","2026-06-16 21:00","-0.1"
"Trzic-Tank2","2026-06-16 22:00","-0.1"
"Trzic-Tank2","2026-06-16 23:00","-0.1"
"Trzic-Tank2","2026-06-17 00:00","-0.1"
"Trzic-Tank2","2026-06-17 01:00","-0.1"
"Trzic-Tank2","2026-06-17 02:00","-0.1"
"Trzic-Tank2","2026-06-17 03:00","-0.1"
"Trzic-Tank2","2026-06-17 04:00","-0.1"
"Trzic-Tank2","2026-06-17 05:00","-0.1"
"Trzic-Tank2","2026-06-17 06:00","-0.1"
"Trzic-Tank2","2026-06-17 07:00","-0.1"
"Trzic-Tank2","2026-06-17 08:00","-0.1"
"Trzic-Tank2","2026-06-17 09:00","-0.1"
"Trzic-Tank2","2026-06-17 10:00","-0.1"
"Trzic-Tank2","2026-06-17 11:00","-0.1"
"Trzic-Tank2","2026-06-17 12:00","-0.1"
"Trzic-Tank2","2026-06-17 13:00","-0.1"
"Trzic-Tank2","2026-06-17 14:00","-0.1"
"Trzic-Tank2","2026-06-17 15:00","-0.1"
"Trzic-Tank2","2026-06-17 16:00","-0.1"
"Trzic-Tank2","2026-06-17 17:00","-0.1"
"Trzic-Tank2","2026-06-17 18:00","-0.1"
"Trzic-Tank2","2026-06-17 19:00","-0.1"
"Trzic-Tank2","2026-06-17 20:00","-0.1"
"Trzic-Tank2","2026-06-17 21:00","-0.1"
"Trzic-Tank2","2026-06-17 22:00","-0.1"
"Trzic-Tank2","2026-06-17 23:00","-0.1"
"Trzic-Tank2","2026-06-18 00:00","-0.1"
"Trzic-Tank2","2026-06-18 01:00","-0.1"
"Trzic-Tank2","2026-06-18 02:00","-0.1"
"Trzic-Tank2","2026-06-18 03:00","-0.1"
"Trzic-Tank2","2026-06-18 04:00","-0.1"
"Trzic-Tank2","2026-06-18 05:00","-0.1"
"Trzic-Tank2","2026-06-18 06:00","-0.1"
"Trzic-Tank2","2026-06-18 07:00","-0.1"
"Trzic-Tank2","2026-06-18 08:00","-0.1"
"Trzic-Tank2","2026-06-18 09:00","-0.1"
"Trzic-Tank2","2026-06-18 10:00","-0.1"
"Trzic-Tank2","2026-06-18 11:00","-0.1"
"Trzic-Tank2","2026-06-18 12:00","-0.1"
"Trzic-Tank2","2026-06-18 13:00","-0.1"
"Trzic-Tank2","2026-06-18 14:00","-0.1"
"Trzic-Tank2","2026-06-18 15:00","-0.1"
"Trzic-Tank2","2026-06-18 16:00","-0.1"
"Trzic-Tank2","2026-06-18 17:00","-0.1"
"Trzic-Tank2","2026-06-18 18:00","-0.1"
"Trzic-Tank2","2026-06-18 19:00","-0.1"
"Trzic-Tank2","2026-06-18 20:00","-0.1"
"Trzic-Tank2","2026-06-18 21:00","-0.1"
"Trzic-Tank2","2026-06-18 22:00","-0.1"
"Trzic-Tank2","2026-06-18 23:00","-0.1"
"Trzic-Tank2","2026-06-19 00:00","-0.1"
"Trzic-Tank2","2026-06-19 01:00","-0.1"
"Trzic-Tank2","2026-06-19 02:00","-0.1"
"Trzic-Tank2","2026-06-19 03:00","-0.1"
"Trzic-Tank2","2026-06-19 04:00","-0.1"
"Trzic-Tank2","2026-06-19 05:00","-0.1"
"Trzic-Tank2","2026-06-19 06:00","-0.1"
"Trzic-Tank2","2026-06-19 07:00","-0.1"
"Trzic-Tank2","2026-06-19 08:00","-0.1"
"Trzic-Tank2","2026-06-19 09:00","-0.1"
"Trzic-Tank2","2026-06-19 10:00","-0.1"
"Trzic-Tank2","2026-06-19 11:00","-0.1"
"Trzic-Tank2","2026-06-19 12:00","-0.1"
"Trzic-Tank2","2026-06-19 13:00","-0.1"
"Trzic-Tank2","2026-06-19 14:00","-0.1"
"Trzic-Tank2","2026-06-19 15:00","-0.1"
"Trzic-Tank2","2026-06-19 16:00","-0.1"
"Trzic-Tank2","2026-06-19 17:00","-0.1"
"Trzic-Tank2","2026-06-19 18:00","-0.1"
"Trzic-Tank2","2026-06-19 19:00","-0.1"
"Trzic-Tank2","2026-06-19 20:00","-0.1"
"Trzic-Tank2","2026-06-19 21:00","-0.1"
"Trzic-Tank2","2026-06-19 22:00","-0.1"
"Trzic-Tank2","2026-06-19 23:00","-0.1"
"Trzic-Tank2","2026-06-20 00:00","-0.1"
"Trzic-Tank2","2026-06-20 01:00","-0.1"
"Trzic-Tank2","2026-06-20 02:00","-0.1"
"Trzic-Tank2","2026-06-20 03:00","-0.1"
"Trzic-Tank2","2026-06-20 04:00","-0.1"
"Trzic-Tank2","2026-06-20 05:00","-0.1"
"Trzic-Tank2","2026-06-20 06:00","-0.1"
"Trzic-Tank2","2026-06-20 07:00","-0.1"
"Trzic-Tank2","2026-06-20 08:00","-0.1"
"Trzic-Tank2","2026-06-20 09:00","-0.1"
"Trzic-Tank2","2026-06-20 10:00","-0.1"
"Trzic-Tank2","2026-06-20 11:00","-0.1"
"Trzic-Tank2","2026-06-20 12:00","-0.1"
"Trzic-Tank2","2026-06-20 13:00","-0.1"
"Trzic-Tank2","2026-06-20 14:00","-0.1"
"Trzic-Tank2","2026-06-20 15:00","-0.1"
"Trzic-Tank2","2026-06-20 16:00","-0.1"
"Trzic-Tank2","2026-06-20 17:00","-0.1"
"Trzic-Tank2","2026-06-20 18:00","-0.1"
"Trzic-Tank2","2026-06-20 19:00","-0.1"
"Trzic-Tank2","2026-06-20 20:00","-0.1"
"Trzic-Tank2","2026-06-20 21:00","-0.1"
"Trzic-Tank2","2026-06-20 22:00","-0.1"
"Trzic-Tank2","2026-06-20 23:00","-0.1"
"Trzic-Tank2","2026-06-21 00:00","-0.1"
"Trzic-Tank2","2026-06-21 01:00","-0.1"
"Trzic-Tank2","2026-06-21 02:00","-0.1"
"Trzic-Tank2","2026-06-21 03:00","-0.1"
"Trzic-Tank2","2026-06-21 04:00","-0.1"
"Trzic-Tank2","2026-06-21 05:00","-0.1"
"Trzic-Tank2","2026-06-21 06:00","-0.1"
"Trzic-Tank2","2026-06-21 07:00","-0.1"
"Trzic-Tank2","2026-06-21 08:00","-0.1"
"Trzic-Tank2","2026-06-21 09:00","-0.1"
"Trzic-Tank2","2026-06-21 10:00","-0.1"
"Trzic-Tank2","2026-06-21 11:00","-0.1"
"Trzic-Tank2","2026-06-21 12:00","-0.1"
"Trzic-Tank2","2026-06-21 13:00","-0.1"
"Trzic-Tank2","2026-06-21 14:00","-0.1"
"Trzic-Tank2","2026-06-21 15:00","-0.1"
"Trzic-Tank2","2026-06-21 16:00","-0.1"
"Trzic-Tank2","2026-06-21 17:00","-0.1"
"Trzic-Tank2","2026-06-21 18:00","-0.1"
"Trzic-Tank2","2026-06-21 19:00","-0.1"
"Trzic-Tank2","2026-06-21 20:00","-0.1"
"Trzic-Tank2","2026-06-21 21:00","-0.1"
"Trzic-Tank2","2026-06-21 22:00","-0.1"
"Trzic-Tank2","2026-06-21 23:00","-0.1"
"Trzic-Tank2","2026-06-22 00:00","-0.1"
"Trzic-Tank2","2026-06-22 01:00","-0.1"
"Trzic-Tank2","2026-06-22 02:00","-0.1"
"Trzic-Tank2","2026-06-22 03:00","-0.1"
"Trzic-Tank2","2026-06-22 04:00","-0.1"
"Trzic-Tank2","2026-06-22 05:00","-0.1"
"Trzic-Tank2","2026-06-22 06:00","-0.1"
"Trzic-Tank2","2026-06-22 07:00","-0.1"
"Trzic-Tank2","2026-06-22 08:00","-0.1"
"Trzic-Tank2","2026-06-22 09:00","-0.1"
"Trzic-Tank2","2026-06-22 10:00","-0.1"
"Trzic-Tank2","2026-06-22 11:00","-0.1"
"Trzic-Tank2","2026-06-22 12:00","-0.1"
"Trzic-Tank2","2026-06-22 13:00","-0.1"
"Trzic-Tank2","2026-06-22 14:00","-0.1"
"Trzic-Tank2","2026-06-22 15:00","-0.1"
"Trzic-Tank2","2026-06-22 16:00","-0.1"
"Trzic-Tank2","2026-06-22 17:00","-0.1"
"Trzic-Tank2","2026-06-22 18:00","-0.1"
"Trzic-Tank2","2026-06-22 19:00","-0.1"
"Trzic-Tank2","2026-06-22 20:00","-0.1"
"Trzic-Tank2","2026-06-22 21:00","-0.1"
"Trzic-Tank2","2026-06-22 22:00","-0.1"
"Trzic-Tank2","2026-06-22 23:00","-0.1"
"Trzic-Tank2","2026-06-23 00:00","-0.1"
"Trzic-Tank2","2026-06-23 01:00","-0.1"
"Trzic-Tank2","2026-06-23 02:00","-0.1"
"Trzic-Tank2","2026-06-23 03:00","-0.1"
"Trzic-Tank2","2026-06-23 04:00","-0.1"
"Trzic-Tank2","2026-06-23 05:00","-0.1"
"Trzic-Tank2","2026-06-23 06:00","-0.1"
"Trzic-Tank2","2026-06-23 07:00","-0.1"
"Trzic-Tank2","2026-06-23 08:00","-0.1"
"Trzic-Tank2","2026-06-23 09:00","-0.1"
"Trzic-Tank2","2026-06-23 10:00","-0.1"
"Trzic-Tank2","2026-06-23 11:00","-0.1"
"Trzic-Tank2","2026-06-23 12:00","-0.1"
"Trzic-Tank2","2026-06-23 13:00","-0.1"
"Trzic-Tank2","2026-06-23 14:00","-0.1"
"Trzic-Tank2","2026-06-23 15:00","-0.1"
"Trzic-Tank2","2026-06-23 16:00","-0.1"
"Trzic-Tank2","2026-06-23 17:00","-0.1"
"Trzic-Tank2","2026-06-23 18:00","-0.1"
"Trzic-Tank2","2026-06-23 19:00","-0.1"
"Trzic-Tank2","2026-06-23 20:00","-0.1"
"Trzic-Tank2","2026-06-23 21:00","-0.1"
"Trzic-Tank2","2026-06-23 22:00","-0.1"
"Trzic-Tank2","2026-06-23 23:00","-0.1"
"Trzic-Tank2","2026-06-24 00:00","-0.1"
"Trzic-Tank2","2026-06-24 01:00","-0.1"
"Trzic-Tank2","2026-06-24 02:00","-0.1"
"Trzic-Tank2","2026-06-24 03:00","-0.1"
"Trzic-Tank2","2026-06-24 04:00","-0.1"
"Trzic-Tank2","2026-06-24 05:00","-0.1"
"Trzic-Tank2","2026-06-24 06:00","-0.1"
"Trzic-Tank2","2026-06-24 07:00","-0.1"
"Trzic-Tank2","2026-06-24 08:00","-0.1"
"Trzic-Tank2","2026-06-24 09:00","-0.1"
"Trzic-Tank2","2026-06-24 10:00","-0.1"
"Trzic-Tank2","2026-06-24 11:00","-0.1"
"Trzic-Tank2","2026-06-24 12:00","-0.1"
"Trzic-Tank2","2026-06-24 13:00","-0.1"
"Trzic-Tank2","2026-06-24 14:00","-0.1"
"Trzic-Tank2","2026-06-24 15:00","-0.1"
"Trzic-Tank2","2026-06-24 16:00","-0.1"
"Trzic-Tank2","2026-06-24 17:00","-0.1"
"Trzic-Tank2","2026-06-24 18:00","-0.1"
"Trzic-Tank2","2026-06-24 19:00","-0.1"
"Trzic-Tank2","2026-06-24 20:00","-0.1"
"Trzic-Tank2","2026-06-24 21:00","-0.1"
"Trzic-Tank2","2026-06-24 22:00","-0.1"
"Trzic-Tank2","2026-06-24 23:00","-0.1"
"Trzic-Tank2","2026-06-25 00:00","-0.1"
"Trzic-Tank2","2026-06-25 01:00","-0.1"
"Trzic-Tank2","2026-06-25 02:00","-0.1"
"Trzic-Tank2","2026-06-25 03:00","-0.1"
"Trzic-Tank2","2026-06-25 04:00","-0.1"
"Trzic-Tank2","2026-06-25 05:00","-0.1"
"Trzic-Tank2","2026-06-25 06:00","-0.1"
"Trzic-Tank2","2026-06-25 07:00","-0.1"
"Trzic-Tank2","2026-06-25 08:00","-0.1"
"Trzic-Tank2","2026-06-25 09:00","-0.1"
"Trzic-Tank2","2026-06-25 10:00","-0.1"
"Trzic-Tank2","2026-06-25 11:00","-0.1"
"Trzic-Tank2","2026-06-25 12:00","-0.1"
"Trzic-Tank2","2026-06-25 13:00","-0.1"
"Trzic-Tank2","2026-06-25 14:00","-0.1"
"Trzic-Tank2","2026-06-25 15:00","-0.1"
"Trzic-Tank2","2026-06-25 16:00","-0.1"
"Trzic-Tank2","2026-06-25 17:00","-0.1"
"Trzic-Tank2","2026-06-25 18:00","-0.1"
"Trzic-Tank2","2026-06-25 19:00","-0.1"
"Trzic-Tank2","2026-06-25 20:00","-0.1"
"Trzic-Tank2","2026-06-25 21:00","-0.1"
"Trzic-Tank2","2026-06-25 22:00","-0.1"
"Trzic-Tank2","2026-06-25 23:00","-0.1"
"Trzic-Tank2","2026-06-26 00:00","-0.1"
"Trzic-Tank2","2026-06-26 01:00","-0.1"
"Trzic-Tank2","2026-06-26 02:00","-0.1"
"Trzic-Tank2","2026-06-26 03:00","-0.1"
"Trzic-Tank2","2026-06-26 04:00","-0.1"
"Trzic-Tank2","2026-06-26 05:00","-0.1"
"Trzic-Tank2","2026-06-26 06:00","-0.1"
"Trzic-Tank2","2026-06-26 07:00","-0.1"
"Trzic-Tank2","2026-06-26 08:00","-0.1"
"Trzic-Tank2","2026-06-26 09:00","-0.1"
"Trzic-Tank2","2026-06-26 10:00","-0.1"
"Trzic-Tank2","2026-06-26 11:00","-0.1"
"Trzic-Tank2","2026-06-26 12:00","-0.1"
"Trzic-Tank2","2026-06-26 13:00","-0.1"
"Trzic-Tank2","2026-06-26 14:00","-0.1"
"Trzic-Tank2","2026-06-26 15:00","-0.1"
"Trzic-Tank2","2026-06-26 16:00","-0.1"
"Trzic-Tank2","2026-06-26 17:00","-0.1"
"Trzic-Tank2","2026-06-26 18:00","-0.1"
"Trzic-Tank2","2026-06-26 19:00","-0.1"
"Trzic-Tank2","2026-06-26 20:00","-0.1"
"Trzic-Tank2","2026-06-26 21:00","-0.1"
"Trzic-Tank2","2026-06-26 22:00","-0.1"
"Trzic-Tank2","2026-06-26 23:00","-0.1"
"Trzic-Tank2","2026-06-27 00:00","-0.1"
"Trzic-Tank2","2026-06-27 01:00","-0.1"
"Trzic-Tank2","2026-06-27 02:00","-0.1"
"Trzic-Tank2","2026-06-27 03:00","-0.1"
"Trzic-Tank2","2026-06-27 04:00","-0.1"
"Trzic-Tank2","2026-06-27 05:00","-0.1"
"Trzic-Tank2","2026-06-27 06:00","-0.1"
"Trzic-Tank2","2026-06-27 07:00","-0.1"
"Trzic-Tank2","2026-06-27 08:00","-0.1"
"Trzic-Tank2","2026-06-27 09:00","-0.1"
"Trzic-Tank2","2026-06-27 10:00","-0.1"
"Trzic-Tank2","2026-06-27 11:00","-0.1"
"Trzic-Tank2","2026-06-27 12:00","-0.1"
"Trzic-Tank2","2026-06-27 13:00","-0.1"
"Trzic-Tank2","2026-06-27 14:00","-0.1"
"Trzic-Tank2","2026-06-27 15:00","-0.1"
"Trzic-Tank2","2026-06-27 16:00","-0.1"
"Trzic-Tank2","2026-06-27 17:00","-0.1"
"Trzic-Tank2","2026-06-27 18:00","-0.1"
"Trzic-Tank2","2026-06-27 19:00","-0.1"
"Trzic-Tank2","2026-06-27 20:00","-0.1"
"Trzic-Tank2","2026-06-27 21:00","-0.1"
"Trzic-Tank2","2026-06-27 22:00","-0.1"
"Trzic-Tank2","2026-06-27 23:00","-0.1"
"Trzic-Tank2","2026-06-28 00:00","-0.1"
"Trzic-Tank2","2026-06-28 01:00","-0.1"
"Trzic-Tank2","2026-06-28 02:00","-0.1"
"Trzic-Tank2","2026-06-28 03:00","-0.1"
"Trzic-Tank2","2026-06-28 04:00","-0.1"
"Trzic-Tank2","2026-06-28 05:00","-0.1"
"Trzic-Tank2","2026-06-28 06:00","-0.1"
"Trzic-Tank2","2026-06-28 07:00","-0.1"
"Trzic-Tank2","2026-06-28 08:00","-0.1"
"Trzic-Tank2","2026-06-28 09:00","-0.1"
"Trzic-Tank2","2026-06-28 10:00","-0.1"
"Trzic-Tank2","2026-06-28 11:00","-0.1"
"Trzic-Tank2","2026-06-28 12:00","-0.1"
"Trzic-Tank2","2026-06-28 13:00","-0.1"
"Trzic-Tank2","2026-06-28 14:00","-0.1"
"Trzic-Tank2","2026-06-28 15:00","-0.1"
"Trzic-Tank2","2026-06-28 16:00","-0.1"
"Trzic-Tank2","2026-06-28 17:00","-0.1"
"Trzic-Tank2","2026-06-28 18:00","-0.2"
"Trzic-Tank2","2026-06-28 19:00","-0.2"
"Trzic-Tank2","2026-06-28 20:00","-0.2"
"Trzic-Tank2","2026-06-28 21:00","-0.2"
"Trzic-Tank2","2026-06-28 22:00","-0.2"
"Trzic-Tank2","2026-06-28 23:00","-0.2"
"Trzic-Tank2","2026-06-29 00:00","-0.2"
"Trzic-Tank2","2026-06-29 01:00","-0.2"
"Trzic-Tank2","2026-06-29 02:00","-0.2"
"Trzic-Tank2","2026-06-29 03:00","-0.2"
"Trzic-Tank2","2026-06-29 04:00","-0.2"
"Trzic-Tank2","2026-06-29 05:00","-0.2"
"Trzic-Tank2","2026-06-29 06:00","-0.2"
"Trzic-Tank2","2026-06-29 07:00","-0.2"
"Trzic-Tank2","2026-06-29 08:00","-0.2"
"Trzic-Tank2","2026-06-29 09:00","-0.2"
"Trzic-Tank2","2026-06-29 10:00","-0.2"
"Trzic-Tank2","2026-06-29 11:00","-0.2"
"Trzic-Tank2","2026-06-29 12:00","-0.2"
"Trzic-Tank2","2026-06-29 13:00","-0.2"
"Trzic-Tank2","2026-06-29 14:00","-0.3"
"Trzic-Tank2","2026-06-29 15:00","-0.3"
"Trzic-Tank2","2026-06-29 16:00","-0.3"
"Trzic-Tank2","2026-06-29 17:00","-0.3"
"Trzic-Tank2","2026-06-29 18:00","-0.3"
"Trzic-Tank2","2026-06-29 19:00","-0.3"
"Trzic-Tank2","2026-06-29 20:00","-0.3"
"Trzic-Tank2","2026-06-29 21:00","-0.3"
"Trzic-Tank2","2026-06-29 22:00","-0.3"
"Trzic-Tank2","2026-06-29 23:00","-0.3"
"Trzic-Tank2","2026-06-30 00:00","-0.3"
"Trzic-Tank2","2026-06-30 01:00","-0.4"
"Trzic-Tank2","2026-06-30 02:00","-0.4"
"Trzic-Tank2","2026-06-30 03:00","-0.4"
"Trzic-Tank2","2026-06-30 04:00","-0.4"
"Trzic-Tank2","2026-06-30 05:00","-0.4"
"Trzic-Tank2","2026-06-30 06:00","-0.4"
"Trzic-Tank2","2026-06-30 07:00","-0.4"
"Trzic-Tank2","2026-06-30 08:00","-0.4"
"Trzic-Tank2","2026-06-30 09:00","-0.4"
"Trzic-Tank2","2026-06-30 10:00","-0.5"
"Trzic-Tank2","2026-06-30 11:00","-0.5"
"Trzic-Tank2","2026-06-30 12:00","-0.5"
"Trzic-Tank2","2026-06-30 13:00","-0.6"
"Trzic-Tank2","2026-06-30 14:00","-0.7"
"Trzic-Tank2","2026-06-30 15:00","-0.8"
"Trzic-Tank2","2026-06-30 16:00","-0.8"
"Trzic-Tank2","2026-06-30 17:00","-0.9"
"Trzic-Tank2","2026-06-30 18:00","-1.1"
"Trzic-Tank2","2026-06-30 19:00","-1.1"
"Trzic-Tank2","2026-06-30 20:00","-1.2"
"Trzic-Tank2","2026-06-30 21:00","-1.3"
"Trzic-Tank2","2026-06-30 22:00","-1.4"
"Trzic-Tank2","2026-06-30 23:00",
"Trzic-Tank2","2026-07-01 00:00",
"Trzic-Tank2","2026-07-01 01:00",
"Trzic-Tank2","2026-07-01 02:00",
"Trzic-Tank2","2026-07-01 03:00",
"Trzic-Tank2","2026-07-01 04:00",
"Trzic-Tank2","2026-07-01 05:00",
"Trzic-Tank2","2026-07-01 06:00",
"Trzic-Tank2","2026-07-01 07:00",
"Trzic-Tank2","2026-07-01 08:00",
"Trzic-Tank2","2026-07-01 09:00","-3.8"
"Trzic-Tank2","2026-07-01 10:00","-4.5"
"Trzic-Tank2","2026-07-01 11:00","-5.2"
"Trzic-Tank2","2026-07-01 12:00","-5.9"
"Trzic-Tank2","2026-07-01 13:00","-6.8"
"Trzic-Tank2","2026-07-01 14:00","-7.8"
"Trzic-Tank2","2026-07-01 15:00","-9.3"
"Trzic-Tank2","2026-07-01 16:00","-10.3"
"Trzic-Tank2","2026-07-01 17:00","-10.9"
"Trzic-Tank2","2026-07-01 18:00","-11.1"
"Trzic-Tank2","2026-07-01 19:00","-11.2"
"Trzic-Tank2","2026-07-01 20:00","-11.4"
"Trzic-Tank2","2026-07-01 21:00","-11.6"
"Trzic-Tank2","2026-07-01 22:00","-11.7"
"Trzic-Tank2","2026-07-01 23:00","-11.9"
"Trzic-Tank2","2026-07-02 00:00","-11.9"
"Trzic-Tank2","2026-07-02 01:00","-12.2"
"Trzic-Tank2","2026-07-02 02:00","-12.2"
"Trzic-Tank2","2026-07-02 03:00","-12.2"
"Trzic-Tank2","2026-07-02 04:00","-12.2"
"Trzic-Tank2","2026-07-02 05:00","-13"
"Trzic-Tank2","2026-07-02 06:00","-13.2"
"Trzic-Tank2","2026-07-02 07:00","-13.5"
"Trzic-Tank2","2026-07-02 08:00","-13.7"
"Trzic-Tank2","2026-07-02 09:00","-14"
"Trzic-Tank2","2026-07-02 10:00","-14.6"
"Trzic-Tank2","2026-07-02 11:00","-14.9"
"Trzic-Tank2","2026-07-02 12:00","-15.5"
"Trzic-Tank2","2026-07-02 13:00","-16.1"
"Trzic-Tank2","2026-07-02 14:00","-16.9"
"Trzic-Tank2","2026-07-02 15:00","-17.3"
"Trzic-Tank2","2026-07-02 16:00","-18.1"
"Trzic-Tank2","2026-07-02 17:00","-18.8"
"Trzic-Tank2","2026-07-02 18:00","-19.1"
"Trzic-Tank2","2026-07-02 19:00","-19.8"
"Trzic-Tank2","2026-07-02 20:00","-20.1"
"Trzic-Tank2","2026-07-02 21:00","-20.1"
"Trzic-Tank2","2026-07-02 22:00","-20.3"
"Trzic-Tank2","2026-07-02 23:00","-20.4"
"Trzic-Tank2","2026-07-03 00:00","-20.4"
"Trzic-Tank2","2026-07-03 01:00","-20.8"
"Trzic-Tank2","2026-07-03 02:00","-20.8"
"Trzic-Tank2","2026-07-03 03:00","-20.8"
"Trzic-Tank2","2026-07-03 04:00","-20.8"
"Trzic-Tank2","2026-07-03 05:00","-21.9"
"Trzic-Tank2","2026-07-03 06:00","-22.1"
"Trzic-Tank2","2026-07-03 07:00","-22.4"
"Trzic-Tank2","2026-07-03 08:00","-22.8"
"Trzic-Tank2","2026-07-03 09:00","-23.2"
"Trzic-Tank2","2026-07-03 10:00","-24"
"Trzic-Tank2","2026-07-03 11:00","-24.6"
"Trzic-Tank2","2026-07-03 12:00","-25.1"
"Trzic-Tank2","2026-07-03 13:00","-25.5"
"Trzic-Tank2","2026-07-03 14:00","-26.5"
"Trzic-Tank2","2026-07-03 15:00","-27.1"
"Trzic-Tank2","2026-07-03 16:00","-28.5"
"Trzic-Tank2","2026-07-03 17:00","-29"
"Trzic-Tank2","2026-07-03 18:00","-30"
"Trzic-Tank2","2026-07-03 19:00","-30.7"
"Trzic-Tank2","2026-07-03 20:00","-31.6"
"Trzic-Tank2","2026-07-03 21:00","-32"
"Trzic-Tank2","2026-07-03 22:00","-32.4"
"Trzic-Tank2","2026-07-03 23:00","-32.7"
"Trzic-Tank2","2026-07-04 00:00","-32.7"
"Trzic-Tank2","2026-07-04 01:00","-33.3"
"Trzic-Tank2","2026-07-04 02:00","-33.3"
"Trzic-Tank2","2026-07-04 03:00","-33.3"
"Trzic-Tank2","2026-07-04 04:00","-33.3"
"Trzic-Tank2","2026-07-04 05:00","-34.9"
"Trzic-Tank2","2026-07-04 06:00","-35.3"
"Trzic-Tank2","2026-07-04 07:00","-35.8"
"Trzic-Tank2","2026-07-04 08:00","-36.4"
"Trzic-Tank2","2026-07-04 09:00","-37.2"
"Trzic-Tank2","2026-07-04 10:00","-38.2"
"Trzic-Tank2","2026-07-04 11:00","-39.8"
"Trzic-Tank2","2026-07-04 12:00","-41.8"
"Trzic-Tank2","2026-07-04 13:00","-43.5"
"Trzic-Tank2","2026-07-04 14:00","-45.4"
"Trzic-Tank2","2026-07-04 15:00","-46.8"
"Trzic-Tank2","2026-07-04 16:00","-48.4"
"Trzic-Tank2","2026-07-04 17:00","-52.1"
"Trzic-Tank2","2026-07-04 18:00","-54.4"
"Trzic-Tank2","2026-07-04 19:00","-57.1"
"Trzic-Tank2","2026-07-04 20:00","-60"
"Trzic-Tank2","2026-07-04 21:00","-60.4"
"Trzic-Tank2","2026-07-04 22:00","-61"
"Trzic-Tank2","2026-07-04 23:00","-61.4"
"Trzic-Tank2","2026-07-05 00:00","-61.4"
"Trzic-Tank2","2026-07-05 01:00","-62.9"
"Trzic-Tank2","2026-07-05 02:00","-62.9"
"Trzic-Tank2","2026-07-05 03:00","-62.9"
"Trzic-Tank2","2026-07-05 04:00","-62.9"
"Trzic-Tank2","2026-07-05 05:00","-66.3"
"Trzic-Tank2","2026-07-05 06:00","-67.4"
"Trzic-Tank2","2026-07-05 07:00","-68.7"
"Trzic-Tank2","2026-07-05 08:00","-69.6"
"Trzic-Tank2","2026-07-05 09:00","-72.2"
"Trzic-Tank2","2026-07-05 10:00","-74.2"
"Trzic-Tank2","2026-07-05 11:00","-77.1"
"Trzic-Tank2","2026-07-05 12:00","-80"
"Trzic-Tank2","2026-07-05 13:00","-82.1"
"Trzic-Tank2","2026-07-05 14:00","-89.5"
"Trzic-Tank2","2026-07-05 15:00","-95.1"
"Trzic-Tank2","2026-07-05 16:00","-97.7"
"Trzic-Tank2","2026-07-05 17:00","-102.9"
"Trzic-Tank2","2026-07-05 18:00","-111.5"
"Trzic-Tank2","2026-07-05 19:00","-114.2"
"Trzic-Tank2","2026-07-05 20:00","-116.9"
"Trzic-Tank2","2026-07-05 21:00","-118.2"
"Trzic-Tank2","2026-07-05 22:00","-119.3"
"Trzic-Tank2","2026-07-05 23:00","-119.7"
"Trzic-Tank2","2026-07-06 00:00","-119.7"
"Trzic-Tank2","2026-07-06 01:00","-121.1"
"Trzic-Tank2","2026-07-06 02:00","-121.1"
"Trzic-Tank2","2026-07-06 03:00","-121.1"
"Trzic-Tank2","2026-07-06 04:00","-121.1"
"Trzic-Tank2","2026-07-06 05:00","-125.6"
"Trzic-Tank2","2026-07-06 06:00","-126.5"
"Trzic-Tank2","2026-07-06 07:00","-128.6"
"Trzic-Tank2","2026-07-06 08:00","-130.3"
"Trzic-Tank2","2026-07-06 09:00","-132.5"
"Trzic-Tank2","2026-07-06 10:00","-137.1"
"Trzic-Tank2","2026-07-06 11:00","-141.3"
"Trzic-Tank2","2026-07-06 12:00","-148.6"
"Trzic-Tank2","2026-07-06 13:00","-155"
"Trzic-Tank2","2026-07-06 14:00","-162.4"
"Trzic-Tank2","2026-07-06 15:00","-171.3"
"Trzic-Tank2","2026-07-06 16:00","-181.3"
"Trzic-Tank2","2026-07-06 17:00","-186.6"
"Trzic-Tank2","2026-07-06 18:00","-193.4"
"Trzic-Tank2","2026-07-06 19:00","-205.8"
"Trzic-Tank2","2026-07-06 20:00","-211.2"
"Trzic-Tank2","2026-07-06 21:00","-211.3"
"Trzic-Tank2","2026-07-06 22:00","-211.2"
"Trzic-Tank2","2026-07-06 23:00","-210.9"
"Trzic-Tank2","2026-07-07 00:00","-210.9"
"Trzic-Tank2","2026-07-07 01:00","-212.1"
"Trzic-Tank2","2026-07-07 02:00","-212.1"
"Trzic-Tank2","2026-07-07 03:00","-212.1"
"Trzic-Tank2","2026-07-07 04:00","-212.1"
"Trzic-Tank2","2026-07-07 05:00","-218.2"
"Trzic-Tank2","2026-07-07 06:00","-219.3"
"Trzic-Tank2","2026-07-07 07:00","-221.3"
"Trzic-Tank2","2026-07-07 08:00","-222.5"
"Trzic-Tank2","2026-07-07 09:00","-227"
"Trzic-Tank2","2026-07-07 10:00","-237.6"
"Trzic-Tank2","2026-07-07 11:00","-254"
"Trzic-Tank2","2026-07-07 12:00","-265"
"Trzic-Tank2","2026-07-07 13:00","-286.2"
"Trzic-Tank2","2026-07-07 14:00","-306.4"
"Trzic-Tank2","2026-07-07 15:00","-324.2"
"Trzic-Tank2","2026-07-07 16:00","-337.4"
"Trzic-Tank2","2026-07-07 17:00","-343.2"
"Trzic-Tank2","2026-07-07 18:00","-356.3"
"Trzic-Tank2","2026-07-07 19:00","-377.3"
"Trzic-Tank2","2026-07-07 20:00","-387.1"
"Trzic-Tank2","2026-07-07 21:00","-386.1"
"Trzic-Tank2","2026-07-07 22:00","-384.7"
"Trzic-Tank2","2026-07-07 23:00","-381"
"Trzic-Tank2","2026-07-08 00:00","-381"
"Trzic-Tank2","2026-07-08 01:00","-379.6"
"Trzic-Tank2","2026-07-08 02:00","-379.6"
"Trzic-Tank2","2026-07-08 03:00","-379.6"
"Trzic-Tank2","2026-07-08 04:00","-379.6"
"Trzic-Tank2","2026-07-08 05:00","-384.2"
"Trzic-Tank2","2026-07-08 06:00","-385.5"
"Trzic-Tank2","2026-07-08 07:00","-387.6"
"Trzic-Tank2","2026-07-08 08:00","-388.3"
"Trzic-Tank2","2026-07-08 09:00","-389.8"
"Trzic-Tank2","2026-07-08 10:00","-393.5"
"Trzic-Tank2","2026-07-08 11:00","-402.6"
"Trzic-Tank2","2026-07-08 12:00","-406.3"
"Trzic-Tank2","2026-07-08 13:00","-423"
"Trzic-Tank2","2026-07-08 14:00","-445.2"
"Trzic-Tank2","2026-07-08 15:00","-458.9"
"Trzic-Tank2","2026-07-08 16:00","-486.4"
"Trzic-Tank2","2026-07-08 17:00","-499.2"
"Trzic-Tank2","2026-07-08 18:00","-516.4"
"Trzic-Tank2","2026-07-08 19:00","-528.6"
"Trzic-Tank2","2026-07-08 20:00","-532.8"
"Trzic-Tank2","2026-07-08 21:00","-537.4"
"Trzic-Tank2","2026-07-08 22:00","-534.2"
"Trzic-Tank2","2026-07-08 23:00","-534.1"
"Trzic-Tank2","2026-07-09 00:00","-534.1"
"Trzic-Tank2","2026-07-09 01:00","-531.4"
"Trzic-Tank2","2026-07-09 02:00","-531.4"
"Trzic-Tank2","2026-07-09 03:00","-531.4"
"Trzic-Tank2","2026-07-09 04:00","-531.4"
"Trzic-Tank2","2026-07-09 05:00","-532.5"
"Trzic-Tank2","2026-07-09 06:00","-535.1"
"Trzic-Tank2","2026-07-09 07:00","-538.8"
"Trzic-Tank2","2026-07-09 08:00","-540.3"
"Trzic-Tank2","2026-07-09 09:00","-545.9"
"Trzic-Tank2","2026-07-09 10:00","-547.3"
"Trzic-Tank2","2026-07-09 11:00","-564.7"
"Trzic-Tank2","2026-07-09 12:00","-584.5"
"Trzic-Tank2","2026-07-09 13:00","-607.1"
"Trzic-Tank2","2026-07-09 14:00","-634.2"
"Trzic-Tank2","2026-07-09 15:00","-648.6"
"Trzic-Tank2","2026-07-09 16:00","-672"
"Trzic-Tank2","2026-07-09 17:00","-692.8"
"Trzic-Tank2","2026-07-09 18:00","-707.1"
"Trzic-Tank2","2026-07-09 19:00","-718.4"
"Trzic-Tank2","2026-07-09 20:00","-720.6"
"Trzic-Tank2","2026-07-09 21:00","-720.8"
"Trzic-Tank2","2026-07-09 22:00","-719.8"
"Trzic-Tank2","2026-07-09 23:00","-719.1"
"Trzic-Tank2","2026-07-10 00:00","-719.1"
"Trzic-Tank2","2026-07-10 01:00","-720.6"
"Trzic-Tank2","2026-07-10 02:00","-720.6"
"Trzic-Tank2","2026-07-10 03:00","-720.6"
"Trzic-Tank2","2026-07-10 04:00","-720.6"
"Trzic-Tank2","2026-07-10 05:00","-721.4"
"Trzic-Tank2","2026-07-10 06:00","-723.8"
"Trzic-Tank2","2026-07-10 07:00","-724.3"
"Trzic-Tank2","2026-07-10 08:00","-724.8"
"Trzic-Tank2","2026-07-10 09:00","-732.5"
"Trzic-Tank2","2026-07-10 10:00","-736.2"
"Trzic-Tank2","2026-07-10 11:00","-758.4"
"Trzic-Tank2","2026-07-10 12:00","-776.6"
"Trzic-Tank2","2026-07-10 13:00","-792.9"
"Trzic-Tank2","2026-07-10 14:00","-829.3"
"Trzic-Tank2","2026-07-10 15:00","-852.3"
"Trzic-Tank2","2026-07-10 16:00","-883.7"
"Trzic-Tank2","2026-07-10 17:00","-902.8"
"Trzic-Tank2","2026-07-10 18:00","-921.7"
"Trzic-Tank2","2026-07-10 19:00","-941.7"
"Trzic-Tank2","2026-07-10 20:00",
"Trzic-Tank2","2026-07-10 21:00","-974.3"
"Trzic-Tank2","2026-07-10 22:00","-982.6"
"Trzic-Tank2","2026-07-10 23:00","-986.7"
"Trzic-Tank2","2026-07-11 00:00","-986.7"
"Trzic-Tank2","2026-07-11 01:00","-988.5"
"Trzic-Tank2","2026-07-11 02:00","-988.5"
"Trzic-Tank2","2026-07-11 03:00","-988.5"
"Trzic-Tank2","2026-07-11 04:00","-988.5"
"Trzic-Tank2","2026-07-11 05:00","-1,003"
"Trzic-Tank2","2026-07-11 06:00","-1,006"
"Trzic-Tank2","2026-07-11 07:00","-1,016"
"Trzic-Tank2","2026-07-11 08:00","-1,017.6"
"Trzic-Tank2","2026-07-11 09:00","-1,029.4"
"Trzic-Tank2","2026-07-11 10:00","-1,032.8"
"Trzic-Tank2","2026-07-11 11:00","-1,042.1"
"Trzic-Tank2","2026-07-11 12:00","-1,055.6"
"Trzic-Tank2","2026-07-11 13:00","-1,078.2"
"Trzic-Tank2","2026-07-11 14:00","-1,093.9"
"Trzic-Tank2","2026-07-11 15:00","-1,108.9"
"Trzic-Tank2","2026-07-11 16:00","-1,136.3"
"Trzic-Tank2","2026-07-11 17:00","-1,148.4"
"Trzic-Tank2","2026-07-11 18:00","-1,149.7"
"Trzic-Tank2","2026-07-11 19:00","-1,188.8"
"Trzic-Tank2","2026-07-11 20:00","-1,195.9"
"Trzic-Tank2","2026-07-11 21:00","-1,190.4"
"Trzic-Tank2","2026-07-11 22:00","-1,197.6"
"Trzic-Tank2","2026-07-11 23:00","-1,206.4"
"Trzic-Tank2","2026-07-12 00:00","-1,206.4"
"Trzic-Tank2","2026-07-12 01:00","-1,224.6"
"Trzic-Tank2","2026-07-12 02:00","-1,224.6"
"Trzic-Tank2","2026-07-12 03:00","-1,224.6"
"Trzic-Tank2","2026-07-12 04:00","-1,224.6"
"Trzic-Tank2","2026-07-12 05:00","-1,233.4"
"Trzic-Tank2","2026-07-12 06:00","-1,245.6"
"Trzic-Tank2","2026-07-12 07:00","-1,251.4"
"Trzic-Tank2","2026-07-12 08:00","-1,256.6"
"Trzic-Tank2","2026-07-12 09:00","-1,263.3"
"Trzic-Tank2","2026-07-12 10:00","-1,265.9"
"Trzic-Tank2","2026-07-12 11:00","-1,273.5"
"Trzic-Tank2","2026-07-12 12:00","-1,284.7"
"Trzic-Tank2","2026-07-12 13:00","-1,297.8"
"Trzic-Tank2","2026-07-12 14:00","-1,302.6"
"Trzic-Tank2","2026-07-12 15:00","-1,319.5"
"Trzic-Tank2","2026-07-12 16:00","-1,336"
"Trzic-Tank2","2026-07-12 17:00","-1,338.1"
"Trzic-Tank2","2026-07-12 18:00","-1,344.6"
"Trzic-Tank2","2026-07-12 19:00","-1,337.8"
"Trzic-Tank2","2026-07-12 20:00","-1,336"
"Trzic-Tank2","2026-07-12 21:00","-1,329.8"
"Trzic-Tank2","2026-07-12 22:00","-1,327.4"
"Trzic-Tank2","2026-07-12 23:00","-1,317"
"Trzic-Tank2","2026-07-13 00:00","-1,317"
"Trzic-Tank2","2026-07-13 01:00","-1,312.8"
"Trzic-Tank2","2026-07-13 02:00","-1,312.8"
"Trzic-Tank2","2026-07-13 03:00","-1,312.8"
"Trzic-Tank2","2026-07-13 04:00","-1,312.8"
"Trzic-Tank2","2026-07-13 05:00","-1,307.4"
"Trzic-Tank2","2026-07-13 06:00","-1,308.6"
"Trzic-Tank2","2026-07-13 07:00","-1,316.4"
"Trzic-Tank2","2026-07-13 08:00","-1,321"
"Trzic-Tank2","2026-07-13 09:00","-1,322.5"
"Trzic-Tank2","2026-07-13 10:00","-1,331.4"
"Trzic-Tank2","2026-07-13 11:00","-1,346.5"
"Trzic-Tank2","2026-07-13 12:00","-1,353.6"
"Trzic-Tank2","2026-07-13 13:00","-1,356.1"
"Trzic-Tank2","2026-07-13 14:00","-1,358.3"
"Trzic-Tank2","2026-07-13 15:00","-1,359.6"
"Trzic-Tank2","2026-07-13 16:00","-1,368"
"Trzic-Tank2","2026-07-13 17:00","-1,364.9"
"Trzic-Tank2","2026-07-13 18:00","-1,363"
"Trzic-Tank2","2026-07-13 19:00","-1,365.8"
"Trzic-Tank2","2026-07-13 20:00","-1,372.1"
"Trzic-Tank2","2026-07-13 21:00","-1,365.5"
"Trzic-Tank2","2026-07-13 22:00","-1,343.7"
"Trzic-Tank2","2026-07-13 23:00","-1,335.7"
"Trzic-Tank2","2026-07-14 00:00","-1,335.7"
"Trzic-Tank2","2026-07-14 01:00","-1,324.3"
"Trzic-Tank2","2026-07-14 02:00","-1,324.3"
"Trzic-Tank2","2026-07-14 03:00","-1,324.3"
"Trzic-Tank2","2026-07-14 04:00","-1,324.3"
"Trzic-Tank2","2026-07-14 05:00","-1,324.9"
"Trzic-Tank2","2026-07-14 06:00","-1,327.1"
"Trzic-Tank2","2026-07-14 07:00","-1,324.3"
"Trzic-Tank2","2026-07-14 08:00","-1,328.6"
"Trzic-Tank2","2026-07-14 09:00","-1,337.8"
"Trzic-Tank2","2026-07-14 10:00","-1,332"
"Trzic-Tank2","2026-07-14 11:00","-1,338.4"
"Trzic-Tank2","2026-07-14 12:00","-1,348"
"Trzic-Tank2","2026-07-14 13:00","-1,353.3"
"Trzic-Tank2","2026-07-14 14:00","-1,352.7"
"Trzic-Tank2","2026-07-14 15:00","-1,355.8"
"Trzic-Tank2","2026-07-14 16:00","-1,361.4"
"Trzic-Tank2","2026-07-14 17:00","-1,371.5"
"Trzic-Tank2","2026-07-14 18:00","-1,363.6"
"Trzic-Tank2","2026-07-14 19:00","-1,358"
"Trzic-Tank2","2026-07-14 20:00","-1,346.2"
"Trzic-Tank2","2026-07-14 21:00","-1,350.8"
"Trzic-Tank2","2026-07-14 22:00","-1,345.2"
"Trzic-Tank2","2026-07-14 23:00","-1,340.3"
"Trzic-Tank2","2026-07-15 00:00","-1,340.3"
"Trzic-Tank2","2026-07-15 01:00","-1,341.2"
"Trzic-Tank2","2026-07-15 02:00","-1,341.2"
"Trzic-Tank2","2026-07-15 03:00","-1,341.2"
"Trzic-Tank2","2026-07-15 04:00","-1,341.2"
"Trzic-Tank2","2026-07-15 05:00","-1,352.1"
"Trzic-Tank2","2026-07-15 06:00","-1,355.2"
"Trzic-Tank2","2026-07-15 07:00","-1,363.9"
"Trzic-Tank2","2026-07-15 08:00","-1,375.3"
"Trzic-Tank2","2026-07-15 09:00","-1,376.2"
"Trzic-Tank2","2026-07-15 10:00","-1,386.4"
"Trzic-Tank2","2026-07-15 11:00","-1,384.8"
"Trzic-Tank2","2026-07-15 12:00","-1,398.9"
"Trzic-Tank2","2026-07-15 13:00","-1,411.9"
"Trzic-Tank2","2026-07-15 14:00","-1,419.4"
"Trzic-Tank2","2026-07-15 15:00","-1,424.3"
"Trzic-Tank2","2026-07-15 16:00","-1,428.9"
"Trzic-Tank2","2026-07-15 17:00","-1,428.9"
"Trzic-Tank2","2026-07-15 18:00","-1,419"
"Trzic-Tank2","2026-07-15 19:00","-1,422"
"Trzic-Tank2","2026-07-15 20:00","-1,417.7"
"Trzic-Tank2","2026-07-15 21:00","-1,403.1"
"Trzic-Tank2","2026-07-15 22:00","-1,400.2"
"Trzic-Tank2","2026-07-15 23:00","-1,386.7"
"Trzic-Tank2","2026-07-16 00:00","-1,386.7"
"Trzic-Tank2","2026-07-16 01:00","-1,375.3"
"Trzic-Tank2","2026-07-16 02:00","-1,375.3"
"Trzic-Tank2","2026-07-16 03:00","-1,375.3"
"Trzic-Tank2","2026-07-16 04:00","-1,375.3"
"Trzic-Tank2","2026-07-16 05:00","-624.7"
"Trzic-Tank2","2026-07-16 06:00","-253.3"
"Trzic-Tank2","2026-07-16 07:00","-178.9"
"Trzic-Tank2","2026-07-16 08:00","-114.3"
"Trzic-Tank2","2026-07-16 09:00","-87.1"
"Trzic-Tank2","2026-07-16 10:00","-63.9"
"Trzic-Tank2","2026-07-16 11:00","-47.9"
"Trzic-Tank2","2026-07-16 12:00","-38.5"
"Trzic-Tank2","2026-07-16 13:00","-32.5"
"Trzic-Tank2","2026-07-16 14:00","-27.7"
"Trzic-Tank2","2026-07-16 15:00","-26.5"
"Trzic-Tank2","2026-07-16 16:00","-25.7"
"Trzic-Tank2","2026-07-16 17:00","-25.3"
"Trzic-Tank2","2026-07-16 18:00","-25.3"
"Trzic-Tank2","2026-07-16 19:00","-25.3"
"Trzic-Tank2","2026-07-16 20:00","-25.2"
"Trzic-Tank2","2026-07-16 21:00","-24.7"
"Trzic-Tank2","2026-07-16 22:00","-24.6"
"Trzic-Tank2","2026-07-16 23:00","-24.2"
"Trzic-Tank2","2026-07-17 00:00","-24.2"
"Trzic-Tank2","2026-07-17 01:00","-23.7"
"Trzic-Tank2","2026-07-17 02:00","-23.7"
"Trzic-Tank2","2026-07-17 03:00","-23.7"
"Trzic-Tank2","2026-07-17 04:00","-23.7"
"Trzic-Tank2","2026-07-17 05:00","-23.4"
"Trzic-Tank2","2026-07-17 06:00","-23.4"
"Trzic-Tank2","2026-07-17 07:00","-23.4"
"Trzic-Tank2","2026-07-17 08:00","-23.4"
"Trzic-Tank2","2026-07-17 09:00","-23.6"
"Trzic-Tank2","2026-07-17 10:00","-23.8"
"Trzic-Tank2","2026-07-17 11:00","-23.9"
"Trzic-Tank2","2026-07-17 12:00","-24"
"Trzic-Tank2","2026-07-17 13:00","-24.7"
"Trzic-Tank2","2026-07-17 14:00","-25.5"
"Trzic-Tank2","2026-07-17 15:00","-26.3"
"Trzic-Tank2","2026-07-17 16:00","-27.4"
"Trzic-Tank2","2026-07-17 17:00","-29.1"
"Trzic-Tank2","2026-07-17 18:00","-31"
"Trzic-Tank2","2026-07-17 19:00","-32.4"
"Trzic-Tank2","2026-07-17 20:00","-32.9"
"Trzic-Tank2","2026-07-17 21:00","-33.4"
"Trzic-Tank2","2026-07-17 22:00","-33.5"
"Trzic-Tank2","2026-07-17 23:00","-33.4"
"Trzic-Tank2","2026-07-18 00:00","-33.4"
"Trzic-Tank2","2026-07-18 01:00","-33.5"
"Trzic-Tank2","2026-07-18 02:00","-33.5"
"Trzic-Tank2","2026-07-18 03:00","-33.5"
"Trzic-Tank2","2026-07-18 04:00","-33.5"
"Trzic-Tank2","2026-07-18 05:00","-34.3"
"Trzic-Tank2","2026-07-18 06:00","-34.8"
"Trzic-Tank2","2026-07-18 07:00","-34.9"
"Trzic-Tank2","2026-07-18 08:00","-35.1"
"Trzic-Tank2","2026-07-18 09:00","-35.7"
"Trzic-Tank2","2026-07-18 10:00","-36.4"
"Trzic-Tank2","2026-07-18 11:00","-37.6"
"Trzic-Tank2","2026-07-18 12:00","-38.8"
"Trzic-Tank2","2026-07-18 13:00","-41.5"
"Trzic-Tank2","2026-07-18 14:00","-45.4"
"Trzic-Tank2","2026-07-18 15:00","-48.4"
"Trzic-Tank2","2026-07-18 16:00","-50"
"Trzic-Tank2","2026-07-18 17:00","-52.2"
"Trzic-Tank2","2026-07-18 18:00","-55.5"
"Trzic-Tank2","2026-07-18 19:00","-27.9"
"Trzic-Tank2","2026-07-18 20:00","-0.6"
"Trzic-Tank2","2026-07-18 21:00","-0.4"
"Trzic-Tank2","2026-07-18 22:00","-0.4"
"Trzic-Tank2","2026-07-18 23:00","-0.4"
"Trzic-Tank2","2026-07-19 00:00","-0.4"
"Trzic-Tank2","2026-07-19 01:00","-0.3"
"Trzic-Tank2","2026-07-19 02:00","-0.3"
"Trzic-Tank2","2026-07-19 03:00","-0.3"
"Trzic-Tank2","2026-07-19 04:00","-0.3"
"Trzic-Tank2","2026-07-19 05:00","-0.3"
"Trzic-Tank2","2026-07-19 06:00","-0.3"
"Trzic-Tank2","2026-07-19 07:00","-0.3"
"Trzic-Tank2","2026-07-19 08:00","-0.3"
"Trzic-Tank2","2026-07-19 09:00","-0.3"
"Trzic-Tank2","2026-07-19 10:00","-0.3"
"Trzic-Tank2","2026-07-19 11:00","-0.2"
"Trzic-Tank2","2026-07-19 12:00","-0.2"
"Trzic-Tank2","2026-07-19 13:00","-0.2"
"Trzic-Tank2","2026-07-19 14:00","-0.2"
"Trzic-Tank2","2026-07-19 15:00","-0.2"
"Trzic-Tank2","2026-07-19 16:00","-0.2"
"Trzic-Tank2","2026-07-19 17:00","-0.2"
"Trzic-Tank2","2026-07-19 18:00","-0.2"
"Trzic-Tank2","2026-07-19 19:00","-0.2"
"Trzic-Tank2","2026-07-19 20:00","-0.2"
"Trzic-Tank2","2026-07-19 21:00","-0.2"
"Trzic-Tank2","2026-07-19 22:00","-0.2"
"Trzic-Tank2","2026-07-19 23:00","-0.2"
"Trzic-Tank2","2026-07-20 00:00","-0.2"
"Trzic-Tank2","2026-07-20 01:00",
"Trzic-Tank2","2026-07-20 02:00","-0.2"
"Trzic-Tank2","2026-07-20 03:00","-0.2"
"Trzic-Tank2","2026-07-20 04:00","-0.2"
"Trzic-Tank2","2026-07-20 05:00","-0.2"
"Trzic-Tank2","2026-07-20 06:00","-0.2"
"Trzic-Tank2","2026-07-20 07:00","-0.2"
"Trzic-Tank2","2026-07-20 08:00","-0.2"
"Trzic-Tank2","2026-07-20 09:00","-0.2"
"Trzic-Tank2","2026-07-20 10:00","-0.2"
"Trzic-Tank2","2026-07-20 11:00","-0.2"
"Trzic-Tank2","2026-07-20 12:00","-0.2"
"Trzic-Tank2","2026-07-20 13:00","-0.2"
"Trzic-Tank2","2026-07-20 14:00","-0.2"
"Trzic-Tank2","2026-07-20 15:00","-0.2"
"Trzic-Tank2","2026-07-20 16:00","-0.2"
"Trzic-Tank2","2026-07-20 17:00","-0.2"
"Trzic-Tank2","2026-07-20 18:00","-0.2"
"Trzic-Tank2","2026-07-20 19:00","-0.2"
"Trzic-Tank2","2026-07-20 20:00","-0.2"
"Trzic-Tank2","2026-07-20 21:00","-0.2"
"Trzic-Tank2","2026-07-20 22:00","-0.2"
"Trzic-Tank2","2026-07-20 23:00","-0.2"
"Trzic-Tank2","2026-07-21 00:00","-0.2"
"Trzic-Tank2","2026-07-21 01:00","-0.2"
"Trzic-Tank2","2026-07-21 02:00","-0.2"
"Trzic-Tank2","2026-07-21 03:00","-0.2"
"Trzic-Tank2","2026-07-21 04:00","-0.2"
"Trzic-Tank2","2026-07-21 05:00","-0.2"
"Trzic-Tank2","2026-07-21 06:00","-0.2"
"Trzic-Tank2","2026-07-21 07:00","-0.1"
"Trzic-Tank2","2026-07-21 08:00","-0.1"
"Trzic-Tank2","2026-07-21 09:00","-0.1"
"Trzic-Tank2","2026-07-21 10:00","-0.1"
"Trzic-Tank2","2026-07-21 11:00","-0.1"
"Trzic-Tank2","2026-07-21 12:00","-0.1"
"Trzic-Tank2","2026-07-21 13:00","-0.1"
"Trzic-Tank2","2026-07-21 14:00","-0.1"
"Trzic-Tank2","2026-07-21 15:00","-0.1"
"Trzic-Tank2","2026-07-21 16:00","-0.1"
"Trzic-Tank2","2026-07-21 17:00","-0.1"
"Trzic-Tank2","2026-07-21 18:00","-0.1"
"Trzic-Tank2","2026-07-21 19:00","-0.1"
"Trzic-Tank2","2026-07-21 20:00","-0.1"
"Trzic-Tank2","2026-07-21 21:00","-0.1"
"Trzic-Tank2","2026-07-21 22:00","-0.1"
"Trzic-Tank2","2026-07-21 23:00","-0.1"
"Trzic-Tank2","2026-07-22 00:00","-0.1"
"Trzic-Tank2","2026-07-22 01:00","-0.1"
"Trzic-Tank2","2026-07-22 02:00","-0.1"
"Trzic-Tank2","2026-07-22 03:00","-0.1"
"Trzic-Tank2","2026-07-22 04:00","-0.1"
"Trzic-Tank2","2026-07-22 05:00","-0.1"
"Trzic-Tank2","2026-07-22 06:00","-0.1"
"Trzic-Tank2","2026-07-22 07:00","-0.1"
"Trzic-Tank2","2026-07-22 08:00","-0.1"
"Trzic-Tank2","2026-07-22 09:00","-0.1"
"Trzic-Tank2","2026-07-22 10:00","-0.1"
"Trzic-Tank2","2026-07-22 11:00","-0.1"
"Trzic-Tank2","2026-07-22 12:00","-0.1"
"Trzic-Tank2","2026-07-22 13:00","-0.1"
"Trzic-Tank2","2026-07-22 14:00","-0.1"
"Trzic-Tank2","2026-07-22 15:00","-0.1"
"Trzic-Tank2","2026-07-22 16:00","-0.1"
"Trzic-Tank2","2026-07-22 17:00","-0.1"
"Trzic-Tank2","2026-07-22 18:00","-0.1"
"Trzic-Tank2","2026-07-22 19:00","-0.1"
"Trzic-Tank2","2026-07-22 20:00","-0.1"
"Trzic-Tank2","2026-07-22 21:00","-0.1"
"Trzic-Tank2","2026-07-22 22:00","-0.1"
"Trzic-Tank2","2026-07-22 23:00","-0.1"
"Trzic-Tank2","2026-07-23 00:00","-0.1"
"Trzic-Tank2","2026-07-23 01:00","-0.1"
"Trzic-Tank2","2026-07-23 02:00","-0.1"
"Trzic-Tank2","2026-07-23 03:00","-0.1"
"Trzic-Tank2","2026-07-23 04:00","-0.1"
"Trzic-Tank2","2026-07-23 05:00","-0.1"
"Trzic-Tank2","2026-07-23 06:00","-0.1"
"Trzic-Tank2","2026-07-23 07:00","-0.1"
"Trzic-Tank2","2026-07-23 08:00","-0.1"
"Trzic-Tank2","2026-07-23 09:00","-0.1"
"Trzic-Tank2","2026-07-23 10:00","-0.1"
"Trzic-Tank2","2026-07-23 11:00","-0.1"
"Trzic-Tank2","2026-07-23 12:00","-0.1"
"Trzic-Tank2","2026-07-23 13:00","-0.1"
"Trzic-Tank2","2026-07-23 14:00","-0.1"
"Trzic-Tank2","2026-07-23 15:00","-0.1"
"Trzic-Tank2","2026-07-23 16:00","-0.1"
"Trzic-Tank2","2026-07-23 17:00","-0.1"
"Trzic-Tank2","2026-07-23 18:00","-0.1"
"Trzic-Tank2","2026-07-23 19:00","-0.1"
"Trzic-Tank2","2026-07-23 20:00","-0.1"
"Trzic-Tank2","2026-07-23 21:00","-0.1"
"Trzic-Tank2","2026-07-23 22:00","-0.1"
"Trzic-Tank5","2026-05-27 16:00","-0.1"
"Trzic-Tank5","2026-05-27 17:00","-0.1"
"Trzic-Tank5","2026-05-27 18:00","-0.1"
"Trzic-Tank5","2026-05-27 19:00","-0.1"
"Trzic-Tank5","2026-05-27 20:00","-0.1"
"Trzic-Tank5","2026-05-27 21:00","-0.1"
"Trzic-Tank5","2026-05-27 22:00","-0.1"
"Trzic-Tank5","2026-05-27 23:00","-0.1"
"Trzic-Tank5","2026-05-28 00:00","-0.1"
"Trzic-Tank5","2026-05-28 01:00","-0.1"
"Trzic-Tank5","2026-05-28 02:00","-0.1"
"Trzic-Tank5","2026-05-28 03:00","-0.1"
"Trzic-Tank5","2026-05-28 04:00","-0.1"
"Trzic-Tank5","2026-05-28 05:00","-0.1"
"Trzic-Tank5","2026-05-28 06:00","-0.1"
"Trzic-Tank5","2026-05-28 07:00","-0.1"
"Trzic-Tank5","2026-05-28 08:00","-0.1"
"Trzic-Tank5","2026-05-28 09:00","-0.1"
"Trzic-Tank5","2026-05-28 10:00","-0.1"
"Trzic-Tank5","2026-05-28 11:00","-0.1"
"Trzic-Tank5","2026-05-28 12:00","-0.1"
"Trzic-Tank5","2026-05-28 13:00","-0.1"
"Trzic-Tank5","2026-05-28 14:00","-0.1"
"Trzic-Tank5","2026-05-28 15:00","-0.1"
"Trzic-Tank5","2026-05-28 16:00","-0.1"
"Trzic-Tank5","2026-05-28 17:00","-0.1"
"Trzic-Tank5","2026-05-28 18:00","-0.1"
"Trzic-Tank5","2026-05-28 19:00","-0.1"
"Trzic-Tank5","2026-05-28 20:00","-0.1"
"Trzic-Tank5","2026-05-28 21:00","-0.1"
"Trzic-Tank5","2026-05-28 22:00","-0.1"
"Trzic-Tank5","2026-05-28 23:00","-0.1"
"Trzic-Tank5","2026-05-29 00:00","-0.1"
"Trzic-Tank5","2026-05-29 01:00","-0.1"
"Trzic-Tank5","2026-05-29 02:00","-0.1"
"Trzic-Tank5","2026-05-29 03:00","-0.1"
"Trzic-Tank5","2026-05-29 04:00","-0.1"
"Trzic-Tank5","2026-05-29 05:00","-0.1"
"Trzic-Tank5","2026-05-29 06:00","-0.1"
"Trzic-Tank5","2026-05-29 07:00","-0.1"
"Trzic-Tank5","2026-05-29 08:00","-0.1"
"Trzic-Tank5","2026-05-29 09:00","-0.1"
"Trzic-Tank5","2026-05-29 10:00","-0.1"
"Trzic-Tank5","2026-05-29 11:00","-0.1"
"Trzic-Tank5","2026-05-29 12:00","-0.1"
"Trzic-Tank5","2026-05-29 13:00","-0.1"
"Trzic-Tank5","2026-05-29 14:00","-0.1"
"Trzic-Tank5","2026-05-29 15:00","-0.1"
"Trzic-Tank5","2026-05-29 16:00","-0.1"
"Trzic-Tank5","2026-05-29 17:00","-0.1"
"Trzic-Tank5","2026-05-29 18:00","-0.1"
"Trzic-Tank5","2026-05-29 19:00","-0.1"
"Trzic-Tank5","2026-05-29 20:00","-0.1"
"Trzic-Tank5","2026-05-29 21:00","-0.1"
"Trzic-Tank5","2026-05-29 22:00","-0.1"
"Trzic-Tank5","2026-05-29 23:00","-0.1"
"Trzic-Tank5","2026-05-30 00:00","-0.1"
"Trzic-Tank5","2026-05-30 01:00","-0.1"
"Trzic-Tank5","2026-05-30 02:00","-0.1"
"Trzic-Tank5","2026-05-30 03:00","-0.1"
"Trzic-Tank5","2026-05-30 04:00","-0.1"
"Trzic-Tank5","2026-05-30 05:00","-0.1"
"Trzic-Tank5","2026-05-30 06:00","-0.1"
"Trzic-Tank5","2026-05-30 07:00","-0.1"
"Trzic-Tank5","2026-05-30 08:00","-0.1"
"Trzic-Tank5","2026-05-30 09:00","-0.1"
"Trzic-Tank5","2026-05-30 10:00","-0.1"
"Trzic-Tank5","2026-05-30 11:00","-0.1"
"Trzic-Tank5","2026-05-30 12:00","-0.1"
"Trzic-Tank5","2026-05-30 13:00","-0.1"
"Trzic-Tank5","2026-05-30 14:00","-0.1"
"Trzic-Tank5","2026-05-30 15:00","-0.1"
"Trzic-Tank5","2026-05-30 16:00","-0.1"
"Trzic-Tank5","2026-05-30 17:00","-0.1"
"Trzic-Tank5","2026-05-30 18:00","-0.1"
"Trzic-Tank5","2026-05-30 19:00","-0.1"
"Trzic-Tank5","2026-05-30 20:00","-0.1"
"Trzic-Tank5","2026-05-30 21:00","-0.1"
"Trzic-Tank5","2026-05-30 22:00","-0.1"
"Trzic-Tank5","2026-05-30 23:00","-0.1"
"Trzic-Tank5","2026-05-31 00:00","-0.1"
"Trzic-Tank5","2026-05-31 01:00","-0.1"
"Trzic-Tank5","2026-05-31 02:00","-0.1"
"Trzic-Tank5","2026-05-31 03:00","-0.1"
"Trzic-Tank5","2026-05-31 04:00","-0.1"
"Trzic-Tank5","2026-05-31 05:00","-0.1"
"Trzic-Tank5","2026-05-31 06:00","-0.1"
"Trzic-Tank5","2026-05-31 07:00","-0.1"
"Trzic-Tank5","2026-05-31 08:00","-0.1"
"Trzic-Tank5","2026-05-31 09:00","-0.1"
"Trzic-Tank5","2026-05-31 10:00","-0.1"
"Trzic-Tank5","2026-05-31 11:00","-0.1"
"Trzic-Tank5","2026-05-31 12:00","-0.1"
"Trzic-Tank5","2026-05-31 13:00","-0.1"
"Trzic-Tank5","2026-05-31 14:00","-0.1"
"Trzic-Tank5","2026-05-31 15:00","-0.1"
"Trzic-Tank5","2026-05-31 16:00","-0.1"
"Trzic-Tank5","2026-05-31 17:00","-0.1"
"Trzic-Tank5","2026-05-31 18:00","-0.1"
"Trzic-Tank5","2026-05-31 19:00","-0.1"
"Trzic-Tank5","2026-05-31 20:00","-0.1"
"Trzic-Tank5","2026-05-31 21:00","-0.1"
"Trzic-Tank5","2026-05-31 22:00","-0.1"
"Trzic-Tank5","2026-05-31 23:00","-0.1"
"Trzic-Tank5","2026-06-01 00:00","-0.1"
"Trzic-Tank5","2026-06-01 01:00","-0.1"
"Trzic-Tank5","2026-06-01 02:00","-0.1"
"Trzic-Tank5","2026-06-01 03:00","-0.1"
"Trzic-Tank5","2026-06-01 04:00","-0.1"
"Trzic-Tank5","2026-06-01 05:00","-0.1"
"Trzic-Tank5","2026-06-01 06:00","-0.1"
"Trzic-Tank5","2026-06-01 07:00","-0.1"
"Trzic-Tank5","2026-06-01 08:00","-0.1"
"Trzic-Tank5","2026-06-01 09:00","-0.1"
"Trzic-Tank5","2026-06-01 10:00","-0.1"
"Trzic-Tank5","2026-06-01 11:00","-0.1"
"Trzic-Tank5","2026-06-01 12:00","-0.1"
"Trzic-Tank5","2026-06-01 13:00","-0.1"
"Trzic-Tank5","2026-06-01 14:00","-0.1"
"Trzic-Tank5","2026-06-01 15:00","-0.1"
"Trzic-Tank5","2026-06-01 16:00","-0.1"
"Trzic-Tank5","2026-06-01 17:00","-0.1"
"Trzic-Tank5","2026-06-01 18:00","-0.1"
"Trzic-Tank5","2026-06-01 19:00","-0.1"
"Trzic-Tank5","2026-06-01 20:00","-0.1"
"Trzic-Tank5","2026-06-01 21:00","-0.1"
"Trzic-Tank5","2026-06-01 22:00","-0.1"
"Trzic-Tank5","2026-06-01 23:00","-0.1"
"Trzic-Tank5","2026-06-02 00:00","-0.1"
"Trzic-Tank5","2026-06-02 01:00","-0.1"
"Trzic-Tank5","2026-06-02 02:00","-0.1"
"Trzic-Tank5","2026-06-02 03:00","-0.1"
"Trzic-Tank5","2026-06-02 04:00","-0.1"
"Trzic-Tank5","2026-06-02 05:00","-0.1"
"Trzic-Tank5","2026-06-02 06:00","-0.1"
"Trzic-Tank5","2026-06-02 07:00","-0.1"
"Trzic-Tank5","2026-06-02 08:00","-0.1"
"Trzic-Tank5","2026-06-02 09:00","-0.1"
"Trzic-Tank5","2026-06-02 10:00","-0.1"
"Trzic-Tank5","2026-06-02 11:00","-0.1"
"Trzic-Tank5","2026-06-02 12:00","-0.1"
"Trzic-Tank5","2026-06-02 13:00","-0.1"
"Trzic-Tank5","2026-06-02 14:00","-0.1"
"Trzic-Tank5","2026-06-02 15:00","-0.1"
"Trzic-Tank5","2026-06-02 16:00","-0.1"
"Trzic-Tank5","2026-06-02 17:00","-0.1"
"Trzic-Tank5","2026-06-02 18:00","-0.1"
"Trzic-Tank5","2026-06-02 19:00","-0.1"
"Trzic-Tank5","2026-06-02 20:00","-0.1"
"Trzic-Tank5","2026-06-02 21:00","-0.1"
"Trzic-Tank5","2026-06-02 22:00","-0.1"
"Trzic-Tank5","2026-06-02 23:00","-0.1"
"Trzic-Tank5","2026-06-03 00:00","-0.1"
"Trzic-Tank5","2026-06-03 01:00","-0.1"
"Trzic-Tank5","2026-06-03 02:00","-0.1"
"Trzic-Tank5","2026-06-03 03:00","-0.1"
"Trzic-Tank5","2026-06-03 04:00","-0.1"
"Trzic-Tank5","2026-06-03 05:00","-0.1"
"Trzic-Tank5","2026-06-03 06:00","-0.1"
"Trzic-Tank5","2026-06-03 07:00","-0.1"
"Trzic-Tank5","2026-06-03 08:00","-0.1"
"Trzic-Tank5","2026-06-03 09:00","-0.1"
"Trzic-Tank5","2026-06-03 10:00","-0.1"
"Trzic-Tank5","2026-06-03 11:00","-0.1"
"Trzic-Tank5","2026-06-03 12:00","-0.1"
"Trzic-Tank5","2026-06-03 13:00","-0.1"
"Trzic-Tank5","2026-06-03 14:00","-0.1"
"Trzic-Tank5","2026-06-03 15:00","-0.1"
"Trzic-Tank5","2026-06-03 16:00","-0.1"
"Trzic-Tank5","2026-06-03 17:00","-0.1"
"Trzic-Tank5","2026-06-03 18:00","-0.1"
"Trzic-Tank5","2026-06-03 19:00","-0.1"
"Trzic-Tank5","2026-06-03 20:00","-0.1"
"Trzic-Tank5","2026-06-03 21:00","-0.1"
"Trzic-Tank5","2026-06-03 22:00","-0.1"
"Trzic-Tank5","2026-06-03 23:00","-0.1"
"Trzic-Tank5","2026-06-04 00:00","-0.1"
"Trzic-Tank5","2026-06-04 01:00","-0.1"
"Trzic-Tank5","2026-06-04 02:00","-0.1"
"Trzic-Tank5","2026-06-04 03:00","-0.1"
"Trzic-Tank5","2026-06-04 04:00","-0.1"
"Trzic-Tank5","2026-06-04 05:00","-0.1"
"Trzic-Tank5","2026-06-04 06:00","-0.1"
"Trzic-Tank5","2026-06-04 07:00","-0.1"
"Trzic-Tank5","2026-06-04 08:00","-0.1"
"Trzic-Tank5","2026-06-04 09:00","-0.1"
"Trzic-Tank5","2026-06-04 10:00","-0.1"
"Trzic-Tank5","2026-06-04 11:00","-0.1"
"Trzic-Tank5","2026-06-04 12:00","-0.1"
"Trzic-Tank5","2026-06-04 13:00","-0.1"
"Trzic-Tank5","2026-06-04 14:00","-0.1"
"Trzic-Tank5","2026-06-04 15:00","-0.1"
"Trzic-Tank5","2026-06-04 16:00","-0.1"
"Trzic-Tank5","2026-06-04 17:00","-0.1"
"Trzic-Tank5","2026-06-04 18:00","-0.1"
"Trzic-Tank5","2026-06-04 19:00","-0.1"
"Trzic-Tank5","2026-06-04 20:00","-0.1"
"Trzic-Tank5","2026-06-04 21:00","-0.1"
"Trzic-Tank5","2026-06-04 22:00","-0.1"
"Trzic-Tank5","2026-06-04 23:00","-0.1"
"Trzic-Tank5","2026-06-05 00:00","-0.1"
"Trzic-Tank5","2026-06-05 01:00","-0.1"
"Trzic-Tank5","2026-06-05 02:00","-0.1"
"Trzic-Tank5","2026-06-05 03:00","-0.1"
"Trzic-Tank5","2026-06-05 04:00","-0.1"
"Trzic-Tank5","2026-06-05 05:00","-0.1"
"Trzic-Tank5","2026-06-05 06:00","-0.1"
"Trzic-Tank5","2026-06-05 07:00","-0.1"
"Trzic-Tank5","2026-06-05 08:00","-0.1"
"Trzic-Tank5","2026-06-05 09:00","-0.1"
"Trzic-Tank5","2026-06-05 10:00","-0.1"
"Trzic-Tank5","2026-06-05 11:00","-0.1"
"Trzic-Tank5","2026-06-05 12:00","-0.1"
"Trzic-Tank5","2026-06-05 13:00","-0.1"
"Trzic-Tank5","2026-06-05 14:00","-0.1"
"Trzic-Tank5","2026-06-05 15:00","-0.1"
"Trzic-Tank5","2026-06-05 16:00","-0.1"
"Trzic-Tank5","2026-06-05 17:00","-0.1"
"Trzic-Tank5","2026-06-05 18:00","-0.1"
"Trzic-Tank5","2026-06-05 19:00","-0.1"
"Trzic-Tank5","2026-06-05 20:00","-0.1"
"Trzic-Tank5","2026-06-05 21:00","-0.1"
"Trzic-Tank5","2026-06-05 22:00","-0.1"
"Trzic-Tank5","2026-06-05 23:00","-0.1"
"Trzic-Tank5","2026-06-06 00:00","-0.1"
"Trzic-Tank5","2026-06-06 01:00","-0.1"
"Trzic-Tank5","2026-06-06 02:00","-0.1"
"Trzic-Tank5","2026-06-06 03:00","-0.1"
"Trzic-Tank5","2026-06-06 04:00","-0.1"
"Trzic-Tank5","2026-06-06 05:00","-0.1"
"Trzic-Tank5","2026-06-06 06:00","-0.1"
"Trzic-Tank5","2026-06-06 07:00","-0.1"
"Trzic-Tank5","2026-06-06 08:00","-0.1"
"Trzic-Tank5","2026-06-06 09:00","-0.1"
"Trzic-Tank5","2026-06-06 10:00","-0.1"
"Trzic-Tank5","2026-06-06 11:00","-0.1"
"Trzic-Tank5","2026-06-06 12:00","-0.1"
"Trzic-Tank5","2026-06-06 13:00","-0.1"
"Trzic-Tank5","2026-06-06 14:00","-0.1"
"Trzic-Tank5","2026-06-06 15:00","-0.1"
"Trzic-Tank5","2026-06-06 16:00","-0.1"
"Trzic-Tank5","2026-06-06 17:00","-0.1"
"Trzic-Tank5","2026-06-06 18:00","-0.1"
"Trzic-Tank5","2026-06-06 19:00","-0.1"
"Trzic-Tank5","2026-06-06 20:00","-0.1"
"Trzic-Tank5","2026-06-06 21:00","-0.1"
"Trzic-Tank5","2026-06-06 22:00","-0.1"
"Trzic-Tank5","2026-06-06 23:00","-0.1"
"Trzic-Tank5","2026-06-07 00:00","-0.1"
"Trzic-Tank5","2026-06-07 01:00","-0.1"
"Trzic-Tank5","2026-06-07 02:00","-0.1"
"Trzic-Tank5","2026-06-07 03:00","-0.1"
"Trzic-Tank5","2026-06-07 04:00","-0.1"
"Trzic-Tank5","2026-06-07 05:00","-0.1"
"Trzic-Tank5","2026-06-07 06:00","-0.1"
"Trzic-Tank5","2026-06-07 07:00","-0.1"
"Trzic-Tank5","2026-06-07 08:00","-0.1"
"Trzic-Tank5","2026-06-07 09:00","-0.1"
"Trzic-Tank5","2026-06-07 10:00","-0.1"
"Trzic-Tank5","2026-06-07 11:00","-0.1"
"Trzic-Tank5","2026-06-07 12:00","-0.1"
"Trzic-Tank5","2026-06-07 13:00","-0.1"
"Trzic-Tank5","2026-06-07 14:00","-0.1"
"Trzic-Tank5","2026-06-07 15:00","-0.1"
"Trzic-Tank5","2026-06-07 16:00","-0.1"
"Trzic-Tank5","2026-06-07 17:00","-0.1"
"Trzic-Tank5","2026-06-07 18:00","-0.1"
"Trzic-Tank5","2026-06-07 19:00","-0.1"
"Trzic-Tank5","2026-06-07 20:00","-0.1"
"Trzic-Tank5","2026-06-07 21:00","-0.1"
"Trzic-Tank5","2026-06-07 22:00","-0.1"
"Trzic-Tank5","2026-06-07 23:00","-0.1"
"Trzic-Tank5","2026-06-08 00:00","-0.1"
"Trzic-Tank5","2026-06-08 01:00","-0.1"
"Trzic-Tank5","2026-06-08 02:00","-0.1"
"Trzic-Tank5","2026-06-08 03:00","-0.1"
"Trzic-Tank5","2026-06-08 04:00","-0.1"
"Trzic-Tank5","2026-06-08 05:00","-0.1"
"Trzic-Tank5","2026-06-08 06:00","-0.1"
"Trzic-Tank5","2026-06-08 07:00","-0.1"
"Trzic-Tank5","2026-06-08 08:00","-0.1"
"Trzic-Tank5","2026-06-08 09:00","-0.1"
"Trzic-Tank5","2026-06-08 10:00","-0.1"
"Trzic-Tank5","2026-06-08 11:00","-0.1"
"Trzic-Tank5","2026-06-08 12:00","-0.1"
"Trzic-Tank5","2026-06-08 13:00","-0.1"
"Trzic-Tank5","2026-06-08 14:00","-0.1"
"Trzic-Tank5","2026-06-08 15:00","-0.1"
"Trzic-Tank5","2026-06-08 16:00","-0.1"
"Trzic-Tank5","2026-06-08 17:00","-0.1"
"Trzic-Tank5","2026-06-08 18:00","-0.1"
"Trzic-Tank5","2026-06-08 19:00","-0.1"
"Trzic-Tank5","2026-06-08 20:00","-0.1"
"Trzic-Tank5","2026-06-08 21:00","-0.1"
"Trzic-Tank5","2026-06-08 22:00","-0.1"
"Trzic-Tank5","2026-06-08 23:00","-0.1"
"Trzic-Tank5","2026-06-09 00:00","-0.1"
"Trzic-Tank5","2026-06-09 01:00","-0.1"
"Trzic-Tank5","2026-06-09 02:00","-0.1"
"Trzic-Tank5","2026-06-09 03:00","-0.1"
"Trzic-Tank5","2026-06-09 04:00","-0.1"
"Trzic-Tank5","2026-06-09 05:00","-0.1"
"Trzic-Tank5","2026-06-09 06:00","-0.1"
"Trzic-Tank5","2026-06-09 07:00","-0.1"
"Trzic-Tank5","2026-06-09 08:00","-0.1"
"Trzic-Tank5","2026-06-09 09:00","-0.1"
"Trzic-Tank5","2026-06-09 10:00","-0.1"
"Trzic-Tank5","2026-06-09 11:00","-0.1"
"Trzic-Tank5","2026-06-09 12:00","-0.1"
"Trzic-Tank5","2026-06-09 13:00","-0.1"
"Trzic-Tank5","2026-06-09 14:00","-0.1"
"Trzic-Tank5","2026-06-09 15:00","-0.1"
"Trzic-Tank5","2026-06-09 16:00","-0.1"
"Trzic-Tank5","2026-06-09 17:00","-0.1"
"Trzic-Tank5","2026-06-09 18:00","-0.1"
"Trzic-Tank5","2026-06-09 19:00","-0.1"
"Trzic-Tank5","2026-06-09 20:00","-0.1"
"Trzic-Tank5","2026-06-09 21:00","-0.1"
"Trzic-Tank5","2026-06-09 22:00","-0.1"
"Trzic-Tank5","2026-06-09 23:00","-0.1"
"Trzic-Tank5","2026-06-10 00:00","-0.1"
"Trzic-Tank5","2026-06-10 01:00","-0.1"
"Trzic-Tank5","2026-06-10 02:00","-0.1"
"Trzic-Tank5","2026-06-10 03:00","-0.1"
"Trzic-Tank5","2026-06-10 04:00","-0.1"
"Trzic-Tank5","2026-06-10 05:00","-0.1"
"Trzic-Tank5","2026-06-10 06:00","-0.1"
"Trzic-Tank5","2026-06-10 07:00","-0.1"
"Trzic-Tank5","2026-06-10 08:00","-0.1"
"Trzic-Tank5","2026-06-10 09:00","-0.1"
"Trzic-Tank5","2026-06-10 10:00","-0.1"
"Trzic-Tank5","2026-06-10 11:00","-0.1"
"Trzic-Tank5","2026-06-10 12:00","-0.1"
"Trzic-Tank5","2026-06-10 13:00","-0.1"
"Trzic-Tank5","2026-06-10 14:00","-0.1"
"Trzic-Tank5","2026-06-10 15:00","-0.1"
"Trzic-Tank5","2026-06-10 16:00","-0.1"
"Trzic-Tank5","2026-06-10 17:00","-0.1"
"Trzic-Tank5","2026-06-10 18:00","-0.1"
"Trzic-Tank5","2026-06-10 19:00","-0.1"
"Trzic-Tank5","2026-06-10 20:00","-0.1"
"Trzic-Tank5","2026-06-10 21:00","-0.1"
"Trzic-Tank5","2026-06-10 22:00","-0.1"
"Trzic-Tank5","2026-06-10 23:00","-0.1"
"Trzic-Tank5","2026-06-11 00:00","-0.1"
"Trzic-Tank5","2026-06-11 01:00","-0.1"
"Trzic-Tank5","2026-06-11 02:00","-0.1"
"Trzic-Tank5","2026-06-11 03:00","-0.1"
"Trzic-Tank5","2026-06-11 04:00","-0.1"
"Trzic-Tank5","2026-06-11 05:00","-0.1"
"Trzic-Tank5","2026-06-11 06:00","-0.1"
"Trzic-Tank5","2026-06-11 07:00","-0.1"
"Trzic-Tank5","2026-06-11 08:00","-0.1"
"Trzic-Tank5","2026-06-11 09:00","-0.1"
"Trzic-Tank5","2026-06-11 10:00","-0.1"
"Trzic-Tank5","2026-06-11 11:00","-0.1"
"Trzic-Tank5","2026-06-11 12:00","-0.1"
"Trzic-Tank5","2026-06-11 13:00","-0.1"
"Trzic-Tank5","2026-06-11 14:00","-0.1"
"Trzic-Tank5","2026-06-11 15:00","-0.1"
"Trzic-Tank5","2026-06-11 16:00","-0.1"
"Trzic-Tank5","2026-06-11 17:00","-0.1"
"Trzic-Tank5","2026-06-11 18:00","-0.1"
"Trzic-Tank5","2026-06-11 19:00","-0.1"
"Trzic-Tank5","2026-06-11 20:00","-0.1"
"Trzic-Tank5","2026-06-11 21:00","-0.1"
"Trzic-Tank5","2026-06-11 22:00","-0.1"
"Trzic-Tank5","2026-06-11 23:00","-0.1"
"Trzic-Tank5","2026-06-12 00:00","-0.1"
"Trzic-Tank5","2026-06-12 01:00","-0.1"
"Trzic-Tank5","2026-06-12 02:00","-0.1"
"Trzic-Tank5","2026-06-12 03:00","-0.1"
"Trzic-Tank5","2026-06-12 04:00","-0.1"
"Trzic-Tank5","2026-06-12 05:00","-0.1"
"Trzic-Tank5","2026-06-12 06:00","-0.1"
"Trzic-Tank5","2026-06-12 07:00","-0.1"
"Trzic-Tank5","2026-06-12 08:00","-0.1"
"Trzic-Tank5","2026-06-12 09:00","-0.1"
"Trzic-Tank5","2026-06-12 10:00","-0.1"
"Trzic-Tank5","2026-06-12 11:00","-0.1"
"Trzic-Tank5","2026-06-12 12:00","-0.1"
"Trzic-Tank5","2026-06-12 13:00","-0.1"
"Trzic-Tank5","2026-06-12 14:00","-0.1"
"Trzic-Tank5","2026-06-12 15:00","-0.1"
"Trzic-Tank5","2026-06-12 16:00","-0.1"
"Trzic-Tank5","2026-06-12 17:00","-0.1"
"Trzic-Tank5","2026-06-12 18:00","-0.1"
"Trzic-Tank5","2026-06-12 19:00","-0.1"
"Trzic-Tank5","2026-06-12 20:00","-0.1"
"Trzic-Tank5","2026-06-12 21:00","-0.1"
"Trzic-Tank5","2026-06-12 22:00","-0.1"
"Trzic-Tank5","2026-06-12 23:00","-0.1"
"Trzic-Tank5","2026-06-13 00:00","-0.1"
"Trzic-Tank5","2026-06-13 01:00","-0.1"
"Trzic-Tank5","2026-06-13 02:00","-0.1"
"Trzic-Tank5","2026-06-13 03:00","-0.1"
"Trzic-Tank5","2026-06-13 04:00","-0.1"
"Trzic-Tank5","2026-06-13 05:00","-0.1"
"Trzic-Tank5","2026-06-13 06:00","-0.1"
"Trzic-Tank5","2026-06-13 07:00","-0.1"
"Trzic-Tank5","2026-06-13 08:00","-0.1"
"Trzic-Tank5","2026-06-13 09:00","-0.1"
"Trzic-Tank5","2026-06-13 10:00","-0.1"
"Trzic-Tank5","2026-06-13 11:00","-0.1"
"Trzic-Tank5","2026-06-13 12:00","-0.1"
"Trzic-Tank5","2026-06-13 13:00","-0.1"
"Trzic-Tank5","2026-06-13 14:00","-0.1"
"Trzic-Tank5","2026-06-13 15:00","-0.1"
"Trzic-Tank5","2026-06-13 16:00","-0.1"
"Trzic-Tank5","2026-06-13 17:00","-0.1"
"Trzic-Tank5","2026-06-13 18:00","-0.1"
"Trzic-Tank5","2026-06-13 19:00","-0.1"
"Trzic-Tank5","2026-06-13 20:00","-0.1"
"Trzic-Tank5","2026-06-13 21:00","-0.1"
"Trzic-Tank5","2026-06-13 22:00","-0.1"
"Trzic-Tank5","2026-06-13 23:00","-0.1"
"Trzic-Tank5","2026-06-14 00:00","-0.1"
"Trzic-Tank5","2026-06-14 01:00","-0.1"
"Trzic-Tank5","2026-06-14 02:00","-0.1"
"Trzic-Tank5","2026-06-14 03:00","-0.1"
"Trzic-Tank5","2026-06-14 04:00","-0.1"
"Trzic-Tank5","2026-06-14 05:00","-0.1"
"Trzic-Tank5","2026-06-14 06:00","-0.1"
"Trzic-Tank5","2026-06-14 07:00","-0.1"
"Trzic-Tank5","2026-06-14 08:00","-0.1"
"Trzic-Tank5","2026-06-14 09:00","-0.1"
"Trzic-Tank5","2026-06-14 10:00","-0.1"
"Trzic-Tank5","2026-06-14 11:00","-0.1"
"Trzic-Tank5","2026-06-14 12:00","-0.1"
"Trzic-Tank5","2026-06-14 13:00","-0.1"
"Trzic-Tank5","2026-06-14 14:00","-0.1"
"Trzic-Tank5","2026-06-14 15:00","-0.1"
"Trzic-Tank5","2026-06-14 16:00","-0.1"
"Trzic-Tank5","2026-06-14 17:00","-0.1"
"Trzic-Tank5","2026-06-14 18:00","-0.1"
"Trzic-Tank5","2026-06-14 19:00","-0.1"
"Trzic-Tank5","2026-06-14 20:00","-0.1"
"Trzic-Tank5","2026-06-14 21:00","-0.1"
"Trzic-Tank5","2026-06-14 22:00","-0.1"
"Trzic-Tank5","2026-06-14 23:00","-0.1"
"Trzic-Tank5","2026-06-15 00:00","-0.1"
"Trzic-Tank5","2026-06-15 01:00","-0.1"
"Trzic-Tank5","2026-06-15 02:00","-0.1"
"Trzic-Tank5","2026-06-15 03:00","-0.1"
"Trzic-Tank5","2026-06-15 04:00","-0.1"
"Trzic-Tank5","2026-06-15 05:00","-0.1"
"Trzic-Tank5","2026-06-15 06:00","-0.1"
"Trzic-Tank5","2026-06-15 07:00","-0.1"
"Trzic-Tank5","2026-06-15 08:00","-0.1"
"Trzic-Tank5","2026-06-15 09:00","-0.1"
"Trzic-Tank5","2026-06-15 10:00","-0.1"
"Trzic-Tank5","2026-06-15 11:00","-0.1"
"Trzic-Tank5","2026-06-15 12:00","-0.1"
"Trzic-Tank5","2026-06-15 13:00","-0.1"
"Trzic-Tank5","2026-06-15 14:00","-0.1"
"Trzic-Tank5","2026-06-15 15:00","-0.1"
"Trzic-Tank5","2026-06-15 16:00","-0.1"
"Trzic-Tank5","2026-06-15 17:00","-0.1"
"Trzic-Tank5","2026-06-15 18:00","-0.1"
"Trzic-Tank5","2026-06-15 19:00","-0.1"
"Trzic-Tank5","2026-06-15 20:00","-0.1"
"Trzic-Tank5","2026-06-15 21:00","-0.1"
"Trzic-Tank5","2026-06-15 22:00","-0.1"
"Trzic-Tank5","2026-06-15 23:00","-0.1"
"Trzic-Tank5","2026-06-16 00:00","-0.1"
"Trzic-Tank5","2026-06-16 01:00","-0.1"
"Trzic-Tank5","2026-06-16 02:00","-0.1"
"Trzic-Tank5","2026-06-16 03:00","-0.1"
"Trzic-Tank5","2026-06-16 04:00","-0.1"
"Trzic-Tank5","2026-06-16 05:00","-0.1"
"Trzic-Tank5","2026-06-16 06:00","-0.1"
"Trzic-Tank5","2026-06-16 07:00","-0.1"
"Trzic-Tank5","2026-06-16 08:00","-0.1"
"Trzic-Tank5","2026-06-16 09:00","-0.1"
"Trzic-Tank5","2026-06-16 10:00","-0.1"
"Trzic-Tank5","2026-06-16 11:00","-0.1"
"Trzic-Tank5","2026-06-16 12:00","-0.1"
"Trzic-Tank5","2026-06-16 13:00","-0.1"
"Trzic-Tank5","2026-06-16 14:00","-0.1"
"Trzic-Tank5","2026-06-16 15:00","-0.1"
"Trzic-Tank5","2026-06-16 16:00","-0.1"
"Trzic-Tank5","2026-06-16 17:00","-0.1"
"Trzic-Tank5","2026-06-16 18:00","-0.1"
"Trzic-Tank5","2026-06-16 19:00","-0.1"
"Trzic-Tank5","2026-06-16 20:00","-0.1"
"Trzic-Tank5","2026-06-16 21:00","-0.1"
"Trzic-Tank5","2026-06-16 22:00","-0.1"
"Trzic-Tank5","2026-06-16 23:00","-0.1"
"Trzic-Tank5","2026-06-17 00:00","-0.1"
"Trzic-Tank5","2026-06-17 01:00","-0.1"
"Trzic-Tank5","2026-06-17 02:00","-0.1"
"Trzic-Tank5","2026-06-17 03:00","-0.1"
"Trzic-Tank5","2026-06-17 04:00","-0.1"
"Trzic-Tank5","2026-06-17 05:00","-0.1"
"Trzic-Tank5","2026-06-17 06:00","-0.1"
"Trzic-Tank5","2026-06-17 07:00","-0.1"
"Trzic-Tank5","2026-06-17 08:00","-0.1"
"Trzic-Tank5","2026-06-17 09:00","-0.1"
"Trzic-Tank5","2026-06-17 10:00","-0.1"
"Trzic-Tank5","2026-06-17 11:00","-0.1"
"Trzic-Tank5","2026-06-17 12:00","-0.1"
"Trzic-Tank5","2026-06-17 13:00","-0.1"
"Trzic-Tank5","2026-06-17 14:00","-0.1"
"Trzic-Tank5","2026-06-17 15:00","-0.1"
"Trzic-Tank5","2026-06-17 16:00","-0.1"
"Trzic-Tank5","2026-06-17 17:00","-0.1"
"Trzic-Tank5","2026-06-17 18:00","-0.1"
"Trzic-Tank5","2026-06-17 19:00","-0.1"
"Trzic-Tank5","2026-06-17 20:00","-0.1"
"Trzic-Tank5","2026-06-17 21:00","-0.1"
"Trzic-Tank5","2026-06-17 22:00","-0.1"
"Trzic-Tank5","2026-06-17 23:00","-0.1"
"Trzic-Tank5","2026-06-18 00:00","-0.1"
"Trzic-Tank5","2026-06-18 01:00","-0.1"
"Trzic-Tank5","2026-06-18 02:00","-0.1"
"Trzic-Tank5","2026-06-18 03:00","-0.1"
"Trzic-Tank5","2026-06-18 04:00","-0.1"
"Trzic-Tank5","2026-06-18 05:00","-0.1"
"Trzic-Tank5","2026-06-18 06:00","-0.1"
"Trzic-Tank5","2026-06-18 07:00","-0.1"
"Trzic-Tank5","2026-06-18 08:00","-0.1"
"Trzic-Tank5","2026-06-18 09:00","-0.1"
"Trzic-Tank5","2026-06-18 10:00","-0.1"
"Trzic-Tank5","2026-06-18 11:00","-0.1"
"Trzic-Tank5","2026-06-18 12:00","-0.1"
"Trzic-Tank5","2026-06-18 13:00","-0.1"
"Trzic-Tank5","2026-06-18 14:00","-0.1"
"Trzic-Tank5","2026-06-18 15:00","-0.1"
"Trzic-Tank5","2026-06-18 16:00","-0.1"
"Trzic-Tank5","2026-06-18 17:00","-0.1"
"Trzic-Tank5","2026-06-18 18:00","-0.1"
"Trzic-Tank5","2026-06-18 19:00","-0.1"
"Trzic-Tank5","2026-06-18 20:00","-0.1"
"Trzic-Tank5","2026-06-18 21:00","-0.1"
"Trzic-Tank5","2026-06-18 22:00","-0.1"
"Trzic-Tank5","2026-06-18 23:00","-0.1"
"Trzic-Tank5","2026-06-19 00:00","-0.1"
"Trzic-Tank5","2026-06-19 01:00","-0.1"
"Trzic-Tank5","2026-06-19 02:00","-0.1"
"Trzic-Tank5","2026-06-19 03:00","-0.1"
"Trzic-Tank5","2026-06-19 04:00","-0.1"
"Trzic-Tank5","2026-06-19 05:00","-0.1"
"Trzic-Tank5","2026-06-19 06:00","-0.1"
"Trzic-Tank5","2026-06-19 07:00","-0.1"
"Trzic-Tank5","2026-06-19 08:00","-0.1"
"Trzic-Tank5","2026-06-19 09:00","-0.1"
"Trzic-Tank5","2026-06-19 10:00","-0.1"
"Trzic-Tank5","2026-06-19 11:00","-0.1"
"Trzic-Tank5","2026-06-19 12:00","-0.1"
"Trzic-Tank5","2026-06-19 13:00","-0.1"
"Trzic-Tank5","2026-06-19 14:00","-0.1"
"Trzic-Tank5","2026-06-19 15:00","-0.1"
"Trzic-Tank5","2026-06-19 16:00","-0.1"
"Trzic-Tank5","2026-06-19 17:00","-0.1"
"Trzic-Tank5","2026-06-19 18:00","-0.1"
"Trzic-Tank5","2026-06-19 19:00","-0.1"
"Trzic-Tank5","2026-06-19 20:00","-0.1"
"Trzic-Tank5","2026-06-19 21:00","-0.1"
"Trzic-Tank5","2026-06-19 22:00","-0.1"
"Trzic-Tank5","2026-06-19 23:00","-0.1"
"Trzic-Tank5","2026-06-20 00:00","-0.1"
"Trzic-Tank5","2026-06-20 01:00","-0.1"
"Trzic-Tank5","2026-06-20 02:00","-0.1"
"Trzic-Tank5","2026-06-20 03:00","-0.1"
"Trzic-Tank5","2026-06-20 04:00","-0.1"
"Trzic-Tank5","2026-06-20 05:00","-0.1"
"Trzic-Tank5","2026-06-20 06:00","-0.1"
"Trzic-Tank5","2026-06-20 07:00","-0.1"
"Trzic-Tank5","2026-06-20 08:00","-0.1"
"Trzic-Tank5","2026-06-20 09:00","-0.1"
"Trzic-Tank5","2026-06-20 10:00","-0.1"
"Trzic-Tank5","2026-06-20 11:00","-0.1"
"Trzic-Tank5","2026-06-20 12:00","-0.1"
"Trzic-Tank5","2026-06-20 13:00","-0.1"
"Trzic-Tank5","2026-06-20 14:00","-0.1"
"Trzic-Tank5","2026-06-20 15:00","-0.1"
"Trzic-Tank5","2026-06-20 16:00","-0.1"
"Trzic-Tank5","2026-06-20 17:00","-0.1"
"Trzic-Tank5","2026-06-20 18:00","-0.1"
"Trzic-Tank5","2026-06-20 19:00","-0.1"
"Trzic-Tank5","2026-06-20 20:00","-0.1"
"Trzic-Tank5","2026-06-20 21:00","-0.1"
"Trzic-Tank5","2026-06-20 22:00","-0.1"
"Trzic-Tank5","2026-06-20 23:00","-0.1"
"Trzic-Tank5","2026-06-21 00:00","-0.1"
"Trzic-Tank5","2026-06-21 01:00","-0.1"
"Trzic-Tank5","2026-06-21 02:00","-0.1"
"Trzic-Tank5","2026-06-21 03:00","-0.1"
"Trzic-Tank5","2026-06-21 04:00","-0.1"
"Trzic-Tank5","2026-06-21 05:00","-0.1"
"Trzic-Tank5","2026-06-21 06:00","-0.1"
"Trzic-Tank5","2026-06-21 07:00","-0.1"
"Trzic-Tank5","2026-06-21 08:00","-0.1"
"Trzic-Tank5","2026-06-21 09:00","-0.1"
"Trzic-Tank5","2026-06-21 10:00","-0.1"
"Trzic-Tank5","2026-06-21 11:00","-0.1"
"Trzic-Tank5","2026-06-21 12:00","-0.1"
"Trzic-Tank5","2026-06-21 13:00","-0.1"
"Trzic-Tank5","2026-06-21 14:00","-0.1"
"Trzic-Tank5","2026-06-21 15:00","-0.1"
"Trzic-Tank5","2026-06-21 16:00","-0.1"
"Trzic-Tank5","2026-06-21 17:00","-0.1"
"Trzic-Tank5","2026-06-21 18:00","-0.1"
"Trzic-Tank5","2026-06-21 19:00","-0.1"
"Trzic-Tank5","2026-06-21 20:00","-0.1"
"Trzic-Tank5","2026-06-21 21:00","-0.1"
"Trzic-Tank5","2026-06-21 22:00","-0.1"
"Trzic-Tank5","2026-06-21 23:00","-0.1"
"Trzic-Tank5","2026-06-22 00:00","-0.1"
"Trzic-Tank5","2026-06-22 01:00","-0.1"
"Trzic-Tank5","2026-06-22 02:00","-0.1"
"Trzic-Tank5","2026-06-22 03:00","-0.1"
"Trzic-Tank5","2026-06-22 04:00","-0.1"
"Trzic-Tank5","2026-06-22 05:00","-0.1"
"Trzic-Tank5","2026-06-22 06:00","-0.1"
"Trzic-Tank5","2026-06-22 07:00","-0.1"
"Trzic-Tank5","2026-06-22 08:00","-0.1"
"Trzic-Tank5","2026-06-22 09:00","-0.1"
"Trzic-Tank5","2026-06-22 10:00","-0.1"
"Trzic-Tank5","2026-06-22 11:00","-0.1"
"Trzic-Tank5","2026-06-22 12:00","-0.1"
"Trzic-Tank5","2026-06-22 13:00","-0.1"
"Trzic-Tank5","2026-06-22 14:00","-0.1"
"Trzic-Tank5","2026-06-22 15:00","-0.1"
"Trzic-Tank5","2026-06-22 16:00","-0.1"
"Trzic-Tank5","2026-06-22 17:00","-0.1"
"Trzic-Tank5","2026-06-22 18:00","-0.1"
"Trzic-Tank5","2026-06-22 19:00","-0.1"
"Trzic-Tank5","2026-06-22 20:00","-0.1"
"Trzic-Tank5","2026-06-22 21:00","-0.1"
"Trzic-Tank5","2026-06-22 22:00","-0.1"
"Trzic-Tank5","2026-06-22 23:00","-0.1"
"Trzic-Tank5","2026-06-23 00:00","-0.1"
"Trzic-Tank5","2026-06-23 01:00","-0.1"
"Trzic-Tank5","2026-06-23 02:00","-0.1"
"Trzic-Tank5","2026-06-23 03:00","-0.1"
"Trzic-Tank5","2026-06-23 04:00","-0.1"
"Trzic-Tank5","2026-06-23 05:00","-0.1"
"Trzic-Tank5","2026-06-23 06:00","-0.1"
"Trzic-Tank5","2026-06-23 07:00","-0.1"
"Trzic-Tank5","2026-06-23 08:00","-0.1"
"Trzic-Tank5","2026-06-23 09:00","-0.1"
"Trzic-Tank5","2026-06-23 10:00","-0.1"
"Trzic-Tank5","2026-06-23 11:00","-0.1"
"Trzic-Tank5","2026-06-23 12:00","-0.1"
"Trzic-Tank5","2026-06-23 13:00","-0.1"
"Trzic-Tank5","2026-06-23 14:00","-0.1"
"Trzic-Tank5","2026-06-23 15:00","-0.1"
"Trzic-Tank5","2026-06-23 16:00","-0.1"
"Trzic-Tank5","2026-06-23 17:00","-0.1"
"Trzic-Tank5","2026-06-23 18:00","-0.1"
"Trzic-Tank5","2026-06-23 19:00","-0.1"
"Trzic-Tank5","2026-06-23 20:00","-0.1"
"Trzic-Tank5","2026-06-23 21:00","-0.1"
"Trzic-Tank5","2026-06-23 22:00","-0.1"
"Trzic-Tank5","2026-06-23 23:00","-0.1"
"Trzic-Tank5","2026-06-24 00:00","-0.1"
"Trzic-Tank5","2026-06-24 01:00","-0.1"
"Trzic-Tank5","2026-06-24 02:00","-0.1"
"Trzic-Tank5","2026-06-24 03:00","-0.1"
"Trzic-Tank5","2026-06-24 04:00","-0.1"
"Trzic-Tank5","2026-06-24 05:00","-0.1"
"Trzic-Tank5","2026-06-24 06:00","-0.1"
"Trzic-Tank5","2026-06-24 07:00","-0.1"
"Trzic-Tank5","2026-06-24 08:00","-0.1"
"Trzic-Tank5","2026-06-24 09:00","-0.1"
"Trzic-Tank5","2026-06-24 10:00","-0.1"
"Trzic-Tank5","2026-06-24 11:00","-0.1"
"Trzic-Tank5","2026-06-24 12:00","-0.1"
"Trzic-Tank5","2026-06-24 13:00","-0.1"
"Trzic-Tank5","2026-06-24 14:00","-0.1"
"Trzic-Tank5","2026-06-24 15:00","-0.1"
"Trzic-Tank5","2026-06-24 16:00","-0.1"
"Trzic-Tank5","2026-06-24 17:00","-0.1"
"Trzic-Tank5","2026-06-24 18:00","-0.1"
"Trzic-Tank5","2026-06-24 19:00","-0.1"
"Trzic-Tank5","2026-06-24 20:00","-0.1"
"Trzic-Tank5","2026-06-24 21:00","-0.1"
"Trzic-Tank5","2026-06-24 22:00","-0.1"
"Trzic-Tank5","2026-06-24 23:00","-0.1"
"Trzic-Tank5","2026-06-25 00:00","-0.1"
"Trzic-Tank5","2026-06-25 01:00","-0.1"
"Trzic-Tank5","2026-06-25 02:00","-0.1"
"Trzic-Tank5","2026-06-25 03:00","-0.1"
"Trzic-Tank5","2026-06-25 04:00","-0.1"
"Trzic-Tank5","2026-06-25 05:00","-0.1"
"Trzic-Tank5","2026-06-25 06:00","-0.1"
"Trzic-Tank5","2026-06-25 07:00","-0.1"
"Trzic-Tank5","2026-06-25 08:00","-0.1"
"Trzic-Tank5","2026-06-25 09:00","-0.1"
"Trzic-Tank5","2026-06-25 10:00","-0.1"
"Trzic-Tank5","2026-06-25 11:00","-0.1"
"Trzic-Tank5","2026-06-25 12:00","-0.1"
"Trzic-Tank5","2026-06-25 13:00","-0.1"
"Trzic-Tank5","2026-06-25 14:00","-0.1"
"Trzic-Tank5","2026-06-25 15:00","-0.1"
"Trzic-Tank5","2026-06-25 16:00","-0.1"
"Trzic-Tank5","2026-06-25 17:00","-0.1"
"Trzic-Tank5","2026-06-25 18:00","-0.1"
"Trzic-Tank5","2026-06-25 19:00","-0.1"
"Trzic-Tank5","2026-06-25 20:00","-0.1"
"Trzic-Tank5","2026-06-25 21:00","-0.1"
"Trzic-Tank5","2026-06-25 22:00","-0.1"
"Trzic-Tank5","2026-06-25 23:00","-0.1"
"Trzic-Tank5","2026-06-26 00:00","-0.1"
"Trzic-Tank5","2026-06-26 01:00","-0.1"
"Trzic-Tank5","2026-06-26 02:00","-0.1"
"Trzic-Tank5","2026-06-26 03:00","-0.1"
"Trzic-Tank5","2026-06-26 04:00","-0.1"
"Trzic-Tank5","2026-06-26 05:00","-0.1"
"Trzic-Tank5","2026-06-26 06:00","-0.1"
"Trzic-Tank5","2026-06-26 07:00","-0.1"
"Trzic-Tank5","2026-06-26 08:00","-0.1"
"Trzic-Tank5","2026-06-26 09:00","-0.1"
"Trzic-Tank5","2026-06-26 10:00","-0.1"
"Trzic-Tank5","2026-06-26 11:00","-0.1"
"Trzic-Tank5","2026-06-26 12:00","-0.1"
"Trzic-Tank5","2026-06-26 13:00","-0.1"
"Trzic-Tank5","2026-06-26 14:00","-0.1"
"Trzic-Tank5","2026-06-26 15:00","-0.1"
"Trzic-Tank5","2026-06-26 16:00","-0.1"
"Trzic-Tank5","2026-06-26 17:00","-0.1"
"Trzic-Tank5","2026-06-26 18:00","-0.1"
"Trzic-Tank5","2026-06-26 19:00","-0.1"
"Trzic-Tank5","2026-06-26 20:00","-0.1"
"Trzic-Tank5","2026-06-26 21:00","-0.1"
"Trzic-Tank5","2026-06-26 22:00","-0.1"
"Trzic-Tank5","2026-06-26 23:00","-0.1"
"Trzic-Tank5","2026-06-27 00:00","-0.1"
"Trzic-Tank5","2026-06-27 01:00","-0.1"
"Trzic-Tank5","2026-06-27 02:00","-0.1"
"Trzic-Tank5","2026-06-27 03:00","-0.1"
"Trzic-Tank5","2026-06-27 04:00","-0.1"
"Trzic-Tank5","2026-06-27 05:00","-0.1"
"Trzic-Tank5","2026-06-27 06:00","-0.1"
"Trzic-Tank5","2026-06-27 07:00","-0.1"
"Trzic-Tank5","2026-06-27 08:00","-0.1"
"Trzic-Tank5","2026-06-27 09:00","-0.1"
"Trzic-Tank5","2026-06-27 10:00","-0.1"
"Trzic-Tank5","2026-06-27 11:00","-0.1"
"Trzic-Tank5","2026-06-27 12:00","-0.1"
"Trzic-Tank5","2026-06-27 13:00","-0.1"
"Trzic-Tank5","2026-06-27 14:00","-0.1"
"Trzic-Tank5","2026-06-27 15:00","-0.1"
"Trzic-Tank5","2026-06-27 16:00","-0.1"
"Trzic-Tank5","2026-06-27 17:00","-0.1"
"Trzic-Tank5","2026-06-27 18:00","-0.1"
"Trzic-Tank5","2026-06-27 19:00","-0.1"
"Trzic-Tank5","2026-06-27 20:00","-0.1"
"Trzic-Tank5","2026-06-27 21:00","-0.1"
"Trzic-Tank5","2026-06-27 22:00","-0.1"
"Trzic-Tank5","2026-06-27 23:00","-0.1"
"Trzic-Tank5","2026-06-28 00:00","-0.1"
"Trzic-Tank5","2026-06-28 01:00","-0.1"
"Trzic-Tank5","2026-06-28 02:00","-0.1"
"Trzic-Tank5","2026-06-28 03:00","-0.1"
"Trzic-Tank5","2026-06-28 04:00","-0.1"
"Trzic-Tank5","2026-06-28 05:00","-0.1"
"Trzic-Tank5","2026-06-28 06:00","-0.1"
"Trzic-Tank5","2026-06-28 07:00","-0.1"
"Trzic-Tank5","2026-06-28 08:00","-0.1"
"Trzic-Tank5","2026-06-28 09:00","-0.1"
"Trzic-Tank5","2026-06-28 10:00","-0.1"
"Trzic-Tank5","2026-06-28 11:00","-0.1"
"Trzic-Tank5","2026-06-28 12:00","-0.1"
"Trzic-Tank5","2026-06-28 13:00","-0.1"
"Trzic-Tank5","2026-06-28 14:00","-0.1"
"Trzic-Tank5","2026-06-28 15:00","-0.1"
"Trzic-Tank5","2026-06-28 16:00","-0.1"
"Trzic-Tank5","2026-06-28 17:00","-0.1"
"Trzic-Tank5","2026-06-28 18:00","-0.1"
"Trzic-Tank5","2026-06-28 19:00","-0.1"
"Trzic-Tank5","2026-06-28 20:00","-0.1"
"Trzic-Tank5","2026-06-28 21:00","-0.1"
"Trzic-Tank5","2026-06-28 22:00","-0.1"
"Trzic-Tank5","2026-06-28 23:00","-0.1"
"Trzic-Tank5","2026-06-29 00:00","-0.1"
"Trzic-Tank5","2026-06-29 01:00","-0.1"
"Trzic-Tank5","2026-06-29 02:00","-0.1"
"Trzic-Tank5","2026-06-29 03:00","-0.1"
"Trzic-Tank5","2026-06-29 04:00","-0.1"
"Trzic-Tank5","2026-06-29 05:00","-0.1"
"Trzic-Tank5","2026-06-29 06:00","-0.1"
"Trzic-Tank5","2026-06-29 07:00","-0.1"
"Trzic-Tank5","2026-06-29 08:00","-0.1"
"Trzic-Tank5","2026-06-29 09:00","-0.1"
"Trzic-Tank5","2026-06-29 10:00","-0.1"
"Trzic-Tank5","2026-06-29 11:00","-0.1"
"Trzic-Tank5","2026-06-29 12:00","-0.1"
"Trzic-Tank5","2026-06-29 13:00","-0.1"
"Trzic-Tank5","2026-06-29 14:00","-0.1"
"Trzic-Tank5","2026-06-29 15:00","-0.1"
"Trzic-Tank5","2026-06-29 16:00","-0.1"
"Trzic-Tank5","2026-06-29 17:00","-0.1"
"Trzic-Tank5","2026-06-29 18:00","-0.1"
"Trzic-Tank5","2026-06-29 19:00","-0.1"
"Trzic-Tank5","2026-06-29 20:00","-0.1"
"Trzic-Tank5","2026-06-29 21:00","-0.1"
"Trzic-Tank5","2026-06-29 22:00","-0.1"
"Trzic-Tank5","2026-06-29 23:00","-0.1"
"Trzic-Tank5","2026-06-30 00:00","-0.1"
"Trzic-Tank5","2026-06-30 01:00","-0.1"
"Trzic-Tank5","2026-06-30 02:00","-0.1"
"Trzic-Tank5","2026-06-30 03:00","-0.1"
"Trzic-Tank5","2026-06-30 04:00","-0.1"
"Trzic-Tank5","2026-06-30 05:00","-0.1"
"Trzic-Tank5","2026-06-30 06:00","-0.1"
"Trzic-Tank5","2026-06-30 07:00","-0.1"
"Trzic-Tank5","2026-06-30 08:00","-0.1"
"Trzic-Tank5","2026-06-30 09:00","-0.1"
"Trzic-Tank5","2026-06-30 10:00","-0.1"
"Trzic-Tank5","2026-06-30 11:00","-0.1"
"Trzic-Tank5","2026-06-30 12:00","-0.1"
"Trzic-Tank5","2026-06-30 13:00","-0.1"
"Trzic-Tank5","2026-06-30 14:00","-0.1"
"Trzic-Tank5","2026-06-30 15:00","-0.1"
"Trzic-Tank5","2026-06-30 16:00","-0.1"
"Trzic-Tank5","2026-06-30 17:00","-0.1"
"Trzic-Tank5","2026-06-30 18:00","-0.1"
"Trzic-Tank5","2026-06-30 19:00","-0.1"
"Trzic-Tank5","2026-06-30 20:00","-0.1"
"Trzic-Tank5","2026-06-30 21:00","-0.1"
"Trzic-Tank5","2026-06-30 22:00","-0.1"
"Trzic-Tank5","2026-06-30 23:00",
"Trzic-Tank5","2026-07-01 00:00",
"Trzic-Tank5","2026-07-01 01:00",
"Trzic-Tank5","2026-07-01 02:00",
"Trzic-Tank5","2026-07-01 03:00",
"Trzic-Tank5","2026-07-01 04:00",
"Trzic-Tank5","2026-07-01 05:00",
"Trzic-Tank5","2026-07-01 06:00",
"Trzic-Tank5","2026-07-01 07:00",
"Trzic-Tank5","2026-07-01 08:00",
"Trzic-Tank5","2026-07-01 09:00","-0.1"
"Trzic-Tank5","2026-07-01 10:00","-0.1"
"Trzic-Tank5","2026-07-01 11:00","-0.1"
"Trzic-Tank5","2026-07-01 12:00","-0.1"
"Trzic-Tank5","2026-07-01 13:00","-0.1"
"Trzic-Tank5","2026-07-01 14:00","-0.1"
"Trzic-Tank5","2026-07-01 15:00","-0.1"
"Trzic-Tank5","2026-07-01 16:00","-0.1"
"Trzic-Tank5","2026-07-01 17:00","-0.1"
"Trzic-Tank5","2026-07-01 18:00","-0.1"
"Trzic-Tank5","2026-07-01 19:00","-0.1"
"Trzic-Tank5","2026-07-01 20:00","-0.1"
"Trzic-Tank5","2026-07-01 21:00","-0.1"
"Trzic-Tank5","2026-07-01 22:00","-0.1"
"Trzic-Tank5","2026-07-01 23:00","-0.1"
"Trzic-Tank5","2026-07-02 00:00","-0.1"
"Trzic-Tank5","2026-07-02 01:00","-0.1"
"Trzic-Tank5","2026-07-02 02:00","-0.1"
"Trzic-Tank5","2026-07-02 03:00","-0.1"
"Trzic-Tank5","2026-07-02 04:00","-0.1"
"Trzic-Tank5","2026-07-02 05:00","-0.1"
"Trzic-Tank5","2026-07-02 06:00","-0.1"
"Trzic-Tank5","2026-07-02 07:00","-0.1"
"Trzic-Tank5","2026-07-02 08:00","-0.1"
"Trzic-Tank5","2026-07-02 09:00","-0.2"
"Trzic-Tank5","2026-07-02 10:00","-0.2"
"Trzic-Tank5","2026-07-02 11:00","-0.2"
"Trzic-Tank5","2026-07-02 12:00","-0.3"
"Trzic-Tank5","2026-07-02 13:00","-0.4"
"Trzic-Tank5","2026-07-02 14:00","-0.5"
"Trzic-Tank5","2026-07-02 15:00","-0.6"
"Trzic-Tank5","2026-07-02 16:00","-1"
"Trzic-Tank5","2026-07-02 17:00","-1.3"
"Trzic-Tank5","2026-07-02 18:00","-1.9"
"Trzic-Tank5","2026-07-02 19:00","-2.6"
"Trzic-Tank5","2026-07-02 20:00","-3.2"
"Trzic-Tank5","2026-07-02 21:00","-3.4"
"Trzic-Tank5","2026-07-02 22:00","-3.8"
"Trzic-Tank5","2026-07-02 23:00","-4.3"
"Trzic-Tank5","2026-07-03 00:00","-4.3"
"Trzic-Tank5","2026-07-03 01:00","-5.1"
"Trzic-Tank5","2026-07-03 02:00","-5.1"
"Trzic-Tank5","2026-07-03 03:00","-5.1"
"Trzic-Tank5","2026-07-03 04:00","-5.1"
"Trzic-Tank5","2026-07-03 05:00","-6.2"
"Trzic-Tank5","2026-07-03 06:00","-6.6"
"Trzic-Tank5","2026-07-03 07:00","-7.4"
"Trzic-Tank5","2026-07-03 08:00","-8.3"
"Trzic-Tank5","2026-07-03 09:00","-9.2"
"Trzic-Tank5","2026-07-03 10:00","-10.1"
"Trzic-Tank5","2026-07-03 11:00","-10.9"
"Trzic-Tank5","2026-07-03 12:00","-11.4"
"Trzic-Tank5","2026-07-03 13:00","-11.7"
"Trzic-Tank5","2026-07-03 14:00","-12.4"
"Trzic-Tank5","2026-07-03 15:00","-13.2"
"Trzic-Tank5","2026-07-03 16:00","-13.8"
"Trzic-Tank5","2026-07-03 17:00","-14.9"
"Trzic-Tank5","2026-07-03 18:00","-15.6"
"Trzic-Tank5","2026-07-03 19:00","-16.7"
"Trzic-Tank5","2026-07-03 20:00","-17.5"
"Trzic-Tank5","2026-07-03 21:00","-17.9"
"Trzic-Tank5","2026-07-03 22:00","-18.1"
"Trzic-Tank5","2026-07-03 23:00","-18.4"
"Trzic-Tank5","2026-07-04 00:00","-18.4"
"Trzic-Tank5","2026-07-04 01:00","-19"
"Trzic-Tank5","2026-07-04 02:00","-19"
"Trzic-Tank5","2026-07-04 03:00","-19"
"Trzic-Tank5","2026-07-04 04:00","-19"
"Trzic-Tank5","2026-07-04 05:00","-20.1"
"Trzic-Tank5","2026-07-04 06:00","-20.6"
"Trzic-Tank5","2026-07-04 07:00","-20.8"
"Trzic-Tank5","2026-07-04 08:00","-21.4"
"Trzic-Tank5","2026-07-04 09:00","-21.7"
"Trzic-Tank5","2026-07-04 10:00","-22.9"
"Trzic-Tank5","2026-07-04 11:00","-24"
"Trzic-Tank5","2026-07-04 12:00","-24.6"
"Trzic-Tank5","2026-07-04 13:00","-26.3"
"Trzic-Tank5","2026-07-04 14:00","-27.5"
"Trzic-Tank5","2026-07-04 15:00","-28.6"
"Trzic-Tank5","2026-07-04 16:00","-30.3"
"Trzic-Tank5","2026-07-04 17:00","-31.8"
"Trzic-Tank5","2026-07-04 18:00","-33.6"
"Trzic-Tank5","2026-07-04 19:00","-34.8"
"Trzic-Tank5","2026-07-04 20:00","-36.7"
"Trzic-Tank5","2026-07-04 21:00","-37.4"
"Trzic-Tank5","2026-07-04 22:00","-38.2"
"Trzic-Tank5","2026-07-04 23:00","-38.7"
"Trzic-Tank5","2026-07-05 00:00","-38.7"
"Trzic-Tank5","2026-07-05 01:00","-39.8"
"Trzic-Tank5","2026-07-05 02:00","-39.8"
"Trzic-Tank5","2026-07-05 03:00","-39.8"
"Trzic-Tank5","2026-07-05 04:00","-39.8"
"Trzic-Tank5","2026-07-05 05:00","-42.5"
"Trzic-Tank5","2026-07-05 06:00","-43.7"
"Trzic-Tank5","2026-07-05 07:00","-44.5"
"Trzic-Tank5","2026-07-05 08:00","-46.1"
"Trzic-Tank5","2026-07-05 09:00","-48.6"
"Trzic-Tank5","2026-07-05 10:00","-49.5"
"Trzic-Tank5","2026-07-05 11:00","-51.3"
"Trzic-Tank5","2026-07-05 12:00","-55.1"
"Trzic-Tank5","2026-07-05 13:00","-59.3"
"Trzic-Tank5","2026-07-05 14:00","-65"
"Trzic-Tank5","2026-07-05 15:00","-67.5"
"Trzic-Tank5","2026-07-05 16:00","-72.1"
"Trzic-Tank5","2026-07-05 17:00","-77.9"
"Trzic-Tank5","2026-07-05 18:00","-82.3"
"Trzic-Tank5","2026-07-05 19:00","-87"
"Trzic-Tank5","2026-07-05 20:00","-90.3"
"Trzic-Tank5","2026-07-05 21:00","-92.4"
"Trzic-Tank5","2026-07-05 22:00","-93.8"
"Trzic-Tank5","2026-07-05 23:00","-94.3"
"Trzic-Tank5","2026-07-06 00:00","-94.3"
"Trzic-Tank5","2026-07-06 01:00","-95.1"
"Trzic-Tank5","2026-07-06 02:00","-95.1"
"Trzic-Tank5","2026-07-06 03:00","-95.1"
"Trzic-Tank5","2026-07-06 04:00","-95.1"
"Trzic-Tank5","2026-07-06 05:00","-98.9"
"Trzic-Tank5","2026-07-06 06:00","-100.9"
"Trzic-Tank5","2026-07-06 07:00","-102.4"
"Trzic-Tank5","2026-07-06 08:00","-104"
"Trzic-Tank5","2026-07-06 09:00","-105.5"
"Trzic-Tank5","2026-07-06 10:00","-109.8"
"Trzic-Tank5","2026-07-06 11:00","-114.7"
"Trzic-Tank5","2026-07-06 12:00","-118.1"
"Trzic-Tank5","2026-07-06 13:00","-125.4"
"Trzic-Tank5","2026-07-06 14:00","-136"
"Trzic-Tank5","2026-07-06 15:00","-140.1"
"Trzic-Tank5","2026-07-06 16:00","-153.3"
"Trzic-Tank5","2026-07-06 17:00","-160.1"
"Trzic-Tank5","2026-07-06 18:00","-167.2"
"Trzic-Tank5","2026-07-06 19:00","-177.1"
"Trzic-Tank5","2026-07-06 20:00","-186.9"
"Trzic-Tank5","2026-07-06 21:00","-187.3"
"Trzic-Tank5","2026-07-06 22:00","-187.1"
"Trzic-Tank5","2026-07-06 23:00","-186.9"
"Trzic-Tank5","2026-07-07 00:00","-186.9"
"Trzic-Tank5","2026-07-07 01:00","-187.6"
"Trzic-Tank5","2026-07-07 02:00","-187.6"
"Trzic-Tank5","2026-07-07 03:00","-187.6"
"Trzic-Tank5","2026-07-07 04:00","-187.6"
"Trzic-Tank5","2026-07-07 05:00","-192.8"
"Trzic-Tank5","2026-07-07 06:00","-193"
"Trzic-Tank5","2026-07-07 07:00","-194.2"
"Trzic-Tank5","2026-07-07 08:00","-196.2"
"Trzic-Tank5","2026-07-07 09:00","-199.5"
"Trzic-Tank5","2026-07-07 10:00","-207.3"
"Trzic-Tank5","2026-07-07 11:00","-220.2"
"Trzic-Tank5","2026-07-07 12:00","-234.2"
"Trzic-Tank5","2026-07-07 13:00","-257"
"Trzic-Tank5","2026-07-07 14:00","-276.1"
"Trzic-Tank5","2026-07-07 15:00","-295.5"
"Trzic-Tank5","2026-07-07 16:00","-306.1"
"Trzic-Tank5","2026-07-07 17:00","-313.3"
"Trzic-Tank5","2026-07-07 18:00","-332.9"
"Trzic-Tank5","2026-07-07 19:00","-344"
"Trzic-Tank5","2026-07-07 20:00","-353.1"
"Trzic-Tank5","2026-07-07 21:00","-354.1"
"Trzic-Tank5","2026-07-07 22:00","-351.6"
"Trzic-Tank5","2026-07-07 23:00","-349.8"
"Trzic-Tank5","2026-07-08 00:00","-349.8"
"Trzic-Tank5","2026-07-08 01:00","-347.7"
"Trzic-Tank5","2026-07-08 02:00","-347.7"
"Trzic-Tank5","2026-07-08 03:00","-347.7"
"Trzic-Tank5","2026-07-08 04:00","-347.7"
"Trzic-Tank5","2026-07-08 05:00","-347.9"
"Trzic-Tank5","2026-07-08 06:00","-348.8"
"Trzic-Tank5","2026-07-08 07:00","-349"
"Trzic-Tank5","2026-07-08 08:00","-350"
"Trzic-Tank5","2026-07-08 09:00","-352"
"Trzic-Tank5","2026-07-08 10:00","-352.1"
"Trzic-Tank5","2026-07-08 11:00","-358"
"Trzic-Tank5","2026-07-08 12:00","-359.2"
"Trzic-Tank5","2026-07-08 13:00","-375.2"
"Trzic-Tank5","2026-07-08 14:00","-397.4"
"Trzic-Tank5","2026-07-08 15:00","-418.7"
"Trzic-Tank5","2026-07-08 16:00","-436.4"
"Trzic-Tank5","2026-07-08 17:00","-450.6"
"Trzic-Tank5","2026-07-08 18:00","-464.6"
"Trzic-Tank5","2026-07-08 19:00","-476.6"
"Trzic-Tank5","2026-07-08 20:00","-488.8"
"Trzic-Tank5","2026-07-08 21:00","-490.8"
"Trzic-Tank5","2026-07-08 22:00","-487"
"Trzic-Tank5","2026-07-08 23:00","-484.1"
"Trzic-Tank5","2026-07-09 00:00","-484.1"
"Trzic-Tank5","2026-07-09 01:00","-478.3"
"Trzic-Tank5","2026-07-09 02:00","-478.3"
"Trzic-Tank5","2026-07-09 03:00","-478.3"
"Trzic-Tank5","2026-07-09 04:00","-478.3"
"Trzic-Tank5","2026-07-09 05:00","-477.2"
"Trzic-Tank5","2026-07-09 06:00","-478.1"
"Trzic-Tank5","2026-07-09 07:00","-476.3"
"Trzic-Tank5","2026-07-09 08:00","-476.9"
"Trzic-Tank5","2026-07-09 09:00","-479.3"
"Trzic-Tank5","2026-07-09 10:00","-486.3"
"Trzic-Tank5","2026-07-09 11:00","-506.1"
"Trzic-Tank5","2026-07-09 12:00","-524.4"
"Trzic-Tank5","2026-07-09 13:00","-545.5"
"Trzic-Tank5","2026-07-09 14:00","-561.2"
"Trzic-Tank5","2026-07-09 15:00","-578.9"
"Trzic-Tank5","2026-07-09 16:00","-609.8"
"Trzic-Tank5","2026-07-09 17:00","-623"
"Trzic-Tank5","2026-07-09 18:00","-637.8"
"Trzic-Tank5","2026-07-09 19:00","-642.4"
"Trzic-Tank5","2026-07-09 20:00","-648.5"
"Trzic-Tank5","2026-07-09 21:00","-651.3"
"Trzic-Tank5","2026-07-09 22:00","-644.9"
"Trzic-Tank5","2026-07-09 23:00","-642.7"
"Trzic-Tank5","2026-07-10 00:00","-642.7"
"Trzic-Tank5","2026-07-10 01:00","-638.1"
"Trzic-Tank5","2026-07-10 02:00","-638.1"
"Trzic-Tank5","2026-07-10 03:00","-638.1"
"Trzic-Tank5","2026-07-10 04:00","-638.1"
"Trzic-Tank5","2026-07-10 05:00","-635.5"
"Trzic-Tank5","2026-07-10 06:00","-635"
"Trzic-Tank5","2026-07-10 07:00","-637.2"
"Trzic-Tank5","2026-07-10 08:00","-636.2"
"Trzic-Tank5","2026-07-10 09:00","-639.6"
"Trzic-Tank5","2026-07-10 10:00","-646.8"
"Trzic-Tank5","2026-07-10 11:00","-665.9"
"Trzic-Tank5","2026-07-10 12:00","-705"
"Trzic-Tank5","2026-07-10 13:00","-738.2"
"Trzic-Tank5","2026-07-10 14:00","-760.3"
"Trzic-Tank5","2026-07-10 15:00","-792.3"
"Trzic-Tank5","2026-07-10 16:00","-827"
"Trzic-Tank5","2026-07-10 17:00","-848.4"
"Trzic-Tank5","2026-07-10 18:00","-862"
"Trzic-Tank5","2026-07-10 19:00","-879.4"
"Trzic-Tank5","2026-07-10 20:00",
"Trzic-Tank5","2026-07-10 21:00","-905.5"
"Trzic-Tank5","2026-07-10 22:00","-904.7"
"Trzic-Tank5","2026-07-10 23:00","-907"
"Trzic-Tank5","2026-07-11 00:00","-907"
"Trzic-Tank5","2026-07-11 01:00","-902.2"
"Trzic-Tank5","2026-07-11 02:00","-902.2"
"Trzic-Tank5","2026-07-11 03:00","-902.2"
"Trzic-Tank5","2026-07-11 04:00","-902.2"
"Trzic-Tank5","2026-07-11 05:00","-889"
"Trzic-Tank5","2026-07-11 06:00","-889.2"
"Trzic-Tank5","2026-07-11 07:00","-887.8"
"Trzic-Tank5","2026-07-11 08:00","-885.5"
"Trzic-Tank5","2026-07-11 09:00","-889.6"
"Trzic-Tank5","2026-07-11 10:00","-893.3"
"Trzic-Tank5","2026-07-11 11:00","-912.2"
"Trzic-Tank5","2026-07-11 12:00","-919.2"
"Trzic-Tank5","2026-07-11 13:00","-949.1"
"Trzic-Tank5","2026-07-11 14:00","-974.5"
"Trzic-Tank5","2026-07-11 15:00","-1,010.6"
"Trzic-Tank5","2026-07-11 16:00","-1,026.6"
"Trzic-Tank5","2026-07-11 17:00","-1,037.5"
"Trzic-Tank5","2026-07-11 18:00","-1,064.4"
"Trzic-Tank5","2026-07-11 19:00","-1,085.7"
"Trzic-Tank5","2026-07-11 20:00","-1,090.4"
"Trzic-Tank5","2026-07-11 21:00","-1,097.5"
"Trzic-Tank5","2026-07-11 22:00","-1,098.2"
"Trzic-Tank5","2026-07-11 23:00","-1,102.5"
"Trzic-Tank5","2026-07-12 00:00","-1,102.5"
"Trzic-Tank5","2026-07-12 01:00","-1,103.3"
"Trzic-Tank5","2026-07-12 02:00","-1,103.3"
"Trzic-Tank5","2026-07-12 03:00","-1,103.3"
"Trzic-Tank5","2026-07-12 04:00","-1,103.3"
"Trzic-Tank5","2026-07-12 05:00","-1,099.2"
"Trzic-Tank5","2026-07-12 06:00","-1,100.5"
"Trzic-Tank5","2026-07-12 07:00","-1,102.3"
"Trzic-Tank5","2026-07-12 08:00","-1,100.3"
"Trzic-Tank5","2026-07-12 09:00","-1,105.1"
"Trzic-Tank5","2026-07-12 10:00","-1,099.5"
"Trzic-Tank5","2026-07-12 11:00","-1,105.3"
"Trzic-Tank5","2026-07-12 12:00","-1,113.8"
"Trzic-Tank5","2026-07-12 13:00","-1,115.3"
"Trzic-Tank5","2026-07-12 14:00","-1,124.9"
"Trzic-Tank5","2026-07-12 15:00","-1,132.4"
"Trzic-Tank5","2026-07-12 16:00","-1,143.9"
"Trzic-Tank5","2026-07-12 17:00","-1,145.5"
"Trzic-Tank5","2026-07-12 18:00","-1,146.3"
"Trzic-Tank5","2026-07-12 19:00","-1,140.2"
"Trzic-Tank5","2026-07-12 20:00","-1,141.8"
"Trzic-Tank5","2026-07-12 21:00","-1,140.5"
"Trzic-Tank5","2026-07-12 22:00","-1,144.7"
"Trzic-Tank5","2026-07-12 23:00","-1,141.6"
"Trzic-Tank5","2026-07-13 00:00","-1,141.6"
"Trzic-Tank5","2026-07-13 01:00","-1,138.7"
"Trzic-Tank5","2026-07-13 02:00","-1,138.7"
"Trzic-Tank5","2026-07-13 03:00","-1,138.7"
"Trzic-Tank5","2026-07-13 04:00","-1,138.7"
"Trzic-Tank5","2026-07-13 05:00","-1,130.3"
"Trzic-Tank5","2026-07-13 06:00","-1,131.6"
"Trzic-Tank5","2026-07-13 07:00","-1,131.1"
"Trzic-Tank5","2026-07-13 08:00","-1,132.4"
"Trzic-Tank5","2026-07-13 09:00","-1,136.8"
"Trzic-Tank5","2026-07-13 10:00","-1,142.3"
"Trzic-Tank5","2026-07-13 11:00","-1,138.7"
"Trzic-Tank5","2026-07-13 12:00","-1,152.9"
"Trzic-Tank5","2026-07-13 13:00","-1,156.1"
"Trzic-Tank5","2026-07-13 14:00","-1,160.9"
"Trzic-Tank5","2026-07-13 15:00","-1,166"
"Trzic-Tank5","2026-07-13 16:00","-1,173"
"Trzic-Tank5","2026-07-13 17:00","-1,177.1"
"Trzic-Tank5","2026-07-13 18:00","-1,184.9"
"Trzic-Tank5","2026-07-13 19:00","-1,185.8"
"Trzic-Tank5","2026-07-13 20:00","-1,196.5"
"Trzic-Tank5","2026-07-13 21:00","-1,194.3"
"Trzic-Tank5","2026-07-13 22:00","-1,184.9"
"Trzic-Tank5","2026-07-13 23:00","-1,182.5"
"Trzic-Tank5","2026-07-14 00:00","-1,182.5"
"Trzic-Tank5","2026-07-14 01:00","-1,175.4"
"Trzic-Tank5","2026-07-14 02:00","-1,175.4"
"Trzic-Tank5","2026-07-14 03:00","-1,175.4"
"Trzic-Tank5","2026-07-14 04:00","-1,175.4"
"Trzic-Tank5","2026-07-14 05:00","-1,159.3"
"Trzic-Tank5","2026-07-14 06:00","-1,159.6"
"Trzic-Tank5","2026-07-14 07:00","-1,162.2"
"Trzic-Tank5","2026-07-14 08:00","-1,162.8"
"Trzic-Tank5","2026-07-14 09:00","-1,159.6"
"Trzic-Tank5","2026-07-14 10:00","-1,161.2"
"Trzic-Tank5","2026-07-14 11:00","-1,167.3"
"Trzic-Tank5","2026-07-14 12:00","-1,175.4"
"Trzic-Tank5","2026-07-14 13:00","-1,175.7"
"Trzic-Tank5","2026-07-14 14:00","-1,182.8"
"Trzic-Tank5","2026-07-14 15:00","-1,189"
"Trzic-Tank5","2026-07-14 16:00","-1,190.1"
"Trzic-Tank5","2026-07-14 17:00","-1,186"
"Trzic-Tank5","2026-07-14 18:00","-1,180.6"
"Trzic-Tank5","2026-07-14 19:00","-1,190.1"
"Trzic-Tank5","2026-07-14 20:00","-1,187.9"
"Trzic-Tank5","2026-07-14 21:00","-1,177.1"
"Trzic-Tank5","2026-07-14 22:00","-1,177.1"
"Trzic-Tank5","2026-07-14 23:00","-1,171.1"
"Trzic-Tank5","2026-07-15 00:00","-1,171.1"
"Trzic-Tank5","2026-07-15 01:00","-1,174.9"
"Trzic-Tank5","2026-07-15 02:00","-1,174.9"
"Trzic-Tank5","2026-07-15 03:00","-1,174.9"
"Trzic-Tank5","2026-07-15 04:00","-1,174.9"
"Trzic-Tank5","2026-07-15 05:00","-1,168.9"
"Trzic-Tank5","2026-07-15 06:00","-1,171.6"
"Trzic-Tank5","2026-07-15 07:00","-1,172.7"
"Trzic-Tank5","2026-07-15 08:00","-1,173"
"Trzic-Tank5","2026-07-15 09:00","-1,178.4"
"Trzic-Tank5","2026-07-15 10:00","-1,177.3"
"Trzic-Tank5","2026-07-15 11:00","-1,185.8"
"Trzic-Tank5","2026-07-15 12:00","-1,181.7"
"Trzic-Tank5","2026-07-15 13:00","-1,198.9"
"Trzic-Tank5","2026-07-15 14:00","-1,205.6"
"Trzic-Tank5","2026-07-15 15:00","-1,207.5"
"Trzic-Tank5","2026-07-15 16:00","-1,210.6"
"Trzic-Tank5","2026-07-15 17:00","-1,210.3"
"Trzic-Tank5","2026-07-15 18:00","-1,212"
"Trzic-Tank5","2026-07-15 19:00","-1,211.4"
"Trzic-Tank5","2026-07-15 20:00","-1,207.8"
"Trzic-Tank5","2026-07-15 21:00","-1,208.1"
"Trzic-Tank5","2026-07-15 22:00","-1,209.7"
"Trzic-Tank5","2026-07-15 23:00","-1,202.3"
"Trzic-Tank5","2026-07-16 00:00","-1,202.3"
"Trzic-Tank5","2026-07-16 01:00","-1,205.3"
"Trzic-Tank5","2026-07-16 02:00","-1,205.3"
"Trzic-Tank5","2026-07-16 03:00","-1,205.3"
"Trzic-Tank5","2026-07-16 04:00","-1,205.3"
"Trzic-Tank5","2026-07-16 05:00","-1,203.4"
"Trzic-Tank5","2026-07-16 06:00","-1,208.6"
"Trzic-Tank5","2026-07-16 07:00","-1,206.4"
"Trzic-Tank5","2026-07-16 08:00","-1,209.5"
"Trzic-Tank5","2026-07-16 09:00","-1,208.6"
"Trzic-Tank5","2026-07-16 10:00","-1,213.1"
"Trzic-Tank5","2026-07-16 11:00","-1,212.3"
"Trzic-Tank5","2026-07-16 12:00","-1,212"
"Trzic-Tank5","2026-07-16 13:00","-1,222.1"
"Trzic-Tank5","2026-07-16 14:00","-1,220.9"
"Trzic-Tank5","2026-07-16 15:00","-1,218.1"
"Trzic-Tank5","2026-07-16 16:00","-1,219.3"
"Trzic-Tank5","2026-07-16 17:00","-1,213.9"
"Trzic-Tank5","2026-07-16 18:00","-1,213.9"
"Trzic-Tank5","2026-07-16 19:00","-1,213.7"
"Trzic-Tank5","2026-07-16 20:00","-1,207"
"Trzic-Tank5","2026-07-16 21:00","-1,204.5"
"Trzic-Tank5","2026-07-16 22:00","-1,198.7"
"Trzic-Tank5","2026-07-16 23:00","-1,198.7"
"Trzic-Tank5","2026-07-17 00:00","-1,198.7"
"Trzic-Tank5","2026-07-17 01:00","-1,197.8"
"Trzic-Tank5","2026-07-17 02:00","-1,197.8"
"Trzic-Tank5","2026-07-17 03:00","-1,197.8"
"Trzic-Tank5","2026-07-17 04:00","-1,197.8"
"Trzic-Tank5","2026-07-17 05:00","-1,196.5"
"Trzic-Tank5","2026-07-17 06:00","-1,192.1"
"Trzic-Tank5","2026-07-17 07:00","-1,193.4"
"Trzic-Tank5","2026-07-17 08:00","-1,194"
"Trzic-Tank5","2026-07-17 09:00","-1,196.2"
"Trzic-Tank5","2026-07-17 10:00","-1,195.6"
"Trzic-Tank5","2026-07-17 11:00","-1,200"
"Trzic-Tank5","2026-07-17 12:00","-1,199.8"
"Trzic-Tank5","2026-07-17 13:00","-1,198.1"
"Trzic-Tank5","2026-07-17 14:00","-1,204.2"
"Trzic-Tank5","2026-07-17 15:00","-1,199.8"
"Trzic-Tank5","2026-07-17 16:00","-1,201.7"
"Trzic-Tank5","2026-07-17 17:00","-1,204.5"
"Trzic-Tank5","2026-07-17 18:00","-1,206.7"
"Trzic-Tank5","2026-07-17 19:00","-1,201.4"
"Trzic-Tank5","2026-07-17 20:00","-1,197.6"
"Trzic-Tank5","2026-07-17 21:00","-1,198.9"
"Trzic-Tank5","2026-07-17 22:00","-1,195.4"
"Trzic-Tank5","2026-07-17 23:00","-1,199.5"
"Trzic-Tank5","2026-07-18 00:00","-1,199.5"
"Trzic-Tank5","2026-07-18 01:00","-1,188.8"
"Trzic-Tank5","2026-07-18 02:00","-1,188.8"
"Trzic-Tank5","2026-07-18 03:00","-1,188.8"
"Trzic-Tank5","2026-07-18 04:00","-1,188.8"
"Trzic-Tank5","2026-07-18 05:00","-1,179.2"
"Trzic-Tank5","2026-07-18 06:00","-1,176.8"
"Trzic-Tank5","2026-07-18 07:00","-1,176.5"
"Trzic-Tank5","2026-07-18 08:00","-1,182.2"
"Trzic-Tank5","2026-07-18 09:00","-1,183.6"
"Trzic-Tank5","2026-07-18 10:00","-1,187.4"
"Trzic-Tank5","2026-07-18 11:00","-1,189"
"Trzic-Tank5","2026-07-18 12:00","-1,189.3"
"Trzic-Tank5","2026-07-18 13:00","-1,190.7"
"Trzic-Tank5","2026-07-18 14:00","-1,191.8"
"Trzic-Tank5","2026-07-18 15:00","-1,194"
"Trzic-Tank5","2026-07-18 16:00","-1,192.3"
"Trzic-Tank5","2026-07-18 17:00","-1,197"
"Trzic-Tank5","2026-07-18 18:00","-1,188.2"
"Trzic-Tank5","2026-07-18 19:00","-93.6"
"Trzic-Tank5","2026-07-18 20:00","-0.2"
"Trzic-Tank5","2026-07-18 21:00","-0.2"
"Trzic-Tank5","2026-07-18 22:00","-0.2"
"Trzic-Tank5","2026-07-18 23:00","-0.2"
"Trzic-Tank5","2026-07-19 00:00","-0.2"
"Trzic-Tank5","2026-07-19 01:00","-0.2"
"Trzic-Tank5","2026-07-19 02:00","-0.2"
"Trzic-Tank5","2026-07-19 03:00","-0.2"
"Trzic-Tank5","2026-07-19 04:00","-0.2"
"Trzic-Tank5","2026-07-19 05:00","-0.1"
"Trzic-Tank5","2026-07-19 06:00","-0.1"
"Trzic-Tank5","2026-07-19 07:00","-0.1"
"Trzic-Tank5","2026-07-19 08:00","-0.1"
"Trzic-Tank5","2026-07-19 09:00","-0.1"
"Trzic-Tank5","2026-07-19 10:00","-0.1"
"Trzic-Tank5","2026-07-19 11:00","-0.1"
"Trzic-Tank5","2026-07-19 12:00","-0.1"
"Trzic-Tank5","2026-07-19 13:00","-0.1"
"Trzic-Tank5","2026-07-19 14:00","-0.1"
"Trzic-Tank5","2026-07-19 15:00","-0.1"
"Trzic-Tank5","2026-07-19 16:00","-0.1"
"Trzic-Tank5","2026-07-19 17:00","-0.1"
"Trzic-Tank5","2026-07-19 18:00","-0.1"
"Trzic-Tank5","2026-07-19 19:00","-0.1"
"Trzic-Tank5","2026-07-19 20:00","-0.1"
"Trzic-Tank5","2026-07-19 21:00","-0.1"
"Trzic-Tank5","2026-07-19 22:00","-0.1"
"Trzic-Tank5","2026-07-19 23:00","-0.1"
"Trzic-Tank5","2026-07-20 00:00","-0.1"
"Trzic-Tank5","2026-07-20 01:00",
"Trzic-Tank5","2026-07-20 02:00","-0.1"
"Trzic-Tank5","2026-07-20 03:00","-0.1"
"Trzic-Tank5","2026-07-20 04:00","-0.1"
"Trzic-Tank5","2026-07-20 05:00","-0.1"
"Trzic-Tank5","2026-07-20 06:00","-0.1"
"Trzic-Tank5","2026-07-20 07:00","-0.1"
"Trzic-Tank5","2026-07-20 08:00","-0.1"
"Trzic-Tank5","2026-07-20 09:00","-0.1"
"Trzic-Tank5","2026-07-20 10:00","-0.1"
"Trzic-Tank5","2026-07-20 11:00","-0.1"
"Trzic-Tank5","2026-07-20 12:00","-0.1"
"Trzic-Tank5","2026-07-20 13:00","-0.1"
"Trzic-Tank5","2026-07-20 14:00","-0.1"
"Trzic-Tank5","2026-07-20 15:00","-0.1"
"Trzic-Tank5","2026-07-20 16:00","-0.1"
"Trzic-Tank5","2026-07-20 17:00","-0.1"
"Trzic-Tank5","2026-07-20 18:00","-0.1"
"Trzic-Tank5","2026-07-20 19:00","-0.1"
"Trzic-Tank5","2026-07-20 20:00","-0.1"
"Trzic-Tank5","2026-07-20 21:00","-0.1"
"Trzic-Tank5","2026-07-20 22:00","-0.1"
"Trzic-Tank5","2026-07-20 23:00","-0.1"
"Trzic-Tank5","2026-07-21 00:00","-0.1"
"Trzic-Tank5","2026-07-21 01:00","-0.1"
"Trzic-Tank5","2026-07-21 02:00","-0.1"
"Trzic-Tank5","2026-07-21 03:00","-0.1"
"Trzic-Tank5","2026-07-21 04:00","-0.1"
"Trzic-Tank5","2026-07-21 05:00","-0.1"
"Trzic-Tank5","2026-07-21 06:00","-0.1"
"Trzic-Tank5","2026-07-21 07:00","-0.1"
"Trzic-Tank5","2026-07-21 08:00","-0.1"
"Trzic-Tank5","2026-07-21 09:00","-0.1"
"Trzic-Tank5","2026-07-21 10:00","-0.1"
"Trzic-Tank5","2026-07-21 11:00","-0.1"
"Trzic-Tank5","2026-07-21 12:00","-0.1"
"Trzic-Tank5","2026-07-21 13:00","-0.1"
"Trzic-Tank5","2026-07-21 14:00","-0.1"
"Trzic-Tank5","2026-07-21 15:00","-0.1"
"Trzic-Tank5","2026-07-21 16:00","-0.1"
"Trzic-Tank5","2026-07-21 17:00","-0.1"
"Trzic-Tank5","2026-07-21 18:00","-0.1"
"Trzic-Tank5","2026-07-21 19:00","-0.1"
"Trzic-Tank5","2026-07-21 20:00","-0.1"
"Trzic-Tank5","2026-07-21 21:00","-0.1"
"Trzic-Tank5","2026-07-21 22:00","-0.1"
"Trzic-Tank5","2026-07-21 23:00","-0.1"
"Trzic-Tank5","2026-07-22 00:00","-0.1"
"Trzic-Tank5","2026-07-22 01:00","-0.1"
"Trzic-Tank5","2026-07-22 02:00","-0.1"
"Trzic-Tank5","2026-07-22 03:00","-0.1"
"Trzic-Tank5","2026-07-22 04:00","-0.1"
"Trzic-Tank5","2026-07-22 05:00","-0.1"
"Trzic-Tank5","2026-07-22 06:00","-0.1"
"Trzic-Tank5","2026-07-22 07:00","-0.1"
"Trzic-Tank5","2026-07-22 08:00","-0.1"
"Trzic-Tank5","2026-07-22 09:00","-0.1"
"Trzic-Tank5","2026-07-22 10:00","-0.1"
"Trzic-Tank5","2026-07-22 11:00","-0.1"
"Trzic-Tank5","2026-07-22 12:00","-0.1"
"Trzic-Tank5","2026-07-22 13:00","-0.1"
"Trzic-Tank5","2026-07-22 14:00","-0.1"
"Trzic-Tank5","2026-07-22 15:00","-0.1"
"Trzic-Tank5","2026-07-22 16:00","-0.1"
"Trzic-Tank5","2026-07-22 17:00","-0.1"
"Trzic-Tank5","2026-07-22 18:00","-0.1"
"Trzic-Tank5","2026-07-22 19:00","-0.1"
"Trzic-Tank5","2026-07-22 20:00","-0.1"
"Trzic-Tank5","2026-07-22 21:00","-0.1"
"Trzic-Tank5","2026-07-22 22:00","-0.1"
"Trzic-Tank5","2026-07-22 23:00","-0.1"
"Trzic-Tank5","2026-07-23 00:00","-0.1"
"Trzic-Tank5","2026-07-23 01:00","-0.1"
"Trzic-Tank5","2026-07-23 02:00","-0.1"
"Trzic-Tank5","2026-07-23 03:00","-0.1"
"Trzic-Tank5","2026-07-23 04:00","-0.1"
"Trzic-Tank5","2026-07-23 05:00","-0.1"
"Trzic-Tank5","2026-07-23 06:00","-0.1"
"Trzic-Tank5","2026-07-23 07:00","-0.1"
"Trzic-Tank5","2026-07-23 08:00","-0.1"
"Trzic-Tank5","2026-07-23 09:00","-0.1"
"Trzic-Tank5","2026-07-23 10:00","-0.1"
"Trzic-Tank5","2026-07-23 11:00","-0.1"
"Trzic-Tank5","2026-07-23 12:00","-0.1"
"Trzic-Tank5","2026-07-23 13:00","-0.1"
"Trzic-Tank5","2026-07-23 14:00","-0.1"
"Trzic-Tank5","2026-07-23 15:00","-0.1"
"Trzic-Tank5","2026-07-23 16:00","-0.1"
"Trzic-Tank5","2026-07-23 17:00","-0.1"
"Trzic-Tank5","2026-07-23 18:00","-0.1"
"Trzic-Tank5","2026-07-23 19:00","-0.1"
"Trzic-Tank5","2026-07-23 20:00","-0.1"
"Trzic-Tank5","2026-07-23 21:00","-0.1"
"Trzic-Tank5","2026-07-23 22:00","-0.1"
