"Časovno obdobje per 12 hours","Št. vozil","Povpr. hitrost","Najvišja hitrost","Percentil 85","Št. vseh (več od 50 km/h)","Št. vseh (več od 60 km/h)","Št. vseh (več od 70 km/h)","Št. vseh (več kot 80 km/h)","Št. vseh (več od 90 km/h)","Št. vseh (100 ali več)"
"2023-08-03 12:00",607,"48.787",77,56,249,44,5,0,0,
"2023-08-04 00:00",134,"48.187",89,56,53,12,2,1,0,
"2023-08-04 12:00",306,"49.258",78,58,141,33,5,0,0,
"2023-08-05 00:00",106,"49.038",78,57,39,8,1,0,0,
"2023-08-05 12:00",349,"49.45",84,57,145,28,4,2,0,
"2023-08-06 00:00",110,"49.7",72,60,57,16,1,0,0,
"2023-08-06 12:00",357,"50.028",75,57,165,32,3,0,0,
"2023-08-07 00:00",241,"51.938",89,60,137,30,6,2,0,
"2023-08-07 12:00",708,"49.605",85,56,295,43,8,1,0,
"2023-08-08 00:00",233,"49.893",87,57,106,22,9,2,0,
"2023-08-08 12:00",744,"49.383",85,57,324,50,7,1,0,
"2023-08-09 00:00",221,"50.538",80,58,98,23,6,0,0,
"2023-08-09 12:00",740,"49.484",80,56,296,36,6,0,0,
"2023-08-10 00:00",271,"49.919",72,57,121,21,2,0,0,
"2023-08-10 12:00",786,"50.065",99,57,366,66,11,3,2,
"2023-08-11 00:00",256,"51.199",92,58,131,28,7,2,1,
"2023-08-11 12:00",728,"49.902",82,58,340,54,9,3,0,
"2023-08-12 00:00",232,"50.108",75,59,120,27,6,0,0,
"2023-08-12 12:00",534,"48.607",86,56,206,34,9,1,0,
"2023-08-13 00:00",154,"48.571",73,58,78,11,1,0,0,
"2023-08-13 12:00",428,"49.591",85,57,199,31,9,4,0,
"2023-08-14 00:00",218,"50.702",75,59,114,27,4,0,0,
"2023-08-14 12:00",497,"49.312",85,57,220,38,8,2,0,
"2023-08-15 00:00",171,"47.708",82,58,66,20,3,1,0,
"2023-08-15 12:00",507,"49.286",81,57,216,51,13,1,0,
"2023-08-16 00:00",245,"48.824",70,57,97,15,0,0,0,
"2023-08-16 12:00",666,"50.081",88,57,306,50,8,2,0,
"2023-08-17 00:00",226,"48.987",71,56,91,22,1,0,0,
"2023-08-17 12:00",726,"49.916",80,57,327,54,11,0,0,
"2023-08-18 00:00",249,"50.667",89,58,115,24,3,1,0,
"2023-08-18 12:00",752,"49.523",98,57,324,54,7,2,1,
"2023-08-19 00:00",274,"50.172",85,59,126,34,6,1,0,
"2023-08-19 12:00",586,"49.41",82,58,256,51,6,1,0,
"2023-08-20 00:00",242,"47.467",86,57,87,24,3,1,0,
"2023-08-20 12:00",497,"49.352",102,57,218,46,9,2,1,102
"2023-08-21 00:00",262,"47.515",82,56,101,13,2,1,0,
"2023-08-21 12:00",819,"50.683",81,58,413,76,14,1,0,
"2023-08-22 00:00",285,"47.793",83,56,113,17,3,1,0,
"2023-08-22 12:00",826,"50.818",82,59,422,92,14,2,0,
"2023-08-23 00:00",262,51,74,58,132,29,5,0,0,
"2023-08-23 12:00",784,"50.897",92,58,401,65,14,2,1,
"2023-08-24 00:00",288,"50.587",80,59,144,30,4,0,0,
"2023-08-24 12:00",851,"49.985",85,57,392,71,9,1,0,
"2023-08-25 00:00",297,"49.337",81,57,139,24,4,2,0,
"2023-08-25 12:00",785,"50.87",81,58,409,73,8,1,0,
"2023-08-26 00:00",239,"49.021",86,59,118,26,6,1,0,
"2023-08-26 12:00",499,"51.259",105,58,275,49,8,2,1,105
"2023-08-27 00:00",198,"48.727",91,58,96,18,4,3,1,
"2023-08-27 12:00",508,"50.543",88,58,244,59,14,1,0,
"2023-08-28 00:00",315,"51.105",84,59,163,38,6,1,0,
"2023-08-28 12:00",461,"49.779",76,57,196,39,7,0,0,
"2023-08-29 00:00",204,"50.461",76,60,94,29,5,0,0,
"2023-08-29 12:00",727,"50.539",93,57,339,56,15,3,1,
"2023-08-30 00:00",252,"49.643",86,57,104,17,3,1,0,
"2023-08-30 12:00",733,"50.456",79,57,337,58,13,0,0,
"2023-08-31 00:00",291,"50.436",78,57,143,22,1,0,0,
"2023-08-31 12:00",766,"50.689",86,58,385,71,14,2,0,
"2023-09-01 00:00",279,"49.882",80,58,122,28,3,0,0,
"2023-09-01 12:00",786,"50.906",100,58,391,82,13,3,1,100
"2023-09-02 00:00",258,"48.69",84,57,97,20,5,2,0,
"2023-09-02 12:00",574,"49.037",80,57,241,49,9,0,0,
"2023-09-03 00:00",232,"49.095",76,58,106,22,7,0,0,
"2023-09-03 12:00",478,"50.387",85,59,222,53,7,1,0,
"2023-09-04 00:00",275,"49.276",76,58,121,27,2,0,0,
"2023-09-04 12:00",768,"50.445",104,58,388,67,10,3,1,104
"2023-09-05 00:00",270,"50.685",87,60,140,34,2,1,0,
"2023-09-05 12:00",796,"51.171",86,59,417,89,13,2,0,
"2023-09-06 00:00",277,"50.552",81,58,136,27,4,1,0,
"2023-09-06 12:00",806,"50.335",80,57,412,58,12,0,0,
"2023-09-07 00:00",270,"50.967",81,58,138,29,4,1,0,
"2023-09-07 12:00",766,"51.116",87,59,381,85,18,2,0,
"2023-09-08 00:00",280,"51.454",87,60,139,40,12,2,0,
"2023-09-08 12:00",784,"50.858",84,58,403,64,10,1,0,
"2023-09-09 00:00",251,"48.789",81,59,101,27,4,1,0,
"2023-09-09 12:00",617,"49.395",87,57,269,66,10,1,0,
"2023-09-10 00:00",180,"48.972",82,57,76,16,5,1,0,
"2023-09-10 12:00",502,"49.375",86,58,245,47,12,2,0,
"2023-09-11 00:00",273,"50.773",74,59,137,31,4,0,0,
"2023-09-11 12:00",785,"51.357",83,58,412,85,16,2,0,
"2023-09-12 00:00",267,"50.052",72,58,137,28,1,0,0,
"2023-09-12 12:00",827,"50.707",86,57,412,62,10,2,0,
"2023-09-13 00:00",305,"49.662",81,57,139,24,4,1,0,
"2023-09-13 12:00",807,"51.079",88,59,399,88,24,2,0,
"2023-09-14 00:00",266,"50.056",85,57,120,22,2,1,0,
"2023-09-14 12:00",808,"50.58",117,57,400,67,10,3,1,117
"2023-09-15 00:00",251,"50.068",74,58,124,18,3,0,0,
"2023-09-15 12:00",860,"50.684",102,58,417,86,16,6,2,102
"2023-09-16 00:00",225,"50.44",80,59,112,27,8,0,0,
"2023-09-16 12:00",560,"50.113",82,58,249,55,14,2,0,
"2023-09-17 00:00",175,"50.149",75,57,89,13,2,0,0,
"2023-09-17 12:00",507,"50.032",77,57,247,45,8,0,0,
"2023-09-18 00:00",247,"51.3",82,59,134,25,5,1,0,
"2023-09-18 12:00",750,"50.896",105,58,385,66,14,2,1,105
"2023-09-19 00:00",242,"50.426",74,59,113,26,7,0,0,
"2023-09-19 12:00",835,"50.55",89,58,400,78,8,3,0,
"2023-09-20 00:00",270,"51.244",78,60,145,40,4,0,0,
"2023-09-20 12:00",790,"50.581",92,58,392,76,11,1,1,
"2023-09-21 00:00",266,"51.628",91,60,146,37,7,1,1,
"2023-09-21 12:00",727,"50.752",96,57,349,47,14,5,1,
"2023-09-22 00:00",271,"51.576",87,59,148,24,5,1,0,
"2023-09-22 12:00",683,"50.307",102,58,292,67,7,1,1,102
"2023-09-23 00:00",159,"49.849",80,57,68,9,1,0,0,
"2023-09-23 12:00",517,"50.412",84,57,246,41,6,1,0,
"2023-09-24 00:00",159,"48.623",74,56,67,7,1,0,0,
"2023-09-24 12:00",418,"50.218",86,57,184,35,6,1,0,
"2023-09-25 00:00",286,"50.948",86,59,151,29,1,1,0,
"2023-09-25 12:00",790,"50.543",88,58,402,68,12,1,0,
"2023-09-26 00:00",260,"48.912",81,58,114,19,5,1,0,
"2023-09-26 12:00",843,"50.18",80,57,388,53,16,0,0,
"2023-09-27 00:00",286,"50.038",89,57,140,27,6,1,0,
"2023-09-27 12:00",843,"50.454",82,58,404,75,12,1,0,
"2023-09-28 00:00",281,"51.573",73,59,151,25,2,0,0,
"2023-09-28 12:00",888,"50.434",81,58,420,72,13,1,0,
"2023-09-29 00:00",274,"49.628",83,56,121,21,5,1,0,
"2023-09-29 12:00",797,"50.473",89,58,378,84,20,3,0,
"2023-09-30 00:00",246,"49.366",78,57,108,19,4,0,0,
"2023-09-30 12:00",526,"50.367",78,57,236,44,5,0,0,
"2023-10-01 00:00",177,"50.542",85,60,80,24,2,1,0,
"2023-10-01 12:00",554,"50.388",81,59,267,65,7,1,0,
"2023-10-02 00:00",277,"51.267",78,59,144,35,7,0,0,
"2023-10-02 12:00",787,"50.912",97,58,392,68,18,3,1,
"2023-10-03 00:00",254,"50.657",97,59,130,29,2,1,1,
"2023-10-03 12:00",829,"50.525",90,58,416,72,13,3,0,
"2023-10-04 00:00",271,"51.756",75,59,150,31,3,0,0,
"2023-10-04 12:00",739,"50.947",84,58,366,74,11,2,0,
"2023-10-05 00:00",316,"51.196",79,59,168,32,6,0,0,
"2023-10-05 12:00",846,"50.665",91,58,413,81,12,1,1,
"2023-10-06 00:00",253,"51.336",88,59,134,28,8,3,0,
"2023-10-06 12:00",857,"50.504",84,57,416,65,14,2,0,
"2023-10-07 00:00",249,"50.253",77,58,124,25,6,0,0,
"2023-10-07 12:00",566,"51.124",108,58,287,58,17,4,2,108
"2023-10-08 00:00",178,"49.494",90,58,74,18,5,2,0,
"2023-10-08 12:00",557,"49.045",83,57,236,47,5,1,0,
"2023-10-09 00:00",279,"50.627",80,58,134,31,6,0,0,
"2023-10-09 12:00",743,"49.646",89,56,323,57,7,1,0,
"2023-10-10 00:00",266,"50.703",77,58,123,23,8,0,0,
"2023-10-10 12:00",836,"50.376",105,58,398,85,11,5,2,105
"2023-10-11 00:00",0,,,,0,0,0,0,0,
"2023-10-11 12:00",379,"51.032",93,59,202,34,6,2,1,
"2023-10-12 00:00",265,"51.347",82,59,152,34,4,1,0,
"2023-10-12 12:00",775,"50.863",81,58,411,72,11,1,0,
"2023-10-13 00:00",262,"51.111",91,60,139,37,8,2,1,
"2023-10-13 12:00",763,"49.869",89,57,356,67,10,3,0,
"2023-10-14 00:00",243,"51.819",83,61,136,39,5,3,0,
"2023-10-14 12:00",557,"49.467",81,57,224,53,12,1,0,
"2023-10-15 00:00",61,"48.738",70,55,24,3,0,0,0,
"2023-10-15 12:00",265,"49.838",79,57,117,20,6,0,0,
"2023-10-16 00:00",270,"51.167",76,58,139,27,4,0,0,
"2023-10-16 12:00",750,"50.688",104,58,348,76,15,2,1,104
"2023-10-17 00:00",225,"51.067",74,58,108,28,5,0,0,
"2023-10-17 12:00",747,"51.38",128,58,378,68,13,4,2,119
"2023-10-18 00:00",254,"51.134",91,57,133,23,6,1,1,
"2023-10-18 12:00",758,"51.938",101,59,387,85,19,9,1,101
"2023-10-19 00:00",229,"50.633",75,59,104,28,2,0,0,
"2023-10-19 12:00",659,"50.296",95,57,308,56,7,2,1,
"2023-10-20 00:00",221,"50.706",86,59,97,24,6,2,0,
"2023-10-20 12:00",742,"51.71",86,59,398,81,16,2,0,
"2023-10-21 00:00",209,"51.861",77,60,117,27,5,0,0,
"2023-10-21 12:00",580,"50.759",81,58,274,53,10,1,0,
"2023-10-22 00:00",149,"50.081",85,62,63,23,3,1,0,
"2023-10-22 12:00",501,"49.633",92,57,226,39,6,2,1,
"2023-10-23 00:00",256,"50.773",79,60,128,34,4,0,0,
"2023-10-23 12:00",737,"51.231",98,58,383,70,6,3,2,
"2023-10-24 00:00",228,"51.395",79,59,115,30,3,0,0,
"2023-10-24 12:00",435,"48.531",76,56,171,22,2,0,0,
"2023-10-25 00:00",219,"50.416",78,58,97,20,3,0,0,
"2023-10-25 12:00",712,"51.899",98,59,383,72,15,3,1,
"2023-10-26 00:00",239,"50.862",74,60,119,32,2,0,0,
"2023-10-26 12:00",763,"50.308",76,57,343,60,8,0,0,
"2023-10-27 00:00",150,"49.993",75,59,79,18,4,0,0,
"2023-10-27 12:00",686,"51.246",90,58,355,66,12,3,0,
"2023-10-28 00:00",167,"51.802",85,59,92,22,5,2,0,
"2023-10-28 12:00",491,"50.984",100,59,247,65,7,2,1,100
"2023-10-29 00:00",156,"51.282",81,59,81,19,3,1,0,
"2023-10-29 12:00",381,"50.244",82,57,183,32,2,1,0,
"2023-10-30 00:00",189,"50.963",76,58,94,20,4,0,0,
"2023-10-30 12:00",528,"49.53",82,56,225,32,5,1,0,
"2023-10-31 00:00",133,"50.436",79,57,54,13,3,0,0,
"2023-10-31 12:00",333,"49.733",71,57,147,28,1,0,0,
"2023-11-01 00:00",174,"51.517",84,58,96,15,3,2,0,
"2023-11-01 12:00",451,"50.466",81,57,210,43,6,1,0,
"2023-11-02 00:00",188,"51.154",101,59,88,23,2,1,1,101
"2023-11-02 12:00",320,"48.572",76,57,120,25,4,0,0,
"2023-11-03 00:00",213,"50.793",84,59,113,23,3,1,0,
"2023-11-03 12:00",554,"50.168",80,57,243,49,7,0,0,
"2023-11-04 00:00",223,"51.157",78,58,109,25,3,0,0,
"2023-11-04 12:00",475,"50.434",75,58,222,46,4,0,0,
"2023-11-05 00:00",87,"49.839",70,59,42,9,0,0,0,
"2023-11-05 12:00",383,"50.765",86,59,189,47,9,1,0,
"2023-11-06 00:00",247,"51.263",80,59,113,33,9,0,0,
"2023-11-06 12:00",696,"49.779",83,57,305,55,3,1,0,
"2023-11-07 00:00",221,"51.032",77,59,106,27,4,0,0,
"2023-11-07 12:00",688,"50.836",86,58,312,54,7,1,0,
"2023-11-08 00:00",236,"50.441",85,60,116,30,8,1,0,
"2023-11-08 12:00",721,"50.666",79,57,340,52,6,0,0,
"2023-11-09 00:00",240,"50.529",74,58,106,25,3,0,0,
"2023-11-09 12:00",726,"50.792",79,58,352,67,11,0,0,
"2023-11-10 00:00",220,"50.027",89,58,99,19,3,1,0,
"2023-11-10 12:00",692,"50.89",87,58,336,68,8,1,0,
"2023-11-11 00:00",232,"51.909",79,60,123,32,6,0,0,
"2023-11-11 12:00",470,"49.689",82,57,201,35,5,1,0,
"2023-11-12 00:00",134,"51.052",75,57,63,14,5,0,0,
"2023-11-12 12:00",388,"50.023",79,58,168,30,5,0,0,
"2023-11-13 00:00",218,"51.606",82,61,114,34,8,1,0,
"2023-11-13 12:00",714,"50.123",77,57,309,59,7,0,0,
"2023-11-14 00:00",211,"51.047",80,58,103,21,4,0,0,
"2023-11-14 12:00",735,"49.533",77,55,301,44,4,0,0,
"2023-11-15 00:00",222,"51.239",84,60,109,32,3,1,0,
"2023-11-15 12:00",738,"49.16",74,56,294,42,3,0,0,
"2023-11-16 00:00",247,"51.498",73,58,134,32,5,0,0,
"2023-11-16 12:00",717,"49.498",81,57,297,57,5,1,0,
"2023-11-17 00:00",242,"49.847",83,57,110,21,4,1,0,
"2023-11-17 12:00",713,"48.823",76,56,254,40,5,0,0,
"2023-11-18 00:00",227,"51.04",83,60,107,31,8,1,0,
"2023-11-18 12:00",515,"50.128",81,57,233,38,8,1,0,
"2023-11-19 00:00",130,"50.338",79,57,62,9,1,0,0,
"2023-11-19 12:00",390,"50.264",83,57,181,31,3,1,0,
"2023-11-20 00:00",213,"50.779",84,58,102,20,5,2,0,
"2023-11-20 12:00",665,"48.94",88,55,259,40,4,2,0,
"2023-11-21 00:00",219,"50.598",76,58,98,25,3,0,0,
"2023-11-21 12:00",654,"50.349",85,57,298,48,11,1,0,
"2023-11-22 00:00",223,"51.628",80,59,123,33,5,0,0,
"2023-11-22 12:00",737,"50.541",77,57,335,69,4,0,0,
"2023-11-23 00:00",235,"51.438",92,60,127,30,4,1,1,
"2023-11-23 12:00",716,"50.994",84,58,351,64,9,1,0,
"2023-11-24 00:00",206,"52.515",77,61,114,31,3,0,0,
"2023-11-24 12:00",757,"50.473",78,57,352,61,6,0,0,
"2023-11-25 00:00",203,"50.212",73,57,98,21,6,0,0,
"2023-11-25 12:00",480,"50.529",81,58,227,36,5,1,0,
"2023-11-26 00:00",122,"52.115",73,64,68,25,2,0,0,
"2023-11-26 12:00",370,"50.316",95,58,173,31,5,1,1,
"2023-11-27 00:00",225,"51.969",92,59,123,26,7,2,1,
"2023-11-27 12:00",699,"50.751",89,58,336,73,7,3,0,
"2023-11-28 00:00",229,"51.039",79,59,111,25,4,0,0,
"2023-11-28 12:00",709,"51.227",86,58,337,68,10,1,0,
"2023-11-29 00:00",227,"51.722",75,59,126,24,2,0,0,
"2023-11-29 12:00",701,"50.892",77,57,349,56,5,0,0,
"2023-11-30 00:00",158,"50.861",77,57,86,15,2,0,0,
"2023-11-30 12:00",566,"49.101",81,57,212,44,8,1,0,
"2023-12-01 00:00",161,"50.441",89,58,68,19,7,1,0,
"2023-12-01 12:00",582,"47.976",76,56,197,37,3,0,0,
"2023-12-02 00:00",126,"48.643",73,57,50,12,1,0,0,
"2023-12-02 12:00",320,"49.444",74,57,139,20,2,0,0,
"2023-12-03 00:00",120,"50.983",92,58,58,11,3,1,1,
"2023-12-03 12:00",352,"51.435",95,60,182,49,6,1,1,
"2023-12-04 00:00",196,"52.179",79,60,98,29,6,0,0,
"2023-12-04 12:00",695,"50.827",74,57,334,65,5,0,0,
"2023-12-05 00:00",221,"52.348",78,62,125,42,7,0,0,
"2023-12-05 12:00",650,"50.763",81,57,288,57,11,1,0,
"2023-12-06 00:00",196,"51.158",77,58,97,19,3,0,0,
"2023-12-06 12:00",740,"50.05",86,56,317,53,5,2,0,
"2023-12-07 00:00",224,"50.862",75,58,113,18,2,0,0,
"2023-12-07 12:00",715,"51.42",80,58,365,64,7,0,0,
"2023-12-08 00:00",220,"50.745",76,59,108,24,3,0,0,
"2023-12-08 12:00",686,"50.816",82,58,330,62,8,1,0,
"2023-12-09 00:00",197,"50.508",74,59,94,20,1,0,0,
"2023-12-09 12:00",504,"50.423",85,57,236,36,4,2,0,
"2023-12-10 00:00",123,"49.13",73,58,46,6,2,0,0,
"2023-12-10 12:00",403,"50.251",74,58,173,35,2,0,0,
"2023-12-11 00:00",210,"51.29",74,60,112,28,3,0,0,
"2023-12-11 12:00",614,"49.498",84,56,245,36,5,1,0,
"2023-12-12 00:00",254,"50.591",72,58,130,20,1,0,0,
"2023-12-12 12:00",721,"50.216",78,56,321,47,8,0,0,
"2023-12-13 00:00",72,"46.792",74,56,23,4,2,0,0,
"2023-12-13 12:00",464,"47.366",83,55,141,26,2,1,0,
"2023-12-14 00:00",230,"51.83",76,58,132,21,1,0,0,
"2023-12-14 12:00",718,"51.497",81,58,372,77,11,1,0,
"2023-12-15 00:00",231,"51.39",79,58,115,22,6,0,0,
"2023-12-15 12:00",730,"50.914",81,58,344,64,14,1,0,
"2023-12-16 00:00",198,"51.879",74,59,106,21,4,0,0,
"2023-12-16 12:00",479,"50.749",82,58,228,43,7,1,0,
"2023-12-17 00:00",144,"51.049",74,58,71,15,2,0,0,
"2023-12-17 12:00",422,"50.799",75,58,204,47,10,0,0,
"2023-12-18 00:00",205,"51.371",91,59,102,24,6,1,1,
"2023-12-18 12:00",707,"50.528",77,57,333,49,12,0,0,
"2023-12-19 00:00",208,"50.832",71,57,95,23,1,0,0,
"2023-12-19 12:00",761,"50.783",83,58,356,71,11,2,0,
"2023-12-20 00:00",225,"51.578",77,57,117,23,6,0,0,
"2023-12-20 12:00",732,"50.649",79,58,347,73,10,0,0,
"2023-12-21 00:00",234,"50.782",77,58,114,14,3,0,0,
"2023-12-21 12:00",712,"50.895",85,58,348,59,9,2,0,
"2023-12-22 00:00",260,"50.388",77,57,119,20,1,0,0,
"2023-12-22 12:00",733,"51.063",84,58,359,61,8,1,0,
"2023-12-23 00:00",254,"50.929",85,58,124,25,5,1,0,
"2023-12-23 12:00",486,"51.422",105,59,244,56,9,2,1,105
"2023-12-24 00:00",121,"52.132",74,61,60,24,5,0,0,
"2023-12-24 12:00",354,"50.675",87,58,178,22,3,1,0,
"2023-12-25 00:00",105,"49.495",67,56,47,3,0,0,0,
"2023-12-25 12:00",394,"50.183",85,57,179,29,6,3,0,
"2023-12-26 00:00",102,"50.755",79,57,48,10,1,0,0,
"2023-12-26 12:00",394,"49.442",78,56,170,28,3,0,0,
"2023-12-27 00:00",178,"51.579",69,59,95,19,0,0,0,
"2023-12-27 12:00",611,"49.846",81,57,265,47,6,1,0,
"2023-12-28 00:00",193,"51.212",93,60,95,26,5,1,1,
"2023-12-28 12:00",549,"50.8",80,57,272,43,4,0,0,
"2023-12-29 00:00",194,"50.923",78,58,99,24,3,0,0,
"2023-12-29 12:00",550,"50.236",78,58,244,43,7,0,0,
"2023-12-30 00:00",188,"50.622",82,57,85,16,2,1,0,
"2023-12-30 12:00",466,"50.109",89,57,191,36,8,3,0,
"2023-12-31 00:00",88,"51.045",85,61,39,14,2,2,0,
"2023-12-31 12:00",234,"49.504",79,57,100,18,4,0,0,
"2024-01-01 00:00",65,"50.077",80,57,25,7,1,0,0,
"2024-01-01 12:00",331,"50.338",81,57,153,29,5,1,0,
"2024-01-02 00:00",91,"52.747",77,62,55,18,5,0,0,
"2024-01-02 12:00",385,"50.164",75,58,171,37,6,0,0,
"2024-01-03 00:00",182,"52.478",75,59,104,22,4,0,0,
"2024-01-03 12:00",642,"50.889",77,58,316,59,7,0,0,
"2024-01-04 00:00",222,"50.5",73,58,110,20,1,0,0,
"2024-01-04 12:00",686,"51.092",75,58,351,60,4,0,0,
"2024-01-05 00:00",224,"51.076",79,59,105,24,6,0,0,
"2024-01-05 12:00",652,"49.571",83,56,257,40,3,1,0,
"2024-01-06 00:00",135,"48.815",71,58,57,15,1,0,0,
"2024-01-06 12:00",396,"48.735",70,56,142,17,0,0,0,
"2024-01-07 00:00",103,"51.33",87,58,52,11,3,1,0,
"2024-01-07 12:00",308,"51.049",78,58,152,25,5,0,0,
"2024-01-08 00:00",198,"52.101",80,60,107,29,5,0,0,
"2024-01-08 12:00",667,"50.546",87,57,299,62,9,1,0,
"2024-01-09 00:00",209,"51.823",77,60,108,27,5,0,0,
"2024-01-09 12:00",663,"51.357",84,58,327,59,11,1,0,
"2024-01-10 00:00",218,"52.133",77,59,130,24,3,0,0,
"2024-01-10 12:00",734,"51.319",83,58,373,77,12,1,0,
"2024-01-11 00:00",223,"52.081",82,61,125,35,4,1,0,
"2024-01-11 12:00",718,"51.607",76,58,388,70,8,0,0,
"2024-01-12 00:00",201,"51.935",74,60,123,28,1,0,0,
"2024-01-12 12:00",690,"51.187",86,58,358,74,12,3,0,
"2024-01-13 00:00",183,"51.257",74,60,94,25,2,0,0,
"2024-01-13 12:00",483,"50.799",77,57,228,43,4,0,0,
"2024-01-14 00:00",119,52,76,60,66,15,2,0,0,
"2024-01-14 12:00",349,"51.484",81,59,179,35,8,1,0,
"2024-01-15 00:00",204,"50.397",84,58,102,17,3,1,0,
"2024-01-15 12:00",681,"51.264",80,59,348,61,5,0,0,
"2024-01-16 00:00",203,"51.049",72,59,110,21,1,0,0,
"2024-01-16 12:00",708,"51.76",82,59,372,82,9,1,0,
"2024-01-17 00:00",225,"51.92",74,61,132,35,4,0,0,
"2024-01-17 12:00",665,"50.668",77,58,305,57,7,0,0,
"2024-01-18 00:00",212,"50.802",70,59,106,22,0,0,0,
"2024-01-18 12:00",707,"51.188",81,58,353,72,8,2,0,
"2024-01-19 00:00",109,"40.826",78,49,14,3,1,0,0,
"2024-01-19 12:00",557,"46.944",74,54,163,19,2,0,0,
"2024-01-20 00:00",159,"51.277",76,59,75,17,3,0,0,
"2024-01-20 12:00",427,"50.129",86,57,193,35,2,1,0,
"2024-01-21 00:00",120,"50.942",73,59,56,12,1,0,0,
"2024-01-21 12:00",386,"49.337",77,56,159,29,2,0,0,
"2024-01-22 00:00",204,"51.216",78,58,107,24,2,0,0,
"2024-01-22 12:00",668,"51.482",85,58,340,59,13,2,0,
"2024-01-23 00:00",215,"50.493",72,58,98,20,3,0,0,
"2024-01-23 12:00",693,"50.843",83,57,338,62,3,1,0,
"2024-01-24 00:00",221,"51.511",79,59,116,27,6,0,0,
"2024-01-24 12:00",844,"50.652",78,57,389,65,6,0,0,
"2024-01-25 00:00",220,"51.2",85,59,115,23,2,1,0,
"2024-01-25 12:00",682,"51.141",82,58,337,63,11,4,0,
"2024-01-26 00:00",184,"52.614",82,60,110,23,4,1,0,
"2024-01-26 12:00",725,"50.326",84,57,319,56,6,1,0,
"2024-01-27 00:00",170,"51.118",80,58,87,21,2,0,0,
"2024-01-27 12:00",441,"50.449",86,59,186,42,8,2,0,
"2024-01-28 00:00",102,"49.382",71,59,37,13,1,0,0,
"2024-01-28 12:00",391,"51.225",79,58,193,41,2,0,0,
"2024-01-29 00:00",204,"50.706",73,58,96,21,2,0,0,
"2024-01-29 12:00",641,"50.994",75,58,305,57,3,0,0,
"2024-01-30 00:00",220,"49.573",76,57,107,18,2,0,0,
"2024-01-30 12:00",712,"51.383",84,58,370,61,8,1,0,
"2024-01-31 00:00",225,"51.084",85,58,123,21,4,1,0,
"2024-01-31 12:00",650,"51.242",90,57,346,44,11,1,0,
"2024-02-01 00:00",239,"51.992",82,60,135,35,8,1,0,
"2024-02-01 12:00",668,"51.094",90,58,329,66,11,1,0,
"2024-02-02 00:00",224,"52.732",89,60,136,33,5,1,0,
"2024-02-02 12:00",700,"50.416",83,57,303,64,5,2,0,
"2024-02-03 00:00",153,"49.928",81,59,81,18,2,1,0,
"2024-02-03 12:00",443,"51.111",73,59,215,48,5,0,0,
"2024-02-04 00:00",109,"48.44",76,57,49,8,1,0,0,
"2024-02-04 12:00",376,"50.665",81,58,169,32,7,1,0,
"2024-02-05 00:00",234,"50.761",74,58,121,22,2,0,0,
"2024-02-05 12:00",658,"51.365",78,59,330,73,7,0,0,
"2024-02-06 00:00",218,"50.693",75,58,104,22,2,0,0,
"2024-02-06 12:00",700,"50.536",85,57,313,50,8,1,0,
"2024-02-07 00:00",212,"51.835",84,60,111,27,4,2,0,
"2024-02-07 12:00",694,"51.081",96,58,342,58,11,1,1,
"2024-02-08 00:00",126,"51.452",71,59,72,17,1,0,0,
"2024-02-08 12:00",446,"50.971",99,58,214,44,9,2,1,
"2024-02-09 00:00",213,"50.836",84,58,99,18,5,1,0,
"2024-02-09 12:00",539,"49.993",78,56,226,43,9,0,0,
"2024-02-10 00:00",143,"49.713",70,57,67,11,0,0,0,
"2024-02-10 12:00",426,"49.915",77,58,169,46,6,0,0,
"2024-02-11 00:00",120,"49.225",80,56,49,10,3,0,0,
"2024-02-11 12:00",323,"49.291",85,56,107,30,7,2,0,
"2024-02-12 00:00",223,"51.951",75,60,131,30,2,0,0,
"2024-02-12 12:00",643,"51.198",87,58,329,58,5,1,0,
"2024-02-13 00:00",218,"50.413",69,59,99,22,0,0,0,
"2024-02-13 12:00",675,"50.231",78,56,304,47,5,0,0,
"2024-02-14 00:00",200,"51.425",72,59,115,23,1,0,0,
"2024-02-14 12:00",735,"50.916",86,57,385,55,4,1,0,
"2024-02-15 00:00",196,"51.281",77,60,105,27,6,0,0,
"2024-02-15 12:00",709,"51.094",79,57,348,60,8,0,0,
"2024-02-16 00:00",233,"52.124",82,60,129,30,5,1,0,
"2024-02-16 12:00",704,"51.017",80,58,372,55,6,0,0,
"2024-02-17 00:00",180,"51.989",76,59,106,18,6,0,0,
"2024-02-17 12:00",444,"50.205",87,58,198,41,8,2,0,
"2024-02-18 00:00",109,"49.936",77,58,47,10,2,0,0,
"2024-02-18 12:00",331,"50.849",76,59,167,35,10,0,0,
"2024-02-19 00:00",213,"51.46",75,59,118,26,2,0,0,
"2024-02-19 12:00",616,"51.037",80,58,300,61,9,0,0,
"2024-02-20 00:00",220,"51.505",74,60,116,27,1,0,0,
"2024-02-20 12:00",646,"50.966",82,58,322,66,10,2,0,
"2024-02-21 00:00",214,"50.771",76,59,105,26,1,0,0,
"2024-02-21 12:00",655,"50.415",80,57,289,50,8,0,0,
"2024-02-22 00:00",236,"50.322",91,59,106,28,5,1,1,
"2024-02-22 12:00",638,"49.73",78,57,263,44,5,0,0,
"2024-02-23 00:00",166,"48.771",79,58,68,15,2,0,0,
"2024-02-23 12:00",282,"47.872",74,55,99,11,1,0,0,
"2024-02-24 00:00",162,"51.562",79,58,84,19,1,0,0,
"2024-02-24 12:00",465,"50.748",81,58,230,45,7,1,0,
"2024-02-25 00:00",140,"50.743",79,59,64,17,2,0,0,
"2024-02-25 12:00",372,"50.18",79,57,160,29,4,0,0,
"2024-02-26 00:00",244,"51.016",75,58,117,25,2,0,0,
"2024-02-26 12:00",669,"50.972",75,58,341,50,4,0,0,
"2024-02-27 00:00",199,"50.352",80,59,90,22,2,0,0,
"2024-02-27 12:00",642,"49.427",82,56,249,34,7,1,0,
"2024-02-28 00:00",222,"51.347",86,59,108,22,3,1,0,
"2024-02-28 12:00",695,"51.345",83,58,352,71,14,1,0,
"2024-02-29 00:00",217,"50.562",81,59,102,23,3,1,0,
"2024-02-29 12:00",746,"51.377",80,58,373,76,11,0,0,
"2024-03-01 00:00",207,"50.546",76,58,100,20,2,0,0,
"2024-03-01 12:00",711,"50.141",78,57,305,54,5,0,0,
"2024-03-02 00:00",173,"51.312",67,59,93,22,0,0,0,
"2024-03-02 12:00",454,"50.359",79,57,215,33,5,0,0,
"2024-03-03 00:00",142,"50.549",77,60,60,20,3,0,0,
"2024-03-03 12:00",342,"49.667",79,57,146,30,4,0,0,
"2024-03-04 00:00",215,"51.916",95,59,111,26,3,1,1,
"2024-03-04 12:00",666,"50.14",75,57,290,49,6,0,0,
"2024-03-05 00:00",216,"51.463",82,60,119,31,4,1,0,
"2024-03-05 12:00",689,"49.444",84,56,290,35,4,1,0,
"2024-03-06 00:00",206,"50.136",82,58,100,12,2,2,0,
"2024-03-06 12:00",695,"50.16",84,57,318,51,10,1,0,
"2024-03-07 00:00",209,"52.11",94,60,127,28,4,2,1,
"2024-03-07 12:00",711,"50.354",80,57,324,62,7,0,0,
"2024-03-08 00:00",204,"50.51",74,59,96,19,2,0,0,
"2024-03-08 12:00",695,"49.862",80,57,276,56,8,0,0,
"2024-03-09 00:00",172,"49.994",72,58,79,18,2,0,0,
"2024-03-09 12:00",436,"49.122",76,56,168,26,4,0,0,
"2024-03-10 00:00",123,"51.024",74,59,63,14,1,0,0,
"2024-03-10 12:00",279,"48.778",73,56,107,26,4,0,0,
"2024-03-11 00:00",207,"50.401",72,58,98,20,1,0,0,
"2024-03-11 12:00",635,"49.948",80,57,275,48,1,0,0,
"2024-03-12 00:00",227,"51.128",91,58,118,22,4,1,1,
"2024-03-12 12:00",739,"50.344",80,57,321,56,6,0,0,
"2024-03-13 00:00",237,"51.017",90,59,116,23,6,1,0,
"2024-03-13 12:00",750,"50.273",79,57,339,68,3,0,0,
"2024-03-14 00:00",242,"51.798",90,60,133,31,6,1,0,
"2024-03-14 12:00",759,"50.086",81,57,323,56,4,1,0,
"2024-03-15 00:00",212,"51.75",73,59,114,22,2,0,0,
"2024-03-15 12:00",722,"51.474",81,59,375,78,11,2,0,
"2024-03-16 00:00",219,"50.904",84,59,112,24,3,2,0,
"2024-03-16 12:00",460,"50.343",90,58,212,43,7,1,0,
"2024-03-17 00:00",176,"50.182",77,58,83,18,4,0,0,
"2024-03-17 12:00",467,"50.152",81,58,213,43,4,1,0,
"2024-03-18 00:00",222,"51.077",77,58,114,26,5,0,0,
"2024-03-18 12:00",667,"50.562",85,57,317,55,4,2,0,
"2024-03-19 00:00",209,"49.612",77,57,90,16,2,0,0,
"2024-03-19 12:00",693,"50.854",79,57,350,48,7,0,0,
"2024-03-20 00:00",234,"51.017",84,59,117,28,3,1,0,
"2024-03-20 12:00",665,"50.469",91,58,327,60,3,1,1,
"2024-03-21 00:00",162,"49.605",76,58,67,19,1,0,0,
"2024-03-21 12:00",699,"50.572",89,57,324,53,10,3,0,
"2024-03-22 00:00",242,"51.736",84,59,133,32,5,1,0,
"2024-03-22 12:00",755,"50.591",79,57,363,57,8,0,0,
"2024-03-23 00:00",207,"50.913",102,58,108,20,5,2,1,102
"2024-03-23 12:00",509,"50.501",81,57,253,45,6,1,0,
"2024-03-24 00:00",105,"50.819",72,59,51,11,1,0,0,
"2024-03-24 12:00",420,"51.398",86,58,210,45,9,1,0,
"2024-03-25 00:00",213,"51.728",75,60,119,30,6,0,0,
"2024-03-25 12:00",713,"51.76",94,59,377,76,15,4,1,
"2024-03-26 00:00",216,"51.481",88,59,114,21,1,1,0,
"2024-03-26 12:00",732,"50.854",77,57,353,61,7,0,0,
"2024-03-27 00:00",243,"52.033",79,60,137,34,9,0,0,
"2024-03-27 12:00",659,"49.939",77,57,294,52,3,0,0,
"2024-03-28 00:00",215,"51.698",87,59,105,25,7,1,0,
"2024-03-28 12:00",478,"48.437",71,55,170,19,1,0,0,
"2024-03-29 00:00",247,"51.518",92,59,127,30,5,1,1,
"2024-03-29 12:00",716,"51.126",81,58,348,73,13,1,0,
"2024-03-30 00:00",196,"51.633",77,59,100,24,4,0,0,
"2024-03-30 12:00",508,"50.386",88,58,238,53,13,2,0,
"2024-03-31 00:00",153,"51.255",70,61,75,23,0,0,0,
"2024-03-31 12:00",350,"50.24",77,57,149,29,7,0,0,
"2024-04-01 00:00",116,"51.94",86,60,63,15,3,1,0,
"2024-04-01 12:00",328,"49.25",80,56,134,18,5,0,0,
"2024-04-02 00:00",225,"52.284",85,61,132,37,1,1,0,
"2024-04-02 12:00",689,"49.829",76,57,305,41,6,0,0,
"2024-04-03 00:00",228,"50.513",77,58,100,20,4,0,0,
"2024-04-03 12:00",737,"50.915",87,57,345,69,8,3,0,
"2024-04-04 00:00",217,"50.47",72,58,107,22,1,0,0,
"2024-04-04 12:00",741,"50.686",84,58,367,65,11,1,0,
"2024-04-05 00:00",246,"50.171",74,58,113,26,2,0,0,
"2024-04-05 12:00",833,"50.862",82,59,414,85,14,3,0,
"2024-04-06 00:00",226,"49.314",76,58,95,23,2,0,0,
"2024-04-06 12:00",499,"49.479",82,57,214,50,4,1,0,
"2024-04-07 00:00",163,"49.319",84,58,73,18,2,1,0,
"2024-04-07 12:00",491,"49.065",77,58,209,50,6,0,0,
"2024-04-08 00:00",252,"49.5",73,57,119,18,1,0,0,
"2024-04-08 12:00",748,"49.817",84,57,326,53,5,1,0,
"2024-04-09 00:00",235,"51.081",84,59,117,27,5,2,0,
"2024-04-09 12:00",802,"50.392",98,57,367,67,10,1,1,
"2024-04-10 00:00",236,"50.597",81,58,113,26,5,1,0,
"2024-04-10 12:00",782,"50.01",105,56,343,55,7,1,1,105
"2024-04-11 00:00",229,"51.668",87,59,122,23,2,1,0,
"2024-04-11 12:00",834,"50.596",90,58,401,78,15,3,0,
"2024-04-12 00:00",256,"50.785",85,60,126,36,6,2,0,
"2024-04-12 12:00",787,"50.3",82,57,361,69,14,3,0,
"2024-04-13 00:00",248,"48.859",75,57,102,16,2,0,0,
"2024-04-13 12:00",573,"50.021",79,58,269,55,8,0,0,
"2024-04-14 00:00",162,"47.272",77,57,62,14,2,0,0,
"2024-04-14 12:00",491,"49.02",79,58,216,37,6,0,0,
"2024-04-15 00:00",225,"50.231",74,57,110,18,2,0,0,
"2024-04-15 12:00",760,"49.726",82,57,326,71,9,2,0,
"2024-04-16 00:00",205,"50.888",82,58,97,18,2,1,0,
"2024-04-16 12:00",511,"49.517",79,57,211,34,5,0,0,
"2024-04-17 00:00",218,"52.362",78,61,119,33,4,0,0,
"2024-04-17 12:00",772,"51.96",83,59,430,85,12,1,0,
"2024-04-18 00:00",226,"51.23",75,59,121,27,1,0,0,
"2024-04-18 12:00",756,"51.402",86,58,382,68,9,1,0,
"2024-04-19 00:00",261,"50.693",74,57,120,19,5,0,0,
"2024-04-19 12:00",800,"49.646",75,56,343,55,3,0,0,
"2024-04-20 00:00",201,"50.562",79,58,95,21,4,0,0,
"2024-04-20 12:00",513,"49.423",79,56,221,33,5,0,0,
"2024-04-21 00:00",129,"50.62",92,57,62,11,4,1,1,
"2024-04-21 12:00",429,"51.044",79,59,214,44,8,0,0,
"2024-04-22 00:00",238,"51.206",86,58,123,25,5,1,0,
"2024-04-22 12:00",719,"50.129",86,57,319,53,6,3,0,
"2024-04-23 00:00",174,"50.569",71,59,71,21,1,0,0,
"2024-04-23 12:00",642,"49.991",95,56,278,36,7,3,1,
"2024-04-24 00:00",220,"50.191",73,57,103,16,1,0,0,
"2024-04-24 12:00",734,"51.435",90,58,373,66,11,1,0,
"2024-04-25 00:00",206,"51.044",89,59,106,23,4,1,0,
"2024-04-25 12:00",753,"51.143",81,57,387,58,5,1,0,
"2024-04-26 00:00",233,"50.936",71,60,116,31,1,0,0,
"2024-04-26 12:00","1,610","47.383",92,54,506,64,6,1,1,
"2024-04-27 00:00",180,"51.344",81,59,92,21,4,1,0,
"2024-04-27 12:00",404,"49.874",81,57,168,37,6,1,0,
"2024-04-28 00:00",119,"50.471",81,60,66,15,3,1,0,
"2024-04-28 12:00",431,"47.949",86,56,174,28,4,1,0,
"2024-04-29 00:00",229,"51.406",74,61,134,37,3,0,0,
"2024-04-29 12:00",609,"49.916",79,57,274,56,5,0,0,
"2024-04-30 00:00",235,"50.072",75,57,112,22,3,0,0,
"2024-04-30 12:00",615,"50.039",88,57,272,49,5,1,0,
"2024-05-01 00:00",143,"49.182",82,57,60,12,1,1,0,
"2024-05-01 12:00",340,"48.659",91,56,125,18,6,1,1,
"2024-05-02 00:00",87,"47.713",67,55,34,5,0,0,0,
"2024-05-02 12:00",302,"49.023",96,56,111,24,3,1,1,
"2024-05-03 00:00",182,"49.297",75,56,69,14,2,0,0,
"2024-05-03 12:00",466,"49.762",82,56,185,34,7,1,0,
"2024-05-04 00:00",180,"48.6",73,56,60,12,3,0,0,
"2024-05-04 12:00",444,"49.854",81,58,205,34,1,1,0,
"2024-05-05 00:00",151,"48.921",78,58,67,14,2,0,0,
"2024-05-05 12:00",409,"49.301",86,56,180,33,6,1,0,
"2024-05-06 00:00",271,"50.483",77,59,127,28,4,0,0,
"2024-05-06 12:00",745,"50.307",89,57,329,61,11,3,0,
"2024-05-07 00:00",236,"49.822",76,58,107,21,2,0,0,
"2024-05-07 12:00",687,"49.853",74,56,282,55,7,0,0,
"2024-05-08 00:00",210,"50.224",76,57,92,20,3,0,0,
"2024-05-08 12:00",777,"50.606",92,57,363,69,9,2,1,
"2024-05-09 00:00",241,"49.498",78,58,103,26,2,0,0,
"2024-05-09 12:00",849,"50.808",85,58,398,84,14,3,0,
"2024-05-10 00:00",270,"49.933",79,58,124,18,2,0,0,
"2024-05-10 12:00",835,"49.571",114,56,367,55,4,2,2,114
"2024-05-11 00:00",257,"48.942",75,56,108,21,3,0,0,
"2024-05-11 12:00",569,"48.942",79,57,244,51,8,0,0,
"2024-05-12 00:00",167,"47.251",75,56,59,11,1,0,0,
"2024-05-12 12:00",461,"49.115",84,57,194,39,7,2,0,
"2024-05-13 00:00",248,"50.754",75,58,122,29,6,0,0,
"2024-05-13 12:00",717,"50.722",85,58,336,71,8,1,0,
"2024-05-14 00:00",203,"50.424",77,58,98,14,2,0,0,
"2024-05-14 12:00",743,"50.548",86,57,344,51,10,1,0,
"2024-05-15 00:00",232,"50.578",86,58,114,17,3,1,0,
"2024-05-15 12:00",817,"49.94",82,57,360,47,12,1,0,
"2024-05-16 00:00",214,"51.921",78,60,132,29,4,0,0,
"2024-05-16 12:00",664,"50.268",75,57,304,57,5,0,0,
"2024-05-17 00:00",250,"50.456",71,58,117,27,1,0,0,
"2024-05-17 12:00",783,"50.715",94,57,371,59,7,2,1,
"2024-05-18 00:00",246,"49.797",82,58,103,28,4,2,0,
"2024-05-18 12:00",596,"49.787",89,56,263,37,7,3,0,
"2024-05-19 00:00",179,"49.156",92,58,87,16,2,1,1,
"2024-05-19 12:00",499,"48.912",79,57,204,38,8,0,0,
"2024-05-20 00:00",248,"49.036",85,57,109,18,3,2,0,
"2024-05-20 12:00",821,"50.644",84,58,391,80,11,1,0,
"2024-05-21 00:00",190,"51.016",75,59,94,21,5,0,0,
"2024-05-21 12:00",573,"49.698",75,57,247,41,5,0,0,
"2024-05-22 00:00",206,"51.282",83,59,105,19,3,1,0,
"2024-05-22 12:00",784,"51.199",82,58,407,77,9,1,0,
"2024-05-23 00:00",230,"50.704",72,58,108,25,2,0,0,
"2024-05-23 12:00",737,"51.355",77,58,388,69,7,0,0,
"2024-05-24 00:00",264,"50.792",98,58,135,28,4,1,1,
"2024-05-24 12:00",828,"50.777",84,58,412,67,8,1,0,
"2024-05-25 00:00",217,"50.737",81,58,107,20,5,1,0,
"2024-05-25 12:00",534,"50.034",88,58,239,56,9,2,0,
"2024-05-26 00:00",172,"49.116",81,57,73,14,6,1,0,
"2024-05-26 12:00",436,"50.461",92,58,224,43,9,3,1,
"2024-05-27 00:00",244,"50.029",73,59,116,29,4,0,0,
"2024-05-27 12:00",694,"50.898",84,58,376,62,6,1,0,
"2024-05-28 00:00",248,"51.177",74,58,131,26,3,0,0,
"2024-05-28 12:00",695,"51.129",85,58,374,59,9,1,0,
"2024-05-29 00:00",242,"51.12",75,59,122,28,3,0,0,
"2024-05-29 12:00",790,"51.694",81,59,444,82,7,1,0,
"2024-05-30 00:00",261,"51.375",76,59,143,25,7,0,0,
"2024-05-30 12:00",746,"51.586",77,58,391,78,14,0,0,
"2024-05-31 00:00",138,"48.957",72,56,65,12,3,0,0,
"2024-05-31 12:00",660,"50.861",80,58,313,70,9,0,0,
"2024-06-01 00:00",208,"51.462",79,59,108,26,4,0,0,
"2024-06-01 12:00",501,"51.307",102,58,256,49,7,4,2,102
"2024-06-02 00:00",185,"48.27",92,57,81,13,2,1,1,
"2024-06-02 12:00",445,"49.373",81,59,201,45,7,1,0,
"2024-06-03 00:00",223,"50.561",81,59,118,24,7,1,0,
"2024-06-03 12:00",708,"52.044",90,59,384,74,13,3,0,
"2024-06-04 00:00",249,"51.394",79,60,133,36,5,0,0,
"2024-06-04 12:00",731,"51.822",79,59,406,86,16,0,0,
"2024-06-05 00:00",250,"51.148",95,60,122,36,7,1,1,
"2024-06-05 12:00",809,"50.142",86,58,405,76,8,2,0,
"2024-06-06 00:00",313,"50.47",89,58,153,33,4,1,0,
"2024-06-06 12:00",975,"50.714",77,58,470,92,12,0,0,
"2024-06-07 00:00",306,"51.003",98,59,162,35,4,1,1,
"2024-06-07 12:00",867,"50.873",93,58,449,77,17,3,1,
"2024-06-08 00:00",232,"49.922",107,58,111,22,5,1,1,107
"2024-06-08 12:00",525,"50.413",90,59,246,60,12,3,0,
"2024-06-09 00:00",191,"49.398",74,58,91,16,3,0,0,
"2024-06-09 12:00",469,"48.951",109,57,203,42,6,1,1,109
"2024-06-10 00:00",254,"51.118",83,60,128,36,5,1,0,
"2024-06-10 12:00",932,"50.279",81,57,431,68,8,1,0,
"2024-06-11 00:00",219,"50.539",74,57,101,18,4,0,0,
"2024-06-11 12:00",724,"50.588",80,57,341,59,6,0,0,
"2024-06-12 00:00",203,"51.438",81,58,106,21,6,1,0,
"2024-06-12 12:00",750,"51.377",85,59,379,79,12,3,0,
"2024-06-13 00:00",212,"51.193",70,59,109,26,0,0,0,
"2024-06-13 12:00",755,"50.972",83,58,377,62,11,2,0,
"2024-06-14 00:00",240,"51.771",81,60,135,32,5,1,0,
"2024-06-14 12:00",771,"50.62",90,57,370,61,14,3,0,
"2024-06-15 00:00",224,"50.33",86,59,123,27,4,1,0,
"2024-06-15 12:00",510,"50.641",81,58,255,49,8,1,0,
"2024-06-16 00:00",162,"50.241",104,58,70,17,2,2,1,104
"2024-06-16 12:00",456,"51.015",81,60,236,64,10,2,0,
"2024-06-17 00:00",245,"51.253",81,60,128,32,6,1,0,
"2024-06-17 12:00",776,"50.981",91,58,378,72,11,1,1,
"2024-06-18 00:00",241,"51.344",89,59,122,28,5,1,0,
"2024-06-18 12:00",739,"50.034",94,57,359,54,7,4,1,
"2024-06-19 00:00",259,"51.934",84,61,140,40,9,1,0,
"2024-06-19 12:00",760,"50.963",89,59,404,88,9,2,0,
"2024-06-20 00:00",271,"46.638",74,57,102,14,3,0,0,
"2024-06-20 12:00",717,"51.759",89,59,398,76,10,3,0,
"2024-06-21 00:00",287,"51.226",87,59,154,37,7,1,0,
"2024-06-21 12:00",710,"51.385",84,59,370,83,7,2,0,
"2024-06-22 00:00",226,"50.08",88,57,105,21,4,1,0,
"2024-06-22 12:00",479,"51.213",87,60,248,60,10,1,0,
"2024-06-23 00:00",157,"47.51",73,57,63,13,1,0,0,
"2024-06-23 12:00",420,"50.431",83,59,202,53,6,1,0,
"2024-06-24 00:00",246,"50.533",73,59,115,30,4,0,0,
"2024-06-24 12:00",607,"50.916",83,59,308,63,7,1,0,
"2024-06-25 00:00",139,"48.691",93,57,56,12,2,1,1,
"2024-06-25 12:00",364,"50.624",83,59,164,40,9,1,0,
"2024-06-26 00:00",199,"51.482",72,60,107,27,1,0,0,
"2024-06-26 12:00",650,"51.226",85,58,307,67,11,1,0,
"2024-06-27 00:00",231,"49.697",71,58,100,22,1,0,0,
"2024-06-27 12:00",707,"51.636",83,59,362,84,16,2,0,
"2024-06-28 00:00",222,"51.468",79,60,117,30,3,0,0,
"2024-06-28 12:00",715,"51.106",85,59,368,77,11,3,0,
"2024-06-29 00:00",217,"49.802",82,58,100,18,4,1,0,
"2024-06-29 12:00",454,"51.132",82,60,229,56,14,1,0,
"2024-06-30 00:00",160,"48.856",69,57,69,13,0,0,0,
"2024-06-30 12:00",417,"50.094",74,59,209,56,7,0,0,
"2024-07-01 00:00",232,"51.099",80,58,128,19,2,0,0,
"2024-07-01 12:00",539,"50.768",104,58,265,44,9,2,1,104
"2024-07-02 00:00",214,"50.897",77,59,116,29,1,0,0,
"2024-07-02 12:00",718,"50.422",79,58,339,63,6,0,0,
"2024-07-03 00:00",223,"50.48",76,59,106,21,6,0,0,
"2024-07-03 12:00",752,"50.396",81,58,347,66,8,2,0,
"2024-07-04 00:00",219,"50.105",74,57,108,15,3,0,0,
"2024-07-04 12:00",705,"50.113",86,57,308,57,9,1,0,
"2024-07-05 00:00",222,"52.662",77,61,127,39,5,0,0,
"2024-07-05 12:00",694,"50.908",91,58,351,71,13,3,1,
"2024-07-06 00:00",219,"49.196",74,57,90,21,3,0,0,
"2024-07-06 12:00",472,"50.519",88,58,235,53,9,1,0,
"2024-07-07 00:00",160,"47.975",76,57,66,16,4,0,0,
"2024-07-07 12:00",358,"49.399",95,57,146,34,7,1,1,
"2024-07-08 00:00",238,"50.933",71,59,124,29,1,0,0,
"2024-07-08 12:00",659,"51.032",94,58,327,61,11,2,1,
"2024-07-09 00:00",226,"51.283",76,60,115,31,3,0,0,
"2024-07-09 12:00",708,"51.342",83,59,370,79,13,2,0,
"2024-07-10 00:00",243,"50.391",75,59,122,27,3,0,0,
"2024-07-10 12:00",705,"50.45",88,58,338,69,12,4,0,
"2024-07-11 00:00",244,"49.209",83,61,108,38,3,1,0,
"2024-07-11 12:00",687,"51.013",83,60,339,95,11,3,0,
"2024-07-12 00:00",205,"51.332",74,59,113,23,6,0,0,
"2024-07-12 12:00",644,"50.947",85,58,323,69,10,1,0,
"2024-07-13 00:00",213,"47.446",71,56,82,15,1,0,0,
"2024-07-13 12:00",470,"51.421",88,59,248,48,8,2,0,
"2024-07-14 00:00",158,"48.544",68,57,62,11,0,0,0,
"2024-07-14 12:00",417,"50.331",99,58,207,44,4,1,1,
"2024-07-15 00:00",230,"50.852",87,60,104,32,7,1,0,
"2024-07-15 12:00",663,"51.339",87,58,359,73,10,1,0,
"2024-07-16 00:00",233,"50.476",86,58,120,25,3,3,0,
"2024-07-16 12:00",673,"51.513",79,59,380,71,11,0,0,
"2024-07-17 00:00",233,"51.15",79,59,128,29,4,0,0,
"2024-07-17 12:00",673,"51.059",81,59,356,66,9,1,0,
"2024-07-18 00:00",231,"50.104",76,58,115,27,2,0,0,
"2024-07-18 12:00",713,"50.842",99,58,365,77,11,1,1,
"2024-07-19 00:00",225,"51.133",73,59,122,26,2,0,0,
"2024-07-19 12:00",594,"50.463",88,57,273,59,6,3,0,
"2024-07-20 00:00",166,"50.006",73,58,72,18,2,0,0,
"2024-07-20 12:00",444,"50.977",99,59,208,55,11,4,2,
"2024-07-21 00:00",159,"47.78",67,57,66,16,0,0,0,
"2024-07-21 12:00",427,"50.717",79,59,218,47,8,0,0,
"2024-07-22 00:00",244,"50.693",78,59,122,25,7,0,0,
"2024-07-22 12:00",653,"50.723",83,58,318,67,7,2,0,
"2024-07-23 00:00",218,"48.959",82,56,92,15,2,1,0,
"2024-07-23 12:00",577,"49.834",76,57,253,50,11,0,0,
"2024-07-24 00:00",215,"50.577",81,59,101,22,2,1,0,
"2024-07-24 12:00",676,"50.172",98,57,302,51,9,2,1,
"2024-07-25 00:00",247,"50.174",75,58,122,26,2,0,0,
"2024-07-25 12:00",655,"50.408",109,58,319,56,12,3,1,109
"2024-07-26 00:00",230,"50.409",75,59,120,25,5,0,0,
"2024-07-26 12:00",602,"49.965",75,57,259,46,7,0,0,
"2024-07-27 00:00",216,"49.375",78,58,100,19,4,0,0,
"2024-07-27 12:00",452,"49.73",77,58,194,47,9,0,0,
"2024-07-28 00:00",171,"48.959",73,59,83,21,3,0,0,
"2024-07-28 12:00",330,"50.139",79,57,164,28,2,0,0,
"2024-07-29 00:00",247,"50.364",79,59,115,29,4,0,0,
"2024-07-29 12:00",695,"50.19",78,58,309,62,7,0,0,
"2024-07-30 00:00",237,"51.122",76,58,122,25,4,0,0,
"2024-07-30 12:00",667,"50.079",77,58,326,50,8,0,0,
"2024-07-31 00:00",230,"50.548",76,59,118,25,3,0,0,
"2024-07-31 12:00",652,"50.64",80,58,306,70,12,0,0,
"2024-08-01 00:00",239,"49.448",75,56,99,19,1,0,0,
"2024-08-01 12:00",655,"50.568",84,58,298,62,11,2,0,
"2024-08-02 00:00",237,"50.532",74,59,118,30,4,0,0,
"2024-08-02 12:00",643,"50.356",80,58,291,70,12,0,0,
"2024-08-03 00:00",168,"49.03",74,58,79,16,3,0,0,
"2024-08-03 12:00",565,"49.45",79,57,230,47,4,0,0,
"2024-08-04 00:00",169,"48.249",72,58,62,13,3,0,0,
"2024-08-04 12:00",413,"49.714",92,57,194,38,8,2,1,
"2024-08-05 00:00",258,"48.345",72,56,111,20,1,0,0,
"2024-08-05 12:00",679,"50.2",84,56,335,47,5,1,0,
"2024-08-06 00:00",232,"49.323",81,57,93,24,4,1,0,
"2024-08-06 12:00",711,"50.356",84,58,349,72,9,4,0,
"2024-08-07 00:00",242,51,70,59,125,24,0,0,0,
"2024-08-07 12:00",688,"50.342",81,58,339,58,6,1,0,
"2024-08-08 00:00",241,"49.896",74,58,104,19,5,0,0,
"2024-08-08 12:00",669,"50.57",79,57,343,50,6,0,0,
"2024-08-09 00:00",228,"50.649",75,58,112,20,3,0,0,
"2024-08-09 12:00",693,"51.328",78,59,345,83,13,0,0,
"2024-08-10 00:00",222,"49.306",76,58,95,16,3,0,0,
"2024-08-10 12:00",477,"50.476",80,58,241,50,5,0,0,
"2024-08-11 00:00",149,"50.98",73,57,80,15,2,0,0,
"2024-08-11 12:00",459,"51.031",86,58,225,48,8,2,0,
"2024-08-12 00:00",251,"50.637",75,57,128,19,3,0,0,
"2024-08-12 12:00",684,"50.827",81,57,349,59,11,1,0,
"2024-08-13 00:00",261,"51.161",83,58,136,27,3,1,0,
"2024-08-13 12:00",705,"50.993",90,58,374,70,4,1,0,
"2024-08-14 00:00",261,"50.441",78,57,126,26,6,0,0,
"2024-08-14 12:00",712,"51.18",83,58,366,60,7,1,0,
"2024-08-15 00:00",166,"49.759",78,59,86,16,1,0,0,
"2024-08-15 12:00",461,"50.249",87,60,217,59,12,5,0,
"2024-08-16 00:00",215,"50.181",104,58,96,21,2,1,1,104
"2024-08-16 12:00",606,"51.05",92,59,312,66,4,1,1,
"2024-08-17 00:00",215,"50.828",76,59,111,26,2,0,0,
"2024-08-17 12:00",470,"50.585",103,57,223,36,7,2,1,103
"2024-08-18 00:00",201,"49.726",92,57,87,16,6,2,1,
"2024-08-18 12:00",364,"50.203",77,57,166,31,5,0,0,
"2024-08-19 00:00",240,"49.95",76,55,108,16,2,0,0,
"2024-08-19 12:00",719,"51.438",83,58,355,65,10,2,0,
"2024-08-20 00:00",233,"50.588",78,58,109,21,2,0,0,
"2024-08-20 12:00",754,"50.977",85,58,386,70,6,2,0,
"2024-08-21 00:00",238,"50.538",73,58,125,17,3,0,0,
"2024-08-21 12:00",730,"51.121",83,58,382,67,8,1,0,
"2024-08-22 00:00",225,"50.787",88,59,110,27,4,1,0,
"2024-08-22 12:00",723,"50.704",83,58,353,68,12,3,0,
"2024-08-23 00:00",237,"51.582",80,60,125,28,3,0,0,
"2024-08-23 12:00",724,"51.101",86,58,364,81,13,1,0,
"2024-08-24 00:00",202,"50.064",79,59,92,28,5,0,0,
"2024-08-24 12:00",435,"50.451",92,58,216,46,9,3,1,
"2024-08-25 00:00",163,"50.043",84,60,87,22,4,2,0,
"2024-08-25 12:00",443,"50.806",92,58,228,46,8,2,1,
"2024-08-26 00:00",258,"50.95",90,59,126,27,6,1,0,
"2024-08-26 12:00",643,"50.17",80,57,301,46,13,0,0,
"2024-08-27 00:00",215,"51.363",82,59,102,28,2,1,0,
"2024-08-27 12:00",678,"51.35",75,57,374,49,7,0,0,
"2024-08-28 00:00",244,"52.402",112,59,140,32,5,1,1,112
"2024-08-28 12:00",674,"50.626",103,57,337,51,6,1,1,103
"2024-08-29 00:00",268,"50.272",81,57,131,23,1,1,0,
"2024-08-29 12:00",660,"50.973",90,58,335,66,10,2,0,
"2024-08-30 00:00",257,"49.642",79,57,114,29,3,0,0,
"2024-08-30 12:00",690,"50.919",94,58,334,68,14,4,1,
"2024-08-31 00:00",240,"49.317",79,57,110,20,4,0,0,
"2024-08-31 12:00",488,"50.955",108,59,248,61,11,1,1,108
"2024-09-01 00:00",219,"49.452",87,58,99,18,2,1,0,
"2024-09-01 12:00",369,"50.927",88,58,177,44,7,2,0,
"2024-09-02 00:00",268,"50.959",78,59,135,34,4,0,0,
"2024-09-02 12:00",630,"50.927",85,57,298,50,12,2,0,
"2024-09-03 00:00",271,"49.122",97,58,116,25,6,2,1,
"2024-09-03 12:00",681,"51.026",90,58,351,62,7,2,0,
"2024-09-04 00:00",267,"50.255",76,57,131,24,3,0,0,
"2024-09-04 12:00",800,"50.275",81,57,352,71,10,1,0,
"2024-09-05 00:00",230,"52.404",86,60,129,31,8,2,0,
"2024-09-05 12:00",589,"50.594",91,57,273,69,7,3,1,
"2024-09-06 00:00",247,"51.296",80,61,125,38,7,0,0,
"2024-09-06 12:00",677,"50.851",83,58,327,70,8,1,0,
"2024-09-07 00:00",232,"49.091",71,58,103,22,1,0,0,
"2024-09-07 12:00",448,"50.491",93,58,210,38,8,3,1,
"2024-09-08 00:00",173,"48.971",86,58,83,16,4,2,0,
"2024-09-08 12:00",379,"50.839",77,59,191,38,4,0,0,
"2024-09-09 00:00",204,"50.152",71,56,94,14,1,0,0,
"2024-09-09 12:00",577,"50.594",81,57,265,52,9,1,0,
"2024-09-10 00:00",250,"51.324",78,59,134,32,3,0,0,
"2024-09-10 12:00",643,"50.281",73,58,313,51,5,0,0,
"2024-09-11 00:00",241,"51.411",81,61,123,37,10,1,0,
"2024-09-11 12:00",671,"50.799",88,58,335,63,12,2,0,
"2024-09-12 00:00",166,"51.41",78,60,87,24,4,0,0,
"2024-09-12 12:00",439,"48.649",78,56,164,30,4,0,0,
"2024-09-13 00:00",220,"50.45",77,58,100,24,4,0,0,
"2024-09-13 12:00",621,"51.924",99,59,343,74,9,1,1,
"2024-09-14 00:00",225,"50.613",79,58,116,21,4,0,0,
"2024-09-14 12:00",422,"49.524",86,57,185,42,10,3,0,
"2024-09-15 00:00",127,"50.15",72,57,55,8,1,0,0,
"2024-09-15 12:00",361,"50.443",91,58,167,39,4,1,1,
"2024-09-16 00:00",235,"51.843",84,60,129,33,8,1,0,
"2024-09-16 12:00",618,"50.445",80,57,277,40,6,0,0,
"2024-09-17 00:00",253,"51.217",82,59,127,24,6,1,0,
"2024-09-17 12:00",667,"51.49",83,59,349,71,12,1,0,
"2024-09-18 00:00",262,"51.355",73,59,140,32,2,0,0,
"2024-09-18 12:00",704,"50.717",84,58,349,59,10,1,0,
"2024-09-19 00:00",302,"49.487",81,56,141,20,5,1,0,
"2024-09-19 12:00",735,"50.229",81,58,327,62,10,1,0,
"2024-09-20 00:00",261,"50.908",94,59,124,30,2,1,1,
"2024-09-20 12:00",672,"50.317",91,57,287,63,10,4,1,
"2024-09-21 00:00",231,"49.684",82,56,102,16,3,1,0,
"2024-09-21 12:00",480,"49.11",81,56,199,33,6,1,0,
"2024-09-22 00:00",148,"50.284",98,60,70,22,5,1,1,
"2024-09-22 12:00",442,"49.514",91,57,196,32,8,2,1,
"2024-09-23 00:00",259,"51.301",77,60,138,36,5,0,0,
"2024-09-23 12:00",665,"50.654",86,58,317,66,11,3,0,
"2024-09-24 00:00",188,"51.803",79,61,105,30,7,0,0,
"2024-09-24 12:00",634,"50.732",93,58,299,48,6,2,1,
"2024-09-25 00:00",241,"50.589",81,59,118,21,3,1,0,
"2024-09-25 12:00",678,"50.925",94,58,320,64,14,2,2,
"2024-09-26 00:00",258,"50.984",77,59,136,30,3,0,0,
"2024-09-26 12:00",643,"50.157",82,57,293,49,6,1,0,
"2024-09-27 00:00",207,"49.773",81,58,93,19,6,1,0,
"2024-09-27 12:00",636,"50.838",83,58,306,60,15,2,0,
"2024-09-28 00:00",226,"51.385",101,59,117,26,5,2,1,101
"2024-09-28 12:00",385,"51.083",74,58,198,37,5,0,0,
"2024-09-29 00:00",173,"49.861",71,57,80,19,1,0,0,
"2024-09-29 12:00",452,"49.805",86,57,190,41,4,1,0,
"2024-09-30 00:00",264,"50.545",78,59,123,23,2,0,0,
"2024-09-30 12:00",676,"50.735",85,58,328,63,17,3,0,
"2024-10-01 00:00",240,"50.733",76,60,120,33,2,0,0,
"2024-10-01 12:00",679,"50.837",85,58,335,63,11,3,0,
"2024-10-02 00:00",198,"50.621",84,58,89,22,8,1,0,
"2024-10-02 12:00",253,"48.162",81,56,90,17,2,1,0,
"2024-10-03 00:00",177,"49.785",79,58,77,17,3,0,0,
"2024-10-03 12:00",517,"48.901",81,55,199,30,4,1,0,
"2024-10-04 00:00",170,"49.971",73,57,80,13,4,0,0,
"2024-10-04 12:00",678,"51.392",90,58,330,69,13,3,0,
"2024-10-05 00:00",206,"49.553",80,57,97,20,3,0,0,
"2024-10-05 12:00",525,"49.499",76,57,212,40,4,0,0,
"2024-10-06 00:00",194,"49.701",79,59,84,19,4,0,0,
"2024-10-06 12:00",529,"49.578",84,56,214,36,10,2,0,
"2024-10-07 00:00",282,"50.66",82,59,136,37,8,2,0,
"2024-10-07 12:00",688,"50.515",80,57,312,46,10,0,0,
"2024-10-08 00:00",223,"51.215",83,60,96,33,12,1,0,
"2024-10-08 12:00",619,"49.561",83,56,261,35,5,2,0,
"2024-10-09 00:00",204,"50.255",74,59,89,23,3,0,0,
"2024-10-09 12:00",678,"51.258",83,58,334,61,7,1,0,
"2024-10-10 00:00",246,"50.797",71,60,120,34,1,0,0,
"2024-10-10 12:00",502,"48.819",79,56,185,30,7,0,0,
"2024-10-11 00:00",288,"51.076",79,59,149,30,7,0,0,
"2024-10-11 12:00",859,"50.218",85,57,395,67,10,2,0,
"2024-10-12 00:00",219,"50.16",76,58,110,22,5,0,0,
"2024-10-12 12:00",552,"50.246",135,58,255,64,11,4,2,135
"2024-10-13 00:00",160,"49.663",82,59,70,17,3,1,0,
"2024-10-13 12:00",421,"49.708",87,58,193,29,3,3,0,
"2024-10-14 00:00",254,"50.736",87,59,119,30,4,2,0,
"2024-10-14 12:00",683,"51.063",81,58,353,61,8,1,0,
"2024-10-15 00:00",270,"49.859",90,58,109,33,5,1,0,
"2024-10-15 12:00",683,"50.376",81,57,322,41,9,1,0,
"2024-10-16 00:00",241,"50.336",73,57,111,24,2,0,0,
"2024-10-16 12:00",679,"50.412",84,58,305,59,5,2,0,
"2024-10-17 00:00",240,"49.917",86,58,115,22,3,1,0,
"2024-10-17 12:00",626,"51.468",81,59,331,71,5,1,0,
"2024-10-18 00:00",248,"51.161",84,58,118,29,8,3,0,
"2024-10-18 12:00",642,"50.385",84,58,278,61,13,2,0,
"2024-10-19 00:00",200,"50.115",81,58,92,20,2,1,0,
"2024-10-19 12:00",505,"50.008",94,57,219,44,9,1,1,
"2024-10-20 00:00",138,"50.283",78,57,69,13,4,0,0,
"2024-10-20 12:00",422,"49.227",77,56,178,34,8,0,0,
"2024-10-21 00:00",245,"50.314",75,59,107,26,2,0,0,
"2024-10-21 12:00",660,"50.845",96,58,305,71,20,4,1,
"2024-10-22 00:00",259,"49.726",77,57,113,23,3,0,0,
"2024-10-22 12:00",693,"51.027",87,58,346,70,8,2,0,
"2024-10-23 00:00",246,"50.858",82,59,120,27,6,1,0,
"2024-10-23 12:00",641,"51.108",79,58,335,66,8,0,0,
"2024-10-24 00:00",215,"49.716",84,58,97,20,3,1,0,
"2024-10-24 12:00",673,"51.027",74,58,335,60,6,0,0,
"2024-10-25 00:00",278,"50.482",98,59,133,35,6,1,1,
"2024-10-25 12:00",641,"51.412",93,58,331,67,10,5,2,
"2024-10-26 00:00",206,"50.757",78,58,92,20,6,0,0,
"2024-10-26 12:00",484,"51.572",82,60,249,65,15,1,0,
"2024-10-27 00:00",175,"51.109",83,59,91,21,2,1,0,
"2024-10-27 12:00",371,"51.065",92,60,180,54,11,2,1,
"2024-10-28 00:00",237,"50.92",79,58,127,25,5,0,0,
"2024-10-28 12:00",572,"50.96",81,58,274,55,5,1,0,
"2024-10-29 00:00",256,"51.082",79,58,132,30,8,0,0,
"2024-10-29 12:00",596,"50.725",123,58,299,61,6,2,1,123
"2024-10-30 00:00",282,"50.929",77,59,146,35,5,0,0,
"2024-10-30 12:00",611,"51.35",88,59,310,72,17,2,0,
"2024-10-31 00:00",192,"51.656",76,59,107,22,4,0,0,
"2024-10-31 12:00",440,"49.643",91,58,188,41,10,1,1,
"2024-11-01 00:00",204,"51.461",77,59,107,26,5,0,0,
"2024-11-01 12:00",404,"50.399",81,59,185,45,6,1,0,
"2024-11-02 00:00",210,"53.095",83,62,114,37,8,1,0,
"2024-11-02 12:00",433,"50.483",93,58,207,40,9,1,1,
"2024-11-03 00:00",139,"51.058",91,60,69,16,4,1,1,
"2024-11-03 12:00",335,"50.582",82,59,165,43,6,1,0,
"2024-11-04 00:00",269,"51.55",106,60,146,34,7,2,2,106
"2024-11-04 12:00",592,"50.91",82,58,303,58,10,1,0,
"2024-11-05 00:00",230,"53.135",83,61,140,40,9,1,0,
"2024-11-05 12:00",619,"50.549",81,57,289,48,9,1,0,
"2024-11-06 00:00",247,"51.397",86,59,133,29,4,2,0,
"2024-11-06 12:00",634,"50.95",86,59,297,63,7,2,0,
"2024-11-07 00:00",236,"51.267",93,59,121,26,6,2,1,
"2024-11-07 12:00",642,"51.318",76,58,343,68,6,0,0,
"2024-11-08 00:00",257,"51.739",83,59,158,32,3,2,0,
"2024-11-08 12:00",656,"51.377",84,59,326,75,14,1,0,
"2024-11-09 00:00",221,"48.787",83,58,99,21,4,1,0,
"2024-11-09 12:00",451,"50.182",92,59,204,53,8,2,1,
"2024-11-10 00:00",143,"40.189",82,59,50,19,2,1,0,
"2024-11-10 12:00",339,"49.274",83,59,157,44,5,1,0,
"2024-11-11 00:00",246,"47.293",76,57,98,22,2,0,0,
"2024-11-11 12:00",594,"50.611",91,57,287,49,8,1,1,
"2024-11-12 00:00",218,"50.821",79,59,125,29,5,0,0,
"2024-11-12 12:00",632,"51.076",82,58,314,61,9,1,0,
"2024-11-13 00:00",254,"42.429",72,56,95,17,2,0,0,
"2024-11-13 12:00",614,"50.08",85,59,292,58,11,2,0,
"2024-11-14 00:00",246,"48.179",83,60,113,30,9,1,0,
"2024-11-14 12:00",629,"50.812",85,58,306,58,7,1,0,
"2024-11-15 00:00",234,"51.979",78,60,134,30,6,0,0,
"2024-11-15 12:00",743,"50.782",79,57,362,57,6,0,0,
"2024-11-16 00:00",236,"48.686",77,59,105,28,6,0,0,
"2024-11-16 12:00",508,"49.539",84,57,214,39,5,1,0,
"2024-11-17 00:00",152,"51.862",90,62,89,25,6,2,0,
"2024-11-17 12:00",294,"50.833",88,58,141,27,4,1,0,
"2024-11-18 00:00",262,"47.962",97,60,123,34,8,4,2,
"2024-11-18 12:00",686,"51.264",98,59,327,71,15,4,3,
"2024-11-19 00:00",220,"50.895",83,60,108,32,7,1,0,
"2024-11-19 12:00",641,"50.527",86,57,312,52,9,3,0,
"2024-11-20 00:00",172,"48.035",72,56,60,8,1,0,0,
"2024-11-20 12:00",601,"51.361",91,58,308,60,10,2,1,
"2024-11-21 00:00",241,"50.116",79,59,136,29,5,0,0,
"2024-11-21 12:00",613,"50.377",93,58,304,56,3,1,1,
"2024-11-22 00:00",181,"44.519",70,55,59,11,0,0,0,
"2024-11-22 12:00",663,"49.982",83,58,334,57,7,1,0,
"2024-11-23 00:00",194,"49.907",70,57,94,16,0,0,0,
"2024-11-23 12:00",482,"50.824",91,58,227,52,10,1,1,
"2024-11-24 00:00",134,"50.463",88,61,67,22,4,1,0,
"2024-11-24 12:00",314,"50.025",79,58,139,25,3,0,0,
"2024-11-25 00:00",229,"51.712",79,60,133,29,4,0,0,
"2024-11-25 12:00",595,"50.41",84,57,277,44,3,1,0,
"2024-11-26 00:00",234,"51.12",77,60,115,28,5,0,0,
"2024-11-26 12:00",624,"50.67",78,58,288,62,4,0,0,
"2024-11-27 00:00",199,"49.814",69,57,91,19,0,0,0,
"2024-11-27 12:00",591,"50.638",82,58,286,48,6,2,0,
"2024-11-28 00:00",224,"51.54",76,58,121,19,5,0,0,
"2024-11-28 12:00",768,"51.043",83,58,389,67,6,1,0,
"2024-11-29 00:00",260,"50.158",102,58,120,24,6,2,1,102
"2024-11-29 12:00",713,"51.792",88,59,371,89,13,1,0,
"2024-11-30 00:00",201,"52.502",77,60,110,29,2,0,0,
"2024-11-30 12:00",502,"50.641",80,58,248,44,5,0,0,
"2024-12-01 00:00",173,"48.312",86,58,78,17,2,1,0,
"2024-12-01 12:00",416,"51.546",91,58,209,49,13,3,1,
"2024-12-02 00:00",237,"51.485",90,61,131,37,9,3,0,
"2024-12-02 12:00",584,"50.937",83,58,287,55,8,1,0,
"2024-12-03 00:00",216,"45.356",76,57,98,17,2,0,0,
"2024-12-03 12:00",575,"49.842",81,59,286,68,6,1,0,
"2024-12-04 00:00",237,"48.612",71,58,115,19,1,0,0,
"2024-12-04 12:00",695,"50.019",78,57,297,53,9,0,0,
"2024-12-05 00:00",236,"48.763",74,58,117,21,2,0,0,
"2024-12-05 12:00",666,"50.961",84,57,328,61,6,2,0,
"2024-12-06 00:00",245,"50.543",82,60,131,33,8,1,0,
"2024-12-06 12:00",603,"51.083",80,59,291,70,12,0,0,
"2024-12-07 00:00",194,"50.954",80,59,100,25,4,0,0,
"2024-12-07 12:00",457,"50.74",82,60,221,55,8,2,0,
"2024-12-08 00:00",129,"40.752",73,58,42,11,1,0,0,
"2024-12-08 12:00",308,"51.029",86,58,152,28,7,1,0,
"2024-12-09 00:00",224,"49.71",76,59,112,23,3,0,0,
"2024-12-09 12:00",592,"50.601",75,57,290,35,3,0,0,
"2024-12-10 00:00",228,"49.93",78,58,109,24,4,0,0,
"2024-12-10 12:00",564,"50.473",79,57,263,37,7,0,0,
"2024-12-11 00:00",222,"49.667",73,58,102,25,1,0,0,
"2024-12-11 12:00",614,"50.707",74,57,292,46,4,0,0,
"2024-12-12 00:00",215,"47.26",86,56,80,16,4,1,0,
"2024-12-12 12:00",580,"50.284",87,58,278,47,7,1,0,
"2024-12-13 00:00",213,"46.282",82,59,86,24,3,1,0,
"2024-12-13 12:00",557,"48.625",96,57,247,40,8,1,1,
"2024-12-14 00:00",200,"47.21",80,58,80,22,3,0,0,
"2024-12-14 12:00",416,"50.517",100,59,192,46,8,1,1,100
"2024-12-15 00:00",136,"49.25",71,56,69,10,1,0,0,
"2024-12-15 12:00",362,"49.939",95,57,149,21,8,2,1,
"2024-12-16 00:00",253,52,83,60,147,37,6,1,0,
"2024-12-16 12:00",580,"50.612",79,57,289,42,4,0,0,
"2024-12-17 00:00",226,"50.628",73,59,120,28,1,0,0,
"2024-12-17 12:00",635,"49.926",74,57,273,48,2,0,0,
"2024-12-18 00:00",238,"49.311",81,58,111,16,5,1,0,
"2024-12-18 12:00",672,"50.271",96,57,307,53,5,1,1,
"2024-12-19 00:00",227,"50.762",82,59,119,26,6,1,0,
"2024-12-19 12:00",677,"50.468",78,58,312,49,9,0,0,
"2024-12-20 00:00",217,"49.894",74,57,102,16,2,0,0,
"2024-12-20 12:00",647,"51.487",86,59,331,69,4,1,0,
"2024-12-21 00:00",201,"50.144",81,60,99,29,7,1,0,
"2024-12-21 12:00",446,"51.361",74,59,239,48,6,0,0,
"2024-12-22 00:00",136,"51.816",78,62,76,22,4,0,0,
"2024-12-22 12:00",313,"50.195",78,58,145,25,3,0,0,
"2024-12-23 00:00",237,"51.895",78,61,125,36,2,0,0,
"2024-12-23 12:00",587,"51.438",90,59,285,64,14,3,0,
"2024-12-24 00:00",251,"52.088",73,59,137,27,2,0,0,
"2024-12-24 12:00",515,"51.862",85,59,276,57,11,2,0,
"2024-12-25 00:00",100,"50.64",69,59,45,11,0,0,0,
"2024-12-25 12:00",350,"50.826",75,59,162,42,8,0,0,
"2024-12-26 00:00",134,"50.037",93,62,71,23,5,2,1,
"2024-12-26 12:00",396,"51.03",83,58,195,39,9,2,0,
"2024-12-27 00:00",177,"51.621",92,61,102,27,4,1,1,
"2024-12-27 12:00",539,"51.104",86,58,275,43,6,1,0,
"2024-12-28 00:00",160,"51.294",80,59,87,19,7,0,0,
"2024-12-28 12:00",408,"50.162",87,58,182,33,5,2,0,
"2024-12-29 00:00",109,"49.495",66,59,60,13,0,0,0,
"2024-12-29 12:00",355,"50.465",82,57,168,35,4,1,0,
"2024-12-30 00:00",204,"51.265",78,59,108,22,4,0,0,
"2024-12-30 12:00",500,"50.716",89,58,242,45,9,1,0,
"2024-12-31 00:00",196,"51.301",79,60,105,29,2,0,0,
"2024-12-31 12:00",374,"52.037",97,60,201,50,11,2,1,
"2025-01-01 00:00",109,"50.183",70,58,54,9,0,0,0,
"2025-01-01 12:00",263,"49.608",93,57,120,21,4,2,1,
"2025-01-02 00:00",102,"47.941",75,58,41,9,2,0,0,
"2025-01-02 12:00",334,"50.105",92,58,141,32,5,1,1,
"2025-01-03 00:00",169,"50.982",70,60,85,22,0,0,0,
"2025-01-03 12:00",399,"49.91",78,56,174,29,6,0,0,
"2025-01-04 00:00",138,"49.355",72,59,67,12,2,0,0,
"2025-01-04 12:00",390,"51.149",76,58,199,42,6,0,0,
"2025-01-05 00:00",96,"50.698",85,59,43,11,2,1,0,
"2025-01-05 12:00",270,"49.126",78,58,126,26,6,0,0,
"2025-01-06 00:00",210,"50.433",79,57,96,18,5,0,0,
"2025-01-06 12:00",583,"50.983",78,57,288,45,5,0,0,
"2025-01-07 00:00",177,"50.949",81,58,91,20,1,1,0,
"2025-01-07 12:00",391,"48.772",72,57,150,29,4,0,0,
"2025-01-08 00:00",225,"51.124",76,59,104,28,2,0,0,
"2025-01-08 12:00",623,"51.828",81,58,329,64,16,1,0,
"2025-01-09 00:00",156,"50.891",74,59,77,22,2,0,0,
"2025-01-09 12:00",640,"49.656",79,57,257,53,2,0,0,
"2025-01-10 00:00",196,"49.454",84,57,90,15,2,1,0,
"2025-01-10 12:00",575,"51.264",103,59,290,58,7,3,1,103
"2025-01-11 00:00",154,"49.188",77,60,79,23,1,0,0,
"2025-01-11 12:00",428,"51.182",91,58,211,43,5,3,1,
"2025-01-12 00:00",109,"53.037",94,61,58,17,7,2,1,
"2025-01-12 12:00",339,"50.838",85,57,172,30,7,2,0,
"2025-01-13 00:00",227,"50.137",75,59,112,23,4,0,0,
"2025-01-13 12:00",555,"52.077",85,59,306,57,7,2,0,
"2025-01-14 00:00",210,"50.238",77,58,115,19,2,0,0,
"2025-01-14 12:00",610,"52.61",84,60,350,87,13,1,0,
"2025-01-15 00:00",197,"52.188",91,61,123,31,2,1,1,
"2025-01-15 12:00",604,"51.593",84,60,326,85,8,1,0,
"2025-01-16 00:00",208,"50.394",103,59,115,24,2,1,1,103
"2025-01-16 12:00",585,"50.193",90,58,276,59,14,2,0,
"2025-01-17 00:00",193,"48.394",84,59,94,22,2,1,0,
"2025-01-17 12:00",551,"50.111",78,58,290,53,5,0,0,
"2025-01-18 00:00",179,"50.81",79,60,103,23,6,0,0,
"2025-01-18 12:00",421,"50.893",77,59,221,38,3,0,0,
"2025-01-19 00:00",114,"52.491",84,60,66,16,4,1,0,
"2025-01-19 12:00",322,"51.77",86,60,170,44,15,1,0,
"2025-01-20 00:00",191,"51.707",84,59,108,21,5,2,0,
"2025-01-20 12:00",573,"50.476",93,58,289,58,6,3,1,
"2025-01-21 00:00",178,"52.096",74,60,107,24,3,0,0,
"2025-01-21 12:00",551,"49.768",79,58,263,49,8,0,0,
"2025-01-22 00:00",227,"48.33",78,60,110,33,6,0,0,
"2025-01-22 12:00",594,"51.145",81,58,295,57,10,1,0,
"2025-01-23 00:00",207,"51.647",75,59,109,22,5,0,0,
"2025-01-23 12:00",586,"50.609",80,57,268,49,8,0,0,
"2025-01-24 00:00",201,"51.184",88,57,106,17,2,2,0,
"2025-01-24 12:00",579,"50.864",84,58,261,62,7,2,0,
"2025-01-25 00:00",182,"51.066",90,58,85,22,7,1,0,
"2025-01-25 12:00",437,"51.146",87,58,210,38,8,1,0,
"2025-01-26 00:00",119,"51.723",78,60,60,16,6,0,0,
"2025-01-26 12:00",283,"50.088",74,57,125,22,4,0,0,
"2025-01-27 00:00",239,"51.603",73,58,126,21,4,0,0,
"2025-01-27 12:00",548,"50.157",84,57,230,40,6,1,0,
"2025-01-28 00:00",158,"48.38",71,56,62,9,2,0,0,
"2025-01-28 12:00",526,"49.81",74,57,228,33,6,0,0,
"2025-01-29 00:00",237,"51.384",81,59,120,26,5,1,0,
"2025-01-29 12:00",633,"51.071",98,57,318,44,9,2,1,
"2025-01-30 00:00",201,"51.403",95,59,112,26,6,2,1,
"2025-01-30 12:00",627,"51.699",80,58,321,65,12,0,0,
"2025-01-31 00:00",211,"53.123",80,62,131,42,9,0,0,
"2025-01-31 12:00",613,"51.427",77,58,332,62,6,0,0,
"2025-02-01 00:00",157,"50.287",70,58,72,15,0,0,0,
"2025-02-01 12:00",371,"52.04",123,59,197,43,7,1,1,123
"2025-02-02 00:00",137,"51.81",86,61,71,22,3,2,0,
"2025-02-02 12:00",343,"51.478",75,59,177,39,3,0,0,
"2025-02-03 00:00",219,"50.612",75,59,101,25,3,0,0,
"2025-02-03 12:00",528,"50.746",85,58,263,43,8,1,0,
"2025-02-04 00:00",198,"49.556",96,59,103,20,4,1,1,
"2025-02-04 12:00",598,"52.04",84,59,323,56,9,2,0,
"2025-02-05 00:00",218,"52.734",89,61,132,33,5,1,0,
"2025-02-05 12:00",660,"51.542",84,59,353,69,9,1,0,
"2025-02-06 00:00",216,"51.819",101,59,112,27,5,1,1,101
"2025-02-06 12:00",627,"52.075",87,59,355,70,15,1,0,
"2025-02-07 00:00",195,"49.959",71,60,98,28,1,0,0,
"2025-02-07 12:00",636,"52.156",103,59,353,73,13,3,1,103
"2025-02-08 00:00",136,"51.89",72,58,79,14,1,0,0,
"2025-02-08 12:00",385,"51.255",70,58,208,36,0,0,0,
"2025-02-09 00:00",96,"50.885",93,58,50,11,2,1,1,
"2025-02-09 12:00",290,"51.8",93,59,155,33,5,2,1,
"2025-02-10 00:00",210,"52.548",79,60,127,29,9,0,0,
"2025-02-10 12:00",572,"52.299",82,60,306,77,9,2,0,
"2025-02-11 00:00",196,"51.311",81,61,104,34,7,1,0,
"2025-02-11 12:00",564,"52.324",75,60,327,72,7,0,0,
"2025-02-12 00:00",191,"50.78",74,59,102,22,3,0,0,
"2025-02-12 12:00",580,"52.274",78,60,332,71,8,0,0,
"2025-02-13 00:00",188,"49.686",73,60,97,26,6,0,0,
"2025-02-13 12:00",638,"51.643",82,59,350,65,13,1,0,
"2025-02-14 00:00",158,"42.791",68,52,31,7,0,0,0,
"2025-02-14 12:00",536,"50.11",87,58,254,49,8,2,0,
"2025-02-15 00:00",156,"47.192",74,56,60,9,1,0,0,
"2025-02-15 12:00",409,"50.108",75,57,200,33,4,0,0,
"2025-02-16 00:00",136,"50.287",78,60,57,19,6,0,0,
"2025-02-16 12:00",302,"50.864",93,59,149,38,9,3,2,
"2025-02-17 00:00",217,"51.894",78,60,119,25,2,0,0,
"2025-02-17 12:00",575,"51.454",82,59,302,61,8,1,0,
"2025-02-18 00:00",205,"50.132",81,59,91,25,2,1,0,
"2025-02-18 12:00",562,"49.785",82,58,274,46,7,1,0,
"2025-02-19 00:00",204,"50.363",77,59,97,24,3,0,0,
"2025-02-19 12:00",580,"51.688",91,60,312,81,10,2,1,
"2025-02-20 00:00",193,"52.073",80,61,115,33,4,0,0,
"2025-02-20 12:00",601,"51.07",79,58,299,51,10,0,0,
"2025-02-21 00:00",238,"51.197",76,57,122,20,4,0,0,
"2025-02-21 12:00",658,"50.85",107,58,334,65,8,1,1,107
"2025-02-22 00:00",161,"51.28",77,59,77,20,5,0,0,
"2025-02-22 12:00",402,"52.107",96,59,222,44,7,1,1,
"2025-02-23 00:00",110,"48.418",77,56,41,12,1,0,0,
"2025-02-23 12:00",358,"51.031",91,59,169,42,7,2,1,
"2025-02-24 00:00",180,"52.506",80,59,100,25,8,0,0,
"2025-02-24 12:00",554,"52.363",85,59,322,63,10,1,0,
"2025-02-25 00:00",175,"51.989",76,60,90,26,5,0,0,
"2025-02-25 12:00",555,"52.308",94,60,318,66,8,4,1,
"2025-02-26 00:00",202,"50.347",75,59,91,24,3,0,0,
"2025-02-26 12:00",492,"49.935",88,56,220,29,5,1,0,
"2025-02-27 00:00",205,"51.878",77,59,109,26,3,0,0,
"2025-02-27 12:00",601,"52.519",79,59,358,63,11,0,0,
"2025-02-28 00:00",210,"52.186",83,61,116,34,4,2,0,
"2025-02-28 12:00",587,"50.862",78,58,292,46,7,0,0,
"2025-03-01 00:00",172,"52.186",78,59,101,19,2,0,0,
"2025-03-01 12:00",393,"52.148",79,60,218,57,8,0,0,
"2025-03-02 00:00",122,"49.525",89,58,59,14,3,1,0,
"2025-03-02 12:00",343,"52.166",87,60,180,48,12,3,0,
"2025-03-03 00:00",224,"52.116",77,62,123,38,6,0,0,
"2025-03-03 12:00",613,"52.042",86,60,336,78,10,2,0,
"2025-03-04 00:00",227,"52.383",83,61,134,37,6,1,0,
"2025-03-04 12:00",613,"51.245",92,58,309,60,10,4,1,
"2025-03-05 00:00",220,"50.714",74,60,109,30,2,0,0,
"2025-03-05 12:00",644,"51.258",80,58,340,63,9,0,0,
"2025-03-06 00:00",256,"51.008",72,59,129,33,3,0,0,
"2025-03-06 12:00",713,"51.245",81,58,368,68,6,1,0,
"2025-03-07 00:00",228,"51.491",86,60,121,32,7,1,0,
"2025-03-07 12:00",657,"51.28",82,58,341,61,7,1,0,
"2025-03-08 00:00",186,"51.559",76,61,100,30,4,0,0,
"2025-03-08 12:00",481,"51.609",83,59,259,49,5,3,0,
"2025-03-09 00:00",178,"49.989",84,59,82,22,5,2,0,
"2025-03-09 12:00",413,"51.84",92,59,233,41,9,2,1,
"2025-03-10 00:00",163,"51.607",75,60,83,23,3,0,0,
"2025-03-10 12:00",597,"51.695",99,58,310,52,11,2,1,
"2025-03-11 00:00",230,"52.148",87,61,128,35,7,2,0,
"2025-03-11 12:00",731,"51.726",80,59,388,69,14,0,0,
"2025-03-12 00:00",213,"51.009",83,58,112,22,4,1,0,
"2025-03-12 12:00",635,"50.43",90,57,291,52,9,1,0,
"2025-03-13 00:00",223,"51.691",85,60,123,29,6,1,0,
"2025-03-13 12:00",613,"50.471",85,57,281,42,6,1,0,
"2025-03-14 00:00",58,"48.897",71,62,26,11,1,0,0,
"2025-03-14 12:00",616,"51.67",91,58,323,66,11,4,1,
"2025-03-15 00:00",171,"50.415",78,59,77,20,1,0,0,
"2025-03-15 12:00",361,"50.271",90,58,152,36,7,2,0,
"2025-03-16 00:00",117,"50.761",79,58,56,14,2,0,0,
"2025-03-16 12:00",343,"51.367",93,59,170,39,7,1,1,
"2025-03-17 00:00",231,"51.342",88,60,119,28,4,2,0,
"2025-03-17 12:00",564,"50.876",85,58,272,50,12,1,0,
"2025-03-18 00:00",227,"52.317",77,61,128,39,8,0,0,
"2025-03-18 12:00",666,"52.449",88,59,387,79,13,1,0,
"2025-03-19 00:00",249,"51.47",83,59,129,30,7,1,0,
"2025-03-19 12:00",692,"51.629",87,58,379,78,13,2,0,
"2025-03-20 00:00",242,"52.248",73,59,145,30,5,0,0,
"2025-03-20 12:00",696,"51.931",86,60,394,94,13,3,0,
"2025-03-21 00:00",251,"51.486",91,61,136,38,8,3,1,
"2025-03-21 12:00",670,"51.836",96,59,357,76,16,2,1,
"2025-03-22 00:00",195,"50.585",93,59,90,19,6,1,1,
"2025-03-22 12:00",470,"51.6",101,59,227,63,17,4,1,101
"2025-03-23 00:00",111,"51.117",72,59,56,11,3,0,0,
"2025-03-23 12:00",323,"52.477",92,61,176,49,12,1,1,
"2025-03-24 00:00",226,"50.912",77,59,111,22,3,0,0,
"2025-03-24 12:00",632,"51.37",87,58,322,59,13,2,0,
"2025-03-25 00:00",615,"46.576",79,54,168,21,1,0,0,
"2025-03-25 12:00","1,948","47.198",101,53,527,58,10,3,2,101
"2025-03-26 00:00",266,"51.534",79,59,146,30,5,0,0,
"2025-03-26 12:00",704,"51.634",86,59,349,81,14,3,0,
"2025-03-27 00:00",247,"52.356",83,60,140,35,7,2,0,
"2025-03-27 12:00",654,"51.266",84,59,324,76,13,3,0,
"2025-03-28 00:00",197,"52.797",85,61,115,30,7,2,0,
"2025-03-28 12:00",626,"51.497",102,58,328,64,8,1,1,102
"2025-03-29 00:00",168,"51.887",75,59,88,17,3,0,0,
"2025-03-29 12:00",440,"50.655",86,58,211,45,7,1,0,
"2025-03-30 00:00",93,"53.624",93,62,57,20,3,2,1,
"2025-03-30 12:00",305,"50.475",79,59,148,34,7,0,0,
"2025-03-31 00:00",271,"51.225",86,59,139,27,4,1,0,
"2025-03-31 12:00","2,028","47.067",75,52,470,48,5,0,0,
"2025-04-01 00:00",225,"51.929",78,60,135,32,3,0,0,
"2025-04-01 12:00",637,"51.576",85,58,332,60,11,1,0,
"2025-04-02 00:00",224,"52.063",77,60,128,31,5,0,0,
"2025-04-02 12:00",687,"51.348",78,58,368,69,10,0,0,
"2025-04-03 00:00",268,"51.489",75,58,141,28,5,0,0,
"2025-04-03 12:00",711,"51.049",80,58,354,73,14,0,0,
"2025-04-04 00:00",299,"50.692",79,59,146,26,4,0,0,
"2025-04-04 12:00",825,"51.985",86,59,456,97,19,7,0,
"2025-04-05 00:00",217,"50.143",94,58,100,23,3,2,1,
"2025-04-05 12:00",513,"50.199",83,58,248,55,10,2,0,
"2025-04-06 00:00",134,"51.03",90,60,66,20,6,2,0,
"2025-04-06 12:00",421,"51.774",92,58,230,47,7,1,1,
"2025-04-07 00:00",225,"52.827",89,61,131,36,5,1,0,
"2025-04-07 12:00",626,"51.412",79,59,328,69,8,0,0,
"2025-04-08 00:00",212,"51.656",81,59,113,26,5,1,0,
"2025-04-08 12:00",671,"51.528",92,58,346,62,12,4,1,
"2025-04-09 00:00",224,"49.522",78,58,95,17,2,0,0,
"2025-04-09 12:00",745,"50.577",82,57,344,58,11,1,0,
"2025-04-10 00:00",223,"50.529",75,58,98,26,4,0,0,
"2025-04-10 12:00",729,"50.322",82,57,324,55,8,1,0,
"2025-04-11 00:00",248,"52.165",75,60,145,33,4,0,0,
"2025-04-11 12:00",729,"51.133",89,58,378,65,12,2,0,
"2025-04-12 00:00",275,"49.196",105,58,118,34,6,3,1,105
"2025-04-12 12:00",556,"50.299",89,58,241,52,7,2,0,
"2025-04-13 00:00",161,"50.807",80,58,82,15,2,0,0,
"2025-04-13 12:00",414,"50.978",83,59,213,44,6,2,0,
"2025-04-14 00:00",243,"50.761",76,57,123,22,5,0,0,
"2025-04-14 12:00",637,"50.807",83,57,305,56,6,1,0,
"2025-04-15 00:00",213,"49.385",77,58,83,18,2,0,0,
"2025-04-15 12:00",602,"50.405",81,57,263,52,7,1,0,
"2025-04-16 00:00",255,"50.455",79,58,122,21,3,0,0,
"2025-04-16 12:00",692,"51.016",85,58,342,55,8,3,0,
"2025-04-17 00:00",234,"51.739",104,59,120,33,5,1,1,104
"2025-04-17 12:00",644,"50.356",78,57,299,42,7,0,0,
"2025-04-18 00:00",240,"50.575",72,58,113,24,2,0,0,
"2025-04-18 12:00",651,"51.395",80,59,338,66,7,0,0,
"2025-04-19 00:00",216,"51.704",88,59,114,25,4,1,0,
"2025-04-19 12:00",456,"50.974",110,59,224,52,11,3,1,110
"2025-04-20 00:00",161,"52.062",81,59,89,18,2,1,0,
"2025-04-20 12:00",441,"49.41",81,57,196,29,6,1,0,
"2025-04-21 00:00",157,"50.783",80,58,78,18,4,0,0,
"2025-04-21 12:00",415,"50.578",79,58,211,44,9,0,0,
"2025-04-22 00:00",257,"51.482",91,59,130,29,7,1,1,
"2025-04-22 12:00",711,"51.233",75,58,360,67,6,0,0,
"2025-04-23 00:00",243,"50.313",86,57,113,23,4,2,0,
"2025-04-23 12:00",667,"50.541",78,57,317,49,9,0,0,
"2025-04-24 00:00",254,"50.728",77,59,117,32,4,0,0,
"2025-04-24 12:00",718,"50.277",88,57,323,44,8,1,0,
"2025-04-25 00:00",192,"49.911",77,57,84,15,1,0,0,
"2025-04-25 12:00",735,"51.268",90,58,391,59,13,2,0,
"2025-04-26 00:00",227,"52.075",88,60,122,30,5,2,0,
"2025-04-26 12:00",447,"50.772",87,58,227,41,5,1,0,
"2025-04-27 00:00",121,"51.05",78,59,58,15,2,0,0,
"2025-04-27 12:00",418,"50.112",95,58,190,44,7,3,1,
"2025-04-28 00:00",239,"50.745",81,58,119,23,4,2,0,
"2025-04-28 12:00",656,"50.261",80,58,301,52,11,0,0,
"2025-04-29 00:00",231,"50.459",83,58,118,25,3,1,0,
"2025-04-29 12:00",585,"50.224",75,58,276,44,9,0,0,
"2025-04-30 00:00",274,"49.763",90,57,133,22,6,1,0,
"2025-04-30 12:00",507,"51.29",81,59,257,58,12,1,0,
"2025-05-01 00:00",141,"50.021",75,58,65,11,2,0,0,
"2025-05-01 12:00",363,"50.427",98,59,186,35,3,2,1,
"2025-05-02 00:00",138,"49.058",83,59,67,14,1,1,0,
"2025-05-02 12:00",396,"49.894",87,57,183,35,9,2,0,
"2025-05-03 00:00",178,"49.551",77,60,60,22,4,0,0,
"2025-05-03 12:00",500,"50.158",95,59,222,53,10,2,1,
"2025-05-04 00:00",152,"49.539",80,59,67,20,3,0,0,
"2025-05-04 12:00",447,"50.251",87,59,215,52,12,1,0,
"2025-05-05 00:00",158,"50.633",79,58,69,15,3,0,0,
"2025-05-05 12:00",465,"49.488",86,56,189,30,8,3,0,
"2025-05-06 00:00",242,"50.492",70,58,109,20,0,0,0,
"2025-05-06 12:00",707,"50.847",85,57,345,66,6,1,0,
"2025-05-07 00:00",211,"50.336",84,56,103,13,3,1,0,
"2025-05-07 12:00",773,"50.978",88,58,393,60,5,1,0,
"2025-05-08 00:00",241,"50.427",80,59,116,29,4,0,0,
"2025-05-08 12:00",813,"50.629",107,57,379,55,10,1,1,107
"2025-05-09 00:00",278,"52.09",79,60,147,34,5,0,0,
"2025-05-09 12:00",828,"50.536",89,57,387,64,10,1,0,
"2025-05-10 00:00",200,"49.93",78,57,90,22,3,0,0,
"2025-05-10 12:00",552,"49.708",87,57,248,35,7,1,0,
"2025-05-11 00:00",199,"48.266",77,55,68,13,3,0,0,
"2025-05-11 12:00",506,"48.14",83,56,195,31,3,2,0,
"2025-05-12 00:00",258,"49.616",90,58,112,26,3,1,0,
"2025-05-12 12:00",716,"50.793",93,57,332,61,9,4,1,
"2025-05-13 00:00",238,"48.609",81,55,90,11,1,1,0,
"2025-05-13 12:00",822,"50.33",80,56,372,54,4,0,0,
"2025-05-14 00:00",243,"48.58",67,55,99,8,0,0,0,
"2025-05-14 12:00",843,"49.853",83,57,404,58,6,1,0,
"2025-05-15 00:00",312,"49.978",72,57,148,24,1,0,0,
"2025-05-15 12:00",759,"50.241",77,57,352,44,6,0,0,
"2025-05-16 00:00",248,"51.27",79,58,126,23,8,0,0,
"2025-05-16 12:00",800,"50.625",82,57,383,60,8,1,0,
"2025-05-17 00:00",229,"49.253",79,56,90,14,3,0,0,
"2025-05-17 12:00",569,"50.422",74,57,273,44,7,0,0,
"2025-05-18 00:00",170,"51.747",105,59,93,22,6,1,1,105
"2025-05-18 12:00",449,"50.494",79,59,223,48,4,0,0,
"2025-05-19 00:00",266,"51.045",73,58,139,28,1,0,0,
"2025-05-19 12:00",808,"50.793",81,58,431,69,8,1,0,
"2025-05-20 00:00",251,"50.247",72,58,123,16,1,0,0,
"2025-05-20 12:00",800,"51.04",83,58,433,73,7,1,0,
"2025-05-21 00:00",245,"51.661",75,59,131,25,5,0,0,
"2025-05-21 12:00",762,"51.343",84,58,401,70,9,1,0,
"2025-05-22 00:00",231,"51.844",83,59,131,25,3,1,0,
"2025-05-22 12:00",641,"51.256",76,58,340,48,5,0,0,
"2025-05-23 00:00",238,"51.357",74,57,126,22,3,0,0,
"2025-05-23 12:00",769,"51.62",79,59,410,80,9,0,0,
"2025-05-24 00:00",218,"50.665",79,58,111,21,4,0,0,
"2025-05-24 12:00",503,"50.493",99,57,266,37,8,1,1,
"2025-05-25 00:00",154,"50.182",83,59,76,16,2,1,0,
"2025-05-25 12:00",482,"50.241",82,57,249,34,4,1,0,
"2025-05-26 00:00",248,"49.94",76,56,112,17,3,0,0,
"2025-05-26 12:00",627,"51.263",84,58,331,57,6,1,0,
"2025-05-27 00:00",237,"49.426",73,58,104,23,1,0,0,
"2025-05-27 12:00",734,"51.281",76,58,398,62,6,0,0,
"2025-05-28 00:00",257,"51.113",73,59,134,30,2,0,0,
"2025-05-28 12:00",762,"50.962",81,57,385,57,11,2,0,
"2025-05-29 00:00",240,"50.896",83,59,125,25,4,1,0,
"2025-05-29 12:00",824,"50.154",77,56,389,57,5,0,0,
"2025-05-30 00:00",242,"50.88",69,57,119,22,0,0,0,
"2025-05-30 12:00",792,"50.774",76,57,413,62,7,0,0,
"2025-05-31 00:00",247,"49.296",75,57,112,20,2,0,0,
"2025-05-31 12:00",547,"51.236",81,58,290,49,9,1,0,
"2025-06-01 00:00",147,"48.932",73,58,70,10,1,0,0,
"2025-06-01 12:00",517,"49.522",91,58,241,49,5,1,1,
"2025-06-02 00:00",262,"49.905",77,58,115,27,4,0,0,
"2025-06-02 12:00",776,"50.465",74,57,400,55,5,0,0,
"2025-06-03 00:00",256,"49.637",81,56,118,22,2,1,0,
"2025-06-03 12:00",789,"50.205",79,57,370,54,5,0,0,
"2025-06-04 00:00",273,"50.762",74,59,146,26,3,0,0,
"2025-06-04 12:00",811,"50.211",80,58,397,60,5,0,0,
"2025-06-05 00:00",236,"49.559",69,57,112,12,0,0,0,
"2025-06-05 12:00",780,"50.997",77,58,390,71,9,0,0,
"2025-06-06 00:00",273,"49.821",76,58,126,27,4,0,0,
"2025-06-06 12:00",733,"50.722",82,58,383,54,5,1,0,
"2025-06-07 00:00",243,"50.412",71,58,121,23,2,0,0,
"2025-06-07 12:00",531,"50.512",81,59,275,48,4,1,0,
"2025-06-08 00:00",165,"49.152",83,57,74,11,1,1,0,
"2025-06-08 12:00",410,"50.566",79,57,200,33,7,0,0,
"2025-06-09 00:00",221,"49.715",75,59,96,25,1,0,0,
"2025-06-09 12:00",735,"50.846",79,57,372,53,7,0,0,
"2025-06-10 00:00",251,"50.693",78,58,118,23,4,0,0,
"2025-06-10 12:00",800,"50.555",74,57,422,58,3,0,0,
"2025-06-11 00:00",247,"50.976",74,58,128,20,3,0,0,
"2025-06-11 12:00",769,"50.707",87,58,379,72,11,1,0,
"2025-06-12 00:00",266,"49.474",68,57,129,21,0,0,0,
"2025-06-12 12:00",877,"50.919",80,58,470,75,9,0,0,
"2025-06-13 00:00",259,"51.417",78,60,139,36,4,0,0,
"2025-06-13 12:00",746,"50.968",92,58,381,59,15,1,1,
"2025-06-14 00:00",235,"49.902",71,57,126,28,1,0,0,
"2025-06-14 12:00",542,"50.548",76,58,266,51,6,0,0,
"2025-06-15 00:00",173,"47.324",84,57,62,12,2,1,0,
"2025-06-15 12:00",259,"49.938",71,59,123,32,2,0,0,
"2025-06-16 00:00",250,"51.004",79,58,133,21,2,0,0,
"2025-06-16 12:00",702,"50.222",81,56,333,37,3,1,0,
"2025-06-17 00:00",266,"51.312",75,58,135,28,3,0,0,
"2025-06-17 12:00",767,"50.621",79,57,387,62,6,0,0,
"2025-06-18 00:00",254,"50.571",70,57,136,19,0,0,0,
"2025-06-18 12:00",730,"50.592",77,57,348,52,4,0,0,
"2025-06-19 00:00",249,"49.719",70,57,110,19,0,0,0,
"2025-06-19 12:00",774,"49.081",75,56,319,49,8,0,0,
"2025-06-20 00:00",268,"49.343",81,58,122,21,5,1,0,
"2025-06-20 12:00",734,"50.718",89,58,389,63,5,1,0,
"2025-06-21 00:00",240,"49.671",70,57,123,18,0,0,0,
"2025-06-21 12:00",569,"50.896",74,59,300,46,4,0,0,
"2025-06-22 00:00",187,"50.053",75,58,96,18,5,0,0,
"2025-06-22 12:00",447,"50.286",82,57,219,35,8,1,0,
"2025-06-23 00:00",253,"50.791",72,58,129,15,4,0,0,
"2025-06-23 12:00",727,"50.865",76,58,361,65,4,0,0,
"2025-06-24 00:00",267,"50.693",87,58,138,31,4,1,0,
"2025-06-24 12:00",712,"50.447",81,57,340,48,5,1,0,
"2025-06-25 00:00",166,"48.343",76,57,76,14,3,0,0,
"2025-06-25 12:00",413,"51.036",79,59,218,48,10,0,0,
"2025-06-26 00:00",247,"48.008",74,56,104,17,1,0,0,
"2025-06-26 12:00",630,"51.363",91,58,329,51,11,2,1,
"2025-06-27 00:00",216,"50.023",70,58,102,20,0,0,0,
"2025-06-27 12:00",615,"50.751",77,58,295,50,8,0,0,
"2025-06-28 00:00",214,"50.374",85,58,106,21,2,1,0,
"2025-06-28 12:00",470,"49.9",80,57,214,38,3,0,0,
"2025-06-29 00:00",152,"49.592",75,57,72,12,1,0,0,
"2025-06-29 12:00",399,"49.799",82,57,186,36,6,1,0,
"2025-06-30 00:00",252,"50.849",79,59,131,24,4,0,0,
"2025-06-30 12:00",679,"50.602",97,57,333,62,5,2,1,
"2025-07-01 00:00",217,"50.129",72,58,106,17,1,0,0,
"2025-07-01 12:00",708,"50.966",78,57,376,58,5,0,0,
"2025-07-02 00:00",254,"51.421",77,58,150,14,1,0,0,
"2025-07-02 12:00",737,"51.248",77,58,387,66,5,0,0,
"2025-07-03 00:00",236,"49.78",99,59,121,30,2,1,1,
"2025-07-03 12:00",738,"51.142",79,58,394,56,12,0,0,
"2025-07-04 00:00",266,"50.665",73,58,144,32,4,0,0,
"2025-07-04 12:00",612,"50.758",79,58,302,58,5,0,0,
"2025-07-05 00:00",202,"47.926",87,56,74,14,2,1,0,
"2025-07-05 12:00",470,"49.851",75,56,224,39,4,0,0,
"2025-07-06 00:00",182,"48.571",73,58,82,14,3,0,0,
"2025-07-06 12:00",411,"50.501",97,58,204,36,3,1,1,
"2025-07-07 00:00",185,"48.859",66,55,85,6,0,0,0,
"2025-07-07 12:00",635,"50.521",83,57,305,43,4,2,0,
"2025-07-08 00:00",137,"50.044",74,57,65,8,1,0,0,
"2025-07-08 12:00",629,"50.658",79,57,329,39,4,0,0,
"2025-07-09 00:00",234,"50.897",76,58,123,19,2,0,0,
"2025-07-09 12:00",749,"50.105",81,57,342,51,7,1,0,
"2025-07-10 00:00",224,"50.232",94,59,109,19,1,1,1,
"2025-07-10 12:00",704,"50.055",85,57,325,51,6,1,0,
"2025-07-11 00:00",217,"51.023",70,59,120,27,0,0,0,
"2025-07-11 12:00",664,"51.059",74,58,338,54,4,0,0,
"2025-07-12 00:00",195,"49.287",68,57,88,16,0,0,0,
"2025-07-12 12:00",427,"49.56",74,57,204,29,6,0,0,
"2025-07-13 00:00",142,"46.423",80,55,54,5,1,0,0,
"2025-07-13 12:00",376,"49.824",85,58,170,39,3,1,0,
"2025-07-14 00:00",235,"51.085",73,58,130,28,2,0,0,
"2025-07-14 12:00",669,"50.692",83,58,325,61,8,1,0,
"2025-07-15 00:00",205,"50.61",78,58,105,21,2,0,0,
"2025-07-15 12:00",682,"50.938",84,58,353,67,9,2,0,
"2025-07-16 00:00",208,"49.947",71,57,96,18,2,0,0,
"2025-07-16 12:00",652,"51.063",79,58,324,58,2,0,0,
"2025-07-17 00:00",245,"51.4",72,60,135,31,3,0,0,
"2025-07-17 12:00",698,"49.974",74,57,345,43,4,0,0,
"2025-07-18 00:00",229,"50.729",77,58,117,22,1,0,0,
"2025-07-18 12:00",669,"49.993",81,57,330,44,7,1,0,
"2025-07-19 00:00",223,"49.036",76,55,90,21,2,0,0,
"2025-07-19 12:00",479,"49.33",85,57,212,30,2,1,0,
"2025-07-20 00:00",162,"48.66",71,58,73,19,1,0,0,
"2025-07-20 12:00",451,"49.854",83,57,211,29,1,1,0,
"2025-07-21 00:00",237,"50.473",88,58,117,20,1,1,0,
"2025-07-21 12:00",572,"50.603",84,57,276,38,6,1,0,
"2025-07-22 00:00",215,"51.163",73,59,110,25,2,0,0,
"2025-07-22 12:00",689,"49.803",87,57,334,47,3,1,0,
"2025-07-23 00:00",255,"49.314",72,57,108,28,1,0,0,
"2025-07-23 12:00",710,"50.411",80,57,357,50,3,0,0,
"2025-07-24 00:00",264,"50.508",90,58,131,27,4,1,0,
"2025-07-24 12:00",619,"50.711",83,57,311,41,4,1,0,
"2025-07-25 00:00",243,"49.642",80,57,108,18,2,0,0,
"2025-07-25 12:00",645,"48.774",83,55,248,26,2,1,0,
"2025-07-26 00:00",120,"48.467",74,55,42,7,1,0,0,
"2025-07-26 12:00",389,"48.175",70,55,135,7,0,0,0,
"2025-07-27 00:00",115,"49.165",78,55,40,8,1,0,0,
"2025-07-27 12:00",387,"47.026",70,54,122,16,0,0,0,
"2025-07-28 00:00",224,"49.536",71,56,90,17,1,0,0,
"2025-07-28 12:00",594,"48.709",77,55,224,19,1,0,0,
"2025-07-29 00:00",206,"49.534",75,57,91,10,1,0,0,
"2025-07-29 12:00",624,"48.955",71,55,230,30,1,0,0,
"2025-07-30 00:00",191,"49.34",79,55,79,7,3,0,0,
"2025-07-30 12:00",709,"49.02",75,55,280,26,3,0,0,
"2025-07-31 00:00",213,"48.061",76,56,72,16,1,0,0,
"2025-07-31 12:00",628,"48.737",77,55,248,17,2,0,0,
"2025-08-01 00:00",231,"48.541",73,55,92,14,1,0,0,
"2025-08-01 12:00",556,"49.169",78,55,233,21,1,0,0,
"2025-08-02 00:00",162,"47.636",73,55,50,8,1,0,0,
"2025-08-02 12:00",407,"47.865",66,54,138,4,0,0,0,
"2025-08-03 00:00",116,"49.422",72,57,44,12,2,0,0,
"2025-08-03 12:00",397,"47.897",77,54,140,8,1,0,0,
"2025-08-04 00:00",243,"48.749",69,55,86,13,0,0,0,
"2025-08-04 12:00",622,"48.109",68,54,205,14,0,0,0,
"2025-08-05 00:00",221,"47.819",78,55,69,11,2,0,0,
"2025-08-05 12:00",658,"48.211",71,54,219,24,1,0,0,
"2025-08-06 00:00",212,"47.623",75,54,65,10,2,0,0,
"2025-08-06 12:00",618,"48.396",72,54,198,22,1,0,0,
"2025-08-07 00:00",224,"47.871",64,55,81,8,0,0,0,
"2025-08-07 12:00",692,"47.87",73,54,231,21,1,0,0,
"2025-08-08 00:00",240,"48.825",70,56,88,14,0,0,0,
"2025-08-08 12:00",665,"48.087",70,54,241,18,0,0,0,
"2025-08-09 00:00",151,"49.04",69,56,57,9,0,0,0,
"2025-08-09 12:00",338,"48.37",71,55,119,19,1,0,0,
"2025-08-10 00:00",140,"47.057",70,55,46,7,0,0,0,
"2025-08-10 12:00",423,"47.894",74,54,145,17,2,0,0,
"2025-08-11 00:00",249,"48.526",69,55,91,12,0,0,0,
"2025-08-11 12:00",721,"48.957",71,55,271,28,1,0,0,
"2025-08-12 00:00",240,"47.796",74,54,81,6,1,0,0,
"2025-08-12 12:00",760,"48.4",76,54,251,22,4,0,0,
"2025-08-13 00:00",242,"47.897",70,56,76,9,0,0,0,
"2025-08-13 12:00",733,"48.828",73,55,259,23,1,0,0,
"2025-08-14 00:00",294,"49.082",75,55,117,17,1,0,0,
"2025-08-14 12:00",676,"49.249",82,55,263,27,2,1,0,
"2025-08-15 00:00",179,"48.196",75,56,56,8,1,0,0,
"2025-08-15 12:00",441,"47.952",75,55,156,22,2,0,0,
"2025-08-16 00:00",199,"47.377",88,55,68,10,4,1,0,
"2025-08-16 12:00",409,"47.819",72,54,150,15,1,0,0,
"2025-08-17 00:00",168,"47.173",75,56,53,12,1,0,0,
"2025-08-17 12:00",392,"48.969",81,55,143,20,1,1,0,
"2025-08-18 00:00",236,"49.678",71,56,107,12,1,0,0,
"2025-08-18 12:00",711,"48.501",71,54,263,23,1,0,0,
"2025-08-19 00:00",232,"47.909",64,54,79,10,0,0,0,
"2025-08-19 12:00",719,"48.972",82,55,276,26,4,2,0,
"2025-08-20 00:00",221,"48.303",69,54,74,7,0,0,0,
"2025-08-20 12:00",711,"47.931",69,54,227,24,0,0,0,
"2025-08-21 00:00",218,"48.917",76,56,79,10,1,0,0,
"2025-08-21 12:00",625,"49.622",74,55,257,20,2,0,0,
"2025-08-22 00:00",218,"48.243",71,54,75,10,1,0,0,
"2025-08-22 12:00",699,"48.486",77,54,236,21,3,0,0,
"2025-08-23 00:00",208,"47.841",76,54,63,9,1,0,0,
"2025-08-23 12:00",507,"47.905",67,54,156,15,0,0,0,
"2025-08-24 00:00",173,"47.717",72,55,64,7,2,0,0,
"2025-08-24 12:00",440,"47.62",73,54,155,9,2,0,0,
"2025-08-25 00:00",217,"48.041",69,54,78,8,0,0,0,
"2025-08-25 12:00",767,"48.142",78,54,250,30,2,0,0,
"2025-08-26 00:00",205,"48.937",69,56,82,14,0,0,0,
"2025-08-26 12:00",766,"47.734",73,54,255,24,1,0,0,
"2025-08-27 00:00",238,"49.328",73,55,93,13,1,0,0,
"2025-08-27 12:00",695,"49.023",75,55,266,23,2,0,0,
"2025-08-28 00:00",227,"49.656",73,56,94,14,1,0,0,
"2025-08-28 12:00",742,"48.609",87,55,268,27,1,1,0,
"2025-08-29 00:00",213,"49.136",68,55,83,9,0,0,0,
"2025-08-29 12:00",680,"49.194",78,55,260,26,1,0,0,
"2025-08-30 00:00",197,"47.98",76,54,73,7,1,0,0,
"2025-08-30 12:00",451,"48.982",72,55,180,23,1,0,0,
"2025-08-31 00:00",171,"47.31",76,55,62,8,1,0,0,
"2025-08-31 12:00",511,"47.951",81,55,191,24,6,1,0,
"2025-09-01 00:00",241,"49.311",68,56,103,15,0,0,0,
"2025-09-01 12:00",733,"48.844",82,55,260,24,5,1,0,
"2025-09-02 00:00",249,"48.482",69,54,88,12,0,0,0,
"2025-09-02 12:00",726,"48.807",74,54,250,26,1,0,0,
"2025-09-03 00:00",223,"48.453",65,55,77,12,0,0,0,
"2025-09-03 12:00",800,"48.125",71,55,270,35,2,0,0,
"2025-09-04 00:00",258,"48.868",74,55,104,9,1,0,0,
"2025-09-04 12:00",820,"49.778",74,56,355,38,3,0,0,
"2025-09-05 00:00",262,"49.885",76,55,115,19,1,0,0,
"2025-09-05 12:00",769,"49.559",76,55,319,38,2,0,0,
"2025-09-06 00:00",212,"46.929",77,54,70,5,1,0,0,
"2025-09-06 12:00",540,"47.854",75,55,183,23,1,0,0,
"2025-09-07 00:00",164,"48.213",82,54,59,9,3,1,0,
"2025-09-07 12:00",479,"48.622",80,55,179,19,3,0,0,
"2025-09-08 00:00",263,"49.445",78,56,104,17,1,0,0,
"2025-09-08 12:00",747,"49.581",80,55,305,32,2,0,0,
"2025-09-09 00:00",236,"48.301",72,56,86,16,1,0,0,
"2025-09-09 12:00",740,"49.65",73,55,328,38,2,0,0,
"2025-09-10 00:00",110,"47.109",69,56,39,7,0,0,0,
"2025-09-10 12:00",600,"48.718",76,54,196,19,2,0,0,
"2025-09-11 00:00",239,"49.682",67,56,104,12,0,0,0,
"2025-09-11 12:00",715,"50.006",82,56,310,42,5,1,0,
"2025-09-12 00:00",249,"49.51",71,55,109,16,1,0,0,
"2025-09-12 12:00",722,"49.388",77,55,293,36,3,0,0,
"2025-09-13 00:00",216,"49.648",79,56,91,16,3,0,0,
"2025-09-13 12:00",534,"48.906",73,56,219,21,4,0,0,
"2025-09-14 00:00",153,"48.229",71,55,58,8,1,0,0,
"2025-09-14 12:00",427,"48.611",75,55,165,16,3,0,0,
"2025-09-15 00:00",232,"50.616",72,57,115,13,1,0,0,
"2025-09-15 12:00",760,"49.484",75,56,303,33,3,0,0,
"2025-09-16 00:00",218,"49.706",78,57,90,16,2,0,0,
"2025-09-16 12:00",621,"49.116",77,55,237,18,1,0,0,
"2025-09-17 00:00",223,"49.807",68,57,100,13,0,0,0,
"2025-09-17 12:00",779,"49.189",80,56,312,37,3,0,0,
"2025-09-18 00:00",237,"50.059",73,57,106,18,1,0,0,
"2025-09-18 12:00",746,"49.193",80,56,289,34,2,0,0,
"2025-09-19 00:00",257,"48.977",75,56,97,9,1,0,0,
"2025-09-19 12:00",789,"48.883",81,55,300,26,1,1,0,
"2025-09-20 00:00",236,"47.881",69,55,87,13,0,0,0,
"2025-09-20 12:00",543,"48.079",67,55,208,16,0,0,0,
"2025-09-21 00:00",190,"46.537",78,53,50,8,3,0,0,
"2025-09-21 12:00",491,"47.558",74,54,172,18,4,0,0,
"2025-09-22 00:00",244,"49.238",73,55,101,15,2,0,0,
"2025-09-22 12:00",807,"49.022",71,54,308,28,2,0,0,
"2025-09-23 00:00",231,"49.342",69,56,96,15,0,0,0,
"2025-09-23 12:00",604,"47.992",73,54,181,22,1,0,0,
"2025-09-24 00:00",225,"48.511",67,54,80,9,0,0,0,
"2025-09-24 12:00",700,"48.93",72,55,257,18,2,0,0,
"2025-09-25 00:00",253,"49.767",80,56,112,16,4,0,0,
"2025-09-25 12:00",784,"49.191",70,55,306,33,0,0,0,
"2025-09-26 00:00",261,"49.165",71,55,105,10,1,0,0,
"2025-09-26 12:00",761,"49.126",78,55,275,37,4,0,0,
"2025-09-27 00:00",229,"49.41",84,55,81,15,1,1,0,
"2025-09-27 12:00",520,"49.542",77,56,216,35,2,0,0,
"2025-09-28 00:00",151,"47.993",66,55,48,7,0,0,0,
"2025-09-28 12:00",484,"48.11",71,54,142,18,1,0,0,
"2025-09-29 00:00",247,"49.401",69,56,105,16,0,0,0,
"2025-09-29 12:00",798,"49.302",84,55,305,37,7,1,0,
"2025-09-30 00:00",246,"50.366",71,57,115,20,1,0,0,
"2025-09-30 12:00",817,"49.184",73,55,314,27,3,0,0,
"2025-10-01 00:00",244,"50.16",79,57,114,11,2,0,0,
"2025-10-01 12:00",799,"49.205",86,55,316,33,4,1,0,
"2025-10-02 00:00",278,"49.482",71,56,112,14,1,0,0,
"2025-10-02 12:00",849,"48.878",89,55,314,39,5,1,0,
"2025-10-03 00:00",262,"47.92",83,55,92,10,3,1,0,
"2025-10-03 12:00",821,"48.44",71,54,289,23,1,0,0,
"2025-10-04 00:00",241,"49.697",83,57,104,18,3,1,0,
"2025-10-04 12:00",702,"49.084",88,55,276,38,6,1,0,
"2025-10-05 00:00",55,"48.964",69,57,25,5,0,0,0,
"2025-10-05 12:00",349,"50.625",77,57,162,29,3,0,0,
"2025-10-06 00:00",328,"48.933",67,56,133,13,0,0,0,
"2025-10-06 12:00","1,598","48.51",75,54,520,47,3,0,0,
"2025-10-07 00:00",429,"49.788",79,56,183,28,4,0,0,
"2025-10-07 12:00","1,596","48.043",78,53,486,36,3,0,0,
"2025-10-08 00:00",393,"48.766",70,56,160,20,0,0,0,
"2025-10-08 12:00",956,"48.458",69,54,354,42,0,0,0,
"2025-10-09 00:00",290,"49.666",76,57,120,22,2,0,0,
"2025-10-09 12:00",737,"48.433",75,54,261,21,2,0,0,
"2025-10-10 00:00",256,"50.113",73,57,109,14,2,0,0,
"2025-10-10 12:00",825,"48.848",88,55,302,28,3,1,0,
"2025-10-11 00:00",224,"47.661",78,55,69,6,2,0,0,
"2025-10-11 12:00",591,"46.475",86,53,163,13,2,1,0,
"2025-10-12 00:00",137,"47.518",75,55,45,4,3,0,0,
"2025-10-12 12:00",502,"48.337",80,55,186,17,1,0,0,
"2025-10-13 00:00",252,"49.782",71,57,109,17,1,0,0,
"2025-10-13 12:00",781,"48.931",81,55,288,23,2,1,0,
"2025-10-14 00:00",203,"50.286",70,58,92,16,0,0,0,
"2025-10-14 12:00",794,"48.664",82,55,292,33,4,1,0,
"2025-10-15 00:00",269,"50.059",81,57,113,26,3,1,0,
"2025-10-15 12:00",705,"49.23",72,56,270,28,1,0,0,
"2025-10-16 00:00",232,"48.672",90,56,73,13,1,1,0,
"2025-10-16 12:00",801,"49.225",77,55,296,33,5,0,0,
"2025-10-17 00:00",236,"49.674",84,56,106,14,4,1,0,
"2025-10-17 12:00",839,"49.162",81,55,315,37,6,1,0,
"2025-10-18 00:00",214,"49.654",77,57,87,16,3,0,0,
"2025-10-18 12:00",587,"48.584",85,55,212,23,3,2,0,
"2025-10-19 00:00",165,"48.661",74,57,56,11,1,0,0,
"2025-10-19 12:00",444,"48.811",70,56,164,28,0,0,0,
"2025-10-20 00:00",233,"48.468",66,55,91,9,0,0,0,
"2025-10-20 12:00",782,"49.239",67,55,301,28,0,0,0,
"2025-10-21 00:00",212,"49.962",73,58,89,20,1,0,0,
"2025-10-21 12:00",659,"48.557",75,54,227,22,2,0,0,
"2025-10-22 00:00",230,"50.026",66,57,113,20,0,0,0,
"2025-10-22 12:00",823,"49.401",85,55,310,28,3,1,0,
"2025-10-23 00:00",245,"50.147",76,57,113,12,1,0,0,
"2025-10-23 12:00",541,"48.026",72,54,180,18,1,0,0,
"2025-10-24 00:00",214,"49.893",71,58,87,17,1,0,0,
"2025-10-24 12:00",840,"49.382",77,55,324,48,6,0,0,
"2025-10-25 00:00",204,"48.863",67,55,83,15,0,0,0,
"2025-10-25 12:00",512,"48.916",83,56,188,25,3,1,0,
"2025-10-26 00:00",159,"49.151",81,55,59,13,1,1,0,
"2025-10-26 12:00",356,"47.972",70,55,111,16,0,0,0,
"2025-10-27 00:00",251,"50.076",75,58,117,22,1,0,0,
"2025-10-27 12:00",701,"48.953",75,55,264,21,3,0,0,
"2025-10-28 00:00",218,"49.284",73,56,102,13,1,0,0,
"2025-10-28 12:00",698,"48.911",79,55,257,26,3,0,0,
"2025-10-29 00:00",249,"49.462",81,57,98,18,1,1,0,
"2025-10-29 12:00",725,"49.274",74,56,284,31,2,0,0,
"2025-10-30 00:00",250,"49.752",67,56,110,14,0,0,0,
"2025-10-30 12:00",716,"48.851",95,55,248,35,4,1,1,
"2025-10-31 00:00",201,"49.507",69,56,78,10,0,0,0,
"2025-10-31 12:00",493,"49.01",73,55,195,25,1,0,0,
"2025-11-01 00:00",174,"49.575",83,56,66,14,2,1,0,
"2025-11-01 12:00",467,"49.062",81,55,183,21,4,1,0,
"2025-11-02 00:00",138,"48.601",75,55,54,6,1,0,0,
"2025-11-02 12:00",341,"48.862",67,55,125,15,0,0,0,
"2025-11-03 00:00",247,"50.069",71,57,109,14,1,0,0,
"2025-11-03 12:00",754,"49.111",76,55,273,39,1,0,0,
"2025-11-04 00:00",248,"50.907",78,57,119,24,5,0,0,
"2025-11-04 12:00",771,"49.488",86,55,303,28,5,1,0,
"2025-11-05 00:00",244,"50.393",78,58,125,19,3,0,0,
"2025-11-05 12:00",835,"49.404",84,55,320,35,2,1,0,
"2025-11-06 00:00",266,"49.278",70,56,110,11,0,0,0,
"2025-11-06 12:00",825,"48.891",73,55,305,35,1,0,0,
"2025-11-07 00:00",240,"49.742",72,57,103,14,2,0,0,
"2025-11-07 12:00",800,"49.746",86,56,333,47,5,2,0,
"2025-11-08 00:00",227,"49.22",77,56,81,13,1,0,0,
"2025-11-08 12:00",499,"49.425",69,56,193,26,0,0,0,
"2025-11-09 00:00",169,"48.639",75,55,63,8,1,0,0,
"2025-11-09 12:00",418,"48.531",71,55,148,15,1,0,0,
"2025-11-10 00:00",240,"48.633",79,56,94,18,2,0,0,
"2025-11-10 12:00",769,"49.389",80,55,286,38,3,0,0,
"2025-11-11 00:00",233,"49.172",73,55,92,14,2,0,0,
"2025-11-11 12:00",772,"49.184",74,55,303,31,4,0,0,
"2025-11-12 00:00",232,"49.763",73,58,102,18,2,0,0,
"2025-11-12 12:00",857,"49.216",91,55,319,40,3,1,1,
"2025-11-13 00:00",244,"48.652",84,55,91,10,1,1,0,
"2025-11-13 12:00",803,"49.615",74,56,308,46,2,0,0,
"2025-11-14 00:00",266,"49.444",76,55,115,10,2,0,0,
"2025-11-14 12:00",788,"49.197",82,56,298,37,2,1,0,
"2025-11-15 00:00",226,"50.482",85,58,109,17,1,1,0,
"2025-11-15 12:00",506,"49.136",78,55,172,27,3,0,0,
"2025-11-16 00:00",147,"49.524",74,55,62,9,2,0,0,
"2025-11-16 12:00",352,"47.474",69,53,109,14,0,0,0,
"2025-11-17 00:00",190,"47.442",66,53,48,8,0,0,0,
"2025-11-17 12:00",633,"47.705",70,53,186,18,0,0,0,
"2025-11-18 00:00",238,"48.382",66,54,87,11,0,0,0,
"2025-11-18 12:00",780,"48.624",71,54,255,24,1,0,0,
"2025-11-19 00:00",258,"48.236",67,56,107,13,0,0,0,
"2025-11-19 12:00",761,"48.711",79,55,275,30,3,0,0,
"2025-11-20 00:00",215,"48.293",69,57,106,15,0,0,0,
"2025-11-20 12:00",752,"49.516",72,55,299,39,3,0,0,
"2025-11-21 00:00",238,"46.937",79,54,86,10,2,0,0,
"2025-11-21 12:00",687,"48.655",82,55,264,28,3,1,0,
"2025-11-22 00:00",194,"48.799",74,56,84,16,1,0,0,
"2025-11-22 12:00",438,"48.936",75,56,178,31,3,0,0,
"2025-11-23 00:00",126,"49.468",78,58,58,11,1,0,0,
"2025-11-23 12:00",406,"49.921",71,57,175,23,1,0,0,
"2025-11-24 00:00",227,"49.467",69,58,107,25,0,0,0,
"2025-11-24 12:00",689,"48.104",68,54,206,22,0,0,0,
"2025-11-25 00:00",175,"48.874",68,56,65,8,0,0,0,
"2025-11-25 12:00",681,"48.419",83,54,217,29,3,1,0,
"2025-11-26 00:00",242,"48.033",73,56,109,11,2,0,0,
"2025-11-26 12:00",772,"49.646",78,56,307,43,5,0,0,
"2025-11-27 00:00",234,"49.359",78,57,97,21,2,0,0,
"2025-11-27 12:00",801,"49.534",76,55,323,39,2,0,0,
"2025-11-28 00:00",253,"49.103",74,57,115,14,2,0,0,
"2025-11-28 12:00",745,"49.744",79,56,310,34,5,0,0,
"2025-11-29 00:00",217,"49.696",79,57,112,18,2,0,0,
"2025-11-29 12:00",506,"49.889",77,57,215,36,3,0,0,
"2025-11-30 00:00",135,"47.052",75,55,48,10,1,0,0,
"2025-11-30 12:00",428,"49.192",83,56,167,22,2,1,0,
"2025-12-01 00:00",219,"47.868",77,57,89,19,3,0,0,
"2025-12-01 12:00",705,"49.543",71,55,268,42,1,0,0,
"2025-12-02 00:00",233,"47.253",74,56,88,16,2,0,0,
"2025-12-02 12:00",743,"49.454",78,55,301,25,1,0,0,
"2025-12-03 00:00",227,"49.467",71,56,92,12,1,0,0,
"2025-12-03 12:00",766,"49.781",78,55,301,34,3,0,0,
"2025-12-04 00:00",184,"48.511",72,55,76,9,1,0,0,
"2025-12-04 12:00",746,"49.434",78,56,303,38,1,0,0,
"2025-12-05 00:00",235,"50.013",71,56,106,19,1,0,0,
"2025-12-05 12:00",621,"50.006",77,56,249,37,5,0,0,
"2025-12-06 00:00",199,"50.216",73,57,91,15,2,0,0,
"2025-12-06 12:00",485,"50.068",75,56,207,30,5,0,0,
"2025-12-07 00:00",162,"47.994",71,57,66,16,1,0,0,
"2025-12-07 12:00",376,"49.545",69,55,161,19,0,0,0,
"2025-12-08 00:00",208,"50.034",73,57,98,11,2,0,0,
"2025-12-08 12:00",715,"49.462",73,55,287,36,4,0,0,
"2025-12-09 00:00",213,"49.061",70,57,96,11,0,0,0,
"2025-12-09 12:00",704,"49.372",77,55,285,25,3,0,0,
"2025-12-10 00:00",232,"48.69",73,56,104,16,2,0,0,
"2025-12-10 12:00",740,"49.241",72,55,277,28,2,0,0,
"2025-12-11 00:00",218,"49.661",68,57,92,15,0,0,0,
"2025-12-11 12:00",766,"49.547",76,55,290,35,2,0,0,
"2025-12-12 00:00",223,"48.628",84,57,101,14,1,1,0,
"2025-12-12 12:00",718,"49.096",75,55,277,29,3,0,0,
"2025-12-13 00:00",209,"49.129",69,57,94,13,0,0,0,
"2025-12-13 12:00",496,"48.641",76,55,173,16,2,0,0,
"2025-12-14 00:00",140,"50.429",80,58,78,14,3,0,0,
"2025-12-14 12:00",402,"48.664",75,56,148,20,3,0,0,
"2025-12-15 00:00",198,"49.02",70,57,88,13,0,0,0,
"2025-12-15 12:00",713,"49.374",77,55,278,38,3,0,0,
"2025-12-16 00:00",234,"44.825",68,57,93,18,0,0,0,
"2025-12-16 12:00",693,"48.968",87,55,256,29,3,1,0,
"2025-12-17 00:00",237,"47.523",71,56,97,15,1,0,0,
"2025-12-17 12:00",720,"48.764",75,54,258,20,2,0,0,
"2025-12-18 00:00",212,"50.594",72,57,109,13,1,0,0,
"2025-12-18 12:00",773,"48.997",78,55,291,28,3,0,0,
"2025-12-19 00:00",230,"49.191",76,56,92,12,1,0,0,
"2025-12-19 12:00",757,"48.911",70,55,280,29,0,0,0,
"2025-12-20 00:00",230,"47.2",77,56,92,15,2,0,0,
"2025-12-20 12:00",508,"48.626",75,55,182,21,3,0,0,
"2025-12-21 00:00",159,"49.673",74,56,77,7,1,0,0,
"2025-12-21 12:00",419,"49.394",83,55,160,18,3,1,0,
"2025-12-22 00:00",247,"49.364",69,56,98,10,0,0,0,
"2025-12-22 12:00",674,"49.03",85,56,252,36,5,2,0,
"2025-12-23 00:00",254,"47.24",70,55,108,16,0,0,0,
"2025-12-23 12:00",729,"48.661",76,55,265,32,4,0,0,
"2025-12-24 00:00",232,"49.323",74,56,95,17,2,0,0,
"2025-12-24 12:00",538,"48.364",73,55,181,20,1,0,0,
"2025-12-25 00:00",113,"30.912",69,50,16,1,0,0,0,
"2025-12-25 12:00",362,"47.122",76,56,130,20,2,0,0,
"2025-12-26 00:00",137,"35.672",74,53,32,4,1,0,0,
"2025-12-26 12:00",389,"47.368",77,55,149,29,4,0,0,
"2025-12-27 00:00",166,"50.355",78,57,74,13,2,0,0,
"2025-12-27 12:00",495,"48.933",74,57,223,28,4,0,0,
"2025-12-28 00:00",113,"48.752",74,56,53,6,1,0,0,
"2025-12-28 12:00",395,"45.332",78,55,128,17,1,0,0,
"2025-12-29 00:00",180,"48.783",68,57,84,12,0,0,0,
"2025-12-29 12:00",642,"49.534",82,56,259,34,4,1,0,
"2025-12-30 00:00",174,"48.397",70,56,66,14,0,0,0,
"2025-12-30 12:00",586,"48.901",78,56,233,21,4,0,0,
"2025-12-31 00:00",175,"49.909",72,56,79,10,1,0,0,
"2025-12-31 12:00",434,"49.896",71,57,196,37,3,0,0,
"2026-01-01 00:00",111,"45.838",64,54,40,2,0,0,0,
"2026-01-01 12:00",309,"49.916",80,56,125,20,4,0,0,
"2026-01-02 00:00",99,"49.667",67,57,40,6,0,0,0,
"2026-01-02 12:00",353,"48.955",87,56,127,25,7,1,0,
"2026-01-03 00:00",193,"40.482",75,53,46,5,1,0,0,
"2026-01-03 12:00",430,"47.663",80,55,148,10,2,0,0,
"2026-01-04 00:00",120,"38.383",68,55,36,6,0,0,0,
"2026-01-04 12:00",279,"49.416",76,56,127,20,2,0,0,
"2026-01-05 00:00",69,"51.551",68,59,35,5,0,0,0,
"2026-01-05 12:00",0,,,,0,0,0,0,0,
"2026-01-06 00:00",152,"47.954",70,55,52,6,0,0,0,
"2026-01-06 12:00",598,"39.816",62,47,32,2,0,0,0,
"2026-01-07 00:00",192,"46.865",68,53,53,5,0,0,0,
"2026-01-07 12:00",510,"48.765",73,55,170,17,2,0,0,
"2026-01-08 00:00",206,"47.66",65,56,81,10,0,0,0,
"2026-01-08 12:00",719,"49.04",72,55,266,30,1,0,0,
"2026-01-09 00:00",222,"49.572",70,57,103,22,0,0,0,
"2026-01-09 12:00",679,"47.312",69,54,218,17,0,0,0,
"2026-01-10 00:00",154,"49.922",70,57,72,14,0,0,0,
"2026-01-10 12:00","1,057","48.145",73,54,330,36,4,0,0,
"2026-01-11 00:00",105,"48.295",76,57,46,8,2,0,0,
"2026-01-11 12:00",337,"48.211",79,55,124,15,2,0,0,
"2026-01-12 00:00",223,"46.915",75,55,89,11,1,0,0,
"2026-01-12 12:00",672,"48.888",74,55,254,30,2,0,0,
"2026-01-13 00:00",120,"50.758",75,57,59,10,2,0,0,
"2026-01-13 12:00",692,"49.241",76,55,266,28,4,0,0,
"2026-01-14 00:00",206,"48.32",72,57,85,18,1,0,0,
"2026-01-14 12:00",755,"49.54",77,55,312,38,3,0,0,
"2026-01-15 00:00",163,"46.221",72,56,63,11,1,0,0,
"2026-01-15 12:00",678,"50.484",76,57,295,47,2,0,0,
"2026-01-16 00:00",199,"50.663",73,59,97,22,1,0,0,
"2026-01-16 12:00",759,"49.838",72,55,312,39,2,0,0,
"2026-01-17 00:00",168,"50.744",79,58,87,14,1,0,0,
"2026-01-17 12:00",473,"50.163",73,56,207,37,3,0,0,
"2026-01-18 00:00",110,"44.591",70,55,36,7,0,0,0,
"2026-01-18 12:00",348,"48.402",77,56,139,21,1,0,0,
"2026-01-19 00:00",224,"49.304",69,57,98,16,0,0,0,
"2026-01-19 12:00",649,"48.94",72,55,255,29,1,0,0,
"2026-01-20 00:00",217,"49.806",75,57,101,15,1,0,0,
"2026-01-20 12:00",704,"49.977",81,56,304,31,4,1,0,
"2026-01-21 00:00",226,51,71,59,107,26,1,0,0,
"2026-01-21 12:00",715,"50.306",74,56,326,44,3,0,0,
"2026-01-22 00:00",210,"50.971",71,59,112,23,1,0,0,
"2026-01-22 12:00",749,"49.575",74,55,314,29,2,0,0,
"2026-01-23 00:00",228,"48.943",72,57,96,19,1,0,0,
"2026-01-23 12:00",732,"49.809",79,56,326,36,5,0,0,
"2026-01-24 00:00",147,"47.163",71,56,59,7,1,0,0,
"2026-01-24 12:00",462,"48.775",75,55,162,20,1,0,0,
"2026-01-25 00:00",67,"50.06",78,58,26,8,1,0,0,
"2026-01-25 12:00",281,"47.495",63,54,77,6,0,0,0,
"2026-01-26 00:00",179,"50.279",70,57,83,16,0,0,0,
"2026-01-26 12:00",719,"49.542",75,56,303,32,2,0,0,
"2026-01-27 00:00",216,"48.704",72,57,101,16,1,0,0,
"2026-01-27 12:00",645,"49.278",74,56,271,43,6,0,0,
"2026-01-28 00:00",198,"49.475",75,58,89,21,1,0,0,
"2026-01-28 12:00",681,"47.825",73,54,210,23,2,0,0,
"2026-01-29 00:00",223,"50.439",72,58,99,14,1,0,0,
"2026-01-29 12:00",746,"50.227",77,56,336,41,4,0,0,
"2026-01-30 00:00",222,"50.054",67,58,104,17,0,0,0,
"2026-01-30 12:00",717,"50.52",81,57,321,51,6,1,0,
"2026-01-31 00:00",161,"50.882",77,59,74,19,2,0,0,
"2026-01-31 12:00",486,"50.002",76,56,202,27,4,0,0,
"2026-02-01 00:00",123,"50.195",79,56,55,9,2,0,0,
"2026-02-01 12:00",376,"49.83",68,56,165,18,0,0,0,
"2026-02-02 00:00",234,"48.068",78,56,96,12,1,0,0,
"2026-02-02 12:00",683,"49.981",70,56,302,38,0,0,0,
"2026-02-03 00:00",214,"46.416",70,55,71,12,0,0,0,
"2026-02-03 12:00",555,"48.485",71,55,196,21,1,0,0,
"2026-02-04 00:00",182,"47.951",73,55,61,6,1,0,0,
"2026-02-04 12:00",652,"47.896",70,54,200,18,0,0,0,
"2026-02-05 00:00",222,"47.378",73,54,68,4,1,0,0,
"2026-02-05 12:00",733,"49.221",68,55,287,25,0,0,0,
"2026-02-06 00:00",214,"49.977",72,57,101,12,1,0,0,
"2026-02-06 12:00",710,"50.406",73,56,317,41,2,0,0,
"2026-02-07 00:00",165,"49.994",78,57,72,14,4,0,0,
"2026-02-07 12:00",470,"49.032",72,56,181,21,1,0,0,
"2026-02-08 00:00",137,"47.212",74,57,60,8,1,0,0,
"2026-02-08 12:00",451,"49.659",77,55,165,30,3,0,0,
"2026-02-09 00:00",209,"49.861",69,57,87,10,0,0,0,
"2026-02-09 12:00",685,"49.003",80,54,250,27,2,0,0,
"2026-02-10 00:00",209,"49.273",70,56,85,15,0,0,0,
"2026-02-10 12:00",716,"49.786",86,56,295,43,3,1,0,
"2026-02-11 00:00",213,"50.671",69,57,105,14,0,0,0,
"2026-02-11 12:00",776,"50.112",83,56,338,49,3,1,0,
"2026-02-12 00:00",249,"50.695",79,57,119,17,1,0,0,
"2026-02-12 12:00",753,"49.928",76,56,310,34,7,0,0,
"2026-02-13 00:00",238,"49.408",68,57,97,13,0,0,0,
"2026-02-13 12:00",794,"49.199",81,55,299,38,3,1,0,
"2026-02-14 00:00",181,"50.204",78,57,82,15,4,0,0,
"2026-02-14 12:00",509,"48.666",71,55,170,29,1,0,0,
"2026-02-15 00:00",147,"49.224",71,54,59,8,1,0,0,
"2026-02-15 12:00",439,"49.326",66,56,175,18,0,0,0,
"2026-02-16 00:00",201,"47.866",70,57,79,16,0,0,0,
"2026-02-16 12:00",638,"49.208",72,56,261,37,2,0,0,
"2026-02-17 00:00",213,"48.305",72,56,88,20,1,0,0,
"2026-02-17 12:00",714,"49.112",73,55,264,29,4,0,0,
"2026-02-18 00:00",211,"47.673",71,56,92,17,1,0,0,
"2026-02-18 12:00",718,"49.192",77,55,276,22,3,0,0,
"2026-02-19 00:00",184,"47.63",68,54,68,6,0,0,0,
"2026-02-19 12:00",399,"46.892",69,54,109,9,0,0,0,
"2026-02-20 00:00",213,"49.704",69,56,93,10,0,0,0,
"2026-02-20 12:00",663,"49.876",78,55,268,34,3,0,0,
"2026-02-21 00:00",157,"48.541",84,56,66,11,1,1,0,
"2026-02-21 12:00",457,"49.151",73,56,179,20,1,0,0,
"2026-02-22 00:00",136,"45.846",66,55,48,6,0,0,0,
"2026-02-22 12:00",413,"49.627",77,56,176,26,2,0,0,
"2026-02-23 00:00",249,"50.333",69,58,114,25,0,0,0,
"2026-02-23 12:00",774,"49.712",72,55,310,38,3,0,0,
"2026-02-24 00:00",200,"50.225",71,57,90,16,2,0,0,
"2026-02-24 12:00",720,"49.592",79,55,286,36,2,0,0,
"2026-02-25 00:00",229,"50.498",74,57,109,15,1,0,0,
"2026-02-25 12:00",786,"49.663",69,55,313,44,0,0,0,
"2026-02-26 00:00",233,"49.318",74,58,96,18,1,0,0,
"2026-02-26 12:00",662,"49.873",76,55,274,29,3,0,0,
"2026-02-27 00:00",235,"49.826",78,57,98,19,3,0,0,
"2026-02-27 12:00",777,"49.951",77,56,352,39,4,0,0,
"2026-02-28 00:00",182,"49.247",74,56,76,11,4,0,0,
"2026-02-28 12:00",559,"49.345",86,55,215,31,3,1,0,
"2026-03-01 00:00",137,"49.307",78,56,60,5,3,0,0,
"2026-03-01 12:00",459,"48.351",80,55,164,15,2,0,0,
"2026-03-02 00:00",249,"50.386",70,58,107,24,0,0,0,
"2026-03-02 12:00",724,"49.936",75,56,302,41,3,0,0,
"2026-03-03 00:00",222,"50.518",76,58,106,25,2,0,0,
"2026-03-03 12:00",786,"49.398",79,55,307,37,3,0,0,
"2026-03-04 00:00",234,"49.94",74,58,108,23,2,0,0,
"2026-03-04 12:00",753,"49.145",73,55,289,30,1,0,0,
"2026-03-05 00:00",239,"50.636",70,58,116,23,0,0,0,
"2026-03-05 12:00",764,"49.309",71,55,284,23,1,0,0,
"2026-03-06 00:00",243,"50.103",73,58,106,20,2,0,0,
"2026-03-06 12:00",750,"49.224",74,55,296,33,4,0,0,
"2026-03-07 00:00",224,"48.17",74,55,84,11,1,0,0,
"2026-03-07 12:00",570,"49.161",79,56,220,22,3,0,0,
"2026-03-08 00:00",140,"48.979",70,59,53,15,0,0,0,
"2026-03-08 12:00",511,"48.971",75,55,191,24,3,0,0,
"2026-03-09 00:00",256,"49.754",71,57,121,15,1,0,0,
"2026-03-09 12:00",721,"49.074",72,55,263,25,2,0,0,
"2026-03-10 00:00",223,"49.744",73,57,104,17,1,0,0,
"2026-03-10 12:00",757,"49.719",74,56,332,38,2,0,0,
"2026-03-11 00:00",250,"50.016",76,57,116,23,3,0,0,
"2026-03-11 12:00",799,"49.282",86,56,323,43,4,2,0,
"2026-03-12 00:00",267,"50.704",78,57,119,21,5,0,0,
"2026-03-12 12:00",710,"48.617",71,55,264,24,1,0,0,
"2026-03-13 00:00",269,"49.989",68,57,124,16,0,0,0,
"2026-03-13 12:00",796,"49.582",79,57,320,43,3,0,0,
"2026-03-14 00:00",211,"48.692",73,56,82,12,2,0,0,
"2026-03-14 12:00",483,"48.6",69,55,173,22,0,0,0,
"2026-03-15 00:00",162,"49.154",74,55,65,9,1,0,0,
"2026-03-15 12:00",429,"48.522",67,55,158,15,0,0,0,
"2026-03-16 00:00",255,"50.227",76,57,121,17,2,0,0,
"2026-03-16 12:00",689,"48.536",69,54,221,20,0,0,0,
"2026-03-17 00:00",258,"49.597",75,56,107,17,2,0,0,
"2026-03-17 12:00",729,"49.143",75,55,261,27,3,0,0,
"2026-03-18 00:00",237,"49.43",74,57,91,16,2,0,0,
"2026-03-18 12:00",746,"49.87",71,55,322,25,2,0,0,
"2026-03-19 00:00",252,"49.29",71,56,101,10,1,0,0,
"2026-03-19 12:00",741,"49.358",69,55,279,28,0,0,0,
"2026-03-20 00:00",264,"49.348",73,58,106,24,2,0,0,
"2026-03-20 12:00",737,"49.243",83,55,292,27,5,1,0,
"2026-03-21 00:00",203,"49.463",69,56,84,15,0,0,0,
"2026-03-21 12:00",492,"48.49",73,54,175,24,1,0,0,
"2026-03-22 00:00",173,"49.59",70,56,70,11,0,0,0,
"2026-03-22 12:00",417,"49.676",73,56,171,24,2,0,0,
"2026-03-23 00:00",240,"50.558",78,58,103,24,2,0,0,
"2026-03-23 12:00",725,"49.124",68,55,284,27,0,0,0,
"2026-03-24 00:00",270,"49.43",69,56,113,16,0,0,0,
"2026-03-24 12:00",786,"48.824",71,54,305,21,1,0,0,
"2026-03-25 00:00",255,"50.09",71,58,117,23,1,0,0,
"2026-03-25 12:00",794,"49.341",81,55,332,26,3,1,0,
"2026-03-26 00:00",215,"49.488",67,55,91,9,0,0,0,
"2026-03-26 12:00",665,"47.77",68,54,185,13,0,0,0,
"2026-03-27 00:00",176,"48.216",69,55,59,10,0,0,0,
"2026-03-27 12:00",624,"47.237",75,52,149,15,2,0,0,
"2026-03-28 00:00",204,"47.598",71,53,58,7,1,0,0,
"2026-03-28 12:00",506,"47.688",68,54,149,14,0,0,0,
"2026-03-29 00:00",126,"48.294",68,54,36,7,0,0,0,
"2026-03-29 12:00",413,"48.102",70,54,138,15,0,0,0,
"2026-03-30 00:00",234,"46.509",84,54,59,4,1,1,0,
"2026-03-30 12:00",743,"46.511",75,53,172,18,2,0,0,
"2026-03-31 00:00",216,"45.569",72,53,50,6,1,0,0,
"2026-03-31 12:00",773,"47.135",67,52,167,5,0,0,0,
"2026-04-01 00:00",244,"47.594",63,55,79,5,0,0,0,
"2026-04-01 12:00",780,"46.928",67,53,189,12,0,0,0,
"2026-04-02 00:00",245,"46.865",72,53,61,5,1,0,0,
"2026-04-02 12:00",822,"46.981",66,52,171,9,0,0,0,
"2026-04-03 00:00",280,"47.4",68,53,68,11,0,0,0,
"2026-04-03 12:00",756,"47.226",65,53,204,11,0,0,0,
"2026-04-04 00:00",206,"47.684",67,53,58,5,0,0,0,
"2026-04-04 12:00",455,"46.365",66,53,99,6,0,0,0,
"2026-04-05 00:00",150,"46.413",67,53,32,6,0,0,0,
"2026-04-05 12:00",490,"46.271",65,53,130,6,0,0,0,
"2026-04-06 00:00",142,"45.345",73,53,31,2,1,0,0,
"2026-04-06 12:00",470,"45.849",66,52,101,4,0,0,0,
"2026-04-07 00:00",264,"47.712",68,55,78,12,0,0,0,
"2026-04-07 12:00",757,"47.067",72,53,199,13,1,0,0,
"2026-04-08 00:00",261,"48.027",69,54,83,5,0,0,0,
"2026-04-08 12:00",722,"48.165",71,54,224,28,1,0,0,
"2026-04-09 00:00",258,"46.446",64,52,62,6,0,0,0,
"2026-04-09 12:00",814,"47.311",73,53,215,17,1,0,0,
"2026-04-10 00:00",263,"47.844",71,54,85,10,1,0,0,
"2026-04-10 12:00",785,"47.701",65,53,227,14,0,0,0,
"2026-04-11 00:00",208,"47.245",67,54,60,10,0,0,0,
"2026-04-11 12:00",540,"47.541",83,54,159,11,1,1,0,
"2026-04-12 00:00",149,"46.866",81,53,34,6,1,1,0,
"2026-04-12 12:00",491,"46.91",66,53,134,15,0,0,0,
"2026-04-13 00:00",260,"48.331",69,55,95,9,0,0,0,
"2026-04-13 12:00",782,"47.137",64,53,196,11,0,0,0,
"2026-04-14 00:00",255,"48.149",65,55,91,4,0,0,0,
"2026-04-14 12:00",758,"47.935",66,53,212,15,0,0,0,
"2026-04-15 00:00",230,"48.965",67,55,85,9,0,0,0,
"2026-04-15 12:00",815,"47.421",70,52,201,18,0,0,0,
"2026-04-16 00:00",263,"46.943",67,53,64,6,0,0,0,
"2026-04-16 12:00",819,"46.396",68,52,179,11,0,0,0,
"2026-04-17 00:00",268,"48.466",66,54,86,8,0,0,0,
"2026-04-17 12:00",767,"47.928",84,54,224,15,2,1,0,
"2026-04-18 00:00",243,"47.724",67,54,69,8,0,0,0,
"2026-04-18 12:00",588,"46.828",71,53,151,10,1,0,0,
"2026-04-19 00:00",154,"46.727",68,54,48,6,0,0,0,
"2026-04-19 12:00",448,"47.393",70,53,123,9,0,0,0,
"2026-04-20 00:00",240,"48.142",72,55,75,14,1,0,0,
"2026-04-20 12:00",637,"47.148",74,53,144,18,1,0,0,
"2026-04-21 00:00",235,"47.74",66,55,66,9,0,0,0,
"2026-04-21 12:00",745,"47.976",80,53,218,23,2,0,0,
"2026-04-22 00:00",228,"47.877",67,54,69,8,0,0,0,
"2026-04-22 12:00",853,"47.654",67,53,244,17,0,0,0,
"2026-04-23 00:00",272,"48.386",69,56,103,15,0,0,0,
"2026-04-23 12:00",785,"47.211",70,53,205,15,0,0,0,
"2026-04-24 00:00",279,"48.978",74,56,101,15,1,0,0,
"2026-04-24 12:00",749,"47.465",67,54,229,12,0,0,0,
"2026-04-25 00:00",211,"47.123",74,54,55,7,1,0,0,
"2026-04-25 12:00",461,"46.8",75,53,131,6,1,0,0,
"2026-04-26 00:00",141,"45.674",63,53,34,4,0,0,0,
"2026-04-26 12:00",368,"46.386",67,53,97,10,0,0,0,
"2026-04-27 00:00",134,"47.239",65,53,44,2,0,0,0,
"2026-04-27 12:00",360,"46.336",69,54,102,6,0,0,0,
"2026-04-28 00:00",249,"47.916",69,54,81,6,0,0,0,
"2026-04-28 12:00",548,"47.312",65,53,152,9,0,0,0,
"2026-04-29 00:00",206,"48.083",67,54,67,4,0,0,0,
"2026-04-29 12:00",477,"47.518",69,53,137,11,0,0,0,
"2026-04-30 00:00",218,"48.225",70,56,68,9,0,0,0,
"2026-04-30 12:00",544,"48.094",69,54,172,14,0,0,0,
"2026-05-01 00:00",135,"45.022",68,53,36,1,0,0,0,
"2026-05-01 12:00",368,"46.242",69,52,83,11,0,0,0,
"2026-05-02 00:00",112,"45.277",66,53,31,5,0,0,0,
"2026-05-02 12:00",405,"45.531",68,52,85,6,0,0,0,
"2026-05-03 00:00",137,"45.715",67,55,35,6,0,0,0,
"2026-05-03 12:00",429,"45.932",69,53,116,9,0,0,0,
"2026-05-04 00:00",254,"47.319",71,54,80,4,1,0,0,
"2026-05-04 12:00",777,"46.954",71,52,186,12,1,0,0,
"2026-05-05 00:00",292,"47.493",68,55,98,9,0,0,0,
"2026-05-05 12:00",790,"47.158",69,53,200,15,0,0,0,
"2026-05-06 00:00",224,"48.558",71,55,78,15,1,0,0,
"2026-05-06 12:00",713,"46.776",65,52,161,10,0,0,0,
"2026-05-07 00:00",267,"47.221",74,54,73,9,1,0,0,
"2026-05-07 12:00",783,"46.609",70,53,192,8,0,0,0,
"2026-05-08 00:00",229,"48.328",68,55,75,12,0,0,0,
"2026-05-08 12:00",821,"46.577",66,53,196,13,0,0,0,
"2026-05-09 00:00",276,"46.101",71,52,64,8,1,0,0,
"2026-05-09 12:00",567,"46.517",67,53,145,11,0,0,0,
"2026-05-10 00:00",158,"44.133",61,52,35,1,0,0,0,
"2026-05-10 12:00",461,"46.065",68,52,98,8,0,0,0,
"2026-05-11 00:00",260,"47.762",69,54,77,7,0,0,0,
"2026-05-11 12:00",591,"46.695",69,53,142,13,0,0,0,
"2026-05-12 00:00",151,"47.404",64,55,43,7,0,0,0,
"2026-05-12 12:00",684,"47.956",74,53,198,18,1,0,0,
"2026-05-13 00:00",262,"48.302",70,55,95,10,0,0,0,
"2026-05-13 12:00",813,"48.03",70,54,258,17,0,0,0,
"2026-05-14 00:00",261,"49.004",78,56,102,15,2,0,0,
"2026-05-14 12:00",426,"47.122",70,53,109,7,0,0,0,
"2026-05-15 00:00",266,"48.981",70,54,96,11,0,0,0,
"2026-05-15 12:00",600,"47.9",74,54,179,18,1,0,0,
"2026-05-16 00:00",211,"48.028",67,55,62,7,0,0,0,
"2026-05-16 12:00",530,"47.53",66,53,135,10,0,0,0,
"2026-05-17 00:00",160,"46.875",70,55,47,7,0,0,0,
"2026-05-17 12:00",534,"46.573",68,53,143,9,0,0,0,
"2026-05-18 00:00",274,"48.336",69,55,91,9,0,0,0,
"2026-05-18 12:00",746,"47.221",68,53,198,9,0,0,0,
"2026-05-19 00:00",272,"47.592",67,53,81,6,0,0,0,
"2026-05-19 12:00",815,"47.206",71,53,199,10,1,0,0,
"2026-05-20 00:00",284,"47.655",73,54,82,9,1,0,0,
"2026-05-20 12:00",797,"47.498",67,54,217,21,0,0,0,
"2026-05-21 00:00",267,"46.985",66,53,76,14,0,0,0,
"2026-05-21 12:00",820,"46.895",68,53,225,15,0,0,0,
"2026-05-22 00:00",286,"46.773",66,53,71,5,0,0,0,
"2026-05-22 12:00",758,"47.761",75,53,208,18,1,0,0,
"2026-05-23 00:00",233,"47.837",76,54,73,8,2,0,0,
"2026-05-23 12:00",511,"47.765",72,54,167,11,1,0,0,
"2026-05-24 00:00",178,"45.798",66,54,46,4,0,0,0,
"2026-05-24 12:00",527,"47.186",69,54,148,12,0,0,0,
"2026-05-25 00:00",292,"48.572",74,55,108,16,2,0,0,
"2026-05-25 12:00",781,"47.702",67,53,219,10,0,0,0,
"2026-05-26 00:00",245,"47.743",64,55,85,14,0,0,0,
"2026-05-26 12:00",788,"48.251",72,54,270,23,1,0,0,
"2026-05-27 00:00",240,"48.217",70,55,88,14,0,0,0,
"2026-05-27 12:00",727,"48.469",71,54,249,23,1,0,0,
"2026-05-28 00:00",266,"48.639",68,54,107,14,0,0,0,
"2026-05-28 12:00",782,"48.384",77,54,259,23,1,0,0,
"2026-05-29 00:00",256,"48.297",73,54,89,5,1,0,0,
"2026-05-29 12:00",829,"47.919",70,54,258,16,0,0,0,
"2026-05-30 00:00",243,"46.444",72,53,57,10,2,0,0,
"2026-05-30 12:00",530,"47.349",65,54,164,9,0,0,0,
"2026-05-31 00:00",169,"47.036",69,54,47,10,0,0,0,
"2026-05-31 12:00",442,"47.751",68,54,139,16,0,0,0,
"2026-06-01 00:00",245,"48.408",66,55,89,12,0,0,0,
"2026-06-01 12:00",743,"48.401",69,55,252,20,0,0,0,
"2026-06-02 00:00",239,"48.866",70,55,90,12,0,0,0,
"2026-06-02 12:00",786,"47.733",69,53,238,16,0,0,0,
"2026-06-03 00:00",164,"47.354",67,54,56,5,0,0,0,
"2026-06-03 12:00",788,"47.964",71,54,242,19,1,0,0,
"2026-06-04 00:00",303,"48.152",67,55,106,9,0,0,0,
"2026-06-04 12:00",809,"48.242",70,54,277,28,0,0,0,
"2026-06-05 00:00",217,"48.078",66,54,72,6,0,0,0,
"2026-06-05 12:00",711,"47.187",69,53,182,17,0,0,0,
"2026-06-06 00:00",230,"47.591",66,55,70,8,0,0,0,
"2026-06-06 12:00",556,"47.628",69,55,169,21,0,0,0,
"2026-06-07 00:00",178,"45.736",69,53,41,6,0,0,0,
"2026-06-07 12:00",466,"47.219",67,54,151,13,0,0,0,
"2026-06-08 00:00",245,"48.339",73,55,100,15,1,0,0,
"2026-06-08 12:00",756,"46.98",71,53,199,18,2,0,0,
"2026-06-09 00:00",264,"47.186",71,54,81,9,1,0,0,
"2026-06-09 12:00",739,"47.79",67,53,220,10,0,0,0,
"2026-06-10 00:00",201,"48.095",67,54,67,5,0,0,0,
"2026-06-10 12:00",715,"48.138",69,53,194,18,0,0,0,
"2026-06-11 00:00",241,"48.971",67,55,94,10,0,0,0,
"2026-06-11 12:00",800,"48.116",69,54,264,21,0,0,0,
"2026-06-12 00:00",267,"49.116",72,55,102,12,1,0,0,
"2026-06-12 12:00",735,"48.43",71,55,235,29,1,0,0,
"2026-06-13 00:00",241,"48.104",66,54,76,4,0,0,0,
"2026-06-13 12:00",510,"46.382",71,53,133,5,1,0,0,
"2026-06-14 00:00",183,"46.098",67,54,49,4,0,0,0,
"2026-06-14 12:00",427,"48.628",68,56,163,17,0,0,0,
"2026-06-15 00:00",242,"49.14",76,56,86,17,2,0,0,
"2026-06-15 12:00",717,"48.69",71,54,234,29,2,0,0,
"2026-06-16 00:00",262,"48.347",69,56,88,17,0,0,0,
"2026-06-16 12:00",774,"47.696",68,54,221,20,0,0,0,
"2026-06-17 00:00",238,"48.046",71,55,86,7,2,0,0,
"2026-06-17 12:00",782,"47.381",66,53,221,16,0,0,0,
"2026-06-18 00:00",271,"47.428",66,54,77,8,0,0,0,
"2026-06-18 12:00",759,"48.061",68,54,229,17,0,0,0,
"2026-06-19 00:00",286,"47.843",72,55,103,12,1,0,0,
"2026-06-19 12:00",782,"46.803",68,53,214,14,0,0,0,
"2026-06-20 00:00",257,"48.039",72,55,93,11,1,0,0,
"2026-06-20 12:00",443,"46.964",69,53,124,14,0,0,0,
"2026-06-21 00:00",204,"45.216",67,53,58,3,0,0,0,
"2026-06-21 12:00",407,"47.14",68,54,116,12,0,0,0,
"2026-06-22 00:00",280,"47.168",72,54,87,9,1,0,0,
"2026-06-22 12:00",666,"47.258",68,53,169,14,0,0,0,
"2026-06-23 00:00",282,"47.301",65,54,85,8,0,0,0,
"2026-06-23 12:00",697,"47.77",70,53,197,14,0,0,0,
"2026-06-24 00:00",275,"48.291",73,54,93,10,2,0,0,
"2026-06-24 12:00",699,"48.036",68,54,213,26,0,0,0,
"2026-06-25 00:00",172,"47.18",77,54,60,7,1,0,0,
"2026-06-25 12:00",328,"48.345",67,55,126,14,0,0,0,
"2026-06-26 00:00",233,"46.751",65,54,69,3,0,0,0,
"2026-06-26 12:00",491,"48.118",68,55,153,15,0,0,0,
"2026-06-27 00:00",196,"47.429",69,55,68,12,0,0,0,
"2026-06-27 12:00",458,"47.825",67,54,145,11,0,0,0,
"2026-06-28 00:00",124,"46.839",64,56,38,2,0,0,0,
"2026-06-28 12:00",371,"48.771",66,54,138,8,0,0,0,
"2026-06-29 00:00",245,"44.563",70,53,54,3,0,0,0,
"2026-06-29 12:00",703,"47.39",66,54,214,14,0,0,0,
"2026-06-30 00:00",253,"47.502",66,54,83,6,0,0,0,
"2026-06-30 12:00",645,"47.687",69,54,208,14,0,0,0,
"2026-07-01 00:00",168,"47.423",66,54,45,2,0,0,0,
"2026-07-01 12:00",679,"48.096",67,53,198,15,0,0,0,
"2026-07-02 00:00",242,"47.674",81,55,62,14,2,1,0,
"2026-07-02 12:00",699,"47.506",69,54,209,17,0,0,0,
"2026-07-03 00:00",245,"48.922",68,56,102,15,0,0,0,
"2026-07-03 12:00",706,"47.619",65,53,217,18,0,0,0,
"2026-07-04 00:00",183,"46.639",63,53,47,3,0,0,0,
"2026-07-04 12:00",431,"47.907",70,55,145,13,0,0,0,
"2026-07-05 00:00",174,"44.23",64,53,35,6,0,0,0,
"2026-07-05 12:00",409,"47.181",69,54,115,11,0,0,0,
"2026-07-06 00:00",248,"47.879",71,55,76,12,2,0,0,
"2026-07-06 12:00",662,"47.579",79,53,187,15,1,0,0,
"2026-07-07 00:00",247,"47.903",73,55,83,8,1,0,0,
"2026-07-07 12:00",689,"47.862",66,54,232,16,0,0,0,
"2026-07-08 00:00",243,"48.424",82,56,91,13,1,1,0,
"2026-07-08 12:00",734,"48.007",77,54,238,14,1,0,0,
"2026-07-09 00:00",258,"47.376",71,55,80,8,1,0,0,
"2026-07-09 12:00",674,"47.662",66,54,190,18,0,0,0,
"2026-07-10 00:00",255,"47.827",79,55,75,8,1,0,0,
"2026-07-10 12:00",682,"47.809",68,54,212,22,0,0,0,
"2026-07-11 00:00",196,"47.689",72,54,73,9,1,0,0,
"2026-07-11 12:00",454,"47.117",69,53,123,12,0,0,0,
"2026-07-12 00:00",153,"45.333",66,54,39,2,0,0,0,
"2026-07-12 12:00",371,"46.96",70,53,108,10,0,0,0,
"2026-07-13 00:00",236,"47.186",79,54,68,11,3,0,0,
"2026-07-13 12:00",662,"48.591",71,54,230,25,1,0,0,
"2026-07-14 00:00",224,"48.152",69,55,78,9,0,0,0,
"2026-07-14 12:00",610,"47.326",69,54,177,9,0,0,0,
"2026-07-15 00:00",249,"47.036",72,53,62,8,1,0,0,
"2026-07-15 12:00",662,"48.233",68,54,225,24,0,0,0,
"2026-07-16 00:00",238,"48.118",65,55,78,6,0,0,0,
"2026-07-16 12:00",681,"48.204",72,54,219,24,1,0,0,
"2026-07-17 00:00",221,"47.389",75,54,69,10,1,0,0,
"2026-07-17 12:00",627,"47.463",71,54,184,16,1,0,0,
"2026-07-18 00:00",191,"45.974",73,53,54,7,2,0,0,
"2026-07-18 12:00",348,"46.948",68,53,90,6,0,0,0,
"2026-07-19 00:00",125,"42.792",60,53,29,0,0,0,0,
"2026-07-19 12:00",383,"46.736",65,53,101,12,0,0,0,
"2026-07-20 00:00",237,"47.814",61,54,78,2,0,0,0,
"2026-07-20 12:00",635,"47.767",71,54,206,10,1,0,0,
"2026-07-21 00:00",243,"47.436",80,55,66,12,1,0,0,
"2026-07-21 12:00",670,"47.839",70,53,190,11,0,0,0,
"2026-07-22 00:00",226,"48.261",70,56,82,11,0,0,0,
"2026-07-22 12:00",701,"47.185",67,53,191,12,0,0,0,
"2026-07-23 00:00",221,"47.977",73,55,76,13,1,0,0,
"2026-07-23 12:00",601,"47.894",68,54,184,12,0,0,0,
"2026-07-24 00:00",256,"47.207",71,54,78,6,1,0,0,
"2026-07-24 12:00",688,"47.234",70,53,175,13,0,0,0,
"2026-07-25 00:00",198,"45.359",64,52,48,3,0,0,0,
"2026-07-25 12:00",449,"46.675",67,53,119,13,0,0,0,
"2026-07-26 00:00",115,"45.626",62,52,26,1,0,0,0,
"2026-07-26 12:00",0,,,,0,0,0,0,0,
"2026-07-27 00:00",155,"47.045",66,55,55,6,0,0,0,
"2026-07-27 12:00",589,"47.379",71,53,158,21,1,0,0,
"2026-07-28 00:00",233,"46.412",66,54,71,7,0,0,0,
"2026-07-28 12:00",655,"47.269",68,53,200,12,0,0,0,
"2026-07-29 00:00",219,"47.164",70,54,61,8,0,0,0,
"2026-07-29 12:00",618,"48.495",70,55,206,24,0,0,0,
"2026-07-30 00:00",216,"47.185",69,55,69,8,0,0,0,
"2026-07-30 12:00",596,"48.039",72,53,183,17,2,0,0,
"2026-07-31 00:00",219,"47.977",67,56,73,9,0,0,0,
"2026-07-31 12:00",618,"48.168",68,54,211,25,0,0,0,
"2026-08-01 00:00",138,"47.007",66,53,43,1,0,0,0,
"2026-08-01 12:00",425,"47.487",63,53,114,4,0,0,0,
"2026-08-02 00:00",137,"45.46",68,53,33,3,0,0,0,
"2026-08-02 12:00",346,"47.561",67,54,104,11,0,0,0,
"2026-08-03 00:00",223,"47.368",68,54,65,12,0,0,0,
"2026-08-03 12:00",619,"48.107",72,54,196,16,1,0,0,
"2026-08-04 00:00",235,"46.962",69,54,64,12,0,0,0,
"2026-08-04 12:00",632,"47.897",73,54,200,17,1,0,0,
"2026-08-05 00:00",234,"46.701",73,54,70,6,1,0,0,
"2026-08-05 12:00",97,"47.938",67,54,28,4,0,0,0,
