"Časovno obdobje per 12 hours","Št. vozil","Povpr. hitrost","Najvišja hitrost","Percentil 85","Št. vseh (več od 50 km/h)","Št. vseh (več od 60 km/h)","Št. vseh (več od 70 km/h)","Št. vseh (več kot 80 km/h)","Št. vseh (več od 90 km/h)","Št. vseh (100 ali več)"
"2023-08-03 12:00",356,"48.135",105,59,165,44,12,5,3,105
"2023-08-04 00:00",430,"37.758",104,57,123,39,8,4,3,104
"2023-08-04 12:00",394,"32.127",75,54,98,25,2,0,0,
"2023-08-05 00:00",246,"43.687",80,57,91,28,5,0,0,
"2023-08-05 12:00",339,"46.891",75,59,135,37,5,0,0,
"2023-08-06 00:00",204,"51.721",81,60,116,23,6,1,0,
"2023-08-06 12:00",283,"50.332",75,59,144,37,5,0,0,
"2023-08-07 00:00",539,"52.913",96,61,336,87,14,3,1,
"2023-08-07 12:00",483,"51.615",91,60,258,60,13,3,1,
"2023-08-08 00:00",533,"52.231",83,60,295,77,14,2,0,
"2023-08-08 12:00",482,"51.079",90,59,243,57,15,5,0,
"2023-08-09 00:00",551,"52.407",82,61,311,91,18,1,0,
"2023-08-09 12:00",499,"51.381",90,60,260,65,18,4,0,
"2023-08-10 00:00",551,"52.397",86,61,304,85,18,2,0,
"2023-08-10 12:00",522,"52.333",96,61,287,89,22,6,1,
"2023-08-11 00:00",540,"52.73",82,61,308,82,22,1,0,
"2023-08-11 12:00",514,"51.617",110,61,274,79,19,2,1,110
"2023-08-12 00:00",358,"51.274",81,60,198,50,13,2,0,
"2023-08-12 12:00",413,"50.562",89,60,198,56,13,4,0,
"2023-08-13 00:00",238,"50.34",87,60,115,34,9,2,0,
"2023-08-13 12:00",362,"51.061",100,60,176,52,13,5,3,100
"2023-08-14 00:00",312,"51.202",84,61,165,47,13,3,0,
"2023-08-14 12:00",404,"51.96",101,62,220,76,21,4,1,101
"2023-08-15 00:00",270,"51.726",90,62,147,48,10,3,0,
"2023-08-15 12:00",378,"51.151",90,60,206,56,7,2,0,
"2023-08-16 00:00",599,"52.237",85,60,333,88,20,2,0,
"2023-08-16 12:00",417,"52.422",128,62,232,73,20,5,2,128
"2023-08-17 00:00",590,"51.998",89,60,331,83,14,4,0,
"2023-08-17 12:00",476,"51.46",85,61,251,73,11,2,0,
"2023-08-18 00:00",585,"52.246",102,60,327,81,16,4,1,102
"2023-08-18 12:00",527,"51.791",90,62,290,94,25,7,0,
"2023-08-19 00:00",398,"51.779",93,61,220,63,12,4,1,
"2023-08-19 12:00",468,"51.068",92,62,231,83,19,5,1,
"2023-08-20 00:00",252,"50.44",83,60,123,33,6,1,0,
"2023-08-20 12:00",399,"51.348",101,61,217,67,16,2,1,101
"2023-08-21 00:00",577,"50.461",110,59,279,66,15,4,3,110
"2023-08-21 12:00",512,"50.824",100,61,269,81,11,2,1,100
"2023-08-22 00:00",625,"50.243",85,60,281,79,13,2,0,
"2023-08-22 12:00",524,"51.366",89,62,277,88,21,3,0,
"2023-08-23 00:00",616,"52.791",101,61,352,107,23,3,1,101
"2023-08-23 12:00",518,"51.577",100,60,278,69,14,2,1,100
"2023-08-24 00:00",641,"52.062",94,60,370,92,16,4,1,
"2023-08-24 12:00",569,"51.441",97,60,308,78,23,5,2,
"2023-08-25 00:00",608,"51.416",84,60,317,80,13,3,0,
"2023-08-25 12:00",546,"51.982",85,62,306,97,24,4,0,
"2023-08-26 00:00",352,"52.119",94,61,190,54,22,4,2,
"2023-08-26 12:00",417,"52.734",105,63,235,82,22,5,2,105
"2023-08-27 00:00",233,"50.845",103,61,120,37,11,4,3,103
"2023-08-27 12:00",382,"52.696",133,63,232,79,14,2,1,133
"2023-08-28 00:00",622,"51.465",84,59,348,71,12,1,0,
"2023-08-28 12:00",385,"41.384",94,57,133,36,5,2,1,
"2023-08-29 00:00",535,"52.052",90,61,306,87,19,5,0,
"2023-08-29 12:00",493,"51.207",101,61,248,74,13,3,2,101
"2023-08-30 00:00",589,"51.122",89,59,291,67,13,2,0,
"2023-08-30 12:00",439,"50.72",84,61,222,68,12,2,0,
"2023-08-31 00:00",623,"52.392",95,60,334,92,18,4,2,
"2023-08-31 12:00",513,"50.903",98,61,249,83,15,5,1,
"2023-09-01 00:00",583,"52.576",100,61,315,88,20,4,1,100
"2023-09-01 12:00",552,"51.904",103,60,298,82,22,6,2,103
"2023-09-02 00:00",357,"52.171",88,61,194,60,12,3,0,
"2023-09-02 12:00",496,"52.159",130,62,271,90,19,8,2,130
"2023-09-03 00:00",286,"51.713",83,62,150,51,11,2,0,
"2023-09-03 12:00",413,"51.521",94,60,199,60,19,5,1,
"2023-09-04 00:00",613,"51.822",86,60,337,88,23,2,0,
"2023-09-04 12:00",466,"52.139",90,62,251,76,21,5,0,
"2023-09-05 00:00",648,"52.498",91,60,382,92,22,4,1,
"2023-09-05 12:00",500,"51.966",90,61,289,77,12,2,0,
"2023-09-06 00:00",609,"52.404",92,61,339,95,17,3,1,
"2023-09-06 12:00",543,"52.258",101,61,291,87,25,5,1,101
"2023-09-07 00:00",601,"52.148",87,60,342,79,11,1,0,
"2023-09-07 12:00",531,"51.949",84,61,283,88,23,4,0,
"2023-09-08 00:00",581,"52.565",98,60,338,85,20,8,2,
"2023-09-08 12:00",540,"53.194",94,63,309,111,28,4,1,
"2023-09-09 00:00",378,"50.78",85,61,194,62,12,2,0,
"2023-09-09 12:00",452,"51.442",85,61,245,73,11,2,0,
"2023-09-10 00:00",241,"52.747",86,63,142,49,12,3,0,
"2023-09-10 12:00",387,"51.411",99,61,203,62,9,5,1,
"2023-09-11 00:00",608,"52.442",116,61,356,95,17,1,1,116
"2023-09-11 12:00",517,"53.474",104,63,310,110,22,6,2,"102.5"
"2023-09-12 00:00",619,"52.57",94,61,365,95,23,5,1,
"2023-09-12 12:00",492,"52.362",100,61,289,79,19,5,4,100
"2023-09-13 00:00",641,"52.384",88,60,388,95,14,3,0,
"2023-09-13 12:00",531,"52.064",91,60,296,78,18,5,1,
"2023-09-14 00:00",623,"52.04",102,59,329,78,19,9,2,"101.5"
"2023-09-14 12:00",508,"52.52",121,61,288,84,18,4,2,121
"2023-09-15 00:00",598,"52.47",88,61,340,96,12,4,0,
"2023-09-15 12:00",582,"52.741",83,61,355,98,20,2,0,
"2023-09-16 00:00",360,"53.511",86,62,228,65,13,5,0,
"2023-09-16 12:00",432,"51.889",106,61,232,66,14,4,2,"103.5"
"2023-09-17 00:00",266,"52.263",82,62,147,54,11,2,0,
"2023-09-17 12:00",391,"52.315",95,61,220,72,14,4,2,
"2023-09-18 00:00",590,"53.107",106,61,359,99,22,2,1,106
"2023-09-18 12:00",482,"51.865",91,61,273,81,19,3,1,
"2023-09-19 00:00",679,"48.261",85,60,337,86,12,2,0,
"2023-09-19 12:00",504,"51.698",92,61,260,80,16,5,1,
"2023-09-20 00:00",618,"53.345",87,62,379,116,26,4,0,
"2023-09-20 12:00",488,"52.236",91,61,279,77,13,1,1,
"2023-09-21 00:00",604,"52.719",98,60,351,90,16,3,1,
"2023-09-21 12:00",501,"52.23",103,62,279,97,24,3,1,103
"2023-09-22 00:00",588,"53.088",94,62,363,109,11,1,1,
"2023-09-22 12:00",507,"47.43",77,59,242,60,10,0,0,
"2023-09-23 00:00",284,"46.475",81,59,127,35,6,1,0,
"2023-09-23 12:00",437,"52.348",89,61,245,70,11,3,0,
"2023-09-24 00:00",254,"53.559",86,63,151,51,12,4,0,
"2023-09-24 12:00",357,"53.106",96,62,199,68,19,3,1,
"2023-09-25 00:00",639,"52.851",104,61,366,106,18,3,1,104
"2023-09-25 12:00",551,"51.301",86,60,286,76,17,3,0,
"2023-09-26 00:00",664,"51.581",86,60,369,92,20,2,0,
"2023-09-26 12:00",527,"52.027",111,61,286,82,17,3,1,111
"2023-09-27 00:00",641,"51.952",97,60,347,87,21,5,1,
"2023-09-27 12:00",544,"52.744",96,63,310,96,27,7,1,
"2023-09-28 00:00",635,"53.342",93,61,404,103,21,5,2,
"2023-09-28 12:00",563,"51.835",104,62,301,101,19,3,1,104
"2023-09-29 00:00",597,"53.338",93,61,362,107,20,3,2,
"2023-09-29 12:00",589,"53.059",103,63,344,125,22,4,3,103
"2023-09-30 00:00",354,"51.695",86,61,192,53,13,2,0,
"2023-09-30 12:00",421,"53.05",91,62,251,85,16,3,2,
"2023-10-01 00:00",235,"52.285",118,61,131,39,11,3,1,118
"2023-10-01 12:00",474,"53.31",127,62,289,94,18,5,2,127
"2023-10-02 00:00",606,"51.713",101,60,333,77,19,4,1,101
"2023-10-02 12:00",485,"52.278",85,61,272,77,14,2,0,
"2023-10-03 00:00",628,"52.804",90,60,372,92,17,2,0,
"2023-10-03 12:00",509,"52.837",101,62,281,106,20,10,4,101
"2023-10-04 00:00",658,"53.457",89,60,421,97,20,5,0,
"2023-10-04 12:00",487,"51.329",96,61,288,74,12,3,1,
"2023-10-05 00:00",654,"53.014",83,61,403,102,21,3,0,
"2023-10-05 12:00",541,"51.296",92,60,274,79,14,4,1,
"2023-10-06 00:00",616,"52.886",85,62,364,112,18,3,0,
"2023-10-06 12:00",555,"53.256",111,62,318,100,28,12,4,108
"2023-10-07 00:00",408,"51.002",85,60,198,57,13,4,0,
"2023-10-07 12:00",459,"51.817",128,62,252,78,17,4,2,128
"2023-10-08 00:00",253,"51.324",82,62,132,43,8,1,0,
"2023-10-08 12:00",445,"51.196",103,59,232,58,16,5,3,103
"2023-10-09 00:00",652,"52.5",96,61,384,99,21,9,2,
"2023-10-09 12:00",498,"50.813",84,59,244,59,8,1,0,
"2023-10-10 00:00",621,"52.585",96,61,362,101,17,3,1,
"2023-10-10 12:00",517,"52.553",88,62,303,96,20,1,0,
"2023-10-11 00:00",0,,,,0,0,0,0,0,
"2023-10-11 12:00",265,"52.887",88,62,150,55,10,1,0,
"2023-10-12 00:00",589,"52.319",85,60,354,78,12,3,0,
"2023-10-12 12:00",483,"52.65",108,62,274,91,16,2,1,108
"2023-10-13 00:00",601,"53.418",90,61,382,100,22,3,0,
"2023-10-13 12:00",570,"51.533",92,62,317,103,22,5,1,
"2023-10-14 00:00",383,"52.637",85,63,231,79,13,1,0,
"2023-10-14 12:00",451,"50.51",94,60,223,63,12,2,1,
"2023-10-15 00:00",251,"29.271",76,54,49,10,2,0,0,
"2023-10-15 12:00",330,"41.715",78,58,129,34,4,0,0,
"2023-10-16 00:00",595,"53.319",85,61,372,99,13,1,0,
"2023-10-16 12:00",507,"52.556",86,61,288,85,17,4,0,
"2023-10-17 00:00",585,"52.94",104,61,347,103,13,4,2,104
"2023-10-17 12:00",473,"52.562",92,61,273,81,14,5,2,
"2023-10-18 00:00",599,"53.479",99,62,359,108,23,6,2,
"2023-10-18 12:00",490,"53.406",92,62,298,89,22,3,1,
"2023-10-19 00:00",587,"52.256",105,60,331,79,16,3,1,105
"2023-10-19 12:00",491,"48.613",85,61,245,79,10,2,0,
"2023-10-20 00:00",535,"51.29",108,60,298,78,15,4,1,108
"2023-10-20 12:00",506,"51.735",92,62,278,93,16,1,1,
"2023-10-21 00:00",365,"52.737",89,62,223,62,13,2,0,
"2023-10-21 12:00",512,"53.291",109,62,300,97,23,6,3,"108.5"
"2023-10-22 00:00",230,"51.27",74,62,135,44,4,0,0,
"2023-10-22 12:00",411,"51.282",98,60,209,55,13,3,1,
"2023-10-23 00:00",592,"52.88",80,61,359,92,11,0,0,
"2023-10-23 12:00",484,"52.816",88,62,288,84,18,2,0,
"2023-10-24 00:00",600,"52.432",88,61,353,90,16,3,0,
"2023-10-24 12:00",541,"31.567",79,53,105,25,5,0,0,
"2023-10-25 00:00",644,"48.467",103,60,324,94,14,3,1,103
"2023-10-25 12:00",444,"53.3",85,61,271,73,15,5,0,
"2023-10-26 00:00",585,"53.937",95,62,388,109,25,8,2,
"2023-10-26 12:00",479,"51.987",82,62,267,91,16,2,0,
"2023-10-27 00:00",543,"35.928",79,54,140,36,6,0,0,
"2023-10-27 12:00",497,"50.698",91,61,267,87,13,3,1,
"2023-10-28 00:00",312,"48.365",79,59,157,42,7,0,0,
"2023-10-28 12:00",420,"53.438",115,63,249,85,19,3,2,115
"2023-10-29 00:00",193,"53.731",83,65,112,44,12,2,0,
"2023-10-29 12:00",315,"51.552",94,59,161,39,4,1,1,
"2023-10-30 00:00",416,"50.998",102,61,210,64,13,4,2,101
"2023-10-30 12:00",407,"47.432",84,59,197,48,11,3,0,
"2023-10-31 00:00",244,"43.91",96,58,97,26,8,2,1,
"2023-10-31 12:00",353,"46.637",81,58,155,29,4,1,0,
"2023-11-01 00:00",219,"54.26",112,64,133,53,15,4,1,112
"2023-11-01 12:00",403,"52.102",105,60,221,56,12,5,2,"103.5"
"2023-11-02 00:00",514,"51.864",90,61,292,82,15,7,0,
"2023-11-02 12:00",649,"27.066",87,49,79,16,2,1,0,
"2023-11-03 00:00",529,"46.157",82,59,233,72,14,3,0,
"2023-11-03 12:00",395,"48.18",92,61,172,63,10,4,1,
"2023-11-04 00:00",308,"52.821",92,61,182,49,13,1,1,
"2023-11-04 12:00",421,"52.323",77,61,244,68,10,0,0,
"2023-11-05 00:00",299,"33.137",74,56,77,28,5,0,0,
"2023-11-05 12:00",352,"52.429",91,61,184,56,17,5,1,
"2023-11-06 00:00",572,"53.92",111,61,371,95,21,6,3,111
"2023-11-06 12:00",427,"52.333",103,62,230,77,17,2,2,103
"2023-11-07 00:00",534,"52.985",93,61,315,85,19,2,1,
"2023-11-07 12:00",452,"51.425",89,61,252,78,21,1,0,
"2023-11-08 00:00",585,"53.14",86,62,354,105,24,6,0,
"2023-11-08 12:00",475,"53.065",100,62,280,85,18,9,2,100
"2023-11-09 00:00",579,"52.636",88,60,344,86,16,3,0,
"2023-11-09 12:00",433,"51.958",81,60,233,64,16,1,0,
"2023-11-10 00:00",578,"51.067",88,59,301,68,10,3,0,
"2023-11-10 12:00",455,"52.297",79,62,243,74,15,0,0,
"2023-11-11 00:00",366,"53.426",91,63,219,69,13,3,1,
"2023-11-11 12:00",378,"52.722",94,61,218,67,13,3,1,
"2023-11-12 00:00",187,"53.711",92,64,115,42,9,3,1,
"2023-11-12 12:00",341,"52.83",86,62,190,66,14,2,0,
"2023-11-13 00:00",568,"52.743",103,61,348,86,13,4,2,103
"2023-11-13 12:00",419,"52.057",88,62,226,72,14,3,0,
"2023-11-14 00:00",578,"52.962",86,61,358,96,12,3,0,
"2023-11-14 12:00",425,"51.4",84,61,216,65,19,2,0,
"2023-11-15 00:00",597,"52.65",96,60,346,74,12,5,1,
"2023-11-15 12:00",448,"51.348",86,60,237,62,13,2,0,
"2023-11-16 00:00",612,"52.194",89,60,353,73,12,4,0,
"2023-11-16 12:00",444,"51.631",81,60,222,64,20,1,0,
"2023-11-17 00:00",557,"52.661",90,60,326,78,17,3,0,
"2023-11-17 12:00",463,"50.447",94,58,207,43,7,1,1,
"2023-11-18 00:00",333,"53.282",94,65,192,73,17,4,1,
"2023-11-18 12:00",454,"51.529",82,60,246,59,10,1,0,
"2023-11-19 00:00",184,"52.005",91,59,99,23,4,2,1,
"2023-11-19 12:00",342,"52.015",80,61,194,60,10,0,0,
"2023-11-20 00:00",562,"52.61",85,60,340,78,12,2,0,
"2023-11-20 12:00",392,"50.551",80,59,176,44,5,0,0,
"2023-11-21 00:00",584,"51.952",104,61,311,88,16,2,1,104
"2023-11-21 12:00",438,"51.952",90,60,232,61,12,1,0,
"2023-11-22 00:00",562,"52.843",87,61,336,90,16,2,0,
"2023-11-22 12:00",431,"52.487",81,60,241,61,16,2,0,
"2023-11-23 00:00",582,"52.878",102,61,352,92,14,4,1,102
"2023-11-23 12:00",434,"53.147",90,61,255,76,17,5,0,
"2023-11-24 00:00",585,"53.097",92,61,351,97,16,3,1,
"2023-11-24 12:00",498,"53.518",95,62,297,98,27,3,1,
"2023-11-25 00:00",313,"53.038",77,64,183,67,14,0,0,
"2023-11-25 12:00",431,"53.601",90,63,261,92,15,3,0,
"2023-11-26 00:00",187,"54.139",85,63,120,44,4,1,0,
"2023-11-26 12:00",339,"52.398",81,60,186,50,14,1,0,
"2023-11-27 00:00",541,"53.549",86,61,343,92,23,2,0,
"2023-11-27 12:00",446,"51.525",85,60,238,66,16,1,0,
"2023-11-28 00:00",578,"53.256",101,61,353,91,12,4,3,101
"2023-11-28 12:00",423,"52.258",90,61,237,68,18,6,0,
"2023-11-29 00:00",582,"53.505",100,61,354,97,21,7,1,100
"2023-11-29 12:00",467,"52.602",88,61,260,79,18,3,0,
"2023-11-30 00:00",548,"48.091",90,58,244,60,9,2,0,
"2023-11-30 12:00",408,"42.885",85,58,143,36,12,1,0,
"2023-12-01 00:00",544,"47.29",86,58,249,56,7,1,0,
"2023-12-01 12:00",509,"40.886",77,55,147,27,2,0,0,
"2023-12-02 00:00",409,"31.13",86,51,70,17,4,1,0,
"2023-12-02 12:00",409,"42.232",81,58,144,44,10,2,0,
"2023-12-03 00:00",173,"52.844",88,62,90,34,7,2,0,
"2023-12-03 12:00",331,"52.417",88,61,188,53,10,3,0,
"2023-12-04 00:00",539,"53.521",93,61,343,93,13,3,1,
"2023-12-04 12:00",435,"52.936",86,62,245,74,19,3,0,
"2023-12-05 00:00",568,"53.06",99,60,340,82,16,2,1,
"2023-12-05 12:00",432,"53.285",99,62,256,76,22,3,1,
"2023-12-06 00:00",540,"54.02",78,62,356,99,15,0,0,
"2023-12-06 12:00",483,"52.389",85,61,262,81,24,2,0,
"2023-12-07 00:00",560,"53.384",84,61,344,97,20,2,0,
"2023-12-07 12:00",438,"52.263",88,61,240,74,10,3,0,
"2023-12-08 00:00",530,"53.062",88,61,314,96,10,2,0,
"2023-12-08 12:00",490,"52.963",90,61,287,87,17,4,0,
"2023-12-09 00:00",293,"51.399",87,60,156,42,6,1,0,
"2023-12-09 12:00",413,"53.281",109,61,244,65,17,3,2,109
"2023-12-10 00:00",180,"52.267",72,59,103,21,2,0,0,
"2023-12-10 12:00",368,"52.913",82,62,202,62,18,3,0,
"2023-12-11 00:00",559,"52.47",80,60,325,73,11,0,0,
"2023-12-11 12:00",386,"51.658",87,60,195,57,14,3,0,
"2023-12-12 00:00",564,"52.147",86,60,312,76,17,4,0,
"2023-12-12 12:00",473,"51.182",86,59,238,56,11,4,0,
"2023-12-13 00:00",410,"34.188",75,54,105,15,1,0,0,
"2023-12-13 12:00",477,"32.428",88,52,92,22,3,1,0,
"2023-12-14 00:00",545,"52.483",82,60,314,69,10,1,0,
"2023-12-14 12:00",445,"52.202",85,61,248,74,12,2,0,
"2023-12-15 00:00",540,"52.915",87,60,335,78,12,1,0,
"2023-12-15 12:00",513,"53.454",94,63,289,107,25,8,1,
"2023-12-16 00:00",304,"54.418",89,64,202,71,14,3,0,
"2023-12-16 12:00",403,"53.283",85,62,244,75,19,5,0,
"2023-12-17 00:00",181,"55.497",89,65,121,46,12,3,0,
"2023-12-17 12:00",371,"52.542",96,62,203,70,16,3,1,
"2023-12-18 00:00",547,"53.344",88,61,340,96,14,3,0,
"2023-12-18 12:00",455,"53.073",97,62,254,88,21,6,1,
"2023-12-19 00:00",544,"52.438",84,60,313,75,11,1,0,
"2023-12-19 12:00",458,"53.341",86,62,266,85,13,4,0,
"2023-12-20 00:00",552,"53.341",88,61,336,92,17,2,0,
"2023-12-20 12:00",476,"52.233",101,60,250,67,24,6,1,101
"2023-12-21 00:00",550,"52.724",85,60,312,80,15,2,0,
"2023-12-21 12:00",485,"53.474",89,61,290,89,20,6,0,
"2023-12-22 00:00",574,"52.554",88,63,342,111,19,5,0,
"2023-12-22 12:00",498,"53.412",84,63,299,108,22,3,0,
"2023-12-23 00:00",341,"54.12",96,62,214,67,15,4,1,
"2023-12-23 12:00",440,"53.595",121,62,268,85,22,5,3,"110.5"
"2023-12-24 00:00",178,"53.27",94,61,110,35,8,2,1,
"2023-12-24 12:00",351,"53.245",81,61,211,62,16,1,0,
"2023-12-25 00:00",164,"53.335",89,62,101,31,4,1,0,
"2023-12-25 12:00",358,"52.349",98,60,201,52,14,6,2,
"2023-12-26 00:00",182,"53.253",76,61,102,36,6,0,0,
"2023-12-26 12:00",350,"52.914",98,63,191,66,20,4,2,
"2023-12-27 00:00",394,"52.774",78,60,234,58,9,0,0,
"2023-12-27 12:00",453,"52.013",83,60,240,62,17,2,0,
"2023-12-28 00:00",383,"51.937",84,61,205,62,14,3,0,
"2023-12-28 12:00",425,"53.226",100,61,250,77,21,4,2,100
"2023-12-29 00:00",379,"53.124",106,62,219,68,11,3,1,106
"2023-12-29 12:00",402,"52.764",94,61,230,68,13,3,1,
"2023-12-30 00:00",296,"53.743",97,62,186,55,9,3,2,
"2023-12-30 12:00",373,"53.166",99,62,217,64,15,4,1,
"2023-12-31 00:00",136,"53.618",82,63,81,26,9,3,0,
"2023-12-31 12:00",318,"41.789",78,58,119,33,2,0,0,
"2024-01-01 00:00",241,"33.191",87,55,52,16,7,1,0,
"2024-01-01 12:00",293,"52.126",85,59,164,34,9,3,0,
"2024-01-02 00:00",147,"52.531",77,63,82,31,4,0,0,
"2024-01-02 12:00",334,"52.584",86,62,192,56,13,3,0,
"2024-01-03 00:00",502,"52.606",80,60,292,71,9,0,0,
"2024-01-03 12:00",423,"52.714",96,62,233,76,14,3,1,
"2024-01-04 00:00",555,"53.101",82,61,353,90,16,1,0,
"2024-01-04 12:00",419,"53.162",87,62,245,80,20,4,0,
"2024-01-05 00:00",529,"53.384",96,61,329,92,15,4,1,
"2024-01-05 12:00",436,"50.408",90,60,228,58,14,2,0,
"2024-01-06 00:00",308,"40.682",83,58,111,31,6,2,0,
"2024-01-06 12:00",346,"51.075",91,60,178,49,9,3,1,
"2024-01-07 00:00",138,"54.891",101,63,90,25,8,2,1,101
"2024-01-07 12:00",308,"53.429",80,62,187,64,8,0,0,
"2024-01-08 00:00",544,"53.463",81,61,350,84,12,1,0,
"2024-01-08 12:00",439,"53.098",87,62,251,77,15,3,0,
"2024-01-09 00:00",548,"53.839",93,62,341,103,24,4,1,
"2024-01-09 12:00",398,"53.678",90,62,240,79,21,7,0,
"2024-01-10 00:00",558,"53.703",83,61,364,96,21,3,0,
"2024-01-10 12:00",456,"52.974",114,62,268,79,22,7,2,114
"2024-01-11 00:00",566,"53.265",81,61,345,86,16,1,0,
"2024-01-11 12:00",462,"53.913",108,63,287,104,20,4,1,108
"2024-01-12 00:00",516,"53.616",83,61,320,87,14,1,0,
"2024-01-12 12:00",443,"52.445",87,61,248,72,22,4,0,
"2024-01-13 00:00",287,"54.174",93,62,175,58,18,4,2,
"2024-01-13 12:00",393,"53.379",90,62,245,72,13,2,0,
"2024-01-14 00:00",182,"54.099",86,64,115,40,11,3,0,
"2024-01-14 12:00",322,"54.102",101,63,192,76,22,6,1,101
"2024-01-15 00:00",535,"53.172",87,61,333,85,17,2,0,
"2024-01-15 12:00",429,"52.688",87,61,234,67,16,3,0,
"2024-01-16 00:00",564,"53.324",101,62,341,99,17,4,2,101
"2024-01-16 12:00",433,"53.27",93,62,264,78,15,4,1,
"2024-01-17 00:00",555,"54.368",101,63,367,112,25,5,2,101
"2024-01-17 12:00",412,"52.655",99,62,228,73,19,3,1,
"2024-01-18 00:00",462,"46.173",80,59,189,57,14,0,0,
"2024-01-18 12:00",411,"52.681",80,62,235,77,17,0,0,
"2024-01-19 00:00",311,"35.881",73,52,54,7,1,0,0,
"2024-01-19 12:00",320,"48.056",98,58,125,21,5,3,1,
"2024-01-20 00:00",251,"50.964",91,60,119,31,10,2,1,
"2024-01-20 12:00",359,"50.696",90,59,165,47,9,1,0,
"2024-01-21 00:00",179,"52.201",82,61,97,31,7,1,0,
"2024-01-21 12:00",307,"49.827",79,59,133,35,5,0,0,
"2024-01-22 00:00",529,"51.291",79,58,284,54,9,0,0,
"2024-01-22 12:00",421,"52.791",91,61,235,70,13,5,1,
"2024-01-23 00:00",522,"52.481",83,60,304,71,12,1,0,
"2024-01-23 12:00",447,"52.237",96,61,252,70,15,2,1,
"2024-01-24 00:00",561,"52.799",99,61,325,85,15,2,1,
"2024-01-24 12:00",547,"52.49",86,60,316,68,13,2,0,
"2024-01-25 00:00",529,"52.807",77,62,308,93,11,0,0,
"2024-01-25 12:00",460,"53.607",89,63,270,103,20,3,0,
"2024-01-26 00:00",513,"53.049",91,61,314,77,16,1,1,
"2024-01-26 12:00",470,"52.879",98,61,274,78,12,3,1,
"2024-01-27 00:00",295,"54.014",90,63,197,63,12,4,0,
"2024-01-27 12:00",367,"53.095",84,61,228,63,9,2,0,
"2024-01-28 00:00",173,"53.919",82,63,106,34,7,1,0,
"2024-01-28 12:00",317,"52.937",89,61,172,54,14,4,0,
"2024-01-29 00:00",532,"53.914",96,61,348,94,14,4,1,
"2024-01-29 12:00",406,"52.512",88,61,229,65,11,2,0,
"2024-01-30 00:00",570,"53.233",92,61,338,85,20,4,1,
"2024-01-30 12:00",448,"52.701",94,61,251,71,17,5,2,
"2024-01-31 00:00",531,"53.113",88,61,317,90,12,2,0,
"2024-01-31 12:00",429,"53.319",86,62,242,81,17,6,0,
"2024-02-01 00:00",543,"53.967",82,63,357,117,19,2,0,
"2024-02-01 12:00",456,"53.605",81,62,291,83,21,2,0,
"2024-02-02 00:00",541,"53.47",84,61,333,89,11,2,0,
"2024-02-02 12:00",457,"53.315",98,62,256,86,26,7,1,
"2024-02-03 00:00",293,"52.741",90,63,160,58,12,3,0,
"2024-02-03 12:00",356,"54.407",90,64,217,82,29,7,0,
"2024-02-04 00:00",170,"53.888",76,63,107,37,8,0,0,
"2024-02-04 12:00",345,"53.606",94,63,197,74,16,4,1,
"2024-02-05 00:00",514,"52.652",89,60,314,69,10,1,0,
"2024-02-05 12:00",416,"53.337",86,62,251,83,18,2,0,
"2024-02-06 00:00",532,"52.581",103,61,295,81,9,4,1,103
"2024-02-06 12:00",421,"51.439",88,60,208,55,11,3,0,
"2024-02-07 00:00",516,"53.921",94,62,320,105,17,5,1,
"2024-02-07 12:00",497,"52.682",85,62,287,83,19,2,0,
"2024-02-08 00:00",246,"54.045",81,63,154,50,16,1,0,
"2024-02-08 12:00",383,"52.979",100,61,218,71,17,5,3,100
"2024-02-09 00:00",427,"51.754",83,60,217,61,13,2,0,
"2024-02-09 12:00",380,"51.705",84,61,195,62,9,1,0,
"2024-02-10 00:00",270,"52.496",93,62,159,46,15,4,1,
"2024-02-10 12:00",348,"52.563",93,61,206,62,8,1,1,
"2024-02-11 00:00",129,"51.364",96,62,66,23,4,1,1,
"2024-02-11 12:00",336,"49.708",79,59,164,43,6,0,0,
"2024-02-12 00:00",539,"53.861",85,62,338,102,18,1,0,
"2024-02-12 12:00",411,"52.414",92,61,221,62,15,3,1,
"2024-02-13 00:00",548,"53.562",93,61,342,89,13,1,1,
"2024-02-13 12:00",407,"52.902",93,62,242,68,16,4,1,
"2024-02-14 00:00",553,"53.523",91,62,357,102,16,1,1,
"2024-02-14 12:00",432,"53.155",102,62,259,78,18,4,2,102
"2024-02-15 00:00",537,"53.045",86,61,318,87,17,1,0,
"2024-02-15 12:00",472,"52.301",100,61,254,84,10,2,1,100
"2024-02-16 00:00",551,"53.367",91,62,339,103,17,1,1,
"2024-02-16 12:00",480,"52.046",83,62,262,84,16,3,0,
"2024-02-17 00:00",283,"54.806",99,64,175,71,20,5,2,
"2024-02-17 12:00",392,"52.342",98,61,219,64,15,1,1,
"2024-02-18 00:00",156,"53.077",89,62,90,29,8,1,0,
"2024-02-18 12:00",318,"52.83",85,63,181,70,12,2,0,
"2024-02-19 00:00",508,"54.502",97,62,341,103,24,8,4,
"2024-02-19 12:00",378,"52.148",81,61,203,62,11,2,0,
"2024-02-20 00:00",504,"53.065",88,62,296,87,17,5,0,
"2024-02-20 12:00",430,"52.912",85,62,243,79,18,5,0,
"2024-02-21 00:00",479,"53.111",91,61,286,76,19,5,1,
"2024-02-21 12:00",450,"52.418",92,62,244,76,15,1,1,
"2024-02-22 00:00",520,"52.779",95,60,302,77,17,2,2,
"2024-02-22 12:00",432,"51.671",93,60,222,60,13,2,1,
"2024-02-23 00:00",476,"45.941",78,59,203,51,8,0,0,
"2024-02-23 12:00",482,"27.139",77,47,59,11,4,0,0,
"2024-02-24 00:00",271,"52.708",93,62,156,46,10,4,2,
"2024-02-24 12:00",384,"52.544",85,61,221,65,11,2,0,
"2024-02-25 00:00",190,"54.132",86,63,119,43,9,1,0,
"2024-02-25 12:00",348,"50.951",87,60,172,39,9,3,0,
"2024-02-26 00:00",578,"53.637",96,61,367,99,15,4,1,
"2024-02-26 12:00",406,"52.736",89,61,228,71,12,1,0,
"2024-02-27 00:00",542,"52.585",87,62,308,92,16,2,0,
"2024-02-27 12:00",381,"49.811",83,59,186,46,9,2,0,
"2024-02-28 00:00",592,"53.672",91,61,377,97,23,5,1,
"2024-02-28 12:00",407,"52.941",92,62,221,71,21,6,1,
"2024-02-29 00:00",552,"53.428",92,63,324,108,25,4,1,
"2024-02-29 12:00",458,"52.847",83,61,259,80,20,1,0,
"2024-03-01 00:00",516,"52.93",91,61,318,82,16,2,1,
"2024-03-01 12:00",455,"51.114",90,61,244,73,19,3,0,
"2024-03-02 00:00",293,"54.068",88,63,177,56,20,6,0,
"2024-03-02 12:00",402,"53.095",94,62,237,69,13,3,1,
"2024-03-03 00:00",169,"52.692",95,61,89,28,9,5,1,
"2024-03-03 12:00",333,"52.655",103,61,187,56,12,6,1,103
"2024-03-04 00:00",553,"53.553",86,62,341,103,18,3,0,
"2024-03-04 12:00",473,"52.406",88,61,264,75,15,2,0,
"2024-03-05 00:00",571,"53.387",89,61,344,103,18,3,0,
"2024-03-05 12:00",426,"49.986",91,60,225,56,12,1,1,
"2024-03-06 00:00",575,"51.699",84,60,299,76,16,2,0,
"2024-03-06 12:00",432,"51.919",88,62,220,76,18,3,0,
"2024-03-07 00:00",592,"52.595",105,60,340,85,14,3,1,105
"2024-03-07 12:00",450,"50.264",96,61,219,72,11,3,1,
"2024-03-08 00:00",527,"53.529",93,62,320,100,22,5,1,
"2024-03-08 12:00",453,"51.89",85,61,242,71,10,2,0,
"2024-03-09 00:00",304,"50.313",92,60,154,44,12,2,1,
"2024-03-09 12:00",378,"51.817",103,60,202,55,18,5,4,102
"2024-03-10 00:00",153,"51.601",82,61,77,25,6,1,0,
"2024-03-10 12:00",350,"42.669",83,58,123,37,6,1,0,
"2024-03-11 00:00",571,"53.508",85,62,342,101,21,5,0,
"2024-03-11 12:00",447,"50.72",87,60,241,64,11,2,0,
"2024-03-12 00:00",593,"53.422",92,62,371,106,19,2,1,
"2024-03-12 12:00",399,"52.323",95,61,218,62,12,2,2,
"2024-03-13 00:00",585,"53.602",93,62,355,107,22,5,1,
"2024-03-13 12:00",460,"52.887",106,61,272,75,18,2,1,106
"2024-03-14 00:00",567,"53.34",95,61,337,99,18,4,2,
"2024-03-14 12:00",444,"51.989",85,61,237,67,21,5,0,
"2024-03-15 00:00",571,"53.991",86,63,371,112,20,2,0,
"2024-03-15 12:00",465,"52.912",97,62,264,92,21,4,1,
"2024-03-16 00:00",323,"53.824",90,62,202,67,14,4,0,
"2024-03-16 12:00",385,"52.47",97,61,221,63,15,5,2,
"2024-03-17 00:00",211,"54.981",110,66,134,51,12,3,2,110
"2024-03-17 12:00",438,"51.772",113,61,229,71,14,4,1,113
"2024-03-18 00:00",581,"53.212",83,60,351,86,19,2,0,
"2024-03-18 12:00",427,"52.728",93,61,241,71,18,4,1,
"2024-03-19 00:00",325,"52.203",77,60,173,47,8,0,0,
"2024-03-19 12:00",448,"53.884",85,64,273,95,20,2,0,
"2024-03-20 00:00",575,"53.666",94,61,374,91,22,2,1,
"2024-03-20 12:00",462,"52.065",82,62,258,86,16,1,0,
"2024-03-21 00:00",217,"51.106",83,60,106,28,5,2,0,
"2024-03-21 12:00",455,"52.064",86,61,245,73,14,1,0,
"2024-03-22 00:00",545,"54.026",86,63,344,116,28,4,0,
"2024-03-22 12:00",512,"51.77",89,60,259,76,15,2,0,
"2024-03-23 00:00",342,"53.798",104,64,205,77,21,7,1,104
"2024-03-23 12:00",421,"48.867",98,59,206,47,9,2,1,
"2024-03-24 00:00",183,"54.18",105,63,121,41,9,3,1,105
"2024-03-24 12:00",379,"52.913",107,62,222,64,17,3,2,"104.5"
"2024-03-25 00:00",566,"54.203",91,63,369,125,22,2,1,
"2024-03-25 12:00",470,"53.187",92,63,273,89,23,8,1,
"2024-03-26 00:00",582,"54.328",95,63,382,116,21,8,2,
"2024-03-26 12:00",440,"53.089",98,62,263,81,19,4,1,
"2024-03-27 00:00",594,"53.621",93,62,375,107,20,3,1,
"2024-03-27 12:00",428,"48.313",88,60,205,61,10,2,0,
"2024-03-28 00:00",568,"52.563",87,60,328,77,21,3,0,
"2024-03-28 12:00",463,"37.717",80,56,133,34,5,0,0,
"2024-03-29 00:00",536,"54.035",95,62,350,102,27,8,1,
"2024-03-29 12:00",483,"52.497",108,60,276,71,22,2,1,108
"2024-03-30 00:00",298,"54.728",84,66,184,76,27,6,0,
"2024-03-30 12:00",430,"52.565",110,62,252,81,23,6,2,110
"2024-03-31 00:00",179,"54.475",104,64,112,39,13,3,1,104
"2024-03-31 12:00",370,"51.557",96,61,209,63,17,5,2,
"2024-04-01 00:00",144,"53.799",89,63,87,28,7,2,0,
"2024-04-01 12:00",360,"47.247",96,60,160,52,13,4,1,
"2024-04-02 00:00",555,"54.007",90,62,356,114,22,5,0,
"2024-04-02 12:00",412,"52.648",89,62,237,77,17,2,0,
"2024-04-03 00:00",583,"53.16",86,62,347,99,24,6,0,
"2024-04-03 12:00",475,"52.796",96,62,273,88,19,6,2,
"2024-04-04 00:00",593,"53.246",86,61,361,110,24,4,0,
"2024-04-04 12:00",491,"52.232",100,63,267,96,19,6,3,100
"2024-04-05 00:00",561,"53.308",108,63,330,111,28,6,1,108
"2024-04-05 12:00",543,"52.536",114,61,298,94,25,8,2,107
"2024-04-06 00:00",347,"51.689",79,61,190,53,14,0,0,
"2024-04-06 12:00",464,"50.866",85,60,237,61,14,1,0,
"2024-04-07 00:00",274,"52.19",87,62,152,51,11,3,0,
"2024-04-07 12:00",409,"51.579",101,62,222,69,17,4,1,101
"2024-04-08 00:00",593,"52.379",98,61,338,94,16,3,1,
"2024-04-08 12:00",476,"50.655",88,59,230,65,15,4,0,
"2024-04-09 00:00",574,"53.901",89,63,355,116,24,4,0,
"2024-04-09 12:00",485,"51.903",84,62,263,83,16,3,0,
"2024-04-10 00:00",597,"53.074",99,61,350,102,20,4,3,
"2024-04-10 12:00",484,"52.963",112,63,279,94,21,4,1,112
"2024-04-11 00:00",588,"54.029",93,62,363,100,29,8,1,
"2024-04-11 12:00",563,"51.22",92,61,276,86,15,2,1,
"2024-04-12 00:00",583,"52.252",84,61,327,91,14,3,0,
"2024-04-12 12:00",533,"52.976",100,61,324,92,25,6,2,100
"2024-04-13 00:00",372,"51.847",99,62,201,68,9,4,1,
"2024-04-13 12:00",443,"53.533",95,63,279,96,21,5,2,
"2024-04-14 00:00",220,"52.964",122,63,131,52,8,2,1,122
"2024-04-14 12:00",415,"51.607",92,62,228,69,20,6,2,
"2024-04-15 00:00",578,"52.848",84,61,348,88,12,4,0,
"2024-04-15 12:00",485,"51.575",90,60,256,68,17,4,0,
"2024-04-16 00:00",560,"53.166",91,61,344,92,14,1,1,
"2024-04-16 12:00",357,"44.543",83,59,141,40,10,1,0,
"2024-04-17 00:00",556,"54.595",90,63,357,124,26,5,0,
"2024-04-17 12:00",492,"53.441",99,62,301,89,22,4,1,
"2024-04-18 00:00",590,"53.91",83,62,381,116,22,2,0,
"2024-04-18 12:00",473,"53.03",86,63,273,90,22,3,0,
"2024-04-19 00:00",568,"53.551",87,61,358,100,19,3,0,
"2024-04-19 12:00",526,"51.726",85,61,284,87,13,1,0,
"2024-04-20 00:00",352,"52.403",87,61,203,59,15,4,0,
"2024-04-20 12:00",387,"52.837",90,61,231,70,6,2,0,
"2024-04-21 00:00",203,"51.655",90,60,108,28,6,2,0,
"2024-04-21 12:00",389,"51.532",90,61,201,63,12,1,0,
"2024-04-22 00:00",600,"53.422",85,61,378,106,24,4,0,
"2024-04-22 12:00",461,"50.386",88,59,224,63,13,2,0,
"2024-04-23 00:00",563,"48.872",85,60,289,76,19,2,0,
"2024-04-23 12:00",404,"50.243",93,61,208,69,14,3,1,
"2024-04-24 00:00",569,"51.96",106,61,320,97,19,4,1,106
"2024-04-24 12:00",495,"52.285",87,62,297,87,17,3,0,
"2024-04-25 00:00",563,"53.634",99,61,359,95,9,3,2,
"2024-04-25 12:00",490,"53.533",114,63,293,99,16,4,1,114
"2024-04-26 00:00",583,"53.688",90,63,361,124,22,4,0,
"2024-04-26 12:00",881,"51.674",91,59,483,99,18,4,1,
"2024-04-27 00:00",234,"52.15",89,61,133,38,10,3,0,
"2024-04-27 12:00",366,"53.336",100,63,216,73,18,8,2,100
"2024-04-28 00:00",195,"51.774",84,61,103,30,9,2,0,
"2024-04-28 12:00",369,"51.949",97,63,198,66,20,6,1,
"2024-04-29 00:00",458,"52.937",97,61,277,72,20,3,1,
"2024-04-29 12:00",430,"51.637",82,61,236,69,15,2,0,
"2024-04-30 00:00",463,"52.525",101,62,270,83,17,2,2,101
"2024-04-30 12:00",463,"51.918",91,62,248,81,19,4,1,
"2024-05-01 00:00",227,"51.132",84,60,111,32,11,4,0,
"2024-05-01 12:00",379,"47.509",92,58,137,43,10,2,1,
"2024-05-02 00:00",178,"45.601",90,60,70,25,4,1,0,
"2024-05-02 12:00",279,"49.265",79,60,147,40,3,0,0,
"2024-05-03 00:00",365,"53.132",98,63,211,71,14,6,1,
"2024-05-03 12:00",339,"50.637",98,62,170,62,12,2,1,
"2024-05-04 00:00",284,"51.88",92,60,148,41,11,5,1,
"2024-05-04 12:00",339,"52.982",90,63,200,72,11,2,0,
"2024-05-05 00:00",195,"52.123",92,61,109,32,10,3,1,
"2024-05-05 12:00",349,"51.98",109,60,195,51,13,7,2,109
"2024-05-06 00:00",604,"53.101",100,61,363,104,19,1,1,100
"2024-05-06 12:00",492,"52.144",90,61,272,82,16,1,0,
"2024-05-07 00:00",611,"52.704",95,61,374,93,18,3,1,
"2024-05-07 12:00",447,"49.128",83,59,215,58,3,1,0,
"2024-05-08 00:00",602,"50.987",94,59,314,66,10,2,1,
"2024-05-08 12:00",493,"52.799",89,63,263,96,25,4,0,
"2024-05-09 00:00",610,"53.011",86,61,367,106,15,4,0,
"2024-05-09 12:00",533,"52.886",97,63,306,104,27,7,2,
"2024-05-10 00:00",621,"53.351",96,62,380,104,26,9,1,
"2024-05-10 12:00",584,"51.154",111,60,300,78,22,4,1,111
"2024-05-11 00:00",397,"52.055",90,62,221,68,17,3,0,
"2024-05-11 12:00",479,"50.979",88,61,236,72,22,6,0,
"2024-05-12 00:00",233,"51.536",75,61,141,39,9,0,0,
"2024-05-12 12:00",429,"51.522",92,62,233,70,13,4,1,
"2024-05-13 00:00",627,"52.928",89,61,380,109,11,1,0,
"2024-05-13 12:00",437,"52.021",85,61,235,68,10,1,0,
"2024-05-14 00:00",578,"51.611",87,61,322,89,16,1,0,
"2024-05-14 12:00",456,"52.502",90,61,253,71,15,2,0,
"2024-05-15 00:00",605,"53.737",84,62,391,112,23,5,0,
"2024-05-15 12:00",518,"52.602",89,62,285,99,19,3,0,
"2024-05-16 00:00",574,"51.624",85,62,334,96,18,2,0,
"2024-05-16 12:00",514,"47.817",86,61,263,80,17,1,0,
"2024-05-17 00:00",572,"51.86",82,61,340,100,24,1,0,
"2024-05-17 12:00",533,"51.754",95,61,283,82,11,1,1,
"2024-05-18 00:00",400,"53.015",87,63,229,78,17,5,0,
"2024-05-18 12:00",483,"51.315",91,61,253,74,14,4,1,
"2024-05-19 00:00",250,"52.164",94,62,146,43,11,2,1,
"2024-05-19 12:00",447,"50.841",91,60,226,65,19,5,1,
"2024-05-20 00:00",604,"52.68",90,61,347,91,17,1,0,
"2024-05-20 12:00",573,"51.412",88,60,291,77,23,1,0,
"2024-05-21 00:00",590,"51.517",89,61,352,94,14,4,0,
"2024-05-21 12:00",376,"46.199",82,58,160,43,9,1,0,
"2024-05-22 00:00",608,"51.938",89,60,355,90,16,4,0,
"2024-05-22 12:00",491,"53.847",87,63,301,98,27,7,0,
"2024-05-23 00:00",593,"53.476",90,63,357,108,20,9,0,
"2024-05-23 12:00",474,"51.46",95,60,267,69,16,7,2,
"2024-05-24 00:00",597,"53.834",85,62,377,121,23,3,0,
"2024-05-24 12:00",551,"51.446",89,60,293,74,14,3,0,
"2024-05-25 00:00",373,"52.708",88,62,221,61,22,4,0,
"2024-05-25 12:00",429,"53.11",102,62,251,86,26,10,4,102
"2024-05-26 00:00",201,"51.98",94,62,104,35,9,2,1,
"2024-05-26 12:00",349,"49.754",81,59,163,40,6,1,0,
"2024-05-27 00:00",573,"52.735",88,62,347,101,16,3,0,
"2024-05-27 12:00",509,"49.269",80,61,245,80,13,0,0,
"2024-05-28 00:00",590,"54.002",87,62,388,117,19,2,0,
"2024-05-28 12:00",463,"51.317",91,61,241,80,17,1,1,
"2024-05-29 00:00",621,"53.908",90,62,394,125,27,8,0,
"2024-05-29 12:00",482,"51.788",81,62,252,83,18,1,0,
"2024-05-30 00:00",609,"53.532",81,62,391,110,17,1,0,
"2024-05-30 12:00",478,"53.54",95,63,287,90,23,3,1,
"2024-05-31 00:00",427,"39.768",78,56,130,30,5,0,0,
"2024-05-31 12:00",476,"50.147",97,62,264,85,27,7,3,
"2024-06-01 00:00",390,"52.559",88,61,246,60,16,5,0,
"2024-06-01 12:00",403,"52.983",105,62,239,82,18,5,1,105
"2024-06-02 00:00",241,"51.651",86,61,125,46,9,1,0,
"2024-06-02 12:00",413,"49.019",82,60,193,59,9,1,0,
"2024-06-03 00:00",573,"51.347",92,62,335,105,23,6,1,
"2024-06-03 12:00",446,"53.258",104,63,259,81,18,3,1,104
"2024-06-04 00:00",629,"53.434",89,61,393,104,24,7,0,
"2024-06-04 12:00",495,"51.885",84,61,261,83,12,4,0,
"2024-06-05 00:00",605,"53.241",87,61,377,96,23,4,0,
"2024-06-05 12:00",554,"51.249",90,60,289,81,15,3,0,
"2024-06-06 00:00",650,"53.502",86,62,401,118,34,3,0,
"2024-06-06 12:00",594,"51.8",94,61,330,100,24,6,1,
"2024-06-07 00:00",633,"53.292",91,62,390,122,20,2,1,
"2024-06-07 12:00",601,"51.724",86,62,315,106,20,4,0,
"2024-06-08 00:00",347,"52.732",104,62,190,65,15,5,2,104
"2024-06-08 12:00",445,"52.827",95,62,263,83,20,5,1,
"2024-06-09 00:00",240,"51.983",87,62,133,43,6,2,0,
"2024-06-09 12:00",409,"51.225",83,61,221,68,11,2,0,
"2024-06-10 00:00",647,"52.691",100,61,384,104,22,4,1,100
"2024-06-10 12:00",567,"50.877",87,62,317,108,21,3,0,
"2024-06-11 00:00",659,"50.366",88,61,374,109,21,4,0,
"2024-06-11 12:00",479,"51.171",87,62,265,91,16,2,0,
"2024-06-12 00:00",568,"50.852",88,60,298,82,20,3,0,
"2024-06-12 12:00",426,"53.538",104,63,261,84,18,4,2,104
"2024-06-13 00:00",591,"53.448",92,61,371,96,20,5,1,
"2024-06-13 12:00",462,"52.66",88,61,261,79,16,4,0,
"2024-06-14 00:00",580,"53.86",104,63,373,125,21,4,1,104
"2024-06-14 12:00",534,"52.315",91,62,298,89,19,4,1,
"2024-06-15 00:00",357,"52.459",86,61,198,60,15,2,0,
"2024-06-15 12:00",428,"52.869",92,63,254,92,22,6,2,
"2024-06-16 00:00",200,"53.605",88,65,119,50,12,3,0,
"2024-06-16 12:00",371,"52.544",81,62,211,77,18,1,0,
"2024-06-17 00:00",580,"53.671",87,63,362,111,25,3,0,
"2024-06-17 12:00",509,"53.145",103,63,288,100,23,4,3,103
"2024-06-18 00:00",586,"53.594",95,62,368,111,17,1,1,
"2024-06-18 12:00",468,"49.622",94,59,225,62,7,2,2,
"2024-06-19 00:00",601,"53.527",90,62,379,105,22,4,0,
"2024-06-19 12:00",479,"52.695",83,63,283,91,24,2,0,
"2024-06-20 00:00",577,"50.224",89,60,288,79,12,2,0,
"2024-06-20 12:00",489,"53.603",93,63,298,94,28,8,2,
"2024-06-21 00:00",548,"52.9",85,61,330,87,16,2,0,
"2024-06-21 12:00",520,"53.088",87,63,306,105,26,3,0,
"2024-06-22 00:00",353,"52.176",92,61,205,54,10,4,1,
"2024-06-22 12:00",403,"53.692",111,63,242,82,19,7,5,111
"2024-06-23 00:00",213,"52.577",98,62,121,37,10,4,1,
"2024-06-23 12:00",345,"52.481",86,62,197,63,14,3,0,
"2024-06-24 00:00",452,"53.637",94,63,275,88,19,6,2,
"2024-06-24 12:00",416,"52.089",84,61,227,64,14,2,0,
"2024-06-25 00:00",198,"51.02",90,60,107,25,8,2,0,
"2024-06-25 12:00",333,"52.7",86,61,190,56,14,4,0,
"2024-06-26 00:00",540,"52.722",86,61,334,89,17,5,0,
"2024-06-26 12:00",419,"53.329",86,62,262,76,17,6,0,
"2024-06-27 00:00",541,"53.111",85,62,322,97,15,4,0,
"2024-06-27 12:00",478,"52.544",86,62,267,85,21,2,0,
"2024-06-28 00:00",557,"53.447",94,62,336,112,21,6,2,
"2024-06-28 12:00",491,"53.053",99,63,291,100,21,5,1,
"2024-06-29 00:00",322,"52.245",85,61,174,52,17,2,0,
"2024-06-29 12:00",388,"52.863",94,63,222,83,20,4,2,
"2024-06-30 00:00",224,"51.92",85,62,114,43,14,2,0,
"2024-06-30 12:00",345,"52.336",85,61,204,61,15,3,0,
"2024-07-01 00:00",609,"52.259",93,62,361,107,20,3,2,
"2024-07-01 12:00",360,"46.989",78,60,156,49,9,0,0,
"2024-07-02 00:00",556,"53.993",85,62,367,110,18,3,0,
"2024-07-02 12:00",419,"53.017",85,62,250,72,19,2,0,
"2024-07-03 00:00",577,"53.977",92,63,373,126,18,2,1,
"2024-07-03 12:00",473,"52.67",89,63,264,92,20,5,0,
"2024-07-04 00:00",552,"53.06",88,61,342,86,17,3,0,
"2024-07-04 12:00",467,"52.666",91,62,272,87,15,4,1,
"2024-07-05 00:00",566,"54.436",94,63,376,127,29,5,1,
"2024-07-05 12:00",460,"53.05",95,62,264,84,22,6,2,
"2024-07-06 00:00",345,"51.029",92,60,165,49,7,4,1,
"2024-07-06 12:00",387,"51.494",93,61,212,61,16,7,1,
"2024-07-07 00:00",242,"51.207",93,60,135,36,11,2,1,
"2024-07-07 12:00",329,"48.347",88,59,155,45,11,3,0,
"2024-07-08 00:00",565,"53.646",81,62,367,107,18,1,0,
"2024-07-08 12:00",431,"53.007",90,61,252,75,14,2,0,
"2024-07-09 00:00",593,"53.513",88,62,383,102,26,7,0,
"2024-07-09 12:00",456,"52.768",93,63,263,84,21,4,1,
"2024-07-10 00:00",604,"52.69",82,61,368,98,20,1,0,
"2024-07-10 12:00",433,"52.113",83,61,235,66,15,3,0,
"2024-07-11 00:00",574,"52.134",87,61,334,90,10,1,0,
"2024-07-11 12:00",455,"53.453",97,63,271,92,21,5,1,
"2024-07-12 00:00",517,"53.573",92,62,327,97,19,5,1,
"2024-07-12 12:00",491,"52.637",93,62,279,92,21,2,2,
"2024-07-13 00:00",373,"51.52",86,60,193,55,12,2,0,
"2024-07-13 12:00",342,"53.518",103,62,209,67,17,4,2,103
"2024-07-14 00:00",243,"49.626",79,59,121,27,3,0,0,
"2024-07-14 12:00",347,"52.216",92,62,196,66,11,1,1,
"2024-07-15 00:00",574,"52.906",89,61,347,89,18,3,0,
"2024-07-15 12:00",434,"52.41",90,62,244,75,19,5,0,
"2024-07-16 00:00",558,"53.052",89,62,339,97,17,1,0,
"2024-07-16 12:00",437,"53.746",92,63,260,103,30,4,1,
"2024-07-17 00:00",562,"52.941",81,62,347,103,18,1,0,
"2024-07-17 12:00",448,"53.712",102,64,277,100,30,10,4,102
"2024-07-18 00:00",558,"52.342",87,61,332,89,21,1,0,
"2024-07-18 12:00",482,"53.367",91,62,291,93,28,7,1,
"2024-07-19 00:00",565,"53.839",97,62,363,112,28,4,1,
"2024-07-19 12:00",517,"48.472",103,63,267,89,21,7,3,103
"2024-07-20 00:00",304,"50.345",86,62,168,53,12,5,0,
"2024-07-20 12:00",350,"53.057",101,62,211,59,16,4,1,101
"2024-07-21 00:00",242,"51.946",88,61,138,41,10,2,0,
"2024-07-21 12:00",371,"53.323",84,62,227,70,22,5,0,
"2024-07-22 00:00",548,"52.653",88,61,312,84,14,1,0,
"2024-07-22 12:00",442,"51.536",92,61,249,78,17,3,2,
"2024-07-23 00:00",526,"52.7",89,61,291,83,21,6,0,
"2024-07-23 12:00",379,"52.237",123,62,215,65,12,2,1,123
"2024-07-24 00:00",547,"52.735",93,61,318,88,12,2,1,
"2024-07-24 12:00",454,"51.097",79,60,248,59,9,0,0,
"2024-07-25 00:00",566,"51.595",90,60,307,77,10,2,0,
"2024-07-25 12:00",438,"52.619",87,63,248,91,17,2,0,
"2024-07-26 00:00",518,"51.79",78,61,270,79,15,0,0,
"2024-07-26 12:00",481,"52.674",85,62,281,87,18,3,0,
"2024-07-27 00:00",305,"52.039",83,61,162,47,7,1,0,
"2024-07-27 12:00",322,"52.661",87,63,177,66,20,3,0,
"2024-07-28 00:00",208,"50.981",78,61,110,34,5,0,0,
"2024-07-28 12:00",319,"46.097",95,61,144,50,6,2,1,
"2024-07-29 00:00",515,"52.753",81,60,303,72,14,3,0,
"2024-07-29 12:00",414,"52.075",100,61,235,65,11,5,4,100
"2024-07-30 00:00",547,"52.748",96,61,330,90,12,2,1,
"2024-07-30 12:00",441,"52.621",95,63,244,92,24,4,2,
"2024-07-31 00:00",542,"52.828",96,61,311,95,16,2,1,
"2024-07-31 12:00",466,"52.058",90,61,258,83,13,3,0,
"2024-08-01 00:00",537,"51.937",103,60,294,73,13,3,1,103
"2024-08-01 12:00",406,"51.786",83,61,222,67,16,2,0,
"2024-08-02 00:00",525,"52.579",90,61,313,81,17,5,0,
"2024-08-02 12:00",483,"51.646",90,61,260,84,17,2,0,
"2024-08-03 00:00",297,"50.027",77,60,137,39,7,0,0,
"2024-08-03 12:00",430,"50.888",100,59,198,49,17,5,2,100
"2024-08-04 00:00",280,"50.954",88,60,141,41,6,2,0,
"2024-08-04 12:00",367,"50.308",90,60,185,48,7,3,0,
"2024-08-05 00:00",577,"51.279",85,60,302,79,15,3,0,
"2024-08-05 12:00",471,"51.535",92,61,247,72,10,2,1,
"2024-08-06 00:00",558,"50.412",85,59,261,63,9,1,0,
"2024-08-06 12:00",485,"50.241",88,59,224,61,11,3,0,
"2024-08-07 00:00",592,"51.981",92,61,318,92,13,2,1,
"2024-08-07 12:00",478,"51.759",79,61,253,77,14,0,0,
"2024-08-08 00:00",545,"52.246",88,60,317,76,17,2,0,
"2024-08-08 12:00",499,"49.968",87,59,248,61,13,3,0,
"2024-08-09 00:00",543,"52.985",83,61,331,88,18,2,0,
"2024-08-09 12:00",472,"52.28",97,63,254,86,21,3,1,
"2024-08-10 00:00",337,"51.51",92,60,170,48,10,2,1,
"2024-08-10 12:00",373,"51.576",83,61,206,59,7,1,0,
"2024-08-11 00:00",235,"51.579",105,62,116,39,9,3,1,105
"2024-08-11 12:00",351,"51.715",90,61,186,53,10,1,0,
"2024-08-12 00:00",608,"51.732",106,60,326,80,7,2,1,106
"2024-08-12 12:00",435,"51.016",84,59,215,48,10,1,0,
"2024-08-13 00:00",575,"52.574",86,60,343,85,14,2,0,
"2024-08-13 12:00",435,"52.513",90,62,247,77,9,1,0,
"2024-08-14 00:00",585,"51.643",91,59,324,76,13,1,1,
"2024-08-14 12:00",475,"52.787",84,61,281,80,16,2,0,
"2024-08-15 00:00",281,"51.53",105,60,154,38,5,1,1,105
"2024-08-15 12:00",374,"51.008",93,60,191,50,14,3,1,
"2024-08-16 00:00",456,"51.351",94,59,252,55,9,1,1,
"2024-08-16 12:00",437,"52.524",81,61,246,78,16,1,0,
"2024-08-17 00:00",346,"50.668",96,60,180,43,8,2,1,
"2024-08-17 12:00",425,"52.176",101,61,225,68,20,6,1,101
"2024-08-18 00:00",221,"50.036",76,59,109,26,4,0,0,
"2024-08-18 12:00",301,"51.183",98,60,160,41,7,2,1,
"2024-08-19 00:00",551,"49.652",75,59,267,60,8,0,0,
"2024-08-19 12:00",445,"50.903",88,60,238,55,12,2,0,
"2024-08-20 00:00",607,"51.812",79,61,348,96,22,0,0,
"2024-08-20 12:00",506,"52.261",88,61,283,80,20,3,0,
"2024-08-21 00:00",604,"53.022",81,61,361,97,12,1,0,
"2024-08-21 12:00",464,"52.625",88,61,280,75,19,6,0,
"2024-08-22 00:00",572,"51.876",89,61,311,88,18,3,0,
"2024-08-22 12:00",521,"51.572",100,61,277,81,16,3,1,100
"2024-08-23 00:00",547,"53.143",88,61,328,82,16,3,0,
"2024-08-23 12:00",521,"52.418",99,61,301,84,17,5,1,
"2024-08-24 00:00",356,"51.716",91,59,201,43,9,3,1,
"2024-08-24 12:00",355,"51.27",94,61,187,58,11,3,1,
"2024-08-25 00:00",245,"51.824",95,62,137,40,8,2,2,
"2024-08-25 12:00",351,"51.47",85,61,194,53,11,2,0,
"2024-08-26 00:00",587,"52.319",112,61,328,91,17,3,1,112
"2024-08-26 12:00",400,"51.218",87,60,205,59,12,1,0,
"2024-08-27 00:00",587,"51.717",91,59,319,72,8,2,1,
"2024-08-27 12:00",420,"51.967",98,62,229,72,13,3,1,
"2024-08-28 00:00",625,"52.758",85,61,382,103,21,3,0,
"2024-08-28 12:00",473,"52.04",85,61,261,72,17,1,0,
"2024-08-29 00:00",587,"52.441",86,61,338,101,16,1,0,
"2024-08-29 12:00",459,"52.712",94,60,272,68,9,4,1,
"2024-08-30 00:00",616,"51.682",95,60,339,85,10,2,1,
"2024-08-30 12:00",481,"50.902",91,58,254,49,7,2,1,
"2024-08-31 00:00",361,"51.266",92,60,169,46,16,3,1,
"2024-08-31 12:00",377,"52.26",98,60,216,55,10,2,1,
"2024-09-01 00:00",253,"51.64",102,61,129,39,12,3,1,102
"2024-09-01 12:00",371,"52.811",95,62,227,67,16,5,1,
"2024-09-02 00:00",595,"52.383",97,60,347,86,15,4,1,
"2024-09-02 12:00",395,"53.534",89,61,241,69,17,3,0,
"2024-09-03 00:00",619,"51.46",85,60,328,85,11,1,0,
"2024-09-03 12:00",412,"52.417",92,61,238,65,17,4,1,
"2024-09-04 00:00",615,"52.67",105,61,351,102,12,1,1,105
"2024-09-04 12:00",557,"51.779",89,59,303,72,10,3,0,
"2024-09-05 00:00",580,"52.169",88,60,326,78,14,3,0,
"2024-09-05 12:00",426,"49.592",76,60,231,58,9,0,0,
"2024-09-06 00:00",578,"52.779",87,61,336,100,13,3,0,
"2024-09-06 12:00",490,"52.918",81,62,295,92,15,4,0,
"2024-09-07 00:00",369,"52.629",93,62,220,70,16,4,1,
"2024-09-07 12:00",369,"52.211",88,61,205,61,11,4,0,
"2024-09-08 00:00",229,"49.803",78,61,107,37,4,0,0,
"2024-09-08 12:00",376,"44.939",80,59,161,42,6,0,0,
"2024-09-09 00:00",578,"42.069",101,56,189,46,10,3,1,101
"2024-09-09 12:00",410,"46.524",89,59,185,50,9,2,0,
"2024-09-10 00:00",586,"52.695",90,60,358,87,15,4,0,
"2024-09-10 12:00",417,"52.276",91,63,219,75,26,2,1,
"2024-09-11 00:00",602,"52.101",92,60,337,86,20,2,1,
"2024-09-11 12:00",424,"51.851",90,61,227,66,17,3,0,
"2024-09-12 00:00",614,"45.707",100,60,301,90,20,3,1,100
"2024-09-12 12:00",373,"39.828",84,57,117,33,8,2,0,
"2024-09-13 00:00",547,"53.355",93,61,340,93,18,6,2,
"2024-09-13 12:00",419,"53.26",94,62,248,78,12,4,2,
"2024-09-14 00:00",336,"53.015",88,61,189,55,9,1,0,
"2024-09-14 12:00",341,"45.352",97,57,133,31,8,1,1,
"2024-09-15 00:00",187,"51.535",75,61,96,29,5,0,0,
"2024-09-15 12:00",317,"52.612",89,62,182,57,15,3,0,
"2024-09-16 00:00",582,"53.012",92,61,360,102,16,2,1,
"2024-09-16 12:00",421,"51.539",100,60,213,62,11,2,1,100
"2024-09-17 00:00",638,"52.24",89,61,368,110,28,7,0,
"2024-09-17 12:00",419,"52.888",88,62,227,77,25,5,0,
"2024-09-18 00:00",612,"53.041",98,61,374,103,25,5,1,
"2024-09-18 12:00",447,"52.195",89,60,251,66,13,1,0,
"2024-09-19 00:00",601,"51.661",101,61,310,96,25,5,2,101
"2024-09-19 12:00",518,"52.494",104,61,284,85,22,4,1,104
"2024-09-20 00:00",627,"53.048",88,61,370,103,21,6,0,
"2024-09-20 12:00",498,"51.388",89,61,257,82,23,6,0,
"2024-09-21 00:00",373,"52.815",90,62,216,66,17,3,0,
"2024-09-21 12:00",377,"51.289",93,60,209,48,9,3,2,
"2024-09-22 00:00",229,"53.349",97,63,140,50,9,3,1,
"2024-09-22 12:00",362,"51.768",124,60,177,50,16,12,3,115
"2024-09-23 00:00",612,"52.817",90,60,361,84,19,2,0,
"2024-09-23 12:00",422,"51.351",80,61,214,72,10,0,0,
"2024-09-24 00:00",506,"47.449",80,60,257,71,15,0,0,
"2024-09-24 12:00",415,"51.316",88,62,231,68,13,2,0,
"2024-09-25 00:00",615,"51.519",98,61,370,97,13,3,1,
"2024-09-25 12:00",435,"52.359",98,61,253,68,14,4,1,
"2024-09-26 00:00",640,"51.603",82,59,341,73,13,1,0,
"2024-09-26 12:00",434,"49.74",85,60,195,56,12,2,0,
"2024-09-27 00:00",609,"46.199",81,57,247,58,9,1,0,
"2024-09-27 12:00",448,"51.75",105,62,251,81,11,3,1,105
"2024-09-28 00:00",353,"51.966",85,61,190,56,11,2,0,
"2024-09-28 12:00",325,"50.677",93,60,164,45,9,4,2,
"2024-09-29 00:00",218,"52.885",86,63,130,39,15,3,0,
"2024-09-29 12:00",369,"52.23",102,62,207,65,15,5,1,102
"2024-09-30 00:00",604,"53.257",94,62,362,115,15,4,1,
"2024-09-30 12:00",459,"51.791",89,60,237,62,18,6,0,
"2024-10-01 00:00",605,"53.109",97,61,353,104,20,7,2,
"2024-10-01 12:00",436,"52.229",90,60,236,65,13,2,0,
"2024-10-02 00:00",598,"50.099",85,59,297,66,14,2,0,
"2024-10-02 12:00",347,"32.104",86,53,72,18,1,1,0,
"2024-10-03 00:00",590,"49.82",87,61,327,94,16,4,0,
"2024-10-03 12:00",413,"43.407",88,57,138,39,5,1,0,
"2024-10-04 00:00",278,"47.108",74,60,124,38,5,0,0,
"2024-10-04 12:00",469,"50.765",88,60,251,67,14,4,0,
"2024-10-05 00:00",234,"52.363",86,62,126,46,6,2,0,
"2024-10-05 12:00",386,"52.114",97,61,201,64,15,4,1,
"2024-10-06 00:00",236,"52.555",80,61,140,37,7,0,0,
"2024-10-06 12:00",405,"51.207",94,60,201,54,13,4,2,
"2024-10-07 00:00",619,"52.349",87,61,356,95,14,3,0,
"2024-10-07 12:00",457,"51.779",96,60,236,61,17,4,2,
"2024-10-08 00:00",601,"53.845",87,63,386,113,26,2,0,
"2024-10-08 12:00",390,"50.326",89,60,192,57,14,2,0,
"2024-10-09 00:00",689,"48.237",83,61,326,103,15,1,0,
"2024-10-09 12:00",399,"52.596",93,61,237,61,13,2,1,
"2024-10-10 00:00",621,"52.105",85,61,352,93,18,4,0,
"2024-10-10 12:00",442,"39.1",80,56,124,30,2,0,0,
"2024-10-11 00:00",612,"52.526",79,61,353,102,18,0,0,
"2024-10-11 12:00",541,"49.492",87,60,251,72,16,4,0,
"2024-10-12 00:00",369,"51.678",81,60,190,53,12,1,0,
"2024-10-12 12:00",426,"51.993",95,61,234,72,13,3,1,
"2024-10-13 00:00",212,"52.882",82,64,125,46,9,1,0,
"2024-10-13 12:00",370,"51.116",89,59,185,47,9,4,0,
"2024-10-14 00:00",600,"52.763",78,61,359,91,16,0,0,
"2024-10-14 12:00",458,"52.648",93,61,263,73,12,2,1,
"2024-10-15 00:00",608,"52.926",86,61,358,99,18,4,0,
"2024-10-15 12:00",463,"52.125",79,62,262,86,13,0,0,
"2024-10-16 00:00",611,"52.933",108,61,367,100,18,4,1,108
"2024-10-16 12:00",397,"52.501",90,60,227,55,15,2,0,
"2024-10-17 00:00",604,"51.877",77,60,325,83,12,0,0,
"2024-10-17 12:00",404,"52.978",88,62,227,69,13,2,0,
"2024-10-18 00:00",569,"51.105",89,60,319,78,10,1,0,
"2024-10-18 12:00",466,"52.496",87,61,255,82,16,3,0,
"2024-10-19 00:00",326,"53.304",87,64,188,70,11,2,0,
"2024-10-19 12:00",413,"52.743",93,62,239,70,16,7,1,
"2024-10-20 00:00",217,"54.203",85,63,147,51,9,1,0,
"2024-10-20 12:00",370,"50.278",104,59,177,52,13,3,2,104
"2024-10-21 00:00",590,"51.312",98,59,288,74,12,2,1,
"2024-10-21 12:00",419,"51.415",116,60,205,54,12,5,2,116
"2024-10-22 00:00",625,"52.126",88,60,353,93,15,1,0,
"2024-10-22 12:00",432,"52.519",105,61,244,79,15,6,4,100
"2024-10-23 00:00",601,"53.674",84,62,370,113,18,3,0,
"2024-10-23 12:00",426,"49.948",82,60,219,59,10,1,0,
"2024-10-24 00:00",601,"50.489",89,60,307,85,21,2,0,
"2024-10-24 12:00",400,"52.065",92,61,225,68,10,3,1,
"2024-10-25 00:00",581,"53.157",79,61,360,92,14,0,0,
"2024-10-25 12:00",451,"52.468",90,62,246,78,27,4,0,
"2024-10-26 00:00",322,"54.202",95,63,219,68,16,4,1,
"2024-10-26 12:00",407,"53.27",101,62,230,84,20,6,1,101
"2024-10-27 00:00",238,"54.218",88,65,150,66,17,4,0,
"2024-10-27 12:00",334,"53.102",85,62,196,71,19,3,0,
"2024-10-28 00:00",538,"53.301",84,62,332,94,20,5,0,
"2024-10-28 12:00",404,"52.926",99,61,226,71,10,3,2,
"2024-10-29 00:00",539,"53.137",87,61,337,94,16,1,0,
"2024-10-29 12:00",392,"51.977",84,62,210,72,16,1,0,
"2024-10-30 00:00",530,"53.085",88,62,326,102,20,2,0,
"2024-10-30 12:00",469,"51.552",93,61,248,80,18,5,1,
"2024-10-31 00:00",268,"52.478",87,61,155,41,9,2,0,
"2024-10-31 12:00",370,"52.186",86,61,211,59,14,5,0,
"2024-11-01 00:00",212,"51.745",76,61,112,33,5,0,0,
"2024-11-01 12:00",338,"52.82",93,61,184,57,20,8,2,
"2024-11-02 00:00",319,"53.345",85,62,183,62,16,4,0,
"2024-11-02 12:00",326,"50.896",82,60,167,48,10,3,0,
"2024-11-03 00:00",186,"51.78",80,61,101,28,3,0,0,
"2024-11-03 12:00",299,"52.11",90,62,150,52,16,6,0,
"2024-11-04 00:00",582,"53.962",92,62,375,114,20,4,1,
"2024-11-04 12:00",404,"52.354",88,61,243,66,10,2,0,
"2024-11-05 00:00",592,"53.34",84,62,353,110,19,2,0,
"2024-11-05 12:00",394,"53.447",94,63,234,71,18,2,1,
"2024-11-06 00:00",607,"53.468",89,62,383,115,27,4,0,
"2024-11-06 12:00",407,"52.246",88,61,219,67,15,4,0,
"2024-11-07 00:00",618,"50.987",80,59,328,77,14,0,0,
"2024-11-07 12:00",392,"51.615",98,61,209,69,8,2,2,
"2024-11-08 00:00",585,"52.109",82,61,321,91,10,1,0,
"2024-11-08 12:00",423,"51.158",88,61,210,65,10,1,0,
"2024-11-09 00:00",348,"52.966",95,61,198,57,17,5,1,
"2024-11-09 12:00",332,"50.681",95,59,170,40,7,1,1,
"2024-11-10 00:00",185,"50.135",76,60,97,27,4,0,0,
"2024-11-10 12:00",261,"51.414",89,61,143,43,7,2,0,
"2024-11-11 00:00",560,"52.734",94,61,338,86,19,6,1,
"2024-11-11 12:00",364,"52.978",82,63,216,71,9,1,0,
"2024-11-12 00:00",571,"53.051",78,62,356,96,11,0,0,
"2024-11-12 12:00",421,"53.368",104,63,251,79,19,6,1,104
"2024-11-13 00:00",523,"52.572",86,61,301,83,18,3,0,
"2024-11-13 12:00",330,"51.912",93,60,177,47,11,3,2,
"2024-11-14 00:00",525,"52.989",79,61,325,88,14,0,0,
"2024-11-14 12:00",408,"52.444",93,61,223,69,12,3,1,
"2024-11-15 00:00",555,"54.679",88,63,368,131,33,7,0,
"2024-11-15 12:00",525,"52.512",95,61,292,88,18,6,1,
"2024-11-16 00:00",367,"52.842",86,62,218,66,14,3,0,
"2024-11-16 12:00",407,"51.108",80,61,188,66,8,0,0,
"2024-11-17 00:00",212,"54.151",91,64,130,45,10,5,1,
"2024-11-17 12:00",285,"53.344",81,63,176,57,17,1,0,
"2024-11-18 00:00",598,"53.324",94,61,390,106,14,4,1,
"2024-11-18 12:00",446,"53.164",88,61,269,78,12,3,0,
"2024-11-19 00:00",585,"53.379",88,61,360,103,22,2,0,
"2024-11-19 12:00",419,"51.286",84,60,214,59,10,2,0,
"2024-11-20 00:00",575,"45.325",85,57,235,54,8,1,0,
"2024-11-20 12:00",371,"52.825",89,61,206,59,16,5,0,
"2024-11-21 00:00",574,"53.786",86,63,361,117,22,4,0,
"2024-11-21 12:00",395,"52.476",82,63,210,74,20,2,0,
"2024-11-22 00:00",424,"49.672",92,58,192,42,6,1,1,
"2024-11-22 12:00",476,"51.702",101,61,254,77,23,1,1,101
"2024-11-23 00:00",327,"52.648",80,61,198,58,10,0,0,
"2024-11-23 12:00",381,"52.84",93,61,221,60,19,4,1,
"2024-11-24 00:00",152,"53.184",90,62,96,29,5,2,0,
"2024-11-24 12:00",272,"52.824",84,62,161,55,10,1,0,
"2024-11-25 00:00",571,"53.825",87,61,384,89,16,2,0,
"2024-11-25 12:00",387,"52.804",82,63,217,78,17,2,0,
"2024-11-26 00:00",562,"53.084",84,61,343,94,18,1,0,
"2024-11-26 12:00",376,"52.505",109,62,206,67,15,2,1,109
"2024-11-27 00:00",553,"49.011",87,59,244,60,16,4,0,
"2024-11-27 12:00",350,"52.437",89,61,192,59,14,3,0,
"2024-11-28 00:00",577,"53.111",86,61,348,95,20,5,0,
"2024-11-28 12:00",482,"52.894",93,62,266,86,24,5,1,
"2024-11-29 00:00",537,"53.233",92,62,327,98,19,2,1,
"2024-11-29 12:00",483,"52.545",86,61,266,79,12,3,0,
"2024-11-30 00:00",366,"53.59",91,62,225,71,11,5,1,
"2024-11-30 12:00",417,"53.35",80,63,244,84,20,0,0,
"2024-12-01 00:00",201,"53.552",89,62,128,41,8,3,0,
"2024-12-01 12:00",355,"53.769",83,62,220,73,14,3,0,
"2024-12-02 00:00",558,"53.634",87,62,347,106,21,5,0,
"2024-12-02 12:00",389,"51.956",78,62,195,71,18,0,0,
"2024-12-03 00:00",529,"51.471",90,61,306,86,10,3,0,
"2024-12-03 12:00",355,"50.696",99,61,191,62,18,5,1,
"2024-12-04 00:00",523,"52.857",96,60,299,77,17,4,2,
"2024-12-04 12:00",428,"52.215",102,60,230,61,11,1,1,102
"2024-12-05 00:00",560,"51.984",82,61,332,84,14,1,0,
"2024-12-05 12:00",405,"52.872",84,62,222,70,11,2,0,
"2024-12-06 00:00",570,"52.749",83,62,339,110,13,2,0,
"2024-12-06 12:00",419,"51.549",85,61,215,71,14,2,0,
"2024-12-07 00:00",327,"54.138",86,63,217,77,16,2,0,
"2024-12-07 12:00",358,"53.517",95,62,220,70,14,3,2,
"2024-12-08 00:00",131,"50.076",87,63,71,30,7,2,0,
"2024-12-08 12:00",274,"53.208",84,62,154,49,16,2,0,
"2024-12-09 00:00",535,"53.12",82,62,337,101,16,2,0,
"2024-12-09 12:00",347,"52.965",92,63,203,70,17,2,1,
"2024-12-10 00:00",549,"51.712",82,60,316,80,17,1,0,
"2024-12-10 12:00",369,"52.509",91,61,196,61,15,5,2,
"2024-12-11 00:00",569,"52.93",93,61,345,96,16,3,1,
"2024-12-11 12:00",374,"52.107",89,61,197,70,13,1,0,
"2024-12-12 00:00",531,"51.891",85,61,296,89,14,3,0,
"2024-12-12 12:00",394,"51.949",79,62,225,66,17,0,0,
"2024-12-13 00:00",536,"48.078",111,62,275,93,12,2,1,111
"2024-12-13 12:00",433,"46.952",79,61,190,69,9,0,0,
"2024-12-14 00:00",276,"50.514",84,61,142,47,11,1,0,
"2024-12-14 12:00",332,"52.765",93,61,185,53,13,3,2,
"2024-12-15 00:00",164,"53.232",83,62,103,30,5,1,0,
"2024-12-15 12:00",314,"51.968",96,61,160,50,13,5,1,
"2024-12-16 00:00",577,"53.208",94,62,358,104,23,4,1,
"2024-12-16 12:00",403,"52.112",101,60,214,57,12,1,1,101
"2024-12-17 00:00",536,"52.603",86,62,320,91,19,2,0,
"2024-12-17 12:00",375,"51.789",99,60,197,54,11,1,1,
"2024-12-18 00:00",563,"52.879",89,62,336,96,20,3,0,
"2024-12-18 12:00",381,"52.205",93,62,199,67,13,2,1,
"2024-12-19 00:00",532,"52.84",99,61,318,92,20,3,1,
"2024-12-19 12:00",456,"52.004",93,61,252,70,12,5,1,
"2024-12-20 00:00",689,"43.225",80,57,240,69,14,0,0,
"2024-12-20 12:00",425,"54.595",89,64,283,102,28,2,0,
"2024-12-21 00:00",296,"53.801",89,64,181,64,15,5,0,
"2024-12-21 12:00",336,"54.497",91,64,213,69,24,3,1,
"2024-12-22 00:00",175,"54.029",77,63,112,37,6,0,0,
"2024-12-22 12:00",291,"50.34",91,60,150,41,12,5,1,
"2024-12-23 00:00",541,"54.257",89,63,365,113,25,4,0,
"2024-12-23 12:00",453,"54.561",96,63,283,94,24,9,4,
"2024-12-24 00:00",505,"54.289",108,62,318,110,19,4,2,108
"2024-12-24 12:00",351,"54.764",95,64,229,83,22,3,2,
"2024-12-25 00:00",148,"54.622",88,64,98,32,11,1,0,
"2024-12-25 12:00",343,"52.983",84,62,199,60,10,4,0,
"2024-12-26 00:00",214,"53.621",82,64,133,51,8,1,0,
"2024-12-26 12:00",302,"52.255",90,61,174,48,11,1,0,
"2024-12-27 00:00",399,"53.529",83,63,259,82,12,2,0,
"2024-12-27 12:00",388,"52.503",77,61,219,60,11,0,0,
"2024-12-28 00:00",262,"54.515",85,64,180,61,14,2,0,
"2024-12-28 12:00",335,"52.806",88,62,187,57,13,2,0,
"2024-12-29 00:00",185,"54.103",92,62,119,39,10,2,1,
"2024-12-29 12:00",281,"53.402",94,62,168,54,13,4,3,
"2024-12-30 00:00",463,"52.886",85,61,280,75,15,4,0,
"2024-12-30 12:00",354,"52.624",98,62,200,63,15,4,1,
"2024-12-31 00:00",338,"53.337",87,62,218,62,13,3,0,
"2024-12-31 12:00",308,"52.961",86,62,181,58,11,1,0,
"2025-01-01 00:00",128,"51.813",79,63,76,26,4,0,0,
"2025-01-01 12:00",204,"52.887",87,61,124,33,9,2,0,
"2025-01-02 00:00",129,"52.535",82,63,70,29,8,1,0,
"2025-01-02 12:00",283,"52.908",79,62,165,50,7,0,0,
"2025-01-03 00:00",351,"51.94",83,61,197,53,7,2,0,
"2025-01-03 12:00",286,"50.671",90,60,144,41,8,3,0,
"2025-01-04 00:00",226,"53.031",94,62,137,46,5,3,2,
"2025-01-04 12:00",300,"50.133",92,58,139,29,6,3,1,
"2025-01-05 00:00",150,"52.06",79,62,83,29,7,0,0,
"2025-01-05 12:00",257,"50.946",92,61,131,39,12,3,1,
"2025-01-06 00:00",567,"52.399",79,60,344,67,12,0,0,
"2025-01-06 12:00",365,"52.353",79,62,195,66,10,0,0,
"2025-01-07 00:00",544,"49.377",86,59,279,69,10,3,0,
"2025-01-07 12:00",358,"38.715",81,56,100,29,6,1,0,
"2025-01-08 00:00",575,"52.612",87,60,332,82,14,2,0,
"2025-01-08 12:00",364,"53.714",86,63,217,73,25,3,0,
"2025-01-09 00:00",501,"50.852",87,61,269,75,9,1,0,
"2025-01-09 12:00",395,"48.866",81,60,166,53,10,1,0,
"2025-01-10 00:00",534,"52.075",101,62,315,97,16,2,1,101
"2025-01-10 12:00",367,"52.213",83,62,202,64,12,1,0,
"2025-01-11 00:00",255,"54.067",92,64,159,63,7,1,1,
"2025-01-11 12:00",331,"51.103",93,59,157,42,10,4,1,
"2025-01-12 00:00",170,"52.788",79,62,105,34,5,0,0,
"2025-01-12 12:00",281,"52.537",92,61,163,46,9,1,1,
"2025-01-13 00:00",564,"53.374",90,61,356,98,19,6,0,
"2025-01-13 12:00",341,"52.39",80,61,175,53,13,0,0,
"2025-01-14 00:00",551,"52.223",91,60,333,82,15,1,1,
"2025-01-14 12:00",382,"53.851",84,63,226,80,23,7,0,
"2025-01-15 00:00",577,"53.354",106,61,366,106,17,5,1,106
"2025-01-15 12:00",368,"53.367",91,62,213,75,21,5,1,
"2025-01-16 00:00",546,"52.995",84,63,350,114,23,4,0,
"2025-01-16 12:00",374,"50.238",90,61,204,56,12,3,0,
"2025-01-17 00:00",508,"49.829",90,61,273,76,11,2,0,
"2025-01-17 12:00",378,"48.577",107,60,187,56,18,3,1,107
"2025-01-18 00:00",317,"51.817",97,63,175,59,12,5,1,
"2025-01-18 12:00",333,"52.159",85,62,184,67,15,3,0,
"2025-01-19 00:00",177,"54.864",100,63,116,40,11,2,2,100
"2025-01-19 12:00",258,"51.399",82,61,131,43,9,4,0,
"2025-01-20 00:00",539,"53.416",82,62,331,100,16,2,0,
"2025-01-20 12:00",361,"51.144",93,62,195,62,17,1,1,
"2025-01-21 00:00",528,"53.354",83,62,341,99,25,1,0,
"2025-01-21 12:00",314,"50.191",84,61,173,58,14,1,0,
"2025-01-22 00:00",529,"51.669",84,61,325,91,20,3,0,
"2025-01-22 12:00",412,"52.91",83,62,241,84,15,2,0,
"2025-01-23 00:00",523,"53.279",87,61,320,80,20,5,0,
"2025-01-23 12:00",393,"52.621",83,61,218,69,16,1,0,
"2025-01-24 00:00",531,"52.932",86,61,324,87,25,4,0,
"2025-01-24 12:00",387,"53.204",90,62,221,74,23,5,0,
"2025-01-25 00:00",291,"52.598",87,63,168,58,13,2,0,
"2025-01-25 12:00",353,"53.802",105,63,217,71,24,3,1,105
"2025-01-26 00:00",147,"49.469",94,62,78,27,7,1,1,
"2025-01-26 12:00",263,"51.555",81,62,137,46,8,1,0,
"2025-01-27 00:00",556,"53.219",85,60,329,82,15,3,0,
"2025-01-27 12:00",388,"51.951",82,61,206,63,17,1,0,
"2025-01-28 00:00",559,"40.748",83,56,169,35,6,1,0,
"2025-01-28 12:00",399,"44.789",93,59,156,41,7,1,1,
"2025-01-29 00:00",581,"51.793",98,61,343,88,20,4,1,
"2025-01-29 12:00",411,"52.406",84,62,223,74,16,1,0,
"2025-01-30 00:00",536,"52.067",89,61,323,87,9,1,0,
"2025-01-30 12:00",388,"53.322",98,62,230,71,16,2,1,
"2025-01-31 00:00",532,"54.008",96,63,350,109,24,7,4,
"2025-01-31 12:00",428,"51.939",81,60,247,53,9,1,0,
"2025-02-01 00:00",255,"52.075",89,62,145,46,10,1,0,
"2025-02-01 12:00",335,"53.791",126,62,210,60,18,4,2,126
"2025-02-02 00:00",184,"53.212",97,62,107,32,9,4,2,
"2025-02-02 12:00",297,"53.492",86,62,184,53,11,1,0,
"2025-02-03 00:00",508,"52.931",90,62,332,94,10,2,0,
"2025-02-03 12:00",330,"51.885",92,61,179,57,10,1,1,
"2025-02-04 00:00",532,"54.032",106,62,352,114,21,3,3,103
"2025-02-04 12:00",364,"52.643",101,62,198,71,15,4,1,101
"2025-02-05 00:00",570,"54.288",90,63,367,120,22,3,0,
"2025-02-05 12:00",442,"51.966",88,61,242,71,10,1,0,
"2025-02-06 00:00",553,"53.423",86,61,348,100,15,3,0,
"2025-02-06 12:00",397,"52.851",81,62,230,75,14,1,0,
"2025-02-07 00:00",504,"48.528",96,60,261,74,18,3,2,
"2025-02-07 12:00",447,"53.752",100,64,272,100,25,5,2,100
"2025-02-08 00:00",229,"53.362",88,62,138,42,13,1,0,
"2025-02-08 12:00",306,"52.817",88,63,170,57,16,4,0,
"2025-02-09 00:00",150,"53.407",89,63,87,33,11,2,0,
"2025-02-09 12:00",258,"54.074",104,63,164,56,9,2,1,104
"2025-02-10 00:00",550,"53.658",83,61,358,95,14,1,0,
"2025-02-10 12:00",344,"52.52",108,62,192,56,11,1,1,108
"2025-02-11 00:00",540,"52.119",97,61,328,92,15,2,1,
"2025-02-11 12:00",340,"53.568",105,62,213,64,15,2,1,105
"2025-02-12 00:00",522,"51.33",87,62,320,99,14,1,0,
"2025-02-12 12:00",358,"53.525",92,64,209,73,14,3,1,
"2025-02-13 00:00",519,"50.882",84,61,294,83,15,1,0,
"2025-02-13 12:00",373,"53.477",92,62,231,79,21,4,1,
"2025-02-14 00:00",297,"37.232",71,53,63,12,1,0,0,
"2025-02-14 12:00",363,"48.887",96,61,167,58,15,2,1,
"2025-02-15 00:00",282,"50.301",109,61,153,43,8,2,1,109
"2025-02-15 12:00",336,"49.25",89,61,186,57,12,3,0,
"2025-02-16 00:00",182,"52.637",102,63,120,42,12,2,1,102
"2025-02-16 12:00",314,"49.303",82,61,166,53,9,1,0,
"2025-02-17 00:00",565,"53.972",83,62,370,103,23,1,0,
"2025-02-17 12:00",354,"52.079",85,61,207,61,15,4,0,
"2025-02-18 00:00",569,"54.334",94,63,390,119,24,5,2,
"2025-02-18 12:00",338,"48.953",95,59,162,43,10,1,1,
"2025-02-19 00:00",572,"51.799",84,62,333,105,18,4,0,
"2025-02-19 12:00",387,"51.848",86,62,215,65,16,2,0,
"2025-02-20 00:00",546,"54.035",91,63,357,114,21,5,1,
"2025-02-20 12:00",433,"51.843",95,61,232,65,10,2,1,
"2025-02-21 00:00",555,"53.874",108,63,352,112,22,4,1,108
"2025-02-21 12:00",418,"53.347",101,63,258,77,17,5,2,101
"2025-02-22 00:00",297,"53.397",78,62,183,60,14,0,0,
"2025-02-22 12:00",355,"53.876",92,63,233,72,11,1,1,
"2025-02-23 00:00",164,"48.841",88,62,83,28,6,2,0,
"2025-02-23 12:00",283,"52.244",75,62,154,50,8,0,0,
"2025-02-24 00:00",535,"52.794",90,62,313,91,22,3,0,
"2025-02-24 12:00",337,"53.312",94,62,204,63,18,5,1,
"2025-02-25 00:00",509,"53.752",78,61,334,95,12,0,0,
"2025-02-25 12:00",340,"52.85",90,62,195,59,11,3,0,
"2025-02-26 00:00",504,"52.617",88,61,291,79,19,4,0,
"2025-02-26 12:00",337,"47.163",88,59,137,42,4,2,0,
"2025-02-27 00:00",503,"53.119",89,61,313,93,15,3,0,
"2025-02-27 12:00",375,"53.469",87,62,228,71,15,4,0,
"2025-02-28 00:00",490,"53.09",83,62,299,89,13,2,0,
"2025-02-28 12:00",381,"52.257",80,61,214,59,12,0,0,
"2025-03-01 00:00",307,"53.785",104,64,179,69,14,3,2,104
"2025-03-01 12:00",310,"52.887",96,63,171,59,15,5,1,
"2025-03-02 00:00",187,"47.701",82,60,92,28,4,1,0,
"2025-03-02 12:00",337,"52.917",94,60,199,50,10,4,1,
"2025-03-03 00:00",596,"54.052",104,63,401,123,24,4,2,104
"2025-03-03 12:00",388,"53.137",88,61,232,66,15,4,0,
"2025-03-04 00:00",587,"54.339",88,62,386,118,23,3,0,
"2025-03-04 12:00",374,"52.711",90,62,212,65,12,4,0,
"2025-03-05 00:00",563,"52.922",106,61,347,96,23,5,3,106
"2025-03-05 12:00",412,"52.308",92,60,221,60,10,3,2,
"2025-03-06 00:00",578,"53.344",81,62,366,115,17,1,0,
"2025-03-06 12:00",463,"52.689",79,63,267,89,12,0,0,
"2025-03-07 00:00",568,"54.069",97,63,376,121,25,6,1,
"2025-03-07 12:00",426,"52.528",115,62,241,75,15,4,1,115
"2025-03-08 00:00",341,"53.314",89,61,205,57,11,4,0,
"2025-03-08 12:00",360,"53.942",130,63,225,66,20,5,3,"117.5"
"2025-03-09 00:00",221,"52.498",83,63,128,44,11,2,0,
"2025-03-09 12:00",352,"51.526",95,61,194,55,11,2,1,
"2025-03-10 00:00",584,"50.301",92,62,337,109,25,3,1,
"2025-03-10 12:00",352,"52.491",91,61,196,57,14,4,1,
"2025-03-11 00:00",591,"54.343",81,62,402,117,18,2,0,
"2025-03-11 12:00",444,"52.827",85,61,258,73,15,3,0,
"2025-03-12 00:00",590,"49.91",85,61,320,91,16,2,0,
"2025-03-12 12:00",452,"48.334",111,59,219,56,10,3,1,111
"2025-03-13 00:00",614,"49.549",87,61,339,101,26,4,0,
"2025-03-13 12:00",386,"48.751",89,59,176,48,12,1,0,
"2025-03-14 00:00",378,"39.381",83,57,131,30,4,1,0,
"2025-03-14 12:00",399,"50.967",97,62,208,68,12,2,2,
"2025-03-15 00:00",393,"40.45",81,58,153,40,6,1,0,
"2025-03-15 12:00",337,"48.671",91,59,158,42,13,2,1,
"2025-03-16 00:00",191,"47.843",84,63,105,38,8,3,0,
"2025-03-16 12:00",257,"52.58",80,62,147,51,12,0,0,
"2025-03-17 00:00",568,"52.778",101,61,347,95,19,4,1,101
"2025-03-17 12:00",383,"48.324",79,59,186,45,10,0,0,
"2025-03-18 00:00",580,"54.083",87,62,381,122,22,4,0,
"2025-03-18 12:00",383,"52.898",83,62,233,66,16,2,0,
"2025-03-19 00:00",621,"53.739",87,62,411,127,20,5,0,
"2025-03-19 12:00",445,"53.209",99,62,255,82,21,4,1,
"2025-03-20 00:00",607,"54.087",92,63,389,132,27,6,2,
"2025-03-20 12:00",450,"53.358",111,63,266,95,24,8,2,111
"2025-03-21 00:00",561,"54.652",91,63,400,134,28,3,1,
"2025-03-21 12:00",472,"53.229",88,63,283,94,22,3,0,
"2025-03-22 00:00",335,"53.146",89,63,193,67,15,5,0,
"2025-03-22 12:00",361,"53.529",110,63,203,69,20,8,2,108
"2025-03-23 00:00",240,"40.433",88,59,95,28,9,3,0,
"2025-03-23 12:00",291,"53.364",90,62,176,58,16,3,0,
"2025-03-24 00:00",638,"51.024",85,62,390,112,27,1,0,
"2025-03-24 12:00",379,"51.665",94,62,195,62,13,2,2,
"2025-03-25 00:00",797,"51.598",91,60,420,114,21,4,1,
"2025-03-25 12:00","1,064","48.05",88,56,371,61,12,1,0,
"2025-03-26 00:00",589,"54.199",90,62,370,121,25,3,0,
"2025-03-26 12:00",437,"53.588",95,62,269,86,22,7,1,
"2025-03-27 00:00",590,"54.493",91,63,397,120,25,6,1,
"2025-03-27 12:00",424,"52.002",90,62,229,72,14,2,0,
"2025-03-28 00:00",496,"55.185",93,65,347,127,26,3,1,
"2025-03-28 12:00",415,"53.434",88,62,254,83,14,4,0,
"2025-03-29 00:00",299,"54.271",88,64,187,71,17,2,0,
"2025-03-29 12:00",341,"54.575",87,63,226,80,17,4,0,
"2025-03-30 00:00",153,"55.935",97,65,106,38,13,6,1,
"2025-03-30 12:00",271,"52.535",83,62,159,47,10,1,0,
"2025-03-31 00:00",616,"54.596",84,63,416,141,22,2,0,
"2025-03-31 12:00",970,"49.111",87,57,386,68,13,1,0,
"2025-04-01 00:00",600,"53.908",94,62,388,118,21,5,1,
"2025-04-01 12:00",384,"53.997",87,63,247,92,20,4,0,
"2025-04-02 00:00",575,"54.252",87,62,383,115,25,4,0,
"2025-04-02 12:00",442,"52.353",117,60,235,62,19,7,4,113
"2025-04-03 00:00",603,"53.179",91,62,358,105,19,3,1,
"2025-04-03 12:00",434,"52.528",80,61,257,73,15,0,0,
"2025-04-04 00:00",616,"54.106",90,63,402,133,26,4,0,
"2025-04-04 12:00",576,"53.075",92,63,343,118,26,6,2,
"2025-04-05 00:00",350,"52.06",100,60,185,51,13,6,1,100
"2025-04-05 12:00",400,"52.668",99,61,225,68,19,5,3,
"2025-04-06 00:00",189,"54.767",77,64,126,52,8,0,0,
"2025-04-06 12:00",330,"52.485",83,62,176,59,14,2,0,
"2025-04-07 00:00",571,"54.595",86,63,388,130,23,1,0,
"2025-04-07 12:00",370,"53.049",92,62,222,66,15,4,1,
"2025-04-08 00:00",585,"53.055",97,62,347,114,16,4,1,
"2025-04-08 12:00",399,"53.125",90,62,245,76,9,4,0,
"2025-04-09 00:00",557,"52.752",91,62,327,101,12,2,1,
"2025-04-09 12:00",504,"50.909",108,59,255,63,9,3,2,105
"2025-04-10 00:00",603,"53.01",83,62,364,108,20,1,0,
"2025-04-10 12:00",457,"52.079",86,61,251,71,17,2,0,
"2025-04-11 00:00",605,"53.592",89,62,378,112,29,7,0,
"2025-04-11 12:00",470,"52.302",104,61,253,71,17,6,1,104
"2025-04-12 00:00",397,"50.078",100,60,181,56,14,4,1,100
"2025-04-12 12:00",438,"50.952",86,59,206,59,13,4,0,
"2025-04-13 00:00",207,"53.043",90,62,120,44,7,1,0,
"2025-04-13 12:00",321,"52.732",88,61,181,59,12,2,0,
"2025-04-14 00:00",609,"53.552",95,62,383,116,21,6,2,
"2025-04-14 12:00",424,"52.436",97,62,231,76,15,4,2,
"2025-04-15 00:00",564,"48.156",81,58,253,60,9,1,0,
"2025-04-15 12:00",372,"47.712",82,58,148,37,8,1,0,
"2025-04-16 00:00",645,"54.109",87,62,433,132,24,5,0,
"2025-04-16 12:00",455,"52.646",88,62,260,81,16,3,0,
"2025-04-17 00:00",622,"53.981",95,62,404,112,27,5,1,
"2025-04-17 12:00",433,"49.545",92,60,212,61,9,2,1,
"2025-04-18 00:00",518,"50.49",99,61,291,83,18,3,1,
"2025-04-18 12:00",496,"53.171",103,63,284,90,21,3,1,103
"2025-04-19 00:00",323,"53.687",124,62,194,57,12,4,1,124
"2025-04-19 12:00",347,"52.839",89,62,208,75,11,3,0,
"2025-04-20 00:00",225,"53.44",89,63,144,49,6,3,0,
"2025-04-20 12:00",372,"51.694",93,61,200,63,10,1,1,
"2025-04-21 00:00",242,"52.132",95,62,148,44,5,2,1,
"2025-04-21 12:00",361,"51.789",92,60,190,54,14,4,1,
"2025-04-22 00:00",616,"53.761",84,62,395,113,17,5,0,
"2025-04-22 12:00",441,"52.299",92,61,242,67,13,4,1,
"2025-04-23 00:00",622,"53.449",89,61,373,105,26,6,0,
"2025-04-23 12:00",413,"52.143",90,60,228,60,11,4,0,
"2025-04-24 00:00",640,"53.767",84,62,415,130,25,1,0,
"2025-04-24 12:00",423,"53.858",91,63,251,84,21,7,1,
"2025-04-25 00:00",505,"47.628",86,59,242,62,14,3,0,
"2025-04-25 12:00",550,"53.322",83,63,336,110,24,1,0,
"2025-04-26 00:00",341,"53.396",85,62,202,60,13,4,0,
"2025-04-26 12:00",364,"53.484",94,62,220,77,17,3,1,
"2025-04-27 00:00",215,"52.907",100,62,125,37,9,3,1,100
"2025-04-27 12:00",386,"52.337",86,61,228,62,20,4,0,
"2025-04-28 00:00",511,"53.501",84,62,319,97,22,3,0,
"2025-04-28 12:00",467,"51.916",90,61,244,75,18,5,0,
"2025-04-29 00:00",468,"53.397",91,62,284,86,18,8,1,
"2025-04-29 12:00",398,"50.892",87,60,190,58,13,5,0,
"2025-04-30 00:00",473,"52.86",94,63,269,88,17,6,1,
"2025-04-30 12:00",403,"51.546",91,61,209,65,13,1,1,
"2025-05-01 00:00",209,"53.636",109,64,115,47,14,4,2,108
"2025-05-01 12:00",298,"51.879",95,62,164,51,15,1,1,
"2025-05-02 00:00",212,"50.005",94,61,97,34,6,3,1,
"2025-05-02 12:00",307,"51.586",82,63,160,60,16,2,0,
"2025-05-03 00:00",303,"52.003",90,61,169,51,9,3,0,
"2025-05-03 12:00",358,"51.137",88,60,173,49,12,1,0,
"2025-05-04 00:00",201,"51.483",81,60,103,30,13,2,0,
"2025-05-04 12:00",350,"51.38",93,61,187,56,14,2,1,
"2025-05-05 00:00",550,"44.709",85,59,241,70,15,2,0,
"2025-05-05 12:00",448,"37.04",76,56,121,30,4,0,0,
"2025-05-06 00:00",600,"52.847",86,61,353,93,23,1,0,
"2025-05-06 12:00",433,"50.885",89,61,226,67,14,2,0,
"2025-05-07 00:00",520,"54.137",90,63,339,99,23,3,0,
"2025-05-07 12:00",491,"51.811",90,60,262,72,18,3,0,
"2025-05-08 00:00",605,"51.638",83,60,323,85,14,1,0,
"2025-05-08 12:00",509,"51.754",103,61,274,81,21,5,2,103
"2025-05-09 00:00",653,"53.962",88,62,435,134,23,4,0,
"2025-05-09 12:00",547,"52.839",102,62,316,96,23,5,1,102
"2025-05-10 00:00",346,"53.208",92,62,205,66,17,5,1,
"2025-05-10 12:00",482,"51.911",100,61,266,76,14,7,2,100
"2025-05-11 00:00",243,"51.173",88,60,126,33,7,3,0,
"2025-05-11 12:00",430,"50.172",102,59,209,57,10,3,2,102
"2025-05-12 00:00",622,"53.728",85,63,403,123,31,3,0,
"2025-05-12 12:00",443,"52.749",92,61,265,69,13,3,1,
"2025-05-13 00:00",605,"52.557",83,62,359,109,16,1,0,
"2025-05-13 12:00",468,"52.246",102,61,255,78,21,3,1,102
"2025-05-14 00:00",597,"54.166",85,63,404,129,19,3,0,
"2025-05-14 12:00",518,"51.064",92,61,270,90,13,2,1,
"2025-05-15 00:00",644,"53.281",89,62,410,128,23,3,0,
"2025-05-15 12:00",492,"51.388",104,61,276,74,21,4,2,104
"2025-05-16 00:00",585,"54.246",91,63,386,123,25,3,1,
"2025-05-16 12:00",540,"52.446",94,61,312,91,16,3,1,
"2025-05-17 00:00",388,"53.619",85,63,231,81,21,3,0,
"2025-05-17 12:00",450,"52.96",89,62,275,81,16,2,0,
"2025-05-18 00:00",224,"52.58",87,62,139,41,8,1,0,
"2025-05-18 12:00",390,"52.279",97,61,223,61,13,5,1,
"2025-05-19 00:00",616,"54.726",95,64,426,139,28,4,1,
"2025-05-19 12:00",497,"52.141",99,62,277,86,12,3,2,
"2025-05-20 00:00",592,"54.549",85,63,399,132,28,3,0,
"2025-05-20 12:00",508,"52.591",94,62,293,99,24,3,1,
"2025-05-21 00:00",621,"55.452",102,64,444,154,37,3,1,102
"2025-05-21 12:00",494,"51.814",87,61,281,88,18,5,0,
"2025-05-22 00:00",586,"53.957",84,64,402,139,17,4,0,
"2025-05-22 12:00",499,"47.126",87,61,237,88,15,2,0,
"2025-05-23 00:00",568,"54.37",86,63,378,116,20,3,0,
"2025-05-23 12:00",463,"53.918",88,63,291,97,18,3,0,
"2025-05-24 00:00",355,"53.197",87,62,220,70,14,5,0,
"2025-05-24 12:00",454,"53.044",89,63,283,93,21,3,0,
"2025-05-25 00:00",231,"51.654",87,59,130,31,7,2,0,
"2025-05-25 12:00",374,"52.187",111,62,213,66,14,2,1,111
"2025-05-26 00:00",616,"54.187",96,63,403,125,20,4,2,
"2025-05-26 12:00",437,"47.771",85,59,220,56,7,2,0,
"2025-05-27 00:00",572,"54.418",94,63,391,117,21,5,1,
"2025-05-27 12:00",446,"52.48",82,61,262,71,14,1,0,
"2025-05-28 00:00",587,"54.532",85,63,409,140,27,2,0,
"2025-05-28 12:00",513,"52.294",88,62,300,100,20,6,0,
"2025-05-29 00:00",591,"54.288",83,63,388,123,25,2,0,
"2025-05-29 12:00",505,"52.954",85,62,298,94,14,2,0,
"2025-05-30 00:00",540,"54.531",96,63,371,121,24,2,1,
"2025-05-30 12:00",537,"53.173",86,63,310,111,30,3,0,
"2025-05-31 00:00",361,"52.579",94,62,212,75,13,3,1,
"2025-05-31 12:00",436,"53.218",94,63,263,93,20,5,2,
"2025-06-01 00:00",235,"51.791",86,62,139,43,7,1,0,
"2025-06-01 12:00",400,"50.853",86,61,214,66,17,2,0,
"2025-06-02 00:00",617,"53.998",88,62,404,126,29,6,0,
"2025-06-02 12:00",512,"51.922",81,61,295,84,16,1,0,
"2025-06-03 00:00",628,"53.903",92,63,406,122,30,7,1,
"2025-06-03 12:00",464,"52.862",92,62,276,86,16,3,1,
"2025-06-04 00:00",612,"53.941",86,63,396,135,31,3,0,
"2025-06-04 12:00",515,"52.188",90,61,292,81,19,3,0,
"2025-06-05 00:00",573,"54.152",86,62,380,119,24,5,0,
"2025-06-05 12:00",498,"52.281",92,62,278,92,20,5,2,
"2025-06-06 00:00",596,"54.601",86,63,413,147,25,5,0,
"2025-06-06 12:00",541,"52.747",85,62,323,102,23,3,0,
"2025-06-07 00:00",335,"52.896",92,63,201,71,15,2,1,
"2025-06-07 12:00",422,"53.232",86,62,254,77,24,3,0,
"2025-06-08 00:00",215,"52.009",89,61,114,35,14,1,0,
"2025-06-08 12:00",331,"51.033",81,61,183,53,8,1,0,
"2025-06-09 00:00",604,"49.579",84,60,319,88,19,1,0,
"2025-06-09 12:00",462,"53.494",88,62,284,91,18,3,0,
"2025-06-10 00:00",595,"54.982",97,64,401,157,30,10,2,
"2025-06-10 12:00",487,"52.657",86,63,275,93,22,4,0,
"2025-06-11 00:00",624,"54.343",86,64,412,142,31,2,0,
"2025-06-11 12:00",525,"52.83",88,62,317,98,21,2,0,
"2025-06-12 00:00",585,"53.597",79,63,373,123,16,0,0,
"2025-06-12 12:00",552,"52.676",87,62,320,99,27,4,0,
"2025-06-13 00:00",566,"54.58",86,63,388,123,26,4,0,
"2025-06-13 12:00",500,"53.872",91,62,308,99,28,6,1,
"2025-06-14 00:00",363,"52.653",93,63,215,69,18,6,2,
"2025-06-14 12:00",452,"52.608",102,62,264,81,18,6,1,102
"2025-06-15 00:00",245,"51.89",84,62,142,39,13,2,0,
"2025-06-15 12:00",213,"51.939",86,62,118,37,7,3,0,
"2025-06-16 00:00",578,"51.768",90,62,341,112,30,5,0,
"2025-06-16 12:00",459,"53.747",90,62,301,87,18,5,0,
"2025-06-17 00:00",570,"53.777",84,62,373,106,13,1,0,
"2025-06-17 12:00",461,"53.848",87,63,280,93,24,5,0,
"2025-06-18 00:00",579,"54.416",80,62,397,129,25,0,0,
"2025-06-18 12:00",482,"53.307",89,62,293,99,20,7,0,
"2025-06-19 00:00",553,"54.168",93,63,363,115,24,4,1,
"2025-06-19 12:00",502,"51.01",91,61,255,79,15,1,1,
"2025-06-20 00:00",548,"52.288",81,62,321,102,19,4,0,
"2025-06-20 12:00",501,"53.884",93,63,312,116,23,6,2,
"2025-06-21 00:00",371,"52.601",89,62,208,78,13,3,0,
"2025-06-21 12:00",440,"53.33",96,63,269,93,19,4,1,
"2025-06-22 00:00",223,"52.081",90,62,122,39,9,2,0,
"2025-06-22 12:00",360,"52.431",104,62,197,66,11,4,1,104
"2025-06-23 00:00",581,"54.028",87,63,375,124,19,5,0,
"2025-06-23 12:00",472,"53.089",97,62,280,92,19,5,1,
"2025-06-24 00:00",523,"53.929",86,63,349,118,21,1,0,
"2025-06-24 12:00",503,"53.348",85,63,303,106,22,5,0,
"2025-06-25 00:00",252,"51.226",97,62,147,48,10,3,1,
"2025-06-25 12:00",306,"53.137",102,63,182,65,15,4,1,102
"2025-06-26 00:00",516,"52.87",82,62,321,101,20,1,0,
"2025-06-26 12:00",423,"53.995",94,63,259,85,23,8,2,
"2025-06-27 00:00",569,"48.91",87,62,306,103,8,2,0,
"2025-06-27 12:00",412,"53.755",94,63,265,86,19,5,1,
"2025-06-28 00:00",313,"52.674",92,62,186,60,18,4,1,
"2025-06-28 12:00",348,"52.42",96,61,192,60,15,3,2,
"2025-06-29 00:00",195,"52.944",98,62,122,39,8,1,1,
"2025-06-29 12:00",341,"53.32",87,62,206,67,16,4,0,
"2025-06-30 00:00",544,"53.952",85,63,358,114,21,3,0,
"2025-06-30 12:00",418,"52.471",90,61,229,75,17,3,0,
"2025-07-01 00:00",530,"53.64",85,63,323,110,22,2,0,
"2025-07-01 12:00",449,"53.22",83,62,270,91,18,1,0,
"2025-07-02 00:00",552,"53.804",87,62,347,114,24,4,0,
"2025-07-02 12:00",471,"53.569",96,64,293,99,20,2,1,
"2025-07-03 00:00",528,"53.006",96,61,324,90,17,1,1,
"2025-07-03 12:00",445,"52.157",91,61,244,71,11,4,1,
"2025-07-04 00:00",536,"53.687",92,62,328,111,21,8,1,
"2025-07-04 12:00",410,"50.137",104,63,215,82,19,5,1,104
"2025-07-05 00:00",312,"51.862",102,61,169,51,9,3,1,102
"2025-07-05 12:00",396,"52.316",87,61,228,70,9,1,0,
"2025-07-06 00:00",216,"50.907",85,60,113,28,9,2,0,
"2025-07-06 12:00",318,"51.862",90,61,174,49,14,2,0,
"2025-07-07 00:00",462,"49.329",91,60,236,68,11,1,1,
"2025-07-07 12:00",409,"53.958",91,64,263,97,27,6,1,
"2025-07-08 00:00",463,"44.393",84,59,183,56,9,1,0,
"2025-07-08 12:00",383,"54.554",91,64,244,84,27,6,1,
"2025-07-09 00:00",554,"53.635",87,62,346,106,19,3,0,
"2025-07-09 12:00",456,"53.36",91,64,274,99,22,5,1,
"2025-07-10 00:00",527,"54.395",87,63,342,119,32,4,0,
"2025-07-10 12:00",428,"53.131",87,62,251,91,19,5,0,
"2025-07-11 00:00",489,"53.806",88,63,300,99,21,2,0,
"2025-07-11 12:00",432,"53.303",87,63,262,88,19,5,0,
"2025-07-12 00:00",321,"52.523",91,62,186,55,9,2,1,
"2025-07-12 12:00",338,"52.399",86,62,182,68,16,4,0,
"2025-07-13 00:00",178,"50.685",81,59,93,21,4,1,0,
"2025-07-13 12:00",312,"52.33",92,62,193,56,11,2,1,
"2025-07-14 00:00",526,"54.16",93,63,347,105,22,6,1,
"2025-07-14 12:00",402,"52.495",84,62,224,70,15,2,0,
"2025-07-15 00:00",511,"53.832",90,63,324,102,18,3,0,
"2025-07-15 12:00",437,"51.773",90,61,244,69,16,4,0,
"2025-07-16 00:00",489,"51.264",85,60,268,70,17,3,0,
"2025-07-16 12:00",398,"52.673",89,62,237,70,19,6,0,
"2025-07-17 00:00",527,"53.615",95,62,330,117,25,3,2,
"2025-07-17 12:00",450,"52.329",92,63,249,90,19,1,1,
"2025-07-18 00:00",515,"53.932",96,63,325,110,20,7,2,
"2025-07-18 12:00",463,"51.54",112,61,256,73,17,4,2,112
"2025-07-19 00:00",298,"52.819",98,61,175,54,11,1,1,
"2025-07-19 12:00",381,"52.541",97,61,210,64,19,7,1,
"2025-07-20 00:00",211,"50.54",86,61,119,33,7,2,0,
"2025-07-20 12:00",376,"51.423",101,60,207,55,14,4,2,101
"2025-07-21 00:00",489,"53.2",90,62,283,99,17,5,0,
"2025-07-21 12:00",379,"50.166",88,61,204,60,21,6,0,
"2025-07-22 00:00",501,"53.267",85,62,319,92,14,1,0,
"2025-07-22 12:00",460,"53.33",95,63,276,91,25,3,1,
"2025-07-23 00:00",538,"53.219",86,62,331,96,20,2,0,
"2025-07-23 12:00",436,"52.42",88,62,247,86,13,3,0,
"2025-07-24 00:00",521,"53.326",104,62,327,93,16,5,2,104
"2025-07-24 12:00",402,"52.299",85,62,240,74,17,5,0,
"2025-07-25 00:00",488,"52.967",89,61,297,87,17,3,0,
"2025-07-25 12:00",446,"52.103",90,62,252,78,17,1,0,
"2025-07-26 00:00",222,"44.446",82,59,91,25,6,3,0,
"2025-07-26 12:00",345,"51.232",82,62,191,61,13,4,0,
"2025-07-27 00:00",177,"47.102",87,62,86,32,6,1,0,
"2025-07-27 12:00",342,"49.553",75,59,167,37,4,0,0,
"2025-07-28 00:00",464,"53.578",76,62,309,83,9,0,0,
"2025-07-28 12:00",403,"51.744",89,61,228,67,15,8,0,
"2025-07-29 00:00",480,"53.456",93,61,305,84,14,2,2,
"2025-07-29 12:00",397,"52.27",88,62,226,66,20,5,0,
"2025-07-30 00:00",473,"53.605",80,62,302,80,17,0,0,
"2025-07-30 12:00",491,"51.676",87,60,261,72,10,3,0,
"2025-07-31 00:00",531,"52.296",93,61,307,83,14,1,1,
"2025-07-31 12:00",387,"52.571",84,62,230,68,13,2,0,
"2025-08-01 00:00",475,"52.928",88,60,290,70,9,4,0,
"2025-08-01 12:00",398,"51.073",84,60,213,59,16,2,0,
"2025-08-02 00:00",245,"52.278",75,62,140,40,4,0,0,
"2025-08-02 12:00",341,"46.619",83,58,149,34,3,1,0,
"2025-08-03 00:00",153,"52.66",77,63,85,33,7,0,0,
"2025-08-03 12:00",342,"51.313",76,62,175,59,7,0,0,
"2025-08-04 00:00",496,"52.831",84,61,292,78,16,2,0,
"2025-08-04 12:00",378,"51.772",80,60,219,54,7,0,0,
"2025-08-05 00:00",501,"52.228",89,61,291,80,9,2,0,
"2025-08-05 12:00",427,"49.977",80,59,201,46,5,0,0,
"2025-08-06 00:00",464,"49.616",81,59,248,54,8,1,0,
"2025-08-06 12:00",401,"52.027",76,61,233,62,7,0,0,
"2025-08-07 00:00",502,"52.325",81,61,296,76,9,1,0,
"2025-08-07 12:00",481,"51.877",84,61,278,76,8,3,0,
"2025-08-08 00:00",497,"52.682",82,61,304,86,14,1,0,
"2025-08-08 12:00",432,"51.933",84,61,236,67,9,2,0,
"2025-08-09 00:00",260,"51.131",82,61,137,46,4,1,0,
"2025-08-09 12:00",217,"51.793",81,60,120,30,5,1,0,
"2025-08-10 00:00",199,"52.015",86,61,117,36,4,1,0,
"2025-08-10 12:00",332,"50.976",80,61,174,50,8,0,0,
"2025-08-11 00:00",548,"52.272",84,61,318,83,13,2,0,
"2025-08-11 12:00",439,"52.51",88,62,247,85,11,2,0,
"2025-08-12 00:00",532,"51.981",84,61,304,80,9,2,0,
"2025-08-12 12:00",460,"51.88",83,61,254,70,8,1,0,
"2025-08-13 00:00",530,"51.925",91,61,299,81,15,3,1,
"2025-08-13 12:00",466,"52.425",81,60,289,68,11,1,0,
"2025-08-14 00:00",548,"52.604",80,60,337,79,12,0,0,
"2025-08-14 12:00",477,"52.795",93,61,294,79,18,4,1,
"2025-08-15 00:00",259,"51.575",94,62,148,44,3,1,1,
"2025-08-15 12:00",358,"51.916",75,60,206,50,4,0,0,
"2025-08-16 00:00",318,"50.478",79,60,173,38,4,0,0,
"2025-08-16 12:00",328,"50.192",77,59,166,40,3,0,0,
"2025-08-17 00:00",194,"50.778",82,61,107,30,5,1,0,
"2025-08-17 12:00",325,"51.769",88,60,179,43,14,2,0,
"2025-08-18 00:00",532,"53.318",84,61,340,88,12,2,0,
"2025-08-18 12:00",405,"51.881",80,61,220,69,13,0,0,
"2025-08-19 00:00",533,"53.109",88,61,321,89,12,2,0,
"2025-08-19 12:00",424,"51.887",90,61,238,68,17,1,0,
"2025-08-20 00:00",546,"52.123",80,60,337,76,10,0,0,
"2025-08-20 12:00",418,"51.746",92,61,232,65,15,4,1,
"2025-08-21 00:00",515,"52.831",90,61,305,83,12,2,0,
"2025-08-21 12:00",401,"49.666",85,62,216,71,10,1,0,
"2025-08-22 00:00",509,"51.994",85,60,282,66,8,1,0,
"2025-08-22 12:00",460,"51.104",85,60,239,60,10,2,0,
"2025-08-23 00:00",343,"53.691",97,62,224,60,15,3,1,
"2025-08-23 12:00",422,"51.844",75,61,240,74,10,0,0,
"2025-08-24 00:00",226,"50.743",73,59,119,26,3,0,0,
"2025-08-24 12:00",332,"50.319",85,60,156,47,11,2,0,
"2025-08-25 00:00",575,"52.903",83,61,343,92,12,5,0,
"2025-08-25 12:00",416,"51.404",86,61,227,65,12,3,0,
"2025-08-26 00:00",536,"52.808",94,61,325,82,15,2,1,
"2025-08-26 12:00",474,"51.454",87,61,253,71,18,4,0,
"2025-08-27 00:00",555,"53.076",79,61,357,85,10,0,0,
"2025-08-27 12:00",442,"51.005",93,60,216,63,13,2,1,
"2025-08-28 00:00",540,"52.841",83,61,329,93,10,2,0,
"2025-08-28 12:00",417,"51.54",96,60,231,59,10,4,2,
"2025-08-29 00:00",545,"51.244",86,61,303,84,13,3,0,
"2025-08-29 12:00",493,"50.385",90,61,267,80,11,1,0,
"2025-08-30 00:00",293,"51.939",82,61,157,45,9,1,0,
"2025-08-30 12:00",343,"51.56",82,61,193,58,10,2,0,
"2025-08-31 00:00",250,"52.4",83,61,164,42,8,1,0,
"2025-08-31 12:00",406,"51.172",86,61,217,62,12,2,0,
"2025-09-01 00:00",568,"52.879",99,61,336,90,16,1,1,
"2025-09-01 12:00",482,"51.216",79,60,257,63,6,0,0,
"2025-09-02 00:00",513,"49.037",93,59,249,58,13,2,1,
"2025-09-02 12:00",467,"50.732",82,60,240,57,8,2,0,
"2025-09-03 00:00",589,"52.447",81,60,335,80,16,3,0,
"2025-09-03 12:00",523,"50.709",86,59,256,62,7,3,0,
"2025-09-04 00:00",605,"52.084",82,61,339,94,14,1,0,
"2025-09-04 12:00",507,"53.004",85,62,309,98,23,3,0,
"2025-09-05 00:00",585,"53.316",86,62,358,102,20,4,0,
"2025-09-05 12:00",502,"51.524",83,60,266,70,13,2,0,
"2025-09-06 00:00",344,"50.314",82,58,155,40,6,1,0,
"2025-09-06 12:00",392,"50.571",88,60,195,54,12,2,0,
"2025-09-07 00:00",202,"52.946",80,63,120,39,5,0,0,
"2025-09-07 12:00",405,"51.309",89,59,212,51,7,3,0,
"2025-09-08 00:00",577,"53.43",88,61,360,102,13,3,0,
"2025-09-08 12:00",454,"52.403",84,60,272,63,11,1,0,
"2025-09-09 00:00",583,"53.247",79,62,370,103,10,0,0,
"2025-09-09 12:00",446,"52.545",81,61,251,67,16,2,0,
"2025-09-10 00:00",506,"40.32",75,58,200,43,7,0,0,
"2025-09-10 12:00",375,"45.571",76,58,143,36,6,0,0,
"2025-09-11 00:00",587,"53.194",91,61,369,99,18,3,1,
"2025-09-11 12:00",444,"51.914",83,62,266,82,11,2,0,
"2025-09-12 00:00",566,"53.046",86,63,333,117,20,2,0,
"2025-09-12 12:00",523,"49.883",81,60,292,77,10,1,0,
"2025-09-13 00:00",361,"53.23",82,62,219,67,7,1,0,
"2025-09-13 12:00",403,"52.777",84,61,240,66,10,2,0,
"2025-09-14 00:00",196,"53.429",84,61,131,33,6,1,0,
"2025-09-14 12:00",371,"51.946",82,62,212,66,17,1,0,
"2025-09-15 00:00",573,"54.133",87,62,370,116,21,2,0,
"2025-09-15 12:00",508,"52.287",88,61,288,81,14,4,0,
"2025-09-16 00:00",575,"52.071",88,61,351,90,15,2,0,
"2025-09-16 12:00",442,"47.1",89,60,199,63,14,4,0,
"2025-09-17 00:00",555,"53.905",81,63,358,108,14,1,0,
"2025-09-17 12:00",475,"52.478",81,61,272,79,16,1,0,
"2025-09-18 00:00",599,"53.581",80,62,381,111,16,0,0,
"2025-09-18 12:00",475,"52.16",82,61,259,81,14,1,0,
"2025-09-19 00:00",572,"53.061",86,61,359,102,13,2,0,
"2025-09-19 12:00",514,"52.185",86,62,286,90,13,2,0,
"2025-09-20 00:00",380,"49.987",81,58,183,33,5,1,0,
"2025-09-20 12:00",390,"50.772",79,59,204,52,9,0,0,
"2025-09-21 00:00",251,"52.171",83,60,144,37,10,1,0,
"2025-09-21 12:00",364,"49.841",83,61,186,60,9,1,0,
"2025-09-22 00:00",592,"53.632",94,61,390,109,8,1,1,
"2025-09-22 12:00",485,"51.565",79,61,261,73,11,0,0,
"2025-09-23 00:00",582,"53.311",80,61,370,91,15,0,0,
"2025-09-23 12:00",462,"47.037",83,59,196,58,10,4,0,
"2025-09-24 00:00",591,"50.01",89,59,291,74,10,1,0,
"2025-09-24 12:00",423,"50.109",85,62,218,69,18,4,0,
"2025-09-25 00:00",605,"53.45",83,62,374,111,22,1,0,
"2025-09-25 12:00",516,"52.231",87,61,303,88,18,2,0,
"2025-09-26 00:00",570,"53.788",80,62,368,112,20,0,0,
"2025-09-26 12:00",528,"51.28",89,60,302,77,12,4,0,
"2025-09-27 00:00",335,"54.233",82,62,218,71,10,1,0,
"2025-09-27 12:00",448,"53.679",87,63,271,90,23,3,0,
"2025-09-28 00:00",203,"53.276",82,62,122,40,5,2,0,
"2025-09-28 12:00",408,"51.392",83,60,210,52,8,1,0,
"2025-09-29 00:00",588,"53.925",90,62,384,112,20,4,0,
"2025-09-29 12:00",460,"52.852",84,61,277,79,13,1,0,
"2025-09-30 00:00",607,"54.392",82,63,411,135,21,2,0,
"2025-09-30 12:00",508,"52.776",77,62,306,91,12,0,0,
"2025-10-01 00:00",623,"54.726",83,63,437,130,19,6,0,
"2025-10-01 12:00",538,"53.009",96,62,323,98,20,2,1,
"2025-10-02 00:00",591,"54.086",84,62,396,126,19,3,0,
"2025-10-02 12:00",519,"52.289",89,63,287,103,14,1,0,
"2025-10-03 00:00",597,"52.335",87,62,353,102,20,2,0,
"2025-10-03 12:00",555,"52.317",88,62,316,95,24,3,0,
"2025-10-04 00:00",388,"53.26",81,63,236,82,13,1,0,
"2025-10-04 12:00",483,"52.658",94,62,281,90,16,5,1,
"2025-10-05 00:00",324,"24.231",81,42,31,5,1,1,0,
"2025-10-05 12:00",323,"50.799",81,61,185,51,11,1,0,
"2025-10-06 00:00",665,"53.597",81,62,424,129,20,1,0,
"2025-10-06 12:00",741,"52.837",86,61,435,124,24,2,0,
"2025-10-07 00:00","1,148","53.161",86,61,713,176,23,3,0,
"2025-10-07 12:00",791,"52.621",86,61,476,128,19,4,0,
"2025-10-08 00:00",919,"52.881",80,61,556,147,15,0,0,
"2025-10-08 12:00",579,"51.867",89,61,326,90,11,3,0,
"2025-10-09 00:00",650,"53.435",76,62,426,115,13,0,0,
"2025-10-09 12:00",501,"45.273",77,58,198,49,11,0,0,
"2025-10-10 00:00",595,"52.78",77,61,362,91,11,0,0,
"2025-10-10 12:00",527,"51.476",80,60,286,79,11,0,0,
"2025-10-11 00:00",346,"52.925",83,62,207,66,9,2,0,
"2025-10-11 12:00",428,"48.864",85,58,183,49,14,2,0,
"2025-10-12 00:00",225,"54.018",79,62,145,40,14,0,0,
"2025-10-12 12:00",425,"51.555",80,60,230,56,10,0,0,
"2025-10-13 00:00",583,"54.341",85,63,381,139,22,3,0,
"2025-10-13 12:00",482,"53.326",86,62,305,93,16,3,0,
"2025-10-14 00:00",500,"53.88",80,62,344,91,19,0,0,
"2025-10-14 12:00",469,"51.736",82,61,264,77,12,2,0,
"2025-10-15 00:00",618,"53.625",79,62,401,125,17,0,0,
"2025-10-15 12:00",449,"52.563",78,62,279,77,11,0,0,
"2025-10-16 00:00",572,"53.778",89,63,380,119,23,3,0,
"2025-10-16 12:00",546,"52.718",90,62,315,101,14,1,0,
"2025-10-17 00:00",570,"54.356",88,63,384,134,21,5,0,
"2025-10-17 12:00",540,"52.757",88,62,318,94,14,2,0,
"2025-10-18 00:00",386,"53.873",81,63,254,84,13,1,0,
"2025-10-18 12:00",448,"52.538",87,62,262,78,17,3,0,
"2025-10-19 00:00",246,"53.407",78,62,158,46,7,0,0,
"2025-10-19 12:00",348,"53.362",97,62,225,73,12,1,1,
"2025-10-20 00:00",600,"54.692",81,63,420,150,21,1,0,
"2025-10-20 12:00",446,"53.018",95,62,257,78,12,3,2,
"2025-10-21 00:00",603,"53.629",79,62,379,111,16,0,0,
"2025-10-21 12:00",468,"52.205",77,61,265,71,10,0,0,
"2025-10-22 00:00",608,"54.515",85,62,415,130,23,1,0,
"2025-10-22 12:00",486,"53.313",84,62,290,84,22,3,0,
"2025-10-23 00:00",620,"54.039",91,63,405,137,26,4,1,
"2025-10-23 12:00",541,"39.159",90,58,160,67,11,1,0,
"2025-10-24 00:00",599,"52.275",80,62,374,118,17,0,0,
"2025-10-24 12:00",559,"52.846",93,63,328,110,23,5,1,
"2025-10-25 00:00",366,"53.751",90,63,235,78,18,3,0,
"2025-10-25 12:00",430,"53.095",85,62,254,83,15,2,0,
"2025-10-26 00:00",214,"54.738",87,63,146,43,14,3,0,
"2025-10-26 12:00",351,"45.191",83,58,138,41,10,2,0,
"2025-10-27 00:00",550,"54.695",84,64,380,134,20,3,0,
"2025-10-27 12:00",452,"52.783",85,62,260,80,16,1,0,
"2025-10-28 00:00",542,"54.079",80,64,347,124,27,0,0,
"2025-10-28 12:00",443,"52.059",79,61,254,77,16,0,0,
"2025-10-29 00:00",537,"53.441",86,63,336,108,14,1,0,
"2025-10-29 12:00",475,"52.297",78,61,274,83,7,0,0,
"2025-10-30 00:00",519,"52.778",76,61,307,86,14,0,0,
"2025-10-30 12:00",474,"53.08",92,62,268,88,18,3,1,
"2025-10-31 00:00",272,"54.235",88,62,180,61,7,3,0,
"2025-10-31 12:00",418,"52.591",92,60,241,62,13,2,1,
"2025-11-01 00:00",190,"53.258",81,61,122,35,7,2,0,
"2025-11-01 12:00",454,"53.28",86,61,278,71,12,4,0,
"2025-11-02 00:00",165,"53.727",82,63,105,36,6,1,0,
"2025-11-02 12:00",419,"43.368",85,59,184,53,10,1,0,
"2025-11-03 00:00",742,"48.253",87,62,418,127,23,4,0,
"2025-11-03 12:00",439,"54.121",89,63,282,87,21,5,0,
"2025-11-04 00:00",622,"54.418",84,63,424,127,26,3,0,
"2025-11-04 12:00",451,"52.978",85,62,276,83,16,3,0,
"2025-11-05 00:00",629,"54.62",87,63,434,135,28,3,0,
"2025-11-05 12:00",463,"52.935",81,62,279,92,11,1,0,
"2025-11-06 00:00",625,"53.65",88,62,426,120,24,1,0,
"2025-11-06 12:00",511,"53.147",88,62,320,100,14,3,0,
"2025-11-07 00:00",631,"54.502",82,64,432,145,22,1,0,
"2025-11-07 12:00",505,"52.984",90,61,312,87,13,1,0,
"2025-11-08 00:00",357,"54.104",97,62,230,77,15,2,1,
"2025-11-08 12:00",394,"54.34",92,62,261,73,11,4,1,
"2025-11-09 00:00",214,"52.706",80,62,127,40,11,0,0,
"2025-11-09 12:00",359,"52.437",92,61,204,56,11,1,1,
"2025-11-10 00:00",578,"54.133",95,63,389,129,17,3,1,
"2025-11-10 12:00",469,"53.085",82,62,276,89,16,2,0,
"2025-11-11 00:00",579,"54.073",84,63,386,129,23,3,0,
"2025-11-11 12:00",449,"52.379",89,60,252,62,13,2,0,
"2025-11-12 00:00",601,"54.522",92,63,395,138,23,4,1,
"2025-11-12 12:00",492,"53.543",86,63,298,102,22,3,0,
"2025-11-13 00:00",588,"54.19",89,63,405,132,21,3,0,
"2025-11-13 12:00",504,"52.323",87,61,282,84,16,4,0,
"2025-11-14 00:00",622,"54.101",86,62,411,126,17,4,0,
"2025-11-14 12:00",471,"52.278",76,61,265,76,9,0,0,
"2025-11-15 00:00",356,"53.424",85,63,207,76,17,1,0,
"2025-11-15 12:00",419,"52.955",83,62,249,75,11,3,0,
"2025-11-16 00:00",187,"53.668",83,64,117,44,7,2,0,
"2025-11-16 12:00",380,"45.139",82,58,148,37,6,1,0,
"2025-11-17 00:00",624,"37.928",81,55,175,35,4,1,0,
"2025-11-17 12:00",515,"42.868",91,59,202,54,13,3,1,
"2025-11-18 00:00",644,"50.126",87,61,368,116,15,2,0,
"2025-11-18 12:00",449,"52.401",77,61,248,68,5,0,0,
"2025-11-19 00:00",606,"52.856",76,62,379,109,14,0,0,
"2025-11-19 12:00",463,"52.834",81,61,274,76,18,1,0,
"2025-11-20 00:00",558,"48.568",86,62,281,97,15,1,0,
"2025-11-20 12:00",476,"53.443",83,62,285,99,18,1,0,
"2025-11-21 00:00",535,"49.426",82,58,237,53,13,2,0,
"2025-11-21 12:00",438,"53.253",82,62,267,94,13,1,0,
"2025-11-22 00:00",295,"53.532",87,62,188,55,13,2,0,
"2025-11-22 12:00",363,"54.331",89,65,229,84,25,5,0,
"2025-11-23 00:00",185,"53.135",78,64,124,48,12,0,0,
"2025-11-23 12:00",351,"53.547",91,63,219,79,19,4,1,
"2025-11-24 00:00",543,"53.635",88,62,355,107,13,4,0,
"2025-11-24 12:00",425,"50.544",80,59,206,51,5,0,0,
"2025-11-25 00:00",581,"46.164",82,58,277,60,6,1,0,
"2025-11-25 12:00",403,"49.933",91,61,208,61,9,1,1,
"2025-11-26 00:00",591,"54.225",81,62,410,130,19,1,0,
"2025-11-26 12:00",420,"53.345",81,61,260,74,12,1,0,
"2025-11-27 00:00",596,"54.351",87,62,397,119,19,4,0,
"2025-11-27 12:00",500,"53.432",85,63,309,105,16,2,0,
"2025-11-28 00:00",604,"53.725",86,62,389,122,22,3,0,
"2025-11-28 12:00",505,"53.117",89,62,326,99,11,1,0,
"2025-11-29 00:00",324,"54.725",95,65,215,83,16,5,1,
"2025-11-29 12:00",391,"53.829",93,62,242,82,16,4,1,
"2025-11-30 00:00",189,"53.524",84,62,120,45,11,3,0,
"2025-11-30 12:00",350,"54.223",92,63,230,71,17,8,1,
"2025-12-01 00:00",576,"53.679",89,63,378,116,21,4,0,
"2025-12-01 12:00",403,"53.4",89,63,231,81,19,3,0,
"2025-12-02 00:00",558,"52.855",82,62,361,108,19,1,0,
"2025-12-02 12:00",430,"52.312",88,61,252,70,11,3,0,
"2025-12-03 00:00",578,"52.908",86,60,358,81,10,1,0,
"2025-12-03 12:00",460,"53.293",87,62,286,86,15,2,0,
"2025-12-04 00:00",250,"52.048",83,62,138,42,9,1,0,
"2025-12-04 12:00",416,"52.76",84,61,241,72,18,2,0,
"2025-12-05 00:00",564,"54.02",83,62,375,108,24,1,0,
"2025-12-05 12:00",401,"53.157",98,62,243,71,12,3,1,
"2025-12-06 00:00",278,"53.942",83,63,184,60,11,1,0,
"2025-12-06 12:00",398,"53.734",93,62,235,80,16,5,1,
"2025-12-07 00:00",176,"52.159",91,63,109,33,7,2,1,
"2025-12-07 12:00",312,"53.346",82,63,190,72,13,2,0,
"2025-12-08 00:00",589,"54.192",82,62,421,116,16,2,0,
"2025-12-08 12:00",426,"53.408",81,63,256,87,13,1,0,
"2025-12-09 00:00",553,"52.548",81,61,342,88,14,1,0,
"2025-12-09 12:00",421,"52.943",81,61,257,67,11,1,0,
"2025-12-10 00:00",548,"53.485",82,62,355,103,17,1,0,
"2025-12-10 12:00",441,"53.717",87,62,281,82,13,1,0,
"2025-12-11 00:00",577,"53.797",84,63,374,124,21,2,0,
"2025-12-11 12:00",492,"53.026",83,61,299,79,17,3,0,
"2025-12-12 00:00",527,"53.343",84,62,349,95,22,3,0,
"2025-12-12 12:00",462,"53.593",83,63,276,105,23,1,0,
"2025-12-13 00:00",298,"54.151",82,62,195,59,10,1,0,
"2025-12-13 12:00",400,"53.643",81,61,249,69,14,2,0,
"2025-12-14 00:00",178,"54.719",82,66,118,49,15,1,0,
"2025-12-14 12:00",352,"50.088",103,59,171,44,17,1,1,103
"2025-12-15 00:00",566,"54.186",89,62,389,121,22,2,0,
"2025-12-15 12:00",423,"52.894",93,62,243,77,13,3,1,
"2025-12-16 00:00",529,"51.66",79,59,313,73,14,0,0,
"2025-12-16 12:00",436,"52.761",103,62,254,71,9,3,1,103
"2025-12-17 00:00",549,"53.882",79,62,356,111,20,0,0,
"2025-12-17 12:00",443,"51.433",82,60,232,62,9,1,0,
"2025-12-18 00:00",585,"53.391",86,62,360,115,13,1,0,
"2025-12-18 12:00",473,"52.734",90,61,281,78,12,3,0,
"2025-12-19 00:00",552,"52.029",84,61,330,91,15,3,0,
"2025-12-19 12:00",505,"53.057",86,62,298,89,27,2,0,
"2025-12-20 00:00",308,"52.968",96,64,189,67,14,2,1,
"2025-12-20 12:00",392,"53.844",88,63,250,77,17,2,0,
"2025-12-21 00:00",190,"54.811",92,64,122,46,12,2,1,
"2025-12-21 12:00",345,"53.397",85,62,202,65,14,1,0,
"2025-12-22 00:00",567,"52.418",82,61,344,96,11,1,0,
"2025-12-22 12:00",462,"50.968",80,61,256,76,10,0,0,
"2025-12-23 00:00",556,"52.862",86,62,352,110,20,4,0,
"2025-12-23 12:00",448,"53.161",79,62,270,91,16,0,0,
"2025-12-24 00:00",429,"52.841",82,61,258,76,15,1,0,
"2025-12-24 12:00",377,"51.607",96,61,198,66,9,1,1,
"2025-12-25 00:00",129,"42.922",86,62,58,23,2,1,0,
"2025-12-25 12:00",371,"48.005",86,63,192,76,10,1,0,
"2025-12-26 00:00",188,"46.926",92,62,101,33,5,1,1,
"2025-12-26 12:00",330,"53.348",80,63,209,72,13,0,0,
"2025-12-27 00:00",279,"53.817",87,63,181,62,10,2,0,
"2025-12-27 12:00",395,"50.962",79,61,231,63,10,0,0,
"2025-12-28 00:00",192,"53.833",86,63,129,47,8,1,0,
"2025-12-28 12:00",289,"48.239",76,60,163,42,5,0,0,
"2025-12-29 00:00",420,"53.726",86,63,269,81,18,2,0,
"2025-12-29 12:00",438,"52.719",84,61,261,74,12,3,0,
"2025-12-30 00:00",414,"53.778",87,63,283,87,17,2,0,
"2025-12-30 12:00",423,"52.92",82,63,266,86,15,1,0,
"2025-12-31 00:00",322,"53.575",84,65,197,81,17,1,0,
"2025-12-31 12:00",351,"54.308",95,66,227,98,25,3,1,
"2026-01-01 00:00",117,"49.949",78,60,66,15,2,0,0,
"2026-01-01 12:00",273,"53.209",84,61,164,44,11,2,0,
"2026-01-02 00:00",148,"54.845",82,65,93,38,10,2,0,
"2026-01-02 12:00",281,"52.947",96,63,163,59,8,2,2,
"2026-01-03 00:00",301,"42.787",83,58,126,34,10,2,0,
"2026-01-03 12:00",352,"52.043",92,63,210,76,12,1,1,
"2026-01-04 00:00",159,"43.509",74,61,81,25,5,0,0,
"2026-01-04 12:00",319,"43.868",92,62,145,59,13,2,1,
"2026-01-05 00:00",347,"55.017",82,63,241,77,15,3,0,
"2026-01-05 12:00",0,,,,0,0,0,0,0,
"2026-01-06 00:00",299,"51.656",76,60,164,40,4,0,0,
"2026-01-06 12:00",267,"41.951",74,51,43,6,1,0,0,
"2026-01-07 00:00",538,"49.154",72,58,207,44,2,0,0,
"2026-01-07 12:00",272,"51.971",92,63,147,49,11,2,1,
"2026-01-08 00:00",505,"51.36",82,60,279,67,10,2,0,
"2026-01-08 12:00",435,"50.26",83,61,221,67,11,3,0,
"2026-01-09 00:00",565,"52.846",86,61,343,100,12,3,0,
"2026-01-09 12:00",474,"48.314",88,61,223,74,15,3,0,
"2026-01-10 00:00",303,"50.924",81,61,177,53,11,1,0,
"2026-01-10 12:00",723,"48.622",82,57,290,57,10,1,0,
"2026-01-11 00:00",186,"49.731",81,62,114,33,7,1,0,
"2026-01-11 12:00",340,"48.135",85,62,176,61,16,1,0,
"2026-01-12 00:00",511,"52.358",88,61,325,79,14,3,0,
"2026-01-12 12:00",511,"45.389",85,60,236,73,15,2,0,
"2026-01-13 00:00",184,"52.092",93,63,110,35,10,1,1,
"2026-01-13 12:00",378,"53.585",85,62,234,72,17,4,0,
"2026-01-14 00:00",595,"50.753",83,61,356,103,22,1,0,
"2026-01-14 12:00",418,"53.203",90,62,254,78,15,1,0,
"2026-01-15 00:00",519,"48.202",78,62,286,101,13,0,0,
"2026-01-15 12:00",396,"54.038",84,62,241,85,19,3,0,
"2026-01-16 00:00",539,"52.349",88,62,337,95,20,2,0,
"2026-01-16 12:00",460,"53.704",87,62,287,88,18,4,0,
"2026-01-17 00:00",331,"52.882",84,61,200,56,12,3,0,
"2026-01-17 12:00",348,"55.862",87,66,241,100,25,4,0,
"2026-01-18 00:00",204,"43.181",78,63,89,45,8,0,0,
"2026-01-18 12:00",351,"45.883",83,62,167,61,8,3,0,
"2026-01-19 00:00",585,"53.492",89,62,373,106,16,2,0,
"2026-01-19 12:00",474,"46.082",83,61,230,78,15,4,0,
"2026-01-20 00:00",569,"54.209",79,63,375,121,19,0,0,
"2026-01-20 12:00",433,"51.192",84,63,264,98,17,3,0,
"2026-01-21 00:00",563,"55.339",96,64,409,143,22,4,1,
"2026-01-21 12:00",418,"53.837",79,64,263,95,13,0,0,
"2026-01-22 00:00",550,"54.436",83,64,378,126,25,3,0,
"2026-01-22 12:00",446,"50.359",94,64,233,106,20,4,1,
"2026-01-23 00:00",606,"53.526",90,62,394,116,29,4,0,
"2026-01-23 12:00",453,"52.342",82,63,280,101,23,2,0,
"2026-01-24 00:00",247,"52.202",81,62,135,47,9,2,0,
"2026-01-24 12:00",370,"51.443",82,61,200,57,8,1,0,
"2026-01-25 00:00",182,"32.027",85,55,49,9,1,1,0,
"2026-01-25 12:00",314,"43.541",83,58,119,27,6,1,0,
"2026-01-26 00:00",589,"51.944",79,63,388,116,19,0,0,
"2026-01-26 12:00",415,"53.128",87,62,249,75,12,2,0,
"2026-01-27 00:00",561,"49.526",77,61,328,98,13,0,0,
"2026-01-27 12:00",433,"46.903",85,61,200,73,12,2,0,
"2026-01-28 00:00",516,"52.975",83,62,322,95,9,3,0,
"2026-01-28 12:00",401,"48.576",85,58,173,35,9,2,0,
"2026-01-29 00:00",575,"54.741",77,63,404,139,17,0,0,
"2026-01-29 12:00",430,"54.347",88,63,270,108,21,3,0,
"2026-01-30 00:00",545,"53.789",79,62,362,106,15,0,0,
"2026-01-30 12:00",450,"53.729",90,62,291,92,17,3,0,
"2026-01-31 00:00",294,"54.054",78,63,194,68,11,0,0,
"2026-01-31 12:00",359,"54.109",79,63,225,81,15,0,0,
"2026-02-01 00:00",239,"46.582",82,62,133,44,9,1,0,
"2026-02-01 12:00",291,"53.024",72,62,175,52,3,0,0,
"2026-02-02 00:00",601,"50.694",81,62,359,123,21,1,0,
"2026-02-02 12:00",432,"51.315",83,61,240,73,13,4,0,
"2026-02-03 00:00",514,"52.185",78,62,315,98,12,0,0,
"2026-02-03 12:00",390,"43.956",84,59,155,42,5,1,0,
"2026-02-04 00:00",526,"50.243",78,59,259,53,5,0,0,
"2026-02-04 12:00",434,"47.924",77,58,173,46,6,0,0,
"2026-02-05 00:00",570,"50.665",80,59,292,69,12,0,0,
"2026-02-05 12:00",459,"53.013",81,61,276,76,8,1,0,
"2026-02-06 00:00",538,"54.519",86,62,366,105,21,3,0,
"2026-02-06 12:00",456,"54.544",87,64,289,107,26,4,0,
"2026-02-07 00:00",299,"53.783",81,63,188,54,13,1,0,
"2026-02-07 12:00",392,"53.564",87,62,257,76,16,1,0,
"2026-02-08 00:00",226,"49.544",76,62,132,41,9,0,0,
"2026-02-08 12:00",346,"53.564",78,62,216,66,10,0,0,
"2026-02-09 00:00",581,"52.866",85,61,360,101,14,2,0,
"2026-02-09 12:00",399,"53.326",86,62,245,79,13,3,0,
"2026-02-10 00:00",557,"53.379",79,62,338,104,16,0,0,
"2026-02-10 12:00",447,"54.215",87,62,298,93,24,2,0,
"2026-02-11 00:00",553,"54.828",82,63,380,127,19,2,0,
"2026-02-11 12:00",476,"53.979",84,62,309,91,23,2,0,
"2026-02-12 00:00",594,"54.357",91,63,410,136,17,2,1,
"2026-02-12 12:00",493,"53.606",91,63,312,111,12,2,1,
"2026-02-13 00:00",579,"51.29",83,61,335,95,15,1,0,
"2026-02-13 12:00",541,"53.558",81,62,336,94,20,1,0,
"2026-02-14 00:00",340,"53.782",81,62,218,69,11,3,0,
"2026-02-14 12:00",381,"52.378",84,61,211,62,15,1,0,
"2026-02-15 00:00",186,"55.478",81,65,132,43,7,1,0,
"2026-02-15 12:00",380,"53.439",86,61,241,65,13,4,0,
"2026-02-16 00:00",566,"49.822",79,62,344,107,13,0,0,
"2026-02-16 12:00",386,"54.145",79,63,260,75,14,0,0,
"2026-02-17 00:00",535,"53.707",89,64,365,135,18,3,0,
"2026-02-17 12:00",444,"53.901",82,62,277,87,14,1,0,
"2026-02-18 00:00",501,"53.984",87,64,357,118,25,3,0,
"2026-02-18 12:00",437,"53.181",85,62,265,82,8,3,0,
"2026-02-19 00:00",516,"49.579",85,59,262,66,15,1,0,
"2026-02-19 12:00",380,"35.266",76,53,74,20,4,0,0,
"2026-02-20 00:00",485,"52.513",78,60,286,67,12,0,0,
"2026-02-20 12:00",457,"55.245",86,64,324,110,23,4,0,
"2026-02-21 00:00",318,"49.516",86,63,186,70,10,1,0,
"2026-02-21 12:00",373,"54.029",81,63,254,79,13,1,0,
"2026-02-22 00:00",207,"50.169",83,61,126,32,8,2,0,
"2026-02-22 12:00",354,"53.373",85,62,215,72,13,1,0,
"2026-02-23 00:00",604,"53.147",85,62,392,121,19,2,0,
"2026-02-23 12:00",455,"53.196",93,62,272,85,15,3,1,
"2026-02-24 00:00",590,"54.163",82,62,416,122,22,3,0,
"2026-02-24 12:00",414,"53.338",87,62,253,70,17,3,0,
"2026-02-25 00:00",611,"55.296",89,63,440,152,21,1,0,
"2026-02-25 12:00",462,"53.303",91,62,274,89,14,2,1,
"2026-02-26 00:00",602,"53.978",82,63,402,131,27,4,0,
"2026-02-26 12:00",509,"53.64",84,62,314,94,23,1,0,
"2026-02-27 00:00",589,"53.873",91,62,387,115,16,5,1,
"2026-02-27 12:00",473,"53.328",96,61,305,80,12,4,4,
"2026-02-28 00:00",340,"54.262",86,64,244,71,19,4,0,
"2026-02-28 12:00",429,"53.154",93,62,263,85,14,1,1,
"2026-03-01 00:00",198,"51.712",78,63,124,43,4,0,0,
"2026-03-01 12:00",391,"53.266",83,62,252,81,12,3,0,
"2026-03-02 00:00",571,"54.956",86,64,391,142,31,2,0,
"2026-03-02 12:00",432,"54.081",93,62,278,86,15,3,1,
"2026-03-03 00:00",610,"55.057",87,63,435,133,29,3,0,
"2026-03-03 12:00",422,"53.604",91,63,265,85,16,2,1,
"2026-03-04 00:00",570,"54.074",89,63,379,131,20,4,0,
"2026-03-04 12:00",450,"52.882",85,62,264,85,14,1,0,
"2026-03-05 00:00",579,"52.998",86,62,378,120,14,1,0,
"2026-03-05 12:00",469,"53.574",87,62,296,86,19,2,0,
"2026-03-06 00:00",559,"53.494",90,62,377,116,24,3,0,
"2026-03-06 12:00",501,"52.756",95,61,298,94,15,3,1,
"2026-03-07 00:00",372,"52.36",90,62,234,70,19,3,0,
"2026-03-07 12:00",439,"52.797",82,61,267,71,21,2,0,
"2026-03-08 00:00",252,"51.647",82,64,151,59,7,1,0,
"2026-03-08 12:00",420,"52.84",85,63,252,84,15,2,0,
"2026-03-09 00:00",647,"54.53",87,63,428,143,25,3,0,
"2026-03-09 12:00",439,"53.144",92,62,279,88,12,2,1,
"2026-03-10 00:00",618,"54.532",90,64,420,143,30,2,0,
"2026-03-10 12:00",443,"53.822",100,63,288,99,20,2,1,100
"2026-03-11 00:00",621,"54.728",89,65,418,155,37,7,0,
"2026-03-11 12:00",474,"53.169",99,63,275,102,20,3,1,
"2026-03-12 00:00",624,"54.369",86,63,420,130,24,2,0,
"2026-03-12 12:00",481,"51.071",79,61,272,77,8,0,0,
"2026-03-13 00:00",593,"55.025",87,64,413,143,27,3,0,
"2026-03-13 12:00",554,"52.592",82,62,323,103,21,3,0,
"2026-03-14 00:00",352,"53.446",80,62,222,76,14,0,0,
"2026-03-14 12:00",394,"52.348",85,62,236,80,17,2,0,
"2026-03-15 00:00",206,"54.107",79,65,134,42,11,0,0,
"2026-03-15 12:00",398,"51.982",84,61,221,60,7,2,0,
"2026-03-16 00:00",610,"54.631",88,63,416,124,25,3,0,
"2026-03-16 12:00",436,"50.904",83,61,224,74,13,2,0,
"2026-03-17 00:00",581,"55.179",91,64,408,148,35,3,1,
"2026-03-17 12:00",475,"53.164",91,62,287,97,18,2,1,
"2026-03-18 00:00",588,"53.602",82,63,378,128,22,1,0,
"2026-03-18 12:00",474,"54.127",83,63,297,109,24,4,0,
"2026-03-19 00:00",622,"54.307",88,63,422,131,23,5,0,
"2026-03-19 12:00",493,"53.006",88,62,300,94,12,1,0,
"2026-03-20 00:00",566,"54.311",86,64,381,132,28,3,0,
"2026-03-20 12:00",525,"53.718",87,63,329,118,19,2,0,
"2026-03-21 00:00",344,"54.512",81,65,227,80,24,2,0,
"2026-03-21 12:00",389,"54.296",99,63,259,96,20,1,1,
"2026-03-22 00:00",204,"53.897",78,64,124,42,9,0,0,
"2026-03-22 12:00",378,"55.053",88,64,265,94,15,5,0,
"2026-03-23 00:00",577,"54.208",102,64,394,141,25,4,1,102
"2026-03-23 12:00",471,"53.106",88,62,284,88,17,1,0,
"2026-03-24 00:00",606,"55.147",92,64,424,150,31,3,2,
"2026-03-24 12:00",472,"53.078",86,62,276,97,14,4,0,
"2026-03-25 00:00",599,"53.638",85,64,406,136,20,2,0,
"2026-03-25 12:00",543,"53.107",89,63,329,124,28,4,0,
"2026-03-26 00:00",521,"55.228",90,64,371,129,31,3,0,
"2026-03-26 12:00",315,"53.781",83,62,204,64,7,1,0,
"2026-03-27 00:00",424,"52.342",84,61,258,64,5,1,0,
"2026-03-27 12:00",406,"52.579",84,61,238,62,6,1,0,
"2026-03-28 00:00",344,"54.672",77,63,242,85,5,0,0,
"2026-03-28 12:00",409,"52.841",76,61,264,72,7,0,0,
"2026-03-29 00:00",190,"55.084",82,64,134,48,6,1,0,
"2026-03-29 12:00",305,"53.246",78,61,197,51,6,0,0,
"2026-03-30 00:00",572,"52.481",84,61,355,98,7,1,0,
"2026-03-30 12:00",459,"51.532",83,60,250,60,9,1,0,
"2026-03-31 00:00",537,"53.547",77,62,365,92,8,0,0,
"2026-03-31 12:00",516,"52.971",79,62,313,92,10,0,0,
"2026-04-01 00:00",581,"54.446",77,63,401,114,12,0,0,
"2026-04-01 12:00",480,"53.413",74,62,303,84,9,0,0,
"2026-04-02 00:00",589,"54.056",87,62,397,126,13,1,0,
"2026-04-02 12:00",487,"53.242",77,61,293,84,14,0,0,
"2026-04-03 00:00",593,"54.003",79,62,381,117,19,0,0,
"2026-04-03 12:00",454,"52.394",74,60,273,66,4,0,0,
"2026-04-04 00:00",312,"53.115",76,62,194,55,7,0,0,
"2026-04-04 12:00",396,"51.323",78,61,226,60,6,0,0,
"2026-04-05 00:00",187,"50.941",80,59,92,22,2,0,0,
"2026-04-05 12:00",403,"50.958",75,60,221,54,4,0,0,
"2026-04-06 00:00",199,"52.206",76,61,111,30,3,0,0,
"2026-04-06 12:00",397,"51.259",72,59,216,49,3,0,0,
"2026-04-07 00:00",611,"53.895",76,62,414,116,11,0,0,
"2026-04-07 12:00",468,"51.624",76,61,259,76,8,0,0,
"2026-04-08 00:00",587,"53.91",79,62,410,113,19,0,0,
"2026-04-08 12:00",476,"52.046",79,60,277,69,5,0,0,
"2026-04-09 00:00",623,"52.904",75,61,394,99,11,0,0,
"2026-04-09 12:00",495,"51.523",78,59,296,61,5,0,0,
"2026-04-10 00:00",607,"53.699",77,62,404,116,12,0,0,
"2026-04-10 12:00",498,"52.46",78,61,303,90,9,0,0,
"2026-04-11 00:00",339,"52.608",84,62,216,66,9,1,0,
"2026-04-11 12:00",442,"51.722",81,60,265,55,2,1,0,
"2026-04-12 00:00",211,"52.512",78,60,135,30,5,0,0,
"2026-04-12 12:00",404,"51.8",78,60,224,55,4,0,0,
"2026-04-13 00:00",626,"53.3",76,60,421,91,10,0,0,
"2026-04-13 12:00",437,"51.856",81,60,253,60,5,1,0,
"2026-04-14 00:00",582,"52.936",72,60,362,82,4,0,0,
"2026-04-14 12:00",456,"52.145",99,60,267,63,4,2,1,
"2026-04-15 00:00",594,"53.581",82,62,384,106,12,1,0,
"2026-04-15 12:00",513,"52.187",80,60,297,62,7,0,0,
"2026-04-16 00:00",600,"53.097",81,60,399,84,7,1,0,
"2026-04-16 12:00",514,"51.064",80,59,267,61,6,0,0,
"2026-04-17 00:00",601,"53.476",79,62,398,103,13,0,0,
"2026-04-17 12:00",505,"52.996",82,60,309,74,9,1,0,
"2026-04-18 00:00",364,"51.813",75,60,211,47,3,0,0,
"2026-04-18 12:00",448,"51.268",76,60,241,62,5,0,0,
"2026-04-19 00:00",225,"50.889",77,60,115,31,4,0,0,
"2026-04-19 12:00",377,"51.223",81,61,204,59,9,1,0,
"2026-04-20 00:00",604,"54.076",75,61,408,111,10,0,0,
"2026-04-20 12:00",401,"49.052",72,59,211,40,2,0,0,
"2026-04-21 00:00",601,"53.938",80,61,401,109,9,0,0,
"2026-04-21 12:00",428,"52.685",76,62,259,77,9,0,0,
"2026-04-22 00:00",594,"54.586",83,63,428,126,16,2,0,
"2026-04-22 12:00",498,"52.757",82,61,307,78,8,1,0,
"2026-04-23 00:00",615,"52.779",82,62,396,111,16,1,0,
"2026-04-23 12:00",508,"51.756",79,60,278,74,5,0,0,
"2026-04-24 00:00",606,"54.381",85,62,426,119,20,1,0,
"2026-04-24 12:00",527,"50.966",75,60,279,69,10,0,0,
"2026-04-25 00:00",371,"53.092",83,61,236,61,7,1,0,
"2026-04-25 12:00",363,"51.529",77,61,216,58,5,0,0,
"2026-04-26 00:00",231,"52.286",84,60,141,33,7,3,0,
"2026-04-26 12:00",269,"50.498",75,59,143,33,1,0,0,
"2026-04-27 00:00",209,"52.646",79,62,126,44,4,0,0,
"2026-04-27 12:00",282,"50.652",74,60,142,41,6,0,0,
"2026-04-28 00:00",442,"52.914",84,61,267,77,9,1,0,
"2026-04-28 12:00",434,"51.244",79,59,239,51,8,0,0,
"2026-04-29 00:00",386,"52.606",79,61,240,60,7,0,0,
"2026-04-29 12:00",336,"48.926",71,59,156,35,1,0,0,
"2026-04-30 00:00",425,"52.612",78,62,257,79,8,0,0,
"2026-04-30 12:00",423,"52.688",73,61,264,73,8,0,0,
"2026-05-01 00:00",187,"50.663",74,60,98,27,6,0,0,
"2026-05-01 12:00",294,"50.422",74,59,152,37,6,0,0,
"2026-05-02 00:00",196,"52.679",78,61,122,32,4,0,0,
"2026-05-02 12:00",277,"49.989",78,60,137,34,8,0,0,
"2026-05-03 00:00",195,"52.318",73,61,118,35,4,0,0,
"2026-05-03 12:00",337,"49.576",82,59,169,37,2,1,0,
"2026-05-04 00:00",609,"53.494",77,61,404,105,9,0,0,
"2026-05-04 12:00",493,"50.694",79,60,251,59,7,0,0,
"2026-05-05 00:00",612,"53.361",78,62,390,113,15,0,0,
"2026-05-05 12:00",449,"52.325",79,61,260,72,6,0,0,
"2026-05-06 00:00",586,"52.425",78,61,366,94,9,0,0,
"2026-05-06 12:00",452,"50.033",75,60,252,61,6,0,0,
"2026-05-07 00:00",604,"52.934",77,61,377,97,4,0,0,
"2026-05-07 12:00",479,"51.537",75,60,253,71,7,0,0,
"2026-05-08 00:00",658,"53.585",81,62,439,113,17,1,0,
"2026-05-08 12:00",509,"51.132",77,60,270,68,5,0,0,
"2026-05-09 00:00",376,"52.697",80,62,233,74,11,0,0,
"2026-05-09 12:00",444,"51.248",81,60,236,61,5,1,0,
"2026-05-10 00:00",249,"50.217",79,61,127,40,7,0,0,
"2026-05-10 12:00",372,"51.478",77,60,192,55,10,0,0,
"2026-05-11 00:00",598,"53.967",82,61,402,100,13,2,0,
"2026-05-11 12:00",508,"41.691",76,58,177,47,6,0,0,
"2026-05-12 00:00",578,"43.941",72,59,258,70,3,0,0,
"2026-05-12 12:00",438,"50.911",78,62,254,75,11,0,0,
"2026-05-13 00:00",563,"53.121",84,62,381,100,11,2,0,
"2026-05-13 12:00",507,"52.665",90,60,307,75,12,1,0,
"2026-05-14 00:00",590,"53.6",83,61,387,100,14,1,0,
"2026-05-14 12:00",414,"34.326",79,53,86,16,2,0,0,
"2026-05-15 00:00",596,"52.478",79,62,371,106,15,0,0,
"2026-05-15 12:00",464,"41.084",75,56,156,30,1,0,0,
"2026-05-16 00:00",318,"54.274",76,63,207,77,7,0,0,
"2026-05-16 12:00",426,"53.021",75,61,276,65,7,0,0,
"2026-05-17 00:00",227,"51.502",73,60,127,30,5,0,0,
"2026-05-17 12:00",393,"50.86",76,59,204,46,3,0,0,
"2026-05-18 00:00",596,"53.951",82,62,399,110,12,1,0,
"2026-05-18 12:00",421,"50.539",82,58,198,45,3,1,0,
"2026-05-19 00:00",611,"53.133",73,61,395,109,7,0,0,
"2026-05-19 12:00",485,"52.697",78,61,312,75,7,0,0,
"2026-05-20 00:00",598,"53.625",86,61,403,105,19,1,0,
"2026-05-20 12:00",507,"51.895",78,60,275,75,9,0,0,
"2026-05-21 00:00",608,"52.59",82,60,369,90,11,1,0,
"2026-05-21 12:00",512,"51.057",79,60,270,65,9,0,0,
"2026-05-22 00:00",613,"52.163",79,60,362,88,9,0,0,
"2026-05-22 12:00",539,"51.887",79,60,315,68,8,0,0,
"2026-05-23 00:00",377,"51.883",85,60,208,53,9,1,0,
"2026-05-23 12:00",420,"51.81",77,60,237,61,9,0,0,
"2026-05-24 00:00",269,"52.301",76,61,166,46,9,0,0,
"2026-05-24 12:00",393,"49.86",78,59,187,46,6,0,0,
"2026-05-25 00:00",613,"53.057",79,61,385,95,10,0,0,
"2026-05-25 12:00",482,"51.475",79,59,266,56,6,0,0,
"2026-05-26 00:00",635,"52.898",81,61,402,97,10,1,0,
"2026-05-26 12:00",501,"52.401",75,60,292,74,8,0,0,
"2026-05-27 00:00",573,"53.372",89,62,352,114,17,1,0,
"2026-05-27 12:00",469,"52.186",81,60,272,69,7,1,0,
"2026-05-28 00:00",625,"52.904",83,61,385,102,6,1,0,
"2026-05-28 12:00",485,"51.955",87,60,275,67,7,1,0,
"2026-05-29 00:00",584,"53.178",79,61,367,98,12,0,0,
"2026-05-29 12:00",548,"52.007",88,60,317,70,6,2,0,
"2026-05-30 00:00",410,"52.68",75,60,256,57,5,0,0,
"2026-05-30 12:00",393,"51.486",79,60,219,44,3,0,0,
"2026-05-31 00:00",215,"51.302",79,60,127,28,7,0,0,
"2026-05-31 12:00",364,"49.918",74,60,188,46,3,0,0,
"2026-06-01 00:00",566,"52.615",77,60,358,79,7,0,0,
"2026-06-01 12:00",420,"52.269",78,61,240,68,8,0,0,
"2026-06-02 00:00",593,"53.59",76,61,389,103,11,0,0,
"2026-06-02 12:00",454,"52.077",81,61,262,72,12,1,0,
"2026-06-03 00:00",428,"34.97",72,52,78,12,1,0,0,
"2026-06-03 12:00",445,"53.211",76,61,278,73,6,0,0,
"2026-06-04 00:00",587,"52.896",80,60,367,81,9,0,0,
"2026-06-04 12:00",530,"51.591",87,61,295,82,6,2,0,
"2026-06-05 00:00",556,"51.635",78,60,312,77,3,0,0,
"2026-06-05 12:00",432,"49.667",85,58,216,43,5,1,0,
"2026-06-06 00:00",359,"52.919",75,62,220,68,3,0,0,
"2026-06-06 12:00",422,"52.066",80,60,253,63,8,0,0,
"2026-06-07 00:00",243,"50.741",80,60,128,34,8,0,0,
"2026-06-07 12:00",371,"50.76",74,59,189,38,4,0,0,
"2026-06-08 00:00",569,"53.566",82,61,371,99,14,1,0,
"2026-06-08 12:00",470,"50.389",85,59,242,56,5,1,0,
"2026-06-09 00:00",581,"53.002",85,61,365,95,8,1,0,
"2026-06-09 12:00",460,"51.309",73,60,261,66,3,0,0,
"2026-06-10 00:00",516,"50.205",76,60,272,65,8,0,0,
"2026-06-10 12:00",499,"47.351",84,59,239,51,12,2,0,
"2026-06-11 00:00",572,"53.446",81,61,373,96,13,2,0,
"2026-06-11 12:00",482,"51.917",79,61,268,73,9,0,0,
"2026-06-12 00:00",581,"54.59",84,63,412,112,14,1,0,
"2026-06-12 12:00",504,"51.968",76,60,284,71,8,0,0,
"2026-06-13 00:00",340,"52.485",75,61,204,59,6,0,0,
"2026-06-13 12:00",387,"51.202",78,60,221,54,9,0,0,
"2026-06-14 00:00",214,"50.64",82,60,118,30,4,2,0,
"2026-06-14 12:00",359,"51.298",77,60,201,44,2,0,0,
"2026-06-15 00:00",584,"53.021",78,61,380,102,10,0,0,
"2026-06-15 12:00",426,"52.838",86,62,255,80,12,1,0,
"2026-06-16 00:00",599,"52.768",79,60,385,87,12,0,0,
"2026-06-16 12:00",479,"51.359",76,59,272,55,5,0,0,
"2026-06-17 00:00",580,"52.719",76,61,368,88,11,0,0,
"2026-06-17 12:00",476,"51.468",81,60,258,58,7,1,0,
"2026-06-18 00:00",593,"52.646",80,61,355,100,13,0,0,
"2026-06-18 12:00",475,"51.135",75,59,258,53,4,0,0,
"2026-06-19 00:00",570,"53.111",83,62,353,105,9,1,0,
"2026-06-19 12:00",531,"51.876",78,60,306,75,3,0,0,
"2026-06-20 00:00",364,"52.223",80,60,209,47,8,0,0,
"2026-06-20 12:00",367,"51.447",78,60,216,50,7,0,0,
"2026-06-21 00:00",222,"51.545",76,61,127,39,3,0,0,
"2026-06-21 12:00",302,"50.381",77,58,151,32,5,0,0,
"2026-06-22 00:00",569,"52.13",74,60,320,81,9,0,0,
"2026-06-22 12:00",419,"52.193",77,60,249,60,4,0,0,
"2026-06-23 00:00",524,"52.788",78,61,319,83,11,0,0,
"2026-06-23 12:00",425,"52.127",73,61,243,65,4,0,0,
"2026-06-24 00:00",549,"52.805",76,60,342,80,8,0,0,
"2026-06-24 12:00",445,"52.483",82,61,260,72,10,1,0,
"2026-06-25 00:00",244,"52.381",78,61,148,41,1,0,0,
"2026-06-25 12:00",280,"52.65",77,60,167,39,4,0,0,
"2026-06-26 00:00",402,"52.294",81,61,231,63,12,1,0,
"2026-06-26 12:00",342,"51.535",74,60,186,50,5,0,0,
"2026-06-27 00:00",273,"51.897",73,60,170,39,1,0,0,
"2026-06-27 12:00",356,"51.632",79,60,204,52,6,0,0,
"2026-06-28 00:00",165,"50.909",76,59,96,20,6,0,0,
"2026-06-28 12:00",277,"52.166",75,60,159,38,3,0,0,
"2026-06-29 00:00",560,"52.252",79,60,335,75,5,0,0,
"2026-06-29 12:00",427,"50.482",80,59,225,50,8,0,0,
"2026-06-30 00:00",565,"52.43",78,61,329,85,8,0,0,
"2026-06-30 12:00",417,"51.254",78,60,231,52,4,0,0,
"2026-07-01 00:00",191,"52.429",71,60,107,28,1,0,0,
"2026-07-01 12:00",414,"52.809",78,61,251,62,6,0,0,
"2026-07-02 00:00",549,"52.663",78,61,340,87,6,0,0,
"2026-07-02 12:00",454,"52.244",81,62,263,78,8,1,0,
"2026-07-03 00:00",511,"53.27",80,62,322,95,10,0,0,
"2026-07-03 12:00",463,"52.862",82,61,294,82,7,1,0,
"2026-07-04 00:00",302,"52.063",79,60,165,43,6,0,0,
"2026-07-04 12:00",376,"51.309",80,59,203,44,4,0,0,
"2026-07-05 00:00",209,"50.402",71,60,118,31,1,0,0,
"2026-07-05 12:00",299,"50.144",74,59,151,33,1,0,0,
"2026-07-06 00:00",562,"52.418",81,60,341,74,10,1,0,
"2026-07-06 12:00",386,"51.987",75,60,220,54,5,0,0,
"2026-07-07 00:00",575,"53.318",82,61,366,105,12,1,0,
"2026-07-07 12:00",427,"50.965",81,59,232,49,6,1,0,
"2026-07-08 00:00",515,"52.526",77,61,313,80,6,0,0,
"2026-07-08 12:00",470,"51.581",80,60,258,65,8,0,0,
"2026-07-09 00:00",527,"53.454",82,61,337,85,8,1,0,
"2026-07-09 12:00",425,"51.459",80,60,228,53,7,0,0,
"2026-07-10 00:00",529,"52.399",77,60,315,77,4,0,0,
"2026-07-10 12:00",444,"51.212",77,58,234,47,6,0,0,
"2026-07-11 00:00",306,"50.83",80,60,156,37,4,0,0,
"2026-07-11 12:00",361,"49.116",76,60,177,45,3,0,0,
"2026-07-12 00:00",191,"50.105",78,60,100,26,3,0,0,
"2026-07-12 12:00",306,"51.99",75,61,175,46,5,0,0,
"2026-07-13 00:00",549,"52.876",78,61,334,85,11,0,0,
"2026-07-13 12:00",393,"52.399",77,61,230,67,7,0,0,
"2026-07-14 00:00",537,"52.905",77,61,340,87,9,0,0,
"2026-07-14 12:00",383,"49.473",78,60,198,51,12,0,0,
"2026-07-15 00:00",528,"52.85",76,61,341,85,8,0,0,
"2026-07-15 12:00",458,"50.365",77,60,262,60,7,0,0,
"2026-07-16 00:00",541,"52.795",78,60,334,78,6,0,0,
"2026-07-16 12:00",425,"52.042",74,60,254,53,5,0,0,
"2026-07-17 00:00",500,"52.166",81,59,301,62,12,1,0,
"2026-07-17 12:00",408,"51.598",79,61,233,62,12,0,0,
"2026-07-18 00:00",302,"52.209",73,60,177,43,5,0,0,
"2026-07-18 12:00",333,"47.381",71,59,170,32,1,0,0,
"2026-07-19 00:00",210,"50.086",74,58,111,18,3,0,0,
"2026-07-19 12:00",309,"52.107",75,60,179,45,5,0,0,
"2026-07-20 00:00",551,"52.715",79,61,340,87,8,0,0,
"2026-07-20 12:00",440,"51.5",84,59,233,54,9,1,0,
"2026-07-21 00:00",560,"51.554",79,60,334,74,7,0,0,
"2026-07-21 12:00",416,"52.502",76,60,249,57,3,0,0,
"2026-07-22 00:00",513,"53.879",81,62,355,94,16,1,0,
"2026-07-22 12:00",465,"52.241",79,61,268,75,12,0,0,
"2026-07-23 00:00",506,"52.464",79,60,313,71,10,0,0,
"2026-07-23 12:00",397,"49.703",76,59,213,42,5,0,0,
"2026-07-24 00:00",513,"52.035",77,59,296,62,9,0,0,
"2026-07-24 12:00",492,"51.648",86,60,274,67,7,1,0,
"2026-07-25 00:00",312,"51.792",81,60,187,46,7,1,0,
"2026-07-25 12:00",347,"51.493",78,60,185,52,9,0,0,
"2026-07-26 00:00",150,"51.513",72,60,86,22,1,0,0,
"2026-07-26 12:00",0,,,,0,0,0,0,0,
"2026-07-27 00:00",221,"50.005",74,59,99,29,4,0,0,
"2026-07-27 12:00",359,"52.008",81,61,204,54,8,1,0,
"2026-07-28 00:00",474,"51.795",81,60,277,68,8,1,0,
"2026-07-28 12:00",391,"51.179",82,60,209,51,7,1,0,
"2026-07-29 00:00",486,"52.92",82,61,298,73,10,1,0,
"2026-07-29 12:00",378,"52.783",82,62,232,68,10,2,0,
"2026-07-30 00:00",459,"52.708",82,62,263,80,13,2,0,
"2026-07-30 12:00",372,"52.481",75,60,219,55,5,0,0,
"2026-07-31 00:00",452,"52.967",73,61,290,74,3,0,0,
"2026-07-31 12:00",385,"52.538",80,60,235,53,4,0,0,
"2026-08-01 00:00",232,"52.353",81,61,137,37,5,1,0,
"2026-08-01 12:00",333,"51.204",78,60,178,41,5,0,0,
"2026-08-02 00:00",196,"50.153",72,59,99,24,2,0,0,
"2026-08-02 12:00",273,"51.311",81,59,149,34,3,1,0,
"2026-08-03 00:00",488,"52.398",80,60,295,71,16,0,0,
"2026-08-03 12:00",405,"52.195",82,59,235,49,5,1,0,
"2026-08-04 00:00",519,"52.528",75,60,336,71,4,0,0,
"2026-08-04 12:00",396,"51.583",75,61,217,62,2,0,0,
"2026-08-05 00:00",469,"52.377",76,60,279,70,10,0,0,
"2026-08-05 12:00",84,"51.786",72,60,44,12,2,0,0,
