"Čas per 12 hours","Smer (1 = v, 0 = iz)","Tip vozil","Št. vseh vozil"
"2023-08-03 12:00",0,"Osebni avtomobil",572
"2023-08-03 12:00",0,"Kombinirano vozilo",21
"2023-08-03 12:00",0,"Težje tovorno vozilo",14
"2023-08-03 12:00",1,"Osebni avtomobil",330
"2023-08-03 12:00",1,"Kombinirano vozilo",20
"2023-08-03 12:00",1,"Težje tovorno vozilo",5
"2023-08-03 12:00",1,"Nerazpoznana vozila",1
"2023-08-04 00:00",1,"Osebni avtomobil",380
"2023-08-04 00:00",1,"Kombinirano vozilo",32
"2023-08-04 00:00",1,"Težje tovorno vozilo",16
"2023-08-04 00:00",1,"Tovorno vozilo s prikolico",2
"2023-08-04 00:00",0,"Osebni avtomobil",119
"2023-08-04 00:00",0,"Težje tovorno vozilo",8
"2023-08-04 00:00",0,"Kombinirano vozilo",7
"2023-08-04 12:00",1,"Osebni avtomobil",343
"2023-08-04 12:00",1,"Kombinirano vozilo",31
"2023-08-04 12:00",1,"Težje tovorno vozilo",18
"2023-08-04 12:00",1,"Tovorno vozilo s prikolico",2
"2023-08-04 12:00",0,"Osebni avtomobil",286
"2023-08-04 12:00",0,"Težje tovorno vozilo",12
"2023-08-04 12:00",0,"Kombinirano vozilo",8
"2023-08-05 00:00",1,"Osebni avtomobil",236
"2023-08-05 00:00",1,"Kombinirano vozilo",7
"2023-08-05 00:00",1,"Težje tovorno vozilo",3
"2023-08-05 00:00",0,"Osebni avtomobil",94
"2023-08-05 00:00",0,"Kombinirano vozilo",8
"2023-08-05 00:00",0,"Težje tovorno vozilo",4
"2023-08-05 12:00",0,"Osebni avtomobil",335
"2023-08-05 12:00",0,"Kombinirano vozilo",9
"2023-08-05 12:00",0,"Težje tovorno vozilo",5
"2023-08-05 12:00",1,"Osebni avtomobil",325
"2023-08-05 12:00",1,"Kombinirano vozilo",8
"2023-08-05 12:00",1,"Težje tovorno vozilo",5
"2023-08-05 12:00",1,"Tovorno vozilo s prikolico",1
"2023-08-06 00:00",1,"Osebni avtomobil",189
"2023-08-06 00:00",1,"Kombinirano vozilo",10
"2023-08-06 00:00",1,"Težje tovorno vozilo",5
"2023-08-06 00:00",0,"Osebni avtomobil",105
"2023-08-06 00:00",0,"Kombinirano vozilo",3
"2023-08-06 00:00",0,"Težje tovorno vozilo",2
"2023-08-06 12:00",0,"Osebni avtomobil",339
"2023-08-06 12:00",0,"Kombinirano vozilo",16
"2023-08-06 12:00",0,"Težje tovorno vozilo",2
"2023-08-06 12:00",1,"Osebni avtomobil",270
"2023-08-06 12:00",1,"Kombinirano vozilo",8
"2023-08-06 12:00",1,"Težje tovorno vozilo",4
"2023-08-06 12:00",1,"Tovorno vozilo s prikolico",1
"2023-08-07 00:00",1,"Osebni avtomobil",507
"2023-08-07 00:00",1,"Kombinirano vozilo",24
"2023-08-07 00:00",1,"Težje tovorno vozilo",7
"2023-08-07 00:00",1,"Tovorno vozilo s prikolico",1
"2023-08-07 00:00",0,"Osebni avtomobil",212
"2023-08-07 00:00",0,"Kombinirano vozilo",19
"2023-08-07 00:00",0,"Težje tovorno vozilo",9
"2023-08-07 00:00",0,"Tovorno vozilo s prikolico",1
"2023-08-07 12:00",0,"Osebni avtomobil",645
"2023-08-07 12:00",0,"Kombinirano vozilo",48
"2023-08-07 12:00",0,"Težje tovorno vozilo",15
"2023-08-07 12:00",1,"Osebni avtomobil",457
"2023-08-07 12:00",1,"Kombinirano vozilo",22
"2023-08-07 12:00",1,"Težje tovorno vozilo",4
"2023-08-08 00:00",1,"Osebni avtomobil",502
"2023-08-08 00:00",1,"Kombinirano vozilo",24
"2023-08-08 00:00",1,"Težje tovorno vozilo",6
"2023-08-08 00:00",1,"Tovorno vozilo s prikolico",1
"2023-08-08 00:00",0,"Osebni avtomobil",199
"2023-08-08 00:00",0,"Kombinirano vozilo",23
"2023-08-08 00:00",0,"Težje tovorno vozilo",10
"2023-08-08 00:00",0,"Tovorno vozilo s prikolico",1
"2023-08-08 12:00",0,"Osebni avtomobil",682
"2023-08-08 12:00",0,"Kombinirano vozilo",48
"2023-08-08 12:00",0,"Težje tovorno vozilo",14
"2023-08-08 12:00",1,"Osebni avtomobil",448
"2023-08-08 12:00",1,"Kombinirano vozilo",26
"2023-08-08 12:00",1,"Težje tovorno vozilo",8
"2023-08-09 00:00",1,"Osebni avtomobil",509
"2023-08-09 00:00",1,"Kombinirano vozilo",33
"2023-08-09 00:00",1,"Težje tovorno vozilo",8
"2023-08-09 00:00",1,"Tovorno vozilo s prikolico",1
"2023-08-09 00:00",0,"Osebni avtomobil",190
"2023-08-09 00:00",0,"Kombinirano vozilo",22
"2023-08-09 00:00",0,"Težje tovorno vozilo",9
"2023-08-09 12:00",0,"Osebni avtomobil",684
"2023-08-09 12:00",0,"Kombinirano vozilo",46
"2023-08-09 12:00",0,"Težje tovorno vozilo",10
"2023-08-09 12:00",1,"Osebni avtomobil",462
"2023-08-09 12:00",1,"Kombinirano vozilo",31
"2023-08-09 12:00",1,"Težje tovorno vozilo",6
"2023-08-10 00:00",1,"Osebni avtomobil",502
"2023-08-10 00:00",1,"Kombinirano vozilo",32
"2023-08-10 00:00",1,"Težje tovorno vozilo",16
"2023-08-10 00:00",1,"Tovorno vozilo s prikolico",1
"2023-08-10 00:00",0,"Osebni avtomobil",239
"2023-08-10 00:00",0,"Kombinirano vozilo",16
"2023-08-10 00:00",0,"Težje tovorno vozilo",14
"2023-08-10 00:00",0,"Tovorno vozilo s prikolico",2
"2023-08-10 12:00",0,"Osebni avtomobil",721
"2023-08-10 12:00",0,"Kombinirano vozilo",51
"2023-08-10 12:00",0,"Težje tovorno vozilo",14
"2023-08-10 12:00",1,"Osebni avtomobil",491
"2023-08-10 12:00",1,"Kombinirano vozilo",26
"2023-08-10 12:00",1,"Težje tovorno vozilo",4
"2023-08-10 12:00",1,"Tovorno vozilo s prikolico",1
"2023-08-11 00:00",1,"Osebni avtomobil",495
"2023-08-11 00:00",1,"Kombinirano vozilo",40
"2023-08-11 00:00",1,"Težje tovorno vozilo",4
"2023-08-11 00:00",1,"Tovorno vozilo s prikolico",1
"2023-08-11 00:00",0,"Osebni avtomobil",220
"2023-08-11 00:00",0,"Kombinirano vozilo",28
"2023-08-11 00:00",0,"Težje tovorno vozilo",8
"2023-08-11 12:00",0,"Osebni avtomobil",677
"2023-08-11 12:00",0,"Kombinirano vozilo",39
"2023-08-11 12:00",0,"Težje tovorno vozilo",11
"2023-08-11 12:00",0,"Tovorno vozilo s prikolico",1
"2023-08-11 12:00",1,"Osebni avtomobil",478
"2023-08-11 12:00",1,"Kombinirano vozilo",29
"2023-08-11 12:00",1,"Težje tovorno vozilo",7
"2023-08-12 00:00",1,"Osebni avtomobil",333
"2023-08-12 00:00",1,"Kombinirano vozilo",17
"2023-08-12 00:00",1,"Težje tovorno vozilo",8
"2023-08-12 00:00",0,"Osebni avtomobil",206
"2023-08-12 00:00",0,"Kombinirano vozilo",17
"2023-08-12 00:00",0,"Težje tovorno vozilo",9
"2023-08-12 12:00",0,"Osebni avtomobil",502
"2023-08-12 12:00",0,"Kombinirano vozilo",26
"2023-08-12 12:00",0,"Težje tovorno vozilo",6
"2023-08-12 12:00",1,"Osebni avtomobil",396
"2023-08-12 12:00",1,"Kombinirano vozilo",14
"2023-08-12 12:00",1,"Težje tovorno vozilo",3
"2023-08-13 00:00",1,"Osebni avtomobil",228
"2023-08-13 00:00",1,"Kombinirano vozilo",8
"2023-08-13 00:00",1,"Težje tovorno vozilo",2
"2023-08-13 00:00",0,"Osebni avtomobil",148
"2023-08-13 00:00",0,"Kombinirano vozilo",5
"2023-08-13 00:00",0,"Težje tovorno vozilo",1
"2023-08-13 12:00",0,"Osebni avtomobil",404
"2023-08-13 12:00",0,"Kombinirano vozilo",20
"2023-08-13 12:00",0,"Težje tovorno vozilo",4
"2023-08-13 12:00",1,"Osebni avtomobil",351
"2023-08-13 12:00",1,"Kombinirano vozilo",11
"2023-08-14 00:00",1,"Osebni avtomobil",290
"2023-08-14 00:00",1,"Kombinirano vozilo",17
"2023-08-14 00:00",1,"Težje tovorno vozilo",5
"2023-08-14 00:00",0,"Osebni avtomobil",192
"2023-08-14 00:00",0,"Kombinirano vozilo",18
"2023-08-14 00:00",0,"Težje tovorno vozilo",8
"2023-08-14 12:00",0,"Osebni avtomobil",450
"2023-08-14 12:00",0,"Kombinirano vozilo",30
"2023-08-14 12:00",0,"Težje tovorno vozilo",16
"2023-08-14 12:00",0,"Tovorno vozilo s prikolico",1
"2023-08-14 12:00",1,"Osebni avtomobil",382
"2023-08-14 12:00",1,"Kombinirano vozilo",15
"2023-08-14 12:00",1,"Težje tovorno vozilo",7
"2023-08-15 00:00",1,"Osebni avtomobil",259
"2023-08-15 00:00",1,"Kombinirano vozilo",9
"2023-08-15 00:00",1,"Težje tovorno vozilo",2
"2023-08-15 00:00",0,"Osebni avtomobil",160
"2023-08-15 00:00",0,"Kombinirano vozilo",10
"2023-08-15 00:00",0,"Težje tovorno vozilo",1
"2023-08-15 12:00",0,"Osebni avtomobil",475
"2023-08-15 12:00",0,"Kombinirano vozilo",24
"2023-08-15 12:00",0,"Težje tovorno vozilo",8
"2023-08-15 12:00",1,"Osebni avtomobil",369
"2023-08-15 12:00",1,"Kombinirano vozilo",8
"2023-08-15 12:00",1,"Težje tovorno vozilo",1
"2023-08-16 00:00",1,"Osebni avtomobil",546
"2023-08-16 00:00",1,"Kombinirano vozilo",39
"2023-08-16 00:00",1,"Težje tovorno vozilo",13
"2023-08-16 00:00",1,"Tovorno vozilo s prikolico",1
"2023-08-16 00:00",0,"Osebni avtomobil",199
"2023-08-16 00:00",0,"Kombinirano vozilo",32
"2023-08-16 00:00",0,"Težje tovorno vozilo",14
"2023-08-16 12:00",0,"Osebni avtomobil",616
"2023-08-16 12:00",0,"Kombinirano vozilo",33
"2023-08-16 12:00",0,"Težje tovorno vozilo",16
"2023-08-16 12:00",0,"Tovorno vozilo s prikolico",1
"2023-08-16 12:00",1,"Osebni avtomobil",385
"2023-08-16 12:00",1,"Kombinirano vozilo",26
"2023-08-16 12:00",1,"Težje tovorno vozilo",5
"2023-08-16 12:00",1,"Tovorno vozilo s prikolico",1
"2023-08-17 00:00",1,"Osebni avtomobil",541
"2023-08-17 00:00",1,"Kombinirano vozilo",38
"2023-08-17 00:00",1,"Težje tovorno vozilo",10
"2023-08-17 00:00",1,"Tovorno vozilo s prikolico",1
"2023-08-17 00:00",0,"Osebni avtomobil",190
"2023-08-17 00:00",0,"Kombinirano vozilo",20
"2023-08-17 00:00",0,"Težje tovorno vozilo",16
"2023-08-17 12:00",0,"Osebni avtomobil",669
"2023-08-17 12:00",0,"Kombinirano vozilo",40
"2023-08-17 12:00",0,"Težje tovorno vozilo",15
"2023-08-17 12:00",0,"Tovorno vozilo s prikolico",2
"2023-08-17 12:00",1,"Osebni avtomobil",449
"2023-08-17 12:00",1,"Kombinirano vozilo",20
"2023-08-17 12:00",1,"Težje tovorno vozilo",7
"2023-08-18 00:00",1,"Osebni avtomobil",542
"2023-08-18 00:00",1,"Kombinirano vozilo",34
"2023-08-18 00:00",1,"Težje tovorno vozilo",8
"2023-08-18 00:00",1,"Tovorno vozilo s prikolico",1
"2023-08-18 00:00",0,"Osebni avtomobil",208
"2023-08-18 00:00",0,"Kombinirano vozilo",31
"2023-08-18 00:00",0,"Težje tovorno vozilo",9
"2023-08-18 00:00",0,"Tovorno vozilo s prikolico",1
"2023-08-18 12:00",0,"Osebni avtomobil",685
"2023-08-18 12:00",0,"Kombinirano vozilo",51
"2023-08-18 12:00",0,"Težje tovorno vozilo",15
"2023-08-18 12:00",0,"Tovorno vozilo s prikolico",1
"2023-08-18 12:00",1,"Osebni avtomobil",486
"2023-08-18 12:00",1,"Kombinirano vozilo",38
"2023-08-18 12:00",1,"Težje tovorno vozilo",3
"2023-08-19 00:00",1,"Osebni avtomobil",373
"2023-08-19 00:00",1,"Kombinirano vozilo",21
"2023-08-19 00:00",1,"Težje tovorno vozilo",4
"2023-08-19 00:00",0,"Osebni avtomobil",254
"2023-08-19 00:00",0,"Kombinirano vozilo",15
"2023-08-19 00:00",0,"Težje tovorno vozilo",5
"2023-08-19 12:00",0,"Osebni avtomobil",547
"2023-08-19 12:00",0,"Kombinirano vozilo",33
"2023-08-19 12:00",0,"Težje tovorno vozilo",6
"2023-08-19 12:00",1,"Osebni avtomobil",453
"2023-08-19 12:00",1,"Kombinirano vozilo",13
"2023-08-19 12:00",1,"Težje tovorno vozilo",2
"2023-08-20 00:00",1,"Osebni avtomobil",243
"2023-08-20 00:00",1,"Kombinirano vozilo",8
"2023-08-20 00:00",1,"Težje tovorno vozilo",1
"2023-08-20 00:00",0,"Osebni avtomobil",232
"2023-08-20 00:00",0,"Kombinirano vozilo",8
"2023-08-20 00:00",0,"Težje tovorno vozilo",2
"2023-08-20 12:00",0,"Osebni avtomobil",469
"2023-08-20 12:00",0,"Kombinirano vozilo",21
"2023-08-20 12:00",0,"Težje tovorno vozilo",7
"2023-08-20 12:00",1,"Osebni avtomobil",388
"2023-08-20 12:00",1,"Kombinirano vozilo",10
"2023-08-20 12:00",1,"Težje tovorno vozilo",1
"2023-08-21 00:00",1,"Osebni avtomobil",531
"2023-08-21 00:00",1,"Kombinirano vozilo",32
"2023-08-21 00:00",1,"Težje tovorno vozilo",12
"2023-08-21 00:00",1,"Tovorno vozilo s prikolico",2
"2023-08-21 00:00",0,"Osebni avtomobil",214
"2023-08-21 00:00",0,"Kombinirano vozilo",24
"2023-08-21 00:00",0,"Težje tovorno vozilo",21
"2023-08-21 00:00",0,"Tovorno vozilo s prikolico",3
"2023-08-21 12:00",0,"Osebni avtomobil",738
"2023-08-21 12:00",0,"Kombinirano vozilo",53
"2023-08-21 12:00",0,"Težje tovorno vozilo",28
"2023-08-21 12:00",1,"Osebni avtomobil",459
"2023-08-21 12:00",1,"Kombinirano vozilo",39
"2023-08-21 12:00",1,"Težje tovorno vozilo",14
"2023-08-22 00:00",1,"Osebni avtomobil",564
"2023-08-22 00:00",1,"Kombinirano vozilo",40
"2023-08-22 00:00",1,"Težje tovorno vozilo",19
"2023-08-22 00:00",1,"Tovorno vozilo s prikolico",2
"2023-08-22 00:00",0,"Osebni avtomobil",228
"2023-08-22 00:00",0,"Težje tovorno vozilo",33
"2023-08-22 00:00",0,"Kombinirano vozilo",21
"2023-08-22 00:00",0,"Tovorno vozilo s prikolico",3
"2023-08-22 12:00",0,"Osebni avtomobil",739
"2023-08-22 12:00",0,"Kombinirano vozilo",48
"2023-08-22 12:00",0,"Težje tovorno vozilo",39
"2023-08-22 12:00",1,"Osebni avtomobil",454
"2023-08-22 12:00",1,"Kombinirano vozilo",54
"2023-08-22 12:00",1,"Težje tovorno vozilo",16
"2023-08-23 00:00",1,"Osebni avtomobil",581
"2023-08-23 00:00",1,"Kombinirano vozilo",28
"2023-08-23 00:00",1,"Težje tovorno vozilo",7
"2023-08-23 00:00",0,"Osebni avtomobil",214
"2023-08-23 00:00",0,"Kombinirano vozilo",34
"2023-08-23 00:00",0,"Težje tovorno vozilo",13
"2023-08-23 00:00",0,"Tovorno vozilo s prikolico",1
"2023-08-23 12:00",0,"Osebni avtomobil",726
"2023-08-23 12:00",0,"Kombinirano vozilo",47
"2023-08-23 12:00",0,"Težje tovorno vozilo",11
"2023-08-23 12:00",1,"Osebni avtomobil",483
"2023-08-23 12:00",1,"Kombinirano vozilo",32
"2023-08-23 12:00",1,"Težje tovorno vozilo",3
"2023-08-24 00:00",1,"Osebni avtomobil",589
"2023-08-24 00:00",1,"Kombinirano vozilo",34
"2023-08-24 00:00",1,"Težje tovorno vozilo",16
"2023-08-24 00:00",1,"Tovorno vozilo s prikolico",2
"2023-08-24 00:00",0,"Osebni avtomobil",238
"2023-08-24 00:00",0,"Kombinirano vozilo",29
"2023-08-24 00:00",0,"Težje tovorno vozilo",19
"2023-08-24 00:00",0,"Tovorno vozilo s prikolico",2
"2023-08-24 12:00",0,"Osebni avtomobil",767
"2023-08-24 12:00",0,"Kombinirano vozilo",59
"2023-08-24 12:00",0,"Težje tovorno vozilo",25
"2023-08-24 12:00",1,"Osebni avtomobil",519
"2023-08-24 12:00",1,"Kombinirano vozilo",37
"2023-08-24 12:00",1,"Težje tovorno vozilo",12
"2023-08-24 12:00",1,"Tovorno vozilo s prikolico",1
"2023-08-25 00:00",1,"Osebni avtomobil",545
"2023-08-25 00:00",1,"Kombinirano vozilo",36
"2023-08-25 00:00",1,"Težje tovorno vozilo",24
"2023-08-25 00:00",1,"Tovorno vozilo s prikolico",3
"2023-08-25 00:00",0,"Osebni avtomobil",242
"2023-08-25 00:00",0,"Težje tovorno vozilo",27
"2023-08-25 00:00",0,"Kombinirano vozilo",26
"2023-08-25 00:00",0,"Tovorno vozilo s prikolico",2
"2023-08-25 12:00",0,"Osebni avtomobil",690
"2023-08-25 12:00",0,"Kombinirano vozilo",47
"2023-08-25 12:00",0,"Težje tovorno vozilo",47
"2023-08-25 12:00",0,"Tovorno vozilo s prikolico",1
"2023-08-25 12:00",1,"Osebni avtomobil",475
"2023-08-25 12:00",1,"Težje tovorno vozilo",37
"2023-08-25 12:00",1,"Kombinirano vozilo",34
"2023-08-26 00:00",1,"Osebni avtomobil",326
"2023-08-26 00:00",1,"Kombinirano vozilo",20
"2023-08-26 00:00",1,"Težje tovorno vozilo",6
"2023-08-26 00:00",0,"Osebni avtomobil",212
"2023-08-26 00:00",0,"Kombinirano vozilo",17
"2023-08-26 00:00",0,"Težje tovorno vozilo",10
"2023-08-26 12:00",0,"Osebni avtomobil",466
"2023-08-26 12:00",0,"Kombinirano vozilo",22
"2023-08-26 12:00",0,"Težje tovorno vozilo",11
"2023-08-26 12:00",1,"Osebni avtomobil",397
"2023-08-26 12:00",1,"Kombinirano vozilo",17
"2023-08-26 12:00",1,"Težje tovorno vozilo",3
"2023-08-27 00:00",1,"Osebni avtomobil",224
"2023-08-27 00:00",1,"Kombinirano vozilo",7
"2023-08-27 00:00",1,"Težje tovorno vozilo",2
"2023-08-27 00:00",0,"Osebni avtomobil",188
"2023-08-27 00:00",0,"Kombinirano vozilo",7
"2023-08-27 00:00",0,"Težje tovorno vozilo",3
"2023-08-27 12:00",0,"Osebni avtomobil",486
"2023-08-27 12:00",0,"Kombinirano vozilo",17
"2023-08-27 12:00",0,"Težje tovorno vozilo",5
"2023-08-27 12:00",1,"Osebni avtomobil",371
"2023-08-27 12:00",1,"Kombinirano vozilo",8
"2023-08-27 12:00",1,"Težje tovorno vozilo",3
"2023-08-28 00:00",1,"Osebni avtomobil",562
"2023-08-28 00:00",1,"Kombinirano vozilo",38
"2023-08-28 00:00",1,"Težje tovorno vozilo",21
"2023-08-28 00:00",1,"Tovorno vozilo s prikolico",1
"2023-08-28 00:00",0,"Osebni avtomobil",240
"2023-08-28 00:00",0,"Kombinirano vozilo",40
"2023-08-28 00:00",0,"Težje tovorno vozilo",34
"2023-08-28 00:00",0,"Tovorno vozilo s prikolico",1
"2023-08-28 12:00",0,"Osebni avtomobil",423
"2023-08-28 12:00",0,"Kombinirano vozilo",21
"2023-08-28 12:00",0,"Težje tovorno vozilo",17
"2023-08-28 12:00",1,"Osebni avtomobil",330
"2023-08-28 12:00",1,"Kombinirano vozilo",34
"2023-08-28 12:00",1,"Težje tovorno vozilo",17
"2023-08-28 12:00",1,"Tovorno vozilo s prikolico",4
"2023-08-29 00:00",1,"Osebni avtomobil",501
"2023-08-29 00:00",1,"Kombinirano vozilo",26
"2023-08-29 00:00",1,"Težje tovorno vozilo",8
"2023-08-29 00:00",0,"Osebni avtomobil",183
"2023-08-29 00:00",0,"Kombinirano vozilo",13
"2023-08-29 00:00",0,"Težje tovorno vozilo",7
"2023-08-29 00:00",0,"Tovorno vozilo s prikolico",1
"2023-08-29 12:00",0,"Osebni avtomobil",681
"2023-08-29 12:00",0,"Kombinirano vozilo",37
"2023-08-29 12:00",0,"Težje tovorno vozilo",9
"2023-08-29 12:00",1,"Osebni avtomobil",455
"2023-08-29 12:00",1,"Kombinirano vozilo",30
"2023-08-29 12:00",1,"Težje tovorno vozilo",7
"2023-08-29 12:00",1,"Tovorno vozilo s prikolico",1
"2023-08-30 00:00",1,"Osebni avtomobil",538
"2023-08-30 00:00",1,"Kombinirano vozilo",36
"2023-08-30 00:00",1,"Težje tovorno vozilo",14
"2023-08-30 00:00",1,"Tovorno vozilo s prikolico",1
"2023-08-30 00:00",0,"Osebni avtomobil",217
"2023-08-30 00:00",0,"Težje tovorno vozilo",19
"2023-08-30 00:00",0,"Kombinirano vozilo",15
"2023-08-30 00:00",0,"Tovorno vozilo s prikolico",1
"2023-08-30 12:00",0,"Osebni avtomobil",689
"2023-08-30 12:00",0,"Kombinirano vozilo",24
"2023-08-30 12:00",0,"Težje tovorno vozilo",20
"2023-08-30 12:00",1,"Osebni avtomobil",404
"2023-08-30 12:00",1,"Kombinirano vozilo",25
"2023-08-30 12:00",1,"Težje tovorno vozilo",10
"2023-08-31 00:00",1,"Osebni avtomobil",578
"2023-08-31 00:00",1,"Kombinirano vozilo",33
"2023-08-31 00:00",1,"Težje tovorno vozilo",11
"2023-08-31 00:00",1,"Tovorno vozilo s prikolico",1
"2023-08-31 00:00",0,"Osebni avtomobil",238
"2023-08-31 00:00",0,"Kombinirano vozilo",41
"2023-08-31 00:00",0,"Težje tovorno vozilo",9
"2023-08-31 00:00",0,"Tovorno vozilo s prikolico",3
"2023-08-31 12:00",0,"Osebni avtomobil",703
"2023-08-31 12:00",0,"Kombinirano vozilo",43
"2023-08-31 12:00",0,"Težje tovorno vozilo",19
"2023-08-31 12:00",0,"Tovorno vozilo s prikolico",1
"2023-08-31 12:00",1,"Osebni avtomobil",469
"2023-08-31 12:00",1,"Kombinirano vozilo",33
"2023-08-31 12:00",1,"Težje tovorno vozilo",11
"2023-09-01 00:00",1,"Osebni avtomobil",542
"2023-09-01 00:00",1,"Kombinirano vozilo",25
"2023-09-01 00:00",1,"Težje tovorno vozilo",15
"2023-09-01 00:00",1,"Tovorno vozilo s prikolico",1
"2023-09-01 00:00",0,"Osebni avtomobil",237
"2023-09-01 00:00",0,"Kombinirano vozilo",26
"2023-09-01 00:00",0,"Težje tovorno vozilo",15
"2023-09-01 00:00",0,"Tovorno vozilo s prikolico",1
"2023-09-01 12:00",0,"Osebni avtomobil",717
"2023-09-01 12:00",0,"Kombinirano vozilo",44
"2023-09-01 12:00",0,"Težje tovorno vozilo",25
"2023-09-01 12:00",1,"Osebni avtomobil",512
"2023-09-01 12:00",1,"Kombinirano vozilo",34
"2023-09-01 12:00",1,"Težje tovorno vozilo",6
"2023-09-02 00:00",1,"Osebni avtomobil",334
"2023-09-02 00:00",1,"Kombinirano vozilo",19
"2023-09-02 00:00",1,"Težje tovorno vozilo",4
"2023-09-02 00:00",0,"Osebni avtomobil",224
"2023-09-02 00:00",0,"Kombinirano vozilo",27
"2023-09-02 00:00",0,"Težje tovorno vozilo",7
"2023-09-02 12:00",0,"Osebni avtomobil",537
"2023-09-02 12:00",0,"Kombinirano vozilo",27
"2023-09-02 12:00",0,"Težje tovorno vozilo",10
"2023-09-02 12:00",1,"Osebni avtomobil",477
"2023-09-02 12:00",1,"Kombinirano vozilo",16
"2023-09-02 12:00",1,"Težje tovorno vozilo",3
"2023-09-03 00:00",1,"Osebni avtomobil",274
"2023-09-03 00:00",1,"Kombinirano vozilo",10
"2023-09-03 00:00",1,"Težje tovorno vozilo",2
"2023-09-03 00:00",0,"Osebni avtomobil",220
"2023-09-03 00:00",0,"Kombinirano vozilo",9
"2023-09-03 00:00",0,"Težje tovorno vozilo",3
"2023-09-03 12:00",0,"Osebni avtomobil",448
"2023-09-03 12:00",0,"Kombinirano vozilo",25
"2023-09-03 12:00",0,"Težje tovorno vozilo",5
"2023-09-03 12:00",1,"Osebni avtomobil",407
"2023-09-03 12:00",1,"Kombinirano vozilo",6
"2023-09-04 00:00",1,"Osebni avtomobil",554
"2023-09-04 00:00",1,"Kombinirano vozilo",41
"2023-09-04 00:00",1,"Težje tovorno vozilo",18
"2023-09-04 00:00",0,"Osebni avtomobil",221
"2023-09-04 00:00",0,"Kombinirano vozilo",35
"2023-09-04 00:00",0,"Težje tovorno vozilo",18
"2023-09-04 00:00",0,"Tovorno vozilo s prikolico",1
"2023-09-04 12:00",0,"Osebni avtomobil",689
"2023-09-04 12:00",0,"Kombinirano vozilo",49
"2023-09-04 12:00",0,"Težje tovorno vozilo",29
"2023-09-04 12:00",0,"Tovorno vozilo s prikolico",1
"2023-09-04 12:00",1,"Osebni avtomobil",417
"2023-09-04 12:00",1,"Kombinirano vozilo",32
"2023-09-04 12:00",1,"Težje tovorno vozilo",17
"2023-09-05 00:00",1,"Osebni avtomobil",584
"2023-09-05 00:00",1,"Kombinirano vozilo",44
"2023-09-05 00:00",1,"Težje tovorno vozilo",20
"2023-09-05 00:00",0,"Osebni avtomobil",203
"2023-09-05 00:00",0,"Kombinirano vozilo",32
"2023-09-05 00:00",0,"Težje tovorno vozilo",32
"2023-09-05 00:00",0,"Tovorno vozilo s prikolico",3
"2023-09-05 12:00",0,"Osebni avtomobil",728
"2023-09-05 12:00",0,"Kombinirano vozilo",40
"2023-09-05 12:00",0,"Težje tovorno vozilo",27
"2023-09-05 12:00",0,"Tovorno vozilo s prikolico",1
"2023-09-05 12:00",1,"Osebni avtomobil",452
"2023-09-05 12:00",1,"Kombinirano vozilo",42
"2023-09-05 12:00",1,"Težje tovorno vozilo",6
"2023-09-06 00:00",1,"Osebni avtomobil",557
"2023-09-06 00:00",1,"Kombinirano vozilo",37
"2023-09-06 00:00",1,"Težje tovorno vozilo",14
"2023-09-06 00:00",1,"Tovorno vozilo s prikolico",1
"2023-09-06 00:00",0,"Osebni avtomobil",227
"2023-09-06 00:00",0,"Kombinirano vozilo",26
"2023-09-06 00:00",0,"Težje tovorno vozilo",22
"2023-09-06 00:00",0,"Tovorno vozilo s prikolico",2
"2023-09-06 12:00",0,"Osebni avtomobil",737
"2023-09-06 12:00",0,"Kombinirano vozilo",46
"2023-09-06 12:00",0,"Težje tovorno vozilo",22
"2023-09-06 12:00",0,"Tovorno vozilo s prikolico",1
"2023-09-06 12:00",1,"Osebni avtomobil",497
"2023-09-06 12:00",1,"Kombinirano vozilo",33
"2023-09-06 12:00",1,"Težje tovorno vozilo",13
"2023-09-07 00:00",1,"Osebni avtomobil",560
"2023-09-07 00:00",1,"Kombinirano vozilo",30
"2023-09-07 00:00",1,"Težje tovorno vozilo",11
"2023-09-07 00:00",0,"Osebni avtomobil",226
"2023-09-07 00:00",0,"Kombinirano vozilo",27
"2023-09-07 00:00",0,"Težje tovorno vozilo",17
"2023-09-07 12:00",0,"Osebni avtomobil",696
"2023-09-07 12:00",0,"Kombinirano vozilo",48
"2023-09-07 12:00",0,"Težje tovorno vozilo",22
"2023-09-07 12:00",1,"Osebni avtomobil",484
"2023-09-07 12:00",1,"Kombinirano vozilo",39
"2023-09-07 12:00",1,"Težje tovorno vozilo",8
"2023-09-08 00:00",1,"Osebni avtomobil",536
"2023-09-08 00:00",1,"Kombinirano vozilo",32
"2023-09-08 00:00",1,"Težje tovorno vozilo",12
"2023-09-08 00:00",1,"Tovorno vozilo s prikolico",1
"2023-09-08 00:00",0,"Osebni avtomobil",232
"2023-09-08 00:00",0,"Kombinirano vozilo",28
"2023-09-08 00:00",0,"Težje tovorno vozilo",19
"2023-09-08 00:00",0,"Tovorno vozilo s prikolico",1
"2023-09-08 12:00",0,"Osebni avtomobil",714
"2023-09-08 12:00",0,"Kombinirano vozilo",49
"2023-09-08 12:00",0,"Težje tovorno vozilo",20
"2023-09-08 12:00",0,"Tovorno vozilo s prikolico",1
"2023-09-08 12:00",1,"Osebni avtomobil",489
"2023-09-08 12:00",1,"Kombinirano vozilo",39
"2023-09-08 12:00",1,"Težje tovorno vozilo",12
"2023-09-09 00:00",1,"Osebni avtomobil",339
"2023-09-09 00:00",1,"Kombinirano vozilo",28
"2023-09-09 00:00",1,"Težje tovorno vozilo",11
"2023-09-09 00:00",0,"Osebni avtomobil",216
"2023-09-09 00:00",0,"Kombinirano vozilo",21
"2023-09-09 00:00",0,"Težje tovorno vozilo",14
"2023-09-09 12:00",0,"Osebni avtomobil",576
"2023-09-09 12:00",0,"Kombinirano vozilo",33
"2023-09-09 12:00",0,"Težje tovorno vozilo",8
"2023-09-09 12:00",1,"Osebni avtomobil",431
"2023-09-09 12:00",1,"Kombinirano vozilo",16
"2023-09-09 12:00",1,"Težje tovorno vozilo",5
"2023-09-10 00:00",1,"Osebni avtomobil",223
"2023-09-10 00:00",1,"Kombinirano vozilo",16
"2023-09-10 00:00",1,"Težje tovorno vozilo",2
"2023-09-10 00:00",0,"Osebni avtomobil",166
"2023-09-10 00:00",0,"Kombinirano vozilo",12
"2023-09-10 00:00",0,"Težje tovorno vozilo",2
"2023-09-10 12:00",0,"Osebni avtomobil",463
"2023-09-10 12:00",0,"Kombinirano vozilo",33
"2023-09-10 12:00",0,"Težje tovorno vozilo",6
"2023-09-10 12:00",1,"Osebni avtomobil",374
"2023-09-10 12:00",1,"Kombinirano vozilo",11
"2023-09-10 12:00",1,"Težje tovorno vozilo",2
"2023-09-11 00:00",1,"Osebni avtomobil",557
"2023-09-11 00:00",1,"Kombinirano vozilo",41
"2023-09-11 00:00",1,"Težje tovorno vozilo",10
"2023-09-11 00:00",0,"Osebni avtomobil",222
"2023-09-11 00:00",0,"Kombinirano vozilo",35
"2023-09-11 00:00",0,"Težje tovorno vozilo",15
"2023-09-11 00:00",0,"Tovorno vozilo s prikolico",1
"2023-09-11 12:00",0,"Osebni avtomobil",711
"2023-09-11 12:00",0,"Kombinirano vozilo",45
"2023-09-11 12:00",0,"Težje tovorno vozilo",28
"2023-09-11 12:00",0,"Tovorno vozilo s prikolico",1
"2023-09-11 12:00",1,"Osebni avtomobil",472
"2023-09-11 12:00",1,"Kombinirano vozilo",28
"2023-09-11 12:00",1,"Težje tovorno vozilo",17
"2023-09-12 00:00",1,"Osebni avtomobil",570
"2023-09-12 00:00",1,"Kombinirano vozilo",33
"2023-09-12 00:00",1,"Težje tovorno vozilo",14
"2023-09-12 00:00",1,"Tovorno vozilo s prikolico",2
"2023-09-12 00:00",0,"Osebni avtomobil",210
"2023-09-12 00:00",0,"Kombinirano vozilo",39
"2023-09-12 00:00",0,"Težje tovorno vozilo",16
"2023-09-12 00:00",0,"Tovorno vozilo s prikolico",2
"2023-09-12 12:00",0,"Osebni avtomobil",736
"2023-09-12 12:00",0,"Kombinirano vozilo",65
"2023-09-12 12:00",0,"Težje tovorno vozilo",23
"2023-09-12 12:00",0,"Tovorno vozilo s prikolico",3
"2023-09-12 12:00",1,"Osebni avtomobil",437
"2023-09-12 12:00",1,"Kombinirano vozilo",42
"2023-09-12 12:00",1,"Težje tovorno vozilo",13
"2023-09-13 00:00",1,"Osebni avtomobil",578
"2023-09-13 00:00",1,"Kombinirano vozilo",45
"2023-09-13 00:00",1,"Težje tovorno vozilo",17
"2023-09-13 00:00",1,"Tovorno vozilo s prikolico",1
"2023-09-13 00:00",0,"Osebni avtomobil",245
"2023-09-13 00:00",0,"Kombinirano vozilo",35
"2023-09-13 00:00",0,"Težje tovorno vozilo",21
"2023-09-13 00:00",0,"Tovorno vozilo s prikolico",4
"2023-09-13 12:00",0,"Osebni avtomobil",743
"2023-09-13 12:00",0,"Kombinirano vozilo",37
"2023-09-13 12:00",0,"Težje tovorno vozilo",26
"2023-09-13 12:00",0,"Tovorno vozilo s prikolico",1
"2023-09-13 12:00",1,"Osebni avtomobil",473
"2023-09-13 12:00",1,"Kombinirano vozilo",39
"2023-09-13 12:00",1,"Težje tovorno vozilo",19
"2023-09-14 00:00",1,"Osebni avtomobil",563
"2023-09-14 00:00",1,"Kombinirano vozilo",41
"2023-09-14 00:00",1,"Težje tovorno vozilo",17
"2023-09-14 00:00",1,"Tovorno vozilo s prikolico",2
"2023-09-14 00:00",0,"Osebni avtomobil",220
"2023-09-14 00:00",0,"Kombinirano vozilo",28
"2023-09-14 00:00",0,"Težje tovorno vozilo",15
"2023-09-14 00:00",0,"Tovorno vozilo s prikolico",3
"2023-09-14 12:00",0,"Osebni avtomobil",725
"2023-09-14 12:00",0,"Kombinirano vozilo",51
"2023-09-14 12:00",0,"Težje tovorno vozilo",32
"2023-09-14 12:00",1,"Osebni avtomobil",466
"2023-09-14 12:00",1,"Kombinirano vozilo",29
"2023-09-14 12:00",1,"Težje tovorno vozilo",13
"2023-09-15 00:00",1,"Osebni avtomobil",548
"2023-09-15 00:00",1,"Kombinirano vozilo",35
"2023-09-15 00:00",1,"Težje tovorno vozilo",14
"2023-09-15 00:00",1,"Tovorno vozilo s prikolico",1
"2023-09-15 00:00",0,"Osebni avtomobil",197
"2023-09-15 00:00",0,"Kombinirano vozilo",38
"2023-09-15 00:00",0,"Težje tovorno vozilo",16
"2023-09-15 12:00",0,"Osebni avtomobil",786
"2023-09-15 12:00",0,"Kombinirano vozilo",52
"2023-09-15 12:00",0,"Težje tovorno vozilo",22
"2023-09-15 12:00",1,"Osebni avtomobil",532
"2023-09-15 12:00",1,"Kombinirano vozilo",35
"2023-09-15 12:00",1,"Težje tovorno vozilo",15
"2023-09-16 00:00",1,"Osebni avtomobil",327
"2023-09-16 00:00",1,"Kombinirano vozilo",26
"2023-09-16 00:00",1,"Težje tovorno vozilo",7
"2023-09-16 00:00",0,"Osebni avtomobil",188
"2023-09-16 00:00",0,"Kombinirano vozilo",29
"2023-09-16 00:00",0,"Težje tovorno vozilo",8
"2023-09-16 12:00",0,"Osebni avtomobil",518
"2023-09-16 12:00",0,"Kombinirano vozilo",35
"2023-09-16 12:00",0,"Težje tovorno vozilo",7
"2023-09-16 12:00",1,"Osebni avtomobil",412
"2023-09-16 12:00",1,"Kombinirano vozilo",18
"2023-09-16 12:00",1,"Težje tovorno vozilo",2
"2023-09-17 00:00",1,"Osebni avtomobil",258
"2023-09-17 00:00",1,"Kombinirano vozilo",6
"2023-09-17 00:00",1,"Težje tovorno vozilo",2
"2023-09-17 00:00",0,"Osebni avtomobil",162
"2023-09-17 00:00",0,"Kombinirano vozilo",10
"2023-09-17 00:00",0,"Težje tovorno vozilo",3
"2023-09-17 12:00",0,"Osebni avtomobil",482
"2023-09-17 12:00",0,"Kombinirano vozilo",19
"2023-09-17 12:00",0,"Težje tovorno vozilo",6
"2023-09-17 12:00",1,"Osebni avtomobil",376
"2023-09-17 12:00",1,"Kombinirano vozilo",12
"2023-09-17 12:00",1,"Težje tovorno vozilo",3
"2023-09-18 00:00",1,"Osebni avtomobil",551
"2023-09-18 00:00",1,"Kombinirano vozilo",28
"2023-09-18 00:00",1,"Težje tovorno vozilo",10
"2023-09-18 00:00",1,"Tovorno vozilo s prikolico",1
"2023-09-18 00:00",0,"Osebni avtomobil",204
"2023-09-18 00:00",0,"Kombinirano vozilo",29
"2023-09-18 00:00",0,"Težje tovorno vozilo",13
"2023-09-18 00:00",0,"Tovorno vozilo s prikolico",1
"2023-09-18 12:00",0,"Osebni avtomobil",684
"2023-09-18 12:00",0,"Kombinirano vozilo",44
"2023-09-18 12:00",0,"Težje tovorno vozilo",22
"2023-09-18 12:00",1,"Osebni avtomobil",439
"2023-09-18 12:00",1,"Kombinirano vozilo",36
"2023-09-18 12:00",1,"Težje tovorno vozilo",7
"2023-09-19 00:00",1,"Osebni avtomobil",613
"2023-09-19 00:00",1,"Kombinirano vozilo",47
"2023-09-19 00:00",1,"Težje tovorno vozilo",17
"2023-09-19 00:00",1,"Tovorno vozilo s prikolico",2
"2023-09-19 00:00",0,"Osebni avtomobil",194
"2023-09-19 00:00",0,"Kombinirano vozilo",30
"2023-09-19 00:00",0,"Težje tovorno vozilo",14
"2023-09-19 00:00",0,"Tovorno vozilo s prikolico",4
"2023-09-19 12:00",0,"Osebni avtomobil",751
"2023-09-19 12:00",0,"Kombinirano vozilo",62
"2023-09-19 12:00",0,"Težje tovorno vozilo",22
"2023-09-19 12:00",1,"Osebni avtomobil",446
"2023-09-19 12:00",1,"Kombinirano vozilo",49
"2023-09-19 12:00",1,"Težje tovorno vozilo",9
"2023-09-20 00:00",1,"Osebni avtomobil",574
"2023-09-20 00:00",1,"Kombinirano vozilo",33
"2023-09-20 00:00",1,"Težje tovorno vozilo",10
"2023-09-20 00:00",1,"Tovorno vozilo s prikolico",1
"2023-09-20 00:00",0,"Osebni avtomobil",212
"2023-09-20 00:00",0,"Kombinirano vozilo",48
"2023-09-20 00:00",0,"Težje tovorno vozilo",10
"2023-09-20 12:00",0,"Osebni avtomobil",723
"2023-09-20 12:00",0,"Kombinirano vozilo",49
"2023-09-20 12:00",0,"Težje tovorno vozilo",17
"2023-09-20 12:00",0,"Tovorno vozilo s prikolico",1
"2023-09-20 12:00",1,"Osebni avtomobil",436
"2023-09-20 12:00",1,"Kombinirano vozilo",43
"2023-09-20 12:00",1,"Težje tovorno vozilo",9
"2023-09-21 00:00",1,"Osebni avtomobil",548
"2023-09-21 00:00",1,"Kombinirano vozilo",42
"2023-09-21 00:00",1,"Težje tovorno vozilo",13
"2023-09-21 00:00",1,"Tovorno vozilo s prikolico",1
"2023-09-21 00:00",0,"Osebni avtomobil",220
"2023-09-21 00:00",0,"Kombinirano vozilo",34
"2023-09-21 00:00",0,"Težje tovorno vozilo",12
"2023-09-21 12:00",0,"Osebni avtomobil",664
"2023-09-21 12:00",0,"Kombinirano vozilo",44
"2023-09-21 12:00",0,"Težje tovorno vozilo",18
"2023-09-21 12:00",0,"Tovorno vozilo s prikolico",1
"2023-09-21 12:00",1,"Osebni avtomobil",443
"2023-09-21 12:00",1,"Kombinirano vozilo",45
"2023-09-21 12:00",1,"Težje tovorno vozilo",13
"2023-09-22 00:00",1,"Osebni avtomobil",543
"2023-09-22 00:00",1,"Kombinirano vozilo",35
"2023-09-22 00:00",1,"Težje tovorno vozilo",9
"2023-09-22 00:00",1,"Tovorno vozilo s prikolico",1
"2023-09-22 00:00",0,"Osebni avtomobil",216
"2023-09-22 00:00",0,"Kombinirano vozilo",43
"2023-09-22 00:00",0,"Težje tovorno vozilo",11
"2023-09-22 00:00",0,"Tovorno vozilo s prikolico",1
"2023-09-22 12:00",0,"Osebni avtomobil",617
"2023-09-22 12:00",0,"Kombinirano vozilo",42
"2023-09-22 12:00",0,"Težje tovorno vozilo",24
"2023-09-22 12:00",1,"Osebni avtomobil",453
"2023-09-22 12:00",1,"Kombinirano vozilo",36
"2023-09-22 12:00",1,"Težje tovorno vozilo",17
"2023-09-22 12:00",1,"Tovorno vozilo s prikolico",1
"2023-09-23 00:00",1,"Osebni avtomobil",258
"2023-09-23 00:00",1,"Kombinirano vozilo",20
"2023-09-23 00:00",1,"Težje tovorno vozilo",6
"2023-09-23 00:00",0,"Osebni avtomobil",142
"2023-09-23 00:00",0,"Kombinirano vozilo",11
"2023-09-23 00:00",0,"Težje tovorno vozilo",6
"2023-09-23 12:00",0,"Osebni avtomobil",473
"2023-09-23 12:00",0,"Kombinirano vozilo",36
"2023-09-23 12:00",0,"Težje tovorno vozilo",8
"2023-09-23 12:00",1,"Osebni avtomobil",422
"2023-09-23 12:00",1,"Kombinirano vozilo",15
"2023-09-24 00:00",1,"Osebni avtomobil",240
"2023-09-24 00:00",1,"Kombinirano vozilo",12
"2023-09-24 00:00",1,"Težje tovorno vozilo",2
"2023-09-24 00:00",0,"Osebni avtomobil",146
"2023-09-24 00:00",0,"Kombinirano vozilo",12
"2023-09-24 00:00",0,"Težje tovorno vozilo",1
"2023-09-24 12:00",0,"Osebni avtomobil",388
"2023-09-24 12:00",0,"Kombinirano vozilo",25
"2023-09-24 12:00",0,"Težje tovorno vozilo",5
"2023-09-24 12:00",1,"Osebni avtomobil",341
"2023-09-24 12:00",1,"Kombinirano vozilo",14
"2023-09-24 12:00",1,"Težje tovorno vozilo",2
"2023-09-25 00:00",1,"Osebni avtomobil",569
"2023-09-25 00:00",1,"Kombinirano vozilo",58
"2023-09-25 00:00",1,"Težje tovorno vozilo",12
"2023-09-25 00:00",0,"Osebni avtomobil",219
"2023-09-25 00:00",0,"Kombinirano vozilo",41
"2023-09-25 00:00",0,"Težje tovorno vozilo",26
"2023-09-25 12:00",0,"Osebni avtomobil",701
"2023-09-25 12:00",0,"Kombinirano vozilo",59
"2023-09-25 12:00",0,"Težje tovorno vozilo",28
"2023-09-25 12:00",0,"Tovorno vozilo s prikolico",2
"2023-09-25 12:00",1,"Osebni avtomobil",487
"2023-09-25 12:00",1,"Kombinirano vozilo",52
"2023-09-25 12:00",1,"Težje tovorno vozilo",11
"2023-09-25 12:00",1,"Tovorno vozilo s prikolico",1
"2023-09-26 00:00",1,"Osebni avtomobil",601
"2023-09-26 00:00",1,"Kombinirano vozilo",41
"2023-09-26 00:00",1,"Težje tovorno vozilo",21
"2023-09-26 00:00",1,"Tovorno vozilo s prikolico",1
"2023-09-26 00:00",0,"Osebni avtomobil",202
"2023-09-26 00:00",0,"Kombinirano vozilo",33
"2023-09-26 00:00",0,"Težje tovorno vozilo",24
"2023-09-26 00:00",0,"Tovorno vozilo s prikolico",1
"2023-09-26 12:00",0,"Osebni avtomobil",777
"2023-09-26 12:00",0,"Kombinirano vozilo",48
"2023-09-26 12:00",0,"Težje tovorno vozilo",18
"2023-09-26 12:00",1,"Osebni avtomobil",474
"2023-09-26 12:00",1,"Kombinirano vozilo",44
"2023-09-26 12:00",1,"Težje tovorno vozilo",9
"2023-09-27 00:00",1,"Osebni avtomobil",585
"2023-09-27 00:00",1,"Kombinirano vozilo",43
"2023-09-27 00:00",1,"Težje tovorno vozilo",12
"2023-09-27 00:00",1,"Tovorno vozilo s prikolico",1
"2023-09-27 00:00",0,"Osebni avtomobil",226
"2023-09-27 00:00",0,"Kombinirano vozilo",42
"2023-09-27 00:00",0,"Težje tovorno vozilo",16
"2023-09-27 00:00",0,"Tovorno vozilo s prikolico",2
"2023-09-27 12:00",0,"Osebni avtomobil",761
"2023-09-27 12:00",0,"Kombinirano vozilo",60
"2023-09-27 12:00",0,"Težje tovorno vozilo",22
"2023-09-27 12:00",1,"Osebni avtomobil",496
"2023-09-27 12:00",1,"Kombinirano vozilo",38
"2023-09-27 12:00",1,"Težje tovorno vozilo",10
"2023-09-28 00:00",1,"Osebni avtomobil",582
"2023-09-28 00:00",1,"Kombinirano vozilo",41
"2023-09-28 00:00",1,"Težje tovorno vozilo",11
"2023-09-28 00:00",1,"Tovorno vozilo s prikolico",1
"2023-09-28 00:00",0,"Osebni avtomobil",230
"2023-09-28 00:00",0,"Kombinirano vozilo",35
"2023-09-28 00:00",0,"Težje tovorno vozilo",15
"2023-09-28 00:00",0,"Tovorno vozilo s prikolico",1
"2023-09-28 12:00",0,"Osebni avtomobil",801
"2023-09-28 12:00",0,"Kombinirano vozilo",64
"2023-09-28 12:00",0,"Težje tovorno vozilo",23
"2023-09-28 12:00",1,"Osebni avtomobil",501
"2023-09-28 12:00",1,"Kombinirano vozilo",48
"2023-09-28 12:00",1,"Težje tovorno vozilo",14
"2023-09-29 00:00",1,"Osebni avtomobil",535
"2023-09-29 00:00",1,"Kombinirano vozilo",46
"2023-09-29 00:00",1,"Težje tovorno vozilo",14
"2023-09-29 00:00",1,"Tovorno vozilo s prikolico",2
"2023-09-29 00:00",0,"Osebni avtomobil",201
"2023-09-29 00:00",0,"Kombinirano vozilo",54
"2023-09-29 00:00",0,"Težje tovorno vozilo",18
"2023-09-29 00:00",0,"Tovorno vozilo s prikolico",1
"2023-09-29 12:00",0,"Osebni avtomobil",725
"2023-09-29 12:00",0,"Kombinirano vozilo",46
"2023-09-29 12:00",0,"Težje tovorno vozilo",25
"2023-09-29 12:00",0,"Tovorno vozilo s prikolico",1
"2023-09-29 12:00",1,"Osebni avtomobil",534
"2023-09-29 12:00",1,"Kombinirano vozilo",43
"2023-09-29 12:00",1,"Težje tovorno vozilo",12
"2023-09-30 00:00",1,"Osebni avtomobil",321
"2023-09-30 00:00",1,"Kombinirano vozilo",26
"2023-09-30 00:00",1,"Težje tovorno vozilo",7
"2023-09-30 00:00",0,"Osebni avtomobil",207
"2023-09-30 00:00",0,"Kombinirano vozilo",28
"2023-09-30 00:00",0,"Težje tovorno vozilo",11
"2023-09-30 12:00",0,"Osebni avtomobil",482
"2023-09-30 12:00",0,"Kombinirano vozilo",39
"2023-09-30 12:00",0,"Težje tovorno vozilo",5
"2023-09-30 12:00",1,"Osebni avtomobil",398
"2023-09-30 12:00",1,"Kombinirano vozilo",17
"2023-09-30 12:00",1,"Težje tovorno vozilo",6
"2023-10-01 00:00",1,"Osebni avtomobil",225
"2023-10-01 00:00",1,"Kombinirano vozilo",9
"2023-10-01 00:00",1,"Težje tovorno vozilo",1
"2023-10-01 00:00",0,"Osebni avtomobil",164
"2023-10-01 00:00",0,"Kombinirano vozilo",10
"2023-10-01 00:00",0,"Težje tovorno vozilo",3
"2023-10-01 12:00",0,"Osebni avtomobil",516
"2023-10-01 12:00",0,"Kombinirano vozilo",31
"2023-10-01 12:00",0,"Težje tovorno vozilo",7
"2023-10-01 12:00",1,"Osebni avtomobil",457
"2023-10-01 12:00",1,"Kombinirano vozilo",14
"2023-10-01 12:00",1,"Težje tovorno vozilo",3
"2023-10-02 00:00",1,"Osebni avtomobil",564
"2023-10-02 00:00",1,"Kombinirano vozilo",32
"2023-10-02 00:00",1,"Težje tovorno vozilo",9
"2023-10-02 00:00",1,"Tovorno vozilo s prikolico",1
"2023-10-02 00:00",0,"Osebni avtomobil",231
"2023-10-02 00:00",0,"Kombinirano vozilo",35
"2023-10-02 00:00",0,"Težje tovorno vozilo",9
"2023-10-02 00:00",0,"Tovorno vozilo s prikolico",2
"2023-10-02 12:00",0,"Osebni avtomobil",708
"2023-10-02 12:00",0,"Kombinirano vozilo",56
"2023-10-02 12:00",0,"Težje tovorno vozilo",22
"2023-10-02 12:00",0,"Tovorno vozilo s prikolico",1
"2023-10-02 12:00",1,"Osebni avtomobil",431
"2023-10-02 12:00",1,"Kombinirano vozilo",43
"2023-10-02 12:00",1,"Težje tovorno vozilo",11
"2023-10-03 00:00",1,"Osebni avtomobil",576
"2023-10-03 00:00",1,"Kombinirano vozilo",37
"2023-10-03 00:00",1,"Težje tovorno vozilo",13
"2023-10-03 00:00",1,"Tovorno vozilo s prikolico",2
"2023-10-03 00:00",0,"Osebni avtomobil",204
"2023-10-03 00:00",0,"Kombinirano vozilo",32
"2023-10-03 00:00",0,"Težje tovorno vozilo",18
"2023-10-03 12:00",0,"Osebni avtomobil",737
"2023-10-03 12:00",0,"Kombinirano vozilo",66
"2023-10-03 12:00",0,"Težje tovorno vozilo",24
"2023-10-03 12:00",0,"Tovorno vozilo s prikolico",2
"2023-10-03 12:00",1,"Osebni avtomobil",462
"2023-10-03 12:00",1,"Kombinirano vozilo",34
"2023-10-03 12:00",1,"Težje tovorno vozilo",13
"2023-10-04 00:00",1,"Osebni avtomobil",601
"2023-10-04 00:00",1,"Kombinirano vozilo",43
"2023-10-04 00:00",1,"Težje tovorno vozilo",13
"2023-10-04 00:00",1,"Tovorno vozilo s prikolico",1
"2023-10-04 00:00",0,"Osebni avtomobil",213
"2023-10-04 00:00",0,"Kombinirano vozilo",36
"2023-10-04 00:00",0,"Težje tovorno vozilo",21
"2023-10-04 00:00",0,"Tovorno vozilo s prikolico",1
"2023-10-04 12:00",0,"Osebni avtomobil",674
"2023-10-04 12:00",0,"Kombinirano vozilo",38
"2023-10-04 12:00",0,"Težje tovorno vozilo",27
"2023-10-04 12:00",1,"Osebni avtomobil",438
"2023-10-04 12:00",1,"Kombinirano vozilo",34
"2023-10-04 12:00",1,"Težje tovorno vozilo",15
"2023-10-05 00:00",1,"Osebni avtomobil",597
"2023-10-05 00:00",1,"Kombinirano vozilo",37
"2023-10-05 00:00",1,"Težje tovorno vozilo",18
"2023-10-05 00:00",1,"Tovorno vozilo s prikolico",2
"2023-10-05 00:00",0,"Osebni avtomobil",252
"2023-10-05 00:00",0,"Kombinirano vozilo",41
"2023-10-05 00:00",0,"Težje tovorno vozilo",19
"2023-10-05 00:00",0,"Tovorno vozilo s prikolico",4
"2023-10-05 12:00",0,"Osebni avtomobil",750
"2023-10-05 12:00",0,"Kombinirano vozilo",74
"2023-10-05 12:00",0,"Težje tovorno vozilo",20
"2023-10-05 12:00",0,"Tovorno vozilo s prikolico",2
"2023-10-05 12:00",1,"Osebni avtomobil",490
"2023-10-05 12:00",1,"Kombinirano vozilo",35
"2023-10-05 12:00",1,"Težje tovorno vozilo",16
"2023-10-06 00:00",1,"Osebni avtomobil",554
"2023-10-06 00:00",1,"Kombinirano vozilo",47
"2023-10-06 00:00",1,"Težje tovorno vozilo",14
"2023-10-06 00:00",1,"Tovorno vozilo s prikolico",1
"2023-10-06 00:00",0,"Osebni avtomobil",207
"2023-10-06 00:00",0,"Kombinirano vozilo",27
"2023-10-06 00:00",0,"Težje tovorno vozilo",18
"2023-10-06 00:00",0,"Tovorno vozilo s prikolico",1
"2023-10-06 12:00",0,"Osebni avtomobil",778
"2023-10-06 12:00",0,"Kombinirano vozilo",53
"2023-10-06 12:00",0,"Težje tovorno vozilo",24
"2023-10-06 12:00",0,"Tovorno vozilo s prikolico",2
"2023-10-06 12:00",1,"Osebni avtomobil",505
"2023-10-06 12:00",1,"Kombinirano vozilo",39
"2023-10-06 12:00",1,"Težje tovorno vozilo",11
"2023-10-07 00:00",1,"Osebni avtomobil",382
"2023-10-07 00:00",1,"Kombinirano vozilo",23
"2023-10-07 00:00",1,"Težje tovorno vozilo",3
"2023-10-07 00:00",0,"Osebni avtomobil",222
"2023-10-07 00:00",0,"Kombinirano vozilo",19
"2023-10-07 00:00",0,"Težje tovorno vozilo",8
"2023-10-07 12:00",0,"Osebni avtomobil",523
"2023-10-07 12:00",0,"Kombinirano vozilo",34
"2023-10-07 12:00",0,"Težje tovorno vozilo",9
"2023-10-07 12:00",1,"Osebni avtomobil",437
"2023-10-07 12:00",1,"Kombinirano vozilo",21
"2023-10-07 12:00",1,"Težje tovorno vozilo",1
"2023-10-08 00:00",1,"Osebni avtomobil",234
"2023-10-08 00:00",1,"Kombinirano vozilo",15
"2023-10-08 00:00",1,"Težje tovorno vozilo",4
"2023-10-08 00:00",0,"Osebni avtomobil",165
"2023-10-08 00:00",0,"Kombinirano vozilo",11
"2023-10-08 00:00",0,"Težje tovorno vozilo",2
"2023-10-08 12:00",0,"Osebni avtomobil",522
"2023-10-08 12:00",0,"Kombinirano vozilo",29
"2023-10-08 12:00",0,"Težje tovorno vozilo",6
"2023-10-08 12:00",1,"Osebni avtomobil",430
"2023-10-08 12:00",1,"Kombinirano vozilo",12
"2023-10-08 12:00",1,"Težje tovorno vozilo",3
"2023-10-09 00:00",1,"Osebni avtomobil",597
"2023-10-09 00:00",1,"Kombinirano vozilo",40
"2023-10-09 00:00",1,"Težje tovorno vozilo",14
"2023-10-09 00:00",1,"Tovorno vozilo s prikolico",1
"2023-10-09 00:00",0,"Osebni avtomobil",219
"2023-10-09 00:00",0,"Kombinirano vozilo",50
"2023-10-09 00:00",0,"Težje tovorno vozilo",9
"2023-10-09 00:00",0,"Tovorno vozilo s prikolico",1
"2023-10-09 12:00",0,"Osebni avtomobil",665
"2023-10-09 12:00",0,"Kombinirano vozilo",52
"2023-10-09 12:00",0,"Težje tovorno vozilo",24
"2023-10-09 12:00",0,"Tovorno vozilo s prikolico",2
"2023-10-09 12:00",1,"Osebni avtomobil",447
"2023-10-09 12:00",1,"Kombinirano vozilo",42
"2023-10-09 12:00",1,"Težje tovorno vozilo",7
"2023-10-09 12:00",1,"Tovorno vozilo s prikolico",2
"2023-10-10 00:00",1,"Osebni avtomobil",568
"2023-10-10 00:00",1,"Kombinirano vozilo",38
"2023-10-10 00:00",1,"Težje tovorno vozilo",13
"2023-10-10 00:00",1,"Tovorno vozilo s prikolico",2
"2023-10-10 00:00",0,"Osebni avtomobil",215
"2023-10-10 00:00",0,"Kombinirano vozilo",34
"2023-10-10 00:00",0,"Težje tovorno vozilo",16
"2023-10-10 00:00",0,"Tovorno vozilo s prikolico",1
"2023-10-10 12:00",0,"Osebni avtomobil",749
"2023-10-10 12:00",0,"Kombinirano vozilo",63
"2023-10-10 12:00",0,"Težje tovorno vozilo",23
"2023-10-10 12:00",0,"Tovorno vozilo s prikolico",1
"2023-10-10 12:00",1,"Osebni avtomobil",458
"2023-10-10 12:00",1,"Kombinirano vozilo",45
"2023-10-10 12:00",1,"Težje tovorno vozilo",13
"2023-10-10 12:00",1,"Tovorno vozilo s prikolico",1
"2023-10-11 12:00",0,"Osebni avtomobil",354
"2023-10-11 12:00",0,"Kombinirano vozilo",19
"2023-10-11 12:00",0,"Težje tovorno vozilo",6
"2023-10-11 12:00",1,"Osebni avtomobil",243
"2023-10-11 12:00",1,"Kombinirano vozilo",19
"2023-10-11 12:00",1,"Težje tovorno vozilo",3
"2023-10-12 00:00",1,"Osebni avtomobil",533
"2023-10-12 00:00",1,"Kombinirano vozilo",44
"2023-10-12 00:00",1,"Težje tovorno vozilo",10
"2023-10-12 00:00",1,"Tovorno vozilo s prikolico",2
"2023-10-12 00:00",0,"Osebni avtomobil",215
"2023-10-12 00:00",0,"Kombinirano vozilo",36
"2023-10-12 00:00",0,"Težje tovorno vozilo",14
"2023-10-12 12:00",0,"Osebni avtomobil",696
"2023-10-12 12:00",0,"Kombinirano vozilo",56
"2023-10-12 12:00",0,"Težje tovorno vozilo",23
"2023-10-12 12:00",1,"Osebni avtomobil",436
"2023-10-12 12:00",1,"Kombinirano vozilo",37
"2023-10-12 12:00",1,"Težje tovorno vozilo",10
"2023-10-13 00:00",1,"Osebni avtomobil",538
"2023-10-13 00:00",1,"Kombinirano vozilo",45
"2023-10-13 00:00",1,"Težje tovorno vozilo",17
"2023-10-13 00:00",1,"Tovorno vozilo s prikolico",1
"2023-10-13 00:00",0,"Osebni avtomobil",224
"2023-10-13 00:00",0,"Kombinirano vozilo",21
"2023-10-13 00:00",0,"Težje tovorno vozilo",16
"2023-10-13 00:00",0,"Tovorno vozilo s prikolico",1
"2023-10-13 12:00",0,"Osebni avtomobil",688
"2023-10-13 12:00",0,"Kombinirano vozilo",47
"2023-10-13 12:00",0,"Težje tovorno vozilo",28
"2023-10-13 12:00",1,"Osebni avtomobil",525
"2023-10-13 12:00",1,"Kombinirano vozilo",39
"2023-10-13 12:00",1,"Težje tovorno vozilo",6
"2023-10-14 00:00",1,"Osebni avtomobil",358
"2023-10-14 00:00",1,"Kombinirano vozilo",19
"2023-10-14 00:00",1,"Težje tovorno vozilo",6
"2023-10-14 00:00",0,"Osebni avtomobil",216
"2023-10-14 00:00",0,"Kombinirano vozilo",22
"2023-10-14 00:00",0,"Težje tovorno vozilo",5
"2023-10-14 12:00",0,"Osebni avtomobil",517
"2023-10-14 12:00",0,"Kombinirano vozilo",32
"2023-10-14 12:00",0,"Težje tovorno vozilo",8
"2023-10-14 12:00",1,"Osebni avtomobil",423
"2023-10-14 12:00",1,"Kombinirano vozilo",23
"2023-10-14 12:00",1,"Težje tovorno vozilo",5
"2023-10-15 00:00",1,"Osebni avtomobil",233
"2023-10-15 00:00",1,"Kombinirano vozilo",12
"2023-10-15 00:00",1,"Težje tovorno vozilo",6
"2023-10-15 00:00",0,"Osebni avtomobil",59
"2023-10-15 00:00",0,"Kombinirano vozilo",2
"2023-10-15 12:00",1,"Osebni avtomobil",309
"2023-10-15 12:00",1,"Kombinirano vozilo",16
"2023-10-15 12:00",1,"Težje tovorno vozilo",4
"2023-10-15 12:00",1,"Tovorno vozilo s prikolico",1
"2023-10-15 12:00",0,"Osebni avtomobil",250
"2023-10-15 12:00",0,"Kombinirano vozilo",12
"2023-10-15 12:00",0,"Težje tovorno vozilo",3
"2023-10-16 00:00",1,"Osebni avtomobil",564
"2023-10-16 00:00",1,"Kombinirano vozilo",23
"2023-10-16 00:00",1,"Težje tovorno vozilo",8
"2023-10-16 00:00",0,"Osebni avtomobil",219
"2023-10-16 00:00",0,"Kombinirano vozilo",36
"2023-10-16 00:00",0,"Težje tovorno vozilo",15
"2023-10-16 12:00",0,"Osebni avtomobil",674
"2023-10-16 12:00",0,"Kombinirano vozilo",53
"2023-10-16 12:00",0,"Težje tovorno vozilo",23
"2023-10-16 12:00",1,"Osebni avtomobil",445
"2023-10-16 12:00",1,"Kombinirano vozilo",39
"2023-10-16 12:00",1,"Težje tovorno vozilo",23
"2023-10-17 00:00",1,"Osebni avtomobil",557
"2023-10-17 00:00",1,"Kombinirano vozilo",21
"2023-10-17 00:00",1,"Težje tovorno vozilo",6
"2023-10-17 00:00",1,"Tovorno vozilo s prikolico",1
"2023-10-17 00:00",0,"Osebni avtomobil",184
"2023-10-17 00:00",0,"Kombinirano vozilo",29
"2023-10-17 00:00",0,"Težje tovorno vozilo",12
"2023-10-17 12:00",0,"Osebni avtomobil",672
"2023-10-17 12:00",0,"Kombinirano vozilo",53
"2023-10-17 12:00",0,"Težje tovorno vozilo",21
"2023-10-17 12:00",0,"Tovorno vozilo s prikolico",1
"2023-10-17 12:00",1,"Osebni avtomobil",417
"2023-10-17 12:00",1,"Kombinirano vozilo",42
"2023-10-17 12:00",1,"Težje tovorno vozilo",14
"2023-10-18 00:00",1,"Osebni avtomobil",532
"2023-10-18 00:00",1,"Kombinirano vozilo",51
"2023-10-18 00:00",1,"Težje tovorno vozilo",15
"2023-10-18 00:00",1,"Tovorno vozilo s prikolico",1
"2023-10-18 00:00",0,"Osebni avtomobil",209
"2023-10-18 00:00",0,"Kombinirano vozilo",32
"2023-10-18 00:00",0,"Težje tovorno vozilo",13
"2023-10-18 12:00",0,"Osebni avtomobil",675
"2023-10-18 12:00",0,"Kombinirano vozilo",61
"2023-10-18 12:00",0,"Težje tovorno vozilo",22
"2023-10-18 12:00",1,"Osebni avtomobil",438
"2023-10-18 12:00",1,"Kombinirano vozilo",35
"2023-10-18 12:00",1,"Težje tovorno vozilo",17
"2023-10-19 00:00",1,"Osebni avtomobil",524
"2023-10-19 00:00",1,"Kombinirano vozilo",45
"2023-10-19 00:00",1,"Težje tovorno vozilo",17
"2023-10-19 00:00",1,"Tovorno vozilo s prikolico",1
"2023-10-19 00:00",0,"Osebni avtomobil",191
"2023-10-19 00:00",0,"Kombinirano vozilo",23
"2023-10-19 00:00",0,"Težje tovorno vozilo",15
"2023-10-19 12:00",0,"Osebni avtomobil",616
"2023-10-19 12:00",0,"Kombinirano vozilo",23
"2023-10-19 12:00",0,"Težje tovorno vozilo",20
"2023-10-19 12:00",1,"Osebni avtomobil",438
"2023-10-19 12:00",1,"Kombinirano vozilo",36
"2023-10-19 12:00",1,"Težje tovorno vozilo",16
"2023-10-19 12:00",1,"Tovorno vozilo s prikolico",1
"2023-10-20 00:00",1,"Osebni avtomobil",486
"2023-10-20 00:00",1,"Kombinirano vozilo",35
"2023-10-20 00:00",1,"Težje tovorno vozilo",12
"2023-10-20 00:00",1,"Tovorno vozilo s prikolico",2
"2023-10-20 00:00",0,"Osebni avtomobil",185
"2023-10-20 00:00",0,"Kombinirano vozilo",20
"2023-10-20 00:00",0,"Težje tovorno vozilo",12
"2023-10-20 00:00",0,"Tovorno vozilo s prikolico",4
"2023-10-20 12:00",0,"Osebni avtomobil",676
"2023-10-20 12:00",0,"Kombinirano vozilo",45
"2023-10-20 12:00",0,"Težje tovorno vozilo",21
"2023-10-20 12:00",1,"Osebni avtomobil",454
"2023-10-20 12:00",1,"Kombinirano vozilo",38
"2023-10-20 12:00",1,"Težje tovorno vozilo",12
"2023-10-20 12:00",1,"Tovorno vozilo s prikolico",2
"2023-10-21 00:00",1,"Osebni avtomobil",338
"2023-10-21 00:00",1,"Kombinirano vozilo",23
"2023-10-21 00:00",1,"Težje tovorno vozilo",4
"2023-10-21 00:00",0,"Osebni avtomobil",181
"2023-10-21 00:00",0,"Kombinirano vozilo",21
"2023-10-21 00:00",0,"Težje tovorno vozilo",7
"2023-10-21 12:00",0,"Osebni avtomobil",546
"2023-10-21 12:00",0,"Kombinirano vozilo",27
"2023-10-21 12:00",0,"Težje tovorno vozilo",7
"2023-10-21 12:00",1,"Osebni avtomobil",495
"2023-10-21 12:00",1,"Kombinirano vozilo",15
"2023-10-21 12:00",1,"Težje tovorno vozilo",2
"2023-10-22 00:00",1,"Osebni avtomobil",222
"2023-10-22 00:00",1,"Kombinirano vozilo",5
"2023-10-22 00:00",1,"Težje tovorno vozilo",3
"2023-10-22 00:00",0,"Osebni avtomobil",143
"2023-10-22 00:00",0,"Kombinirano vozilo",6
"2023-10-22 12:00",0,"Osebni avtomobil",474
"2023-10-22 12:00",0,"Kombinirano vozilo",23
"2023-10-22 12:00",0,"Težje tovorno vozilo",4
"2023-10-22 12:00",1,"Osebni avtomobil",394
"2023-10-22 12:00",1,"Kombinirano vozilo",15
"2023-10-22 12:00",1,"Težje tovorno vozilo",2
"2023-10-23 00:00",1,"Osebni avtomobil",529
"2023-10-23 00:00",1,"Kombinirano vozilo",45
"2023-10-23 00:00",1,"Težje tovorno vozilo",16
"2023-10-23 00:00",1,"Tovorno vozilo s prikolico",2
"2023-10-23 00:00",0,"Osebni avtomobil",203
"2023-10-23 00:00",0,"Kombinirano vozilo",30
"2023-10-23 00:00",0,"Težje tovorno vozilo",21
"2023-10-23 00:00",0,"Tovorno vozilo s prikolico",2
"2023-10-23 12:00",0,"Osebni avtomobil",676
"2023-10-23 12:00",0,"Kombinirano vozilo",43
"2023-10-23 12:00",0,"Težje tovorno vozilo",16
"2023-10-23 12:00",0,"Tovorno vozilo s prikolico",2
"2023-10-23 12:00",1,"Osebni avtomobil",447
"2023-10-23 12:00",1,"Kombinirano vozilo",31
"2023-10-23 12:00",1,"Težje tovorno vozilo",6
"2023-10-24 00:00",1,"Osebni avtomobil",552
"2023-10-24 00:00",1,"Kombinirano vozilo",30
"2023-10-24 00:00",1,"Težje tovorno vozilo",16
"2023-10-24 00:00",1,"Tovorno vozilo s prikolico",2
"2023-10-24 00:00",0,"Osebni avtomobil",191
"2023-10-24 00:00",0,"Kombinirano vozilo",21
"2023-10-24 00:00",0,"Težje tovorno vozilo",15
"2023-10-24 00:00",0,"Tovorno vozilo s prikolico",1
"2023-10-24 12:00",1,"Osebni avtomobil",472
"2023-10-24 12:00",1,"Kombinirano vozilo",52
"2023-10-24 12:00",1,"Težje tovorno vozilo",11
"2023-10-24 12:00",1,"Tovorno vozilo s prikolico",6
"2023-10-24 12:00",0,"Osebni avtomobil",415
"2023-10-24 12:00",0,"Kombinirano vozilo",9
"2023-10-24 12:00",0,"Težje tovorno vozilo",9
"2023-10-24 12:00",0,"Tovorno vozilo s prikolico",2
"2023-10-25 00:00",1,"Osebni avtomobil",579
"2023-10-25 00:00",1,"Kombinirano vozilo",44
"2023-10-25 00:00",1,"Težje tovorno vozilo",19
"2023-10-25 00:00",1,"Nerazpoznana vozila",1
"2023-10-25 00:00",1,"Tovorno vozilo s prikolico",1
"2023-10-25 00:00",0,"Osebni avtomobil",187
"2023-10-25 00:00",0,"Kombinirano vozilo",18
"2023-10-25 00:00",0,"Težje tovorno vozilo",13
"2023-10-25 00:00",0,"Tovorno vozilo s prikolico",1
"2023-10-25 12:00",0,"Osebni avtomobil",651
"2023-10-25 12:00",0,"Kombinirano vozilo",44
"2023-10-25 12:00",0,"Težje tovorno vozilo",17
"2023-10-25 12:00",1,"Osebni avtomobil",391
"2023-10-25 12:00",1,"Kombinirano vozilo",37
"2023-10-25 12:00",1,"Težje tovorno vozilo",16
"2023-10-26 00:00",1,"Osebni avtomobil",542
"2023-10-26 00:00",1,"Kombinirano vozilo",26
"2023-10-26 00:00",1,"Težje tovorno vozilo",16
"2023-10-26 00:00",1,"Tovorno vozilo s prikolico",1
"2023-10-26 00:00",0,"Osebni avtomobil",203
"2023-10-26 00:00",0,"Kombinirano vozilo",24
"2023-10-26 00:00",0,"Težje tovorno vozilo",11
"2023-10-26 00:00",0,"Tovorno vozilo s prikolico",1
"2023-10-26 12:00",0,"Osebni avtomobil",703
"2023-10-26 12:00",0,"Kombinirano vozilo",45
"2023-10-26 12:00",0,"Težje tovorno vozilo",15
"2023-10-26 12:00",1,"Osebni avtomobil",444
"2023-10-26 12:00",1,"Kombinirano vozilo",22
"2023-10-26 12:00",1,"Težje tovorno vozilo",13
"2023-10-27 00:00",1,"Osebni avtomobil",474
"2023-10-27 00:00",1,"Kombinirano vozilo",41
"2023-10-27 00:00",1,"Težje tovorno vozilo",23
"2023-10-27 00:00",1,"Tovorno vozilo s prikolico",5
"2023-10-27 00:00",0,"Osebni avtomobil",133
"2023-10-27 00:00",0,"Kombinirano vozilo",9
"2023-10-27 00:00",0,"Težje tovorno vozilo",8
"2023-10-27 12:00",0,"Osebni avtomobil",640
"2023-10-27 12:00",0,"Kombinirano vozilo",31
"2023-10-27 12:00",0,"Težje tovorno vozilo",14
"2023-10-27 12:00",0,"Tovorno vozilo s prikolico",1
"2023-10-27 12:00",1,"Osebni avtomobil",461
"2023-10-27 12:00",1,"Kombinirano vozilo",23
"2023-10-27 12:00",1,"Težje tovorno vozilo",10
"2023-10-27 12:00",1,"Tovorno vozilo s prikolico",3
"2023-10-28 00:00",1,"Osebni avtomobil",290
"2023-10-28 00:00",1,"Kombinirano vozilo",16
"2023-10-28 00:00",1,"Težje tovorno vozilo",5
"2023-10-28 00:00",1,"Tovorno vozilo s prikolico",1
"2023-10-28 00:00",0,"Osebni avtomobil",148
"2023-10-28 00:00",0,"Kombinirano vozilo",12
"2023-10-28 00:00",0,"Težje tovorno vozilo",7
"2023-10-28 12:00",0,"Osebni avtomobil",468
"2023-10-28 12:00",0,"Kombinirano vozilo",17
"2023-10-28 12:00",0,"Težje tovorno vozilo",6
"2023-10-28 12:00",1,"Osebni avtomobil",410
"2023-10-28 12:00",1,"Kombinirano vozilo",7
"2023-10-28 12:00",1,"Težje tovorno vozilo",3
"2023-10-29 00:00",1,"Osebni avtomobil",188
"2023-10-29 00:00",1,"Kombinirano vozilo",3
"2023-10-29 00:00",1,"Težje tovorno vozilo",2
"2023-10-29 00:00",0,"Osebni avtomobil",148
"2023-10-29 00:00",0,"Kombinirano vozilo",6
"2023-10-29 00:00",0,"Težje tovorno vozilo",2
"2023-10-29 12:00",0,"Osebni avtomobil",365
"2023-10-29 12:00",0,"Kombinirano vozilo",13
"2023-10-29 12:00",0,"Težje tovorno vozilo",3
"2023-10-29 12:00",1,"Osebni avtomobil",304
"2023-10-29 12:00",1,"Kombinirano vozilo",9
"2023-10-29 12:00",1,"Težje tovorno vozilo",2
"2023-10-30 00:00",1,"Osebni avtomobil",380
"2023-10-30 00:00",1,"Kombinirano vozilo",24
"2023-10-30 00:00",1,"Težje tovorno vozilo",11
"2023-10-30 00:00",1,"Tovorno vozilo s prikolico",1
"2023-10-30 00:00",0,"Osebni avtomobil",166
"2023-10-30 00:00",0,"Težje tovorno vozilo",12
"2023-10-30 00:00",0,"Kombinirano vozilo",11
"2023-10-30 12:00",0,"Osebni avtomobil",500
"2023-10-30 12:00",0,"Kombinirano vozilo",17
"2023-10-30 12:00",0,"Težje tovorno vozilo",11
"2023-10-30 12:00",1,"Osebni avtomobil",376
"2023-10-30 12:00",1,"Kombinirano vozilo",24
"2023-10-30 12:00",1,"Težje tovorno vozilo",6
"2023-10-30 12:00",1,"Nerazpoznana vozila",1
"2023-10-31 00:00",1,"Osebni avtomobil",220
"2023-10-31 00:00",1,"Težje tovorno vozilo",14
"2023-10-31 00:00",1,"Kombinirano vozilo",9
"2023-10-31 00:00",1,"Tovorno vozilo s prikolico",1
"2023-10-31 00:00",0,"Osebni avtomobil",124
"2023-10-31 00:00",0,"Kombinirano vozilo",6
"2023-10-31 00:00",0,"Težje tovorno vozilo",3
"2023-10-31 12:00",1,"Osebni avtomobil",336
"2023-10-31 12:00",1,"Kombinirano vozilo",12
"2023-10-31 12:00",1,"Težje tovorno vozilo",3
"2023-10-31 12:00",1,"Tovorno vozilo s prikolico",2
"2023-10-31 12:00",0,"Osebni avtomobil",324
"2023-10-31 12:00",0,"Kombinirano vozilo",6
"2023-10-31 12:00",0,"Težje tovorno vozilo",3
"2023-11-01 00:00",1,"Osebni avtomobil",217
"2023-11-01 00:00",1,"Kombinirano vozilo",1
"2023-11-01 00:00",1,"Težje tovorno vozilo",1
"2023-11-01 00:00",0,"Osebni avtomobil",167
"2023-11-01 00:00",0,"Kombinirano vozilo",6
"2023-11-01 00:00",0,"Težje tovorno vozilo",1
"2023-11-01 12:00",0,"Osebni avtomobil",436
"2023-11-01 12:00",0,"Kombinirano vozilo",11
"2023-11-01 12:00",0,"Težje tovorno vozilo",4
"2023-11-01 12:00",1,"Osebni avtomobil",393
"2023-11-01 12:00",1,"Kombinirano vozilo",8
"2023-11-01 12:00",1,"Težje tovorno vozilo",2
"2023-11-02 00:00",1,"Osebni avtomobil",474
"2023-11-02 00:00",1,"Kombinirano vozilo",23
"2023-11-02 00:00",1,"Težje tovorno vozilo",16
"2023-11-02 00:00",1,"Tovorno vozilo s prikolico",1
"2023-11-02 00:00",0,"Osebni avtomobil",161
"2023-11-02 00:00",0,"Kombinirano vozilo",17
"2023-11-02 00:00",0,"Težje tovorno vozilo",10
"2023-11-02 12:00",1,"Osebni avtomobil",529
"2023-11-02 12:00",1,"Kombinirano vozilo",69
"2023-11-02 12:00",1,"Težje tovorno vozilo",38
"2023-11-02 12:00",1,"Tovorno vozilo s prikolico",12
"2023-11-02 12:00",1,"Nerazpoznana vozila",1
"2023-11-02 12:00",0,"Osebni avtomobil",300
"2023-11-02 12:00",0,"Kombinirano vozilo",14
"2023-11-02 12:00",0,"Težje tovorno vozilo",4
"2023-11-02 12:00",0,"Tovorno vozilo s prikolico",2
"2023-11-03 00:00",1,"Osebni avtomobil",478
"2023-11-03 00:00",1,"Kombinirano vozilo",26
"2023-11-03 00:00",1,"Težje tovorno vozilo",21
"2023-11-03 00:00",1,"Tovorno vozilo s prikolico",3
"2023-11-03 00:00",1,"Nerazpoznana vozila",1
"2023-11-03 00:00",0,"Osebni avtomobil",191
"2023-11-03 00:00",0,"Kombinirano vozilo",14
"2023-11-03 00:00",0,"Težje tovorno vozilo",8
"2023-11-03 12:00",0,"Osebni avtomobil",520
"2023-11-03 12:00",0,"Kombinirano vozilo",21
"2023-11-03 12:00",0,"Težje tovorno vozilo",13
"2023-11-03 12:00",1,"Osebni avtomobil",367
"2023-11-03 12:00",1,"Kombinirano vozilo",16
"2023-11-03 12:00",1,"Težje tovorno vozilo",10
"2023-11-03 12:00",1,"Nerazpoznana vozila",1
"2023-11-03 12:00",1,"Tovorno vozilo s prikolico",1
"2023-11-04 00:00",1,"Osebni avtomobil",286
"2023-11-04 00:00",1,"Kombinirano vozilo",17
"2023-11-04 00:00",1,"Težje tovorno vozilo",5
"2023-11-04 00:00",0,"Osebni avtomobil",190
"2023-11-04 00:00",0,"Kombinirano vozilo",26
"2023-11-04 00:00",0,"Težje tovorno vozilo",7
"2023-11-04 12:00",0,"Osebni avtomobil",439
"2023-11-04 12:00",0,"Kombinirano vozilo",26
"2023-11-04 12:00",0,"Težje tovorno vozilo",10
"2023-11-04 12:00",1,"Osebni avtomobil",401
"2023-11-04 12:00",1,"Kombinirano vozilo",14
"2023-11-04 12:00",1,"Težje tovorno vozilo",6
"2023-11-05 00:00",1,"Osebni avtomobil",273
"2023-11-05 00:00",1,"Kombinirano vozilo",17
"2023-11-05 00:00",1,"Težje tovorno vozilo",5
"2023-11-05 00:00",1,"Tovorno vozilo s prikolico",4
"2023-11-05 00:00",0,"Osebni avtomobil",83
"2023-11-05 00:00",0,"Težje tovorno vozilo",3
"2023-11-05 00:00",0,"Kombinirano vozilo",1
"2023-11-05 12:00",0,"Osebni avtomobil",365
"2023-11-05 12:00",0,"Kombinirano vozilo",15
"2023-11-05 12:00",0,"Težje tovorno vozilo",3
"2023-11-05 12:00",1,"Osebni avtomobil",346
"2023-11-05 12:00",1,"Kombinirano vozilo",5
"2023-11-05 12:00",1,"Težje tovorno vozilo",1
"2023-11-06 00:00",1,"Osebni avtomobil",539
"2023-11-06 00:00",1,"Kombinirano vozilo",28
"2023-11-06 00:00",1,"Težje tovorno vozilo",4
"2023-11-06 00:00",1,"Tovorno vozilo s prikolico",1
"2023-11-06 00:00",0,"Osebni avtomobil",206
"2023-11-06 00:00",0,"Kombinirano vozilo",27
"2023-11-06 00:00",0,"Težje tovorno vozilo",12
"2023-11-06 00:00",0,"Tovorno vozilo s prikolico",2
"2023-11-06 12:00",0,"Osebni avtomobil",647
"2023-11-06 12:00",0,"Kombinirano vozilo",36
"2023-11-06 12:00",0,"Težje tovorno vozilo",13
"2023-11-06 12:00",1,"Osebni avtomobil",400
"2023-11-06 12:00",1,"Kombinirano vozilo",21
"2023-11-06 12:00",1,"Težje tovorno vozilo",6
"2023-11-07 00:00",1,"Osebni avtomobil",513
"2023-11-07 00:00",1,"Kombinirano vozilo",14
"2023-11-07 00:00",1,"Težje tovorno vozilo",7
"2023-11-07 00:00",0,"Osebni avtomobil",193
"2023-11-07 00:00",0,"Kombinirano vozilo",15
"2023-11-07 00:00",0,"Težje tovorno vozilo",13
"2023-11-07 12:00",0,"Osebni avtomobil",630
"2023-11-07 12:00",0,"Kombinirano vozilo",42
"2023-11-07 12:00",0,"Težje tovorno vozilo",15
"2023-11-07 12:00",0,"Tovorno vozilo s prikolico",1
"2023-11-07 12:00",1,"Osebni avtomobil",402
"2023-11-07 12:00",1,"Kombinirano vozilo",34
"2023-11-07 12:00",1,"Težje tovorno vozilo",15
"2023-11-07 12:00",1,"Tovorno vozilo s prikolico",1
"2023-11-08 00:00",1,"Osebni avtomobil",545
"2023-11-08 00:00",1,"Kombinirano vozilo",25
"2023-11-08 00:00",1,"Težje tovorno vozilo",14
"2023-11-08 00:00",1,"Tovorno vozilo s prikolico",1
"2023-11-08 00:00",0,"Osebni avtomobil",198
"2023-11-08 00:00",0,"Kombinirano vozilo",24
"2023-11-08 00:00",0,"Težje tovorno vozilo",12
"2023-11-08 00:00",0,"Tovorno vozilo s prikolico",2
"2023-11-08 12:00",0,"Osebni avtomobil",667
"2023-11-08 12:00",0,"Kombinirano vozilo",38
"2023-11-08 12:00",0,"Težje tovorno vozilo",16
"2023-11-08 12:00",1,"Osebni avtomobil",430
"2023-11-08 12:00",1,"Kombinirano vozilo",33
"2023-11-08 12:00",1,"Težje tovorno vozilo",12
"2023-11-09 00:00",1,"Osebni avtomobil",539
"2023-11-09 00:00",1,"Kombinirano vozilo",28
"2023-11-09 00:00",1,"Težje tovorno vozilo",10
"2023-11-09 00:00",1,"Tovorno vozilo s prikolico",2
"2023-11-09 00:00",0,"Osebni avtomobil",197
"2023-11-09 00:00",0,"Kombinirano vozilo",26
"2023-11-09 00:00",0,"Težje tovorno vozilo",16
"2023-11-09 00:00",0,"Tovorno vozilo s prikolico",1
"2023-11-09 12:00",0,"Osebni avtomobil",667
"2023-11-09 12:00",0,"Kombinirano vozilo",35
"2023-11-09 12:00",0,"Težje tovorno vozilo",23
"2023-11-09 12:00",0,"Tovorno vozilo s prikolico",1
"2023-11-09 12:00",1,"Osebni avtomobil",391
"2023-11-09 12:00",1,"Kombinirano vozilo",29
"2023-11-09 12:00",1,"Težje tovorno vozilo",12
"2023-11-09 12:00",1,"Tovorno vozilo s prikolico",1
"2023-11-10 00:00",1,"Osebni avtomobil",530
"2023-11-10 00:00",1,"Kombinirano vozilo",27
"2023-11-10 00:00",1,"Težje tovorno vozilo",21
"2023-11-10 00:00",0,"Osebni avtomobil",187
"2023-11-10 00:00",0,"Kombinirano vozilo",19
"2023-11-10 00:00",0,"Težje tovorno vozilo",13
"2023-11-10 00:00",0,"Tovorno vozilo s prikolico",1
"2023-11-10 12:00",0,"Osebni avtomobil",649
"2023-11-10 12:00",0,"Kombinirano vozilo",29
"2023-11-10 12:00",0,"Težje tovorno vozilo",13
"2023-11-10 12:00",0,"Tovorno vozilo s prikolico",1
"2023-11-10 12:00",1,"Osebni avtomobil",418
"2023-11-10 12:00",1,"Kombinirano vozilo",22
"2023-11-10 12:00",1,"Težje tovorno vozilo",15
"2023-11-11 00:00",1,"Osebni avtomobil",339
"2023-11-11 00:00",1,"Kombinirano vozilo",23
"2023-11-11 00:00",1,"Težje tovorno vozilo",4
"2023-11-11 00:00",0,"Osebni avtomobil",208
"2023-11-11 00:00",0,"Kombinirano vozilo",20
"2023-11-11 00:00",0,"Težje tovorno vozilo",4
"2023-11-11 12:00",0,"Osebni avtomobil",441
"2023-11-11 12:00",0,"Kombinirano vozilo",23
"2023-11-11 12:00",0,"Težje tovorno vozilo",6
"2023-11-11 12:00",1,"Osebni avtomobil",368
"2023-11-11 12:00",1,"Kombinirano vozilo",9
"2023-11-11 12:00",1,"Težje tovorno vozilo",1
"2023-11-12 00:00",1,"Osebni avtomobil",180
"2023-11-12 00:00",1,"Kombinirano vozilo",5
"2023-11-12 00:00",1,"Težje tovorno vozilo",2
"2023-11-12 00:00",0,"Osebni avtomobil",125
"2023-11-12 00:00",0,"Kombinirano vozilo",7
"2023-11-12 00:00",0,"Težje tovorno vozilo",2
"2023-11-12 12:00",0,"Osebni avtomobil",367
"2023-11-12 12:00",0,"Kombinirano vozilo",17
"2023-11-12 12:00",0,"Težje tovorno vozilo",4
"2023-11-12 12:00",1,"Osebni avtomobil",331
"2023-11-12 12:00",1,"Kombinirano vozilo",8
"2023-11-12 12:00",1,"Težje tovorno vozilo",2
"2023-11-13 00:00",1,"Osebni avtomobil",531
"2023-11-13 00:00",1,"Kombinirano vozilo",25
"2023-11-13 00:00",1,"Težje tovorno vozilo",11
"2023-11-13 00:00",1,"Tovorno vozilo s prikolico",1
"2023-11-13 00:00",0,"Osebni avtomobil",174
"2023-11-13 00:00",0,"Kombinirano vozilo",26
"2023-11-13 00:00",0,"Težje tovorno vozilo",17
"2023-11-13 00:00",0,"Tovorno vozilo s prikolico",1
"2023-11-13 12:00",0,"Osebni avtomobil",659
"2023-11-13 12:00",0,"Kombinirano vozilo",41
"2023-11-13 12:00",0,"Težje tovorno vozilo",13
"2023-11-13 12:00",0,"Tovorno vozilo s prikolico",1
"2023-11-13 12:00",1,"Osebni avtomobil",386
"2023-11-13 12:00",1,"Kombinirano vozilo",22
"2023-11-13 12:00",1,"Težje tovorno vozilo",10
"2023-11-13 12:00",1,"Tovorno vozilo s prikolico",1
"2023-11-14 00:00",1,"Osebni avtomobil",541
"2023-11-14 00:00",1,"Kombinirano vozilo",24
"2023-11-14 00:00",1,"Težje tovorno vozilo",12
"2023-11-14 00:00",1,"Tovorno vozilo s prikolico",1
"2023-11-14 00:00",0,"Osebni avtomobil",171
"2023-11-14 00:00",0,"Kombinirano vozilo",26
"2023-11-14 00:00",0,"Težje tovorno vozilo",12
"2023-11-14 00:00",0,"Tovorno vozilo s prikolico",2
"2023-11-14 12:00",0,"Osebni avtomobil",686
"2023-11-14 12:00",0,"Kombinirano vozilo",31
"2023-11-14 12:00",0,"Težje tovorno vozilo",18
"2023-11-14 12:00",1,"Osebni avtomobil",402
"2023-11-14 12:00",1,"Kombinirano vozilo",15
"2023-11-14 12:00",1,"Težje tovorno vozilo",8
"2023-11-15 00:00",1,"Osebni avtomobil",552
"2023-11-15 00:00",1,"Kombinirano vozilo",26
"2023-11-15 00:00",1,"Težje tovorno vozilo",18
"2023-11-15 00:00",1,"Tovorno vozilo s prikolico",1
"2023-11-15 00:00",0,"Osebni avtomobil",196
"2023-11-15 00:00",0,"Kombinirano vozilo",14
"2023-11-15 00:00",0,"Težje tovorno vozilo",12
"2023-11-15 12:00",0,"Osebni avtomobil",687
"2023-11-15 12:00",0,"Kombinirano vozilo",37
"2023-11-15 12:00",0,"Težje tovorno vozilo",14
"2023-11-15 12:00",1,"Osebni avtomobil",416
"2023-11-15 12:00",1,"Kombinirano vozilo",23
"2023-11-15 12:00",1,"Težje tovorno vozilo",9
"2023-11-16 00:00",1,"Osebni avtomobil",562
"2023-11-16 00:00",1,"Kombinirano vozilo",32
"2023-11-16 00:00",1,"Težje tovorno vozilo",17
"2023-11-16 00:00",1,"Tovorno vozilo s prikolico",1
"2023-11-16 00:00",0,"Osebni avtomobil",208
"2023-11-16 00:00",0,"Kombinirano vozilo",22
"2023-11-16 00:00",0,"Težje tovorno vozilo",15
"2023-11-16 00:00",0,"Tovorno vozilo s prikolico",2
"2023-11-16 12:00",0,"Osebni avtomobil",651
"2023-11-16 12:00",0,"Kombinirano vozilo",46
"2023-11-16 12:00",0,"Težje tovorno vozilo",20
"2023-11-16 12:00",1,"Osebni avtomobil",406
"2023-11-16 12:00",1,"Kombinirano vozilo",27
"2023-11-16 12:00",1,"Težje tovorno vozilo",10
"2023-11-16 12:00",1,"Tovorno vozilo s prikolico",1
"2023-11-17 00:00",1,"Osebni avtomobil",517
"2023-11-17 00:00",1,"Kombinirano vozilo",31
"2023-11-17 00:00",1,"Težje tovorno vozilo",7
"2023-11-17 00:00",1,"Tovorno vozilo s prikolico",2
"2023-11-17 00:00",0,"Osebni avtomobil",196
"2023-11-17 00:00",0,"Kombinirano vozilo",34
"2023-11-17 00:00",0,"Težje tovorno vozilo",11
"2023-11-17 00:00",0,"Tovorno vozilo s prikolico",1
"2023-11-17 12:00",0,"Osebni avtomobil",656
"2023-11-17 12:00",0,"Kombinirano vozilo",42
"2023-11-17 12:00",0,"Težje tovorno vozilo",15
"2023-11-17 12:00",1,"Osebni avtomobil",415
"2023-11-17 12:00",1,"Kombinirano vozilo",38
"2023-11-17 12:00",1,"Težje tovorno vozilo",10
"2023-11-18 00:00",1,"Osebni avtomobil",302
"2023-11-18 00:00",1,"Kombinirano vozilo",20
"2023-11-18 00:00",1,"Težje tovorno vozilo",11
"2023-11-18 00:00",0,"Osebni avtomobil",197
"2023-11-18 00:00",0,"Kombinirano vozilo",20
"2023-11-18 00:00",0,"Težje tovorno vozilo",10
"2023-11-18 12:00",0,"Osebni avtomobil",476
"2023-11-18 12:00",0,"Kombinirano vozilo",32
"2023-11-18 12:00",0,"Težje tovorno vozilo",7
"2023-11-18 12:00",1,"Osebni avtomobil",427
"2023-11-18 12:00",1,"Kombinirano vozilo",23
"2023-11-18 12:00",1,"Težje tovorno vozilo",4
"2023-11-19 00:00",1,"Osebni avtomobil",177
"2023-11-19 00:00",1,"Kombinirano vozilo",6
"2023-11-19 00:00",1,"Težje tovorno vozilo",1
"2023-11-19 00:00",0,"Osebni avtomobil",120
"2023-11-19 00:00",0,"Kombinirano vozilo",10
"2023-11-19 12:00",0,"Osebni avtomobil",376
"2023-11-19 12:00",0,"Kombinirano vozilo",11
"2023-11-19 12:00",0,"Težje tovorno vozilo",3
"2023-11-19 12:00",1,"Osebni avtomobil",330
"2023-11-19 12:00",1,"Kombinirano vozilo",11
"2023-11-19 12:00",1,"Težje tovorno vozilo",1
"2023-11-20 00:00",1,"Osebni avtomobil",522
"2023-11-20 00:00",1,"Kombinirano vozilo",28
"2023-11-20 00:00",1,"Težje tovorno vozilo",11
"2023-11-20 00:00",1,"Tovorno vozilo s prikolico",1
"2023-11-20 00:00",0,"Osebni avtomobil",176
"2023-11-20 00:00",0,"Kombinirano vozilo",23
"2023-11-20 00:00",0,"Težje tovorno vozilo",13
"2023-11-20 00:00",0,"Tovorno vozilo s prikolico",1
"2023-11-20 12:00",0,"Osebni avtomobil",614
"2023-11-20 12:00",0,"Kombinirano vozilo",32
"2023-11-20 12:00",0,"Težje tovorno vozilo",18
"2023-11-20 12:00",0,"Tovorno vozilo s prikolico",1
"2023-11-20 12:00",1,"Osebni avtomobil",357
"2023-11-20 12:00",1,"Kombinirano vozilo",24
"2023-11-20 12:00",1,"Težje tovorno vozilo",11
"2023-11-21 00:00",1,"Osebni avtomobil",537
"2023-11-21 00:00",1,"Kombinirano vozilo",28
"2023-11-21 00:00",1,"Težje tovorno vozilo",18
"2023-11-21 00:00",1,"Tovorno vozilo s prikolico",1
"2023-11-21 00:00",0,"Osebni avtomobil",189
"2023-11-21 00:00",0,"Kombinirano vozilo",16
"2023-11-21 00:00",0,"Težje tovorno vozilo",14
"2023-11-21 12:00",0,"Osebni avtomobil",619
"2023-11-21 12:00",0,"Kombinirano vozilo",23
"2023-11-21 12:00",0,"Težje tovorno vozilo",12
"2023-11-21 12:00",1,"Osebni avtomobil",401
"2023-11-21 12:00",1,"Kombinirano vozilo",24
"2023-11-21 12:00",1,"Težje tovorno vozilo",13
"2023-11-22 00:00",1,"Osebni avtomobil",521
"2023-11-22 00:00",1,"Kombinirano vozilo",31
"2023-11-22 00:00",1,"Težje tovorno vozilo",9
"2023-11-22 00:00",1,"Tovorno vozilo s prikolico",1
"2023-11-22 00:00",0,"Osebni avtomobil",177
"2023-11-22 00:00",0,"Kombinirano vozilo",31
"2023-11-22 00:00",0,"Težje tovorno vozilo",13
"2023-11-22 00:00",0,"Tovorno vozilo s prikolico",2
"2023-11-22 12:00",0,"Osebni avtomobil",681
"2023-11-22 12:00",0,"Kombinirano vozilo",40
"2023-11-22 12:00",0,"Težje tovorno vozilo",16
"2023-11-22 12:00",1,"Osebni avtomobil",401
"2023-11-22 12:00",1,"Kombinirano vozilo",22
"2023-11-22 12:00",1,"Težje tovorno vozilo",8
"2023-11-23 00:00",1,"Osebni avtomobil",530
"2023-11-23 00:00",1,"Kombinirano vozilo",38
"2023-11-23 00:00",1,"Težje tovorno vozilo",14
"2023-11-23 00:00",0,"Osebni avtomobil",191
"2023-11-23 00:00",0,"Kombinirano vozilo",32
"2023-11-23 00:00",0,"Težje tovorno vozilo",11
"2023-11-23 00:00",0,"Tovorno vozilo s prikolico",1
"2023-11-23 12:00",0,"Osebni avtomobil",658
"2023-11-23 12:00",0,"Kombinirano vozilo",45
"2023-11-23 12:00",0,"Težje tovorno vozilo",13
"2023-11-23 12:00",1,"Osebni avtomobil",403
"2023-11-23 12:00",1,"Kombinirano vozilo",22
"2023-11-23 12:00",1,"Težje tovorno vozilo",9
"2023-11-24 00:00",1,"Osebni avtomobil",522
"2023-11-24 00:00",1,"Kombinirano vozilo",49
"2023-11-24 00:00",1,"Težje tovorno vozilo",14
"2023-11-24 00:00",0,"Osebni avtomobil",163
"2023-11-24 00:00",0,"Kombinirano vozilo",30
"2023-11-24 00:00",0,"Težje tovorno vozilo",13
"2023-11-24 12:00",0,"Osebni avtomobil",703
"2023-11-24 12:00",0,"Kombinirano vozilo",39
"2023-11-24 12:00",0,"Težje tovorno vozilo",15
"2023-11-24 12:00",1,"Osebni avtomobil",459
"2023-11-24 12:00",1,"Kombinirano vozilo",29
"2023-11-24 12:00",1,"Težje tovorno vozilo",10
"2023-11-25 00:00",1,"Osebni avtomobil",289
"2023-11-25 00:00",1,"Kombinirano vozilo",19
"2023-11-25 00:00",1,"Težje tovorno vozilo",5
"2023-11-25 00:00",0,"Osebni avtomobil",176
"2023-11-25 00:00",0,"Kombinirano vozilo",22
"2023-11-25 00:00",0,"Težje tovorno vozilo",5
"2023-11-25 12:00",0,"Osebni avtomobil",444
"2023-11-25 12:00",0,"Kombinirano vozilo",31
"2023-11-25 12:00",0,"Težje tovorno vozilo",5
"2023-11-25 12:00",1,"Osebni avtomobil",410
"2023-11-25 12:00",1,"Kombinirano vozilo",18
"2023-11-25 12:00",1,"Težje tovorno vozilo",3
"2023-11-26 00:00",1,"Osebni avtomobil",179
"2023-11-26 00:00",1,"Kombinirano vozilo",5
"2023-11-26 00:00",1,"Težje tovorno vozilo",3
"2023-11-26 00:00",0,"Osebni avtomobil",114
"2023-11-26 00:00",0,"Kombinirano vozilo",6
"2023-11-26 00:00",0,"Težje tovorno vozilo",2
"2023-11-26 12:00",0,"Osebni avtomobil",349
"2023-11-26 12:00",0,"Kombinirano vozilo",17
"2023-11-26 12:00",0,"Težje tovorno vozilo",4
"2023-11-26 12:00",1,"Osebni avtomobil",330
"2023-11-26 12:00",1,"Kombinirano vozilo",7
"2023-11-26 12:00",1,"Težje tovorno vozilo",2
"2023-11-27 00:00",1,"Osebni avtomobil",492
"2023-11-27 00:00",1,"Kombinirano vozilo",34
"2023-11-27 00:00",1,"Težje tovorno vozilo",13
"2023-11-27 00:00",1,"Tovorno vozilo s prikolico",2
"2023-11-27 00:00",0,"Osebni avtomobil",186
"2023-11-27 00:00",0,"Kombinirano vozilo",27
"2023-11-27 00:00",0,"Težje tovorno vozilo",11
"2023-11-27 00:00",0,"Tovorno vozilo s prikolico",1
"2023-11-27 12:00",0,"Osebni avtomobil",634
"2023-11-27 12:00",0,"Kombinirano vozilo",36
"2023-11-27 12:00",0,"Težje tovorno vozilo",26
"2023-11-27 12:00",0,"Tovorno vozilo s prikolico",3
"2023-11-27 12:00",1,"Osebni avtomobil",403
"2023-11-27 12:00",1,"Kombinirano vozilo",30
"2023-11-27 12:00",1,"Težje tovorno vozilo",13
"2023-11-28 00:00",1,"Osebni avtomobil",519
"2023-11-28 00:00",1,"Kombinirano vozilo",38
"2023-11-28 00:00",1,"Težje tovorno vozilo",20
"2023-11-28 00:00",1,"Tovorno vozilo s prikolico",1
"2023-11-28 00:00",0,"Osebni avtomobil",187
"2023-11-28 00:00",0,"Kombinirano vozilo",28
"2023-11-28 00:00",0,"Težje tovorno vozilo",14
"2023-11-28 12:00",0,"Osebni avtomobil",635
"2023-11-28 12:00",0,"Kombinirano vozilo",55
"2023-11-28 12:00",0,"Težje tovorno vozilo",19
"2023-11-28 12:00",1,"Osebni avtomobil",385
"2023-11-28 12:00",1,"Kombinirano vozilo",22
"2023-11-28 12:00",1,"Težje tovorno vozilo",16
"2023-11-29 00:00",1,"Osebni avtomobil",533
"2023-11-29 00:00",1,"Kombinirano vozilo",33
"2023-11-29 00:00",1,"Težje tovorno vozilo",16
"2023-11-29 00:00",0,"Osebni avtomobil",185
"2023-11-29 00:00",0,"Kombinirano vozilo",28
"2023-11-29 00:00",0,"Težje tovorno vozilo",14
"2023-11-29 12:00",0,"Osebni avtomobil",639
"2023-11-29 12:00",0,"Kombinirano vozilo",43
"2023-11-29 12:00",0,"Težje tovorno vozilo",18
"2023-11-29 12:00",0,"Tovorno vozilo s prikolico",1
"2023-11-29 12:00",1,"Osebni avtomobil",416
"2023-11-29 12:00",1,"Kombinirano vozilo",35
"2023-11-29 12:00",1,"Težje tovorno vozilo",16
"2023-11-30 00:00",1,"Osebni avtomobil",495
"2023-11-30 00:00",1,"Kombinirano vozilo",34
"2023-11-30 00:00",1,"Težje tovorno vozilo",14
"2023-11-30 00:00",1,"Tovorno vozilo s prikolico",5
"2023-11-30 00:00",0,"Osebni avtomobil",133
"2023-11-30 00:00",0,"Kombinirano vozilo",16
"2023-11-30 00:00",0,"Težje tovorno vozilo",8
"2023-11-30 00:00",0,"Tovorno vozilo s prikolico",1
"2023-11-30 12:00",0,"Osebni avtomobil",539
"2023-11-30 12:00",0,"Kombinirano vozilo",19
"2023-11-30 12:00",0,"Težje tovorno vozilo",8
"2023-11-30 12:00",1,"Osebni avtomobil",381
"2023-11-30 12:00",1,"Kombinirano vozilo",19
"2023-11-30 12:00",1,"Težje tovorno vozilo",8
"2023-12-01 00:00",1,"Osebni avtomobil",507
"2023-12-01 00:00",1,"Kombinirano vozilo",28
"2023-12-01 00:00",1,"Težje tovorno vozilo",9
"2023-12-01 00:00",0,"Osebni avtomobil",147
"2023-12-01 00:00",0,"Kombinirano vozilo",7
"2023-12-01 00:00",0,"Težje tovorno vozilo",7
"2023-12-01 12:00",0,"Osebni avtomobil",559
"2023-12-01 12:00",0,"Težje tovorno vozilo",14
"2023-12-01 12:00",0,"Kombinirano vozilo",9
"2023-12-01 12:00",1,"Osebni avtomobil",467
"2023-12-01 12:00",1,"Kombinirano vozilo",33
"2023-12-01 12:00",1,"Težje tovorno vozilo",8
"2023-12-01 12:00",1,"Tovorno vozilo s prikolico",1
"2023-12-02 00:00",1,"Osebni avtomobil",344
"2023-12-02 00:00",1,"Kombinirano vozilo",44
"2023-12-02 00:00",1,"Težje tovorno vozilo",16
"2023-12-02 00:00",1,"Tovorno vozilo s prikolico",5
"2023-12-02 00:00",0,"Osebni avtomobil",121
"2023-12-02 00:00",0,"Kombinirano vozilo",3
"2023-12-02 00:00",0,"Težje tovorno vozilo",2
"2023-12-02 12:00",1,"Osebni avtomobil",369
"2023-12-02 12:00",1,"Kombinirano vozilo",18
"2023-12-02 12:00",1,"Težje tovorno vozilo",14
"2023-12-02 12:00",1,"Tovorno vozilo s prikolico",8
"2023-12-02 12:00",0,"Osebni avtomobil",307
"2023-12-02 12:00",0,"Kombinirano vozilo",10
"2023-12-02 12:00",0,"Težje tovorno vozilo",3
"2023-12-03 00:00",1,"Osebni avtomobil",160
"2023-12-03 00:00",1,"Kombinirano vozilo",10
"2023-12-03 00:00",1,"Težje tovorno vozilo",3
"2023-12-03 00:00",0,"Osebni avtomobil",109
"2023-12-03 00:00",0,"Kombinirano vozilo",8
"2023-12-03 00:00",0,"Težje tovorno vozilo",3
"2023-12-03 12:00",0,"Osebni avtomobil",330
"2023-12-03 12:00",0,"Kombinirano vozilo",18
"2023-12-03 12:00",0,"Težje tovorno vozilo",4
"2023-12-03 12:00",1,"Osebni avtomobil",324
"2023-12-03 12:00",1,"Kombinirano vozilo",5
"2023-12-03 12:00",1,"Težje tovorno vozilo",2
"2023-12-04 00:00",1,"Osebni avtomobil",493
"2023-12-04 00:00",1,"Kombinirano vozilo",29
"2023-12-04 00:00",1,"Težje tovorno vozilo",16
"2023-12-04 00:00",1,"Tovorno vozilo s prikolico",1
"2023-12-04 00:00",0,"Osebni avtomobil",160
"2023-12-04 00:00",0,"Kombinirano vozilo",23
"2023-12-04 00:00",0,"Težje tovorno vozilo",12
"2023-12-04 00:00",0,"Tovorno vozilo s prikolico",1
"2023-12-04 12:00",0,"Osebni avtomobil",627
"2023-12-04 12:00",0,"Kombinirano vozilo",49
"2023-12-04 12:00",0,"Težje tovorno vozilo",18
"2023-12-04 12:00",0,"Tovorno vozilo s prikolico",1
"2023-12-04 12:00",1,"Osebni avtomobil",397
"2023-12-04 12:00",1,"Kombinirano vozilo",22
"2023-12-04 12:00",1,"Težje tovorno vozilo",16
"2023-12-05 00:00",1,"Osebni avtomobil",524
"2023-12-05 00:00",1,"Kombinirano vozilo",28
"2023-12-05 00:00",1,"Težje tovorno vozilo",14
"2023-12-05 00:00",1,"Tovorno vozilo s prikolico",2
"2023-12-05 00:00",0,"Osebni avtomobil",183
"2023-12-05 00:00",0,"Kombinirano vozilo",27
"2023-12-05 00:00",0,"Težje tovorno vozilo",10
"2023-12-05 00:00",0,"Tovorno vozilo s prikolico",1
"2023-12-05 12:00",0,"Osebni avtomobil",594
"2023-12-05 12:00",0,"Kombinirano vozilo",40
"2023-12-05 12:00",0,"Težje tovorno vozilo",15
"2023-12-05 12:00",0,"Tovorno vozilo s prikolico",1
"2023-12-05 12:00",1,"Osebni avtomobil",395
"2023-12-05 12:00",1,"Kombinirano vozilo",22
"2023-12-05 12:00",1,"Težje tovorno vozilo",15
"2023-12-06 00:00",1,"Osebni avtomobil",498
"2023-12-06 00:00",1,"Kombinirano vozilo",29
"2023-12-06 00:00",1,"Težje tovorno vozilo",12
"2023-12-06 00:00",1,"Tovorno vozilo s prikolico",1
"2023-12-06 00:00",0,"Osebni avtomobil",159
"2023-12-06 00:00",0,"Kombinirano vozilo",24
"2023-12-06 00:00",0,"Težje tovorno vozilo",13
"2023-12-06 12:00",0,"Osebni avtomobil",666
"2023-12-06 12:00",0,"Kombinirano vozilo",49
"2023-12-06 12:00",0,"Težje tovorno vozilo",24
"2023-12-06 12:00",0,"Tovorno vozilo s prikolico",1
"2023-12-06 12:00",1,"Osebni avtomobil",435
"2023-12-06 12:00",1,"Kombinirano vozilo",35
"2023-12-06 12:00",1,"Težje tovorno vozilo",13
"2023-12-07 00:00",1,"Osebni avtomobil",522
"2023-12-07 00:00",1,"Kombinirano vozilo",28
"2023-12-07 00:00",1,"Težje tovorno vozilo",10
"2023-12-07 00:00",0,"Osebni avtomobil",188
"2023-12-07 00:00",0,"Kombinirano vozilo",26
"2023-12-07 00:00",0,"Težje tovorno vozilo",10
"2023-12-07 12:00",0,"Osebni avtomobil",668
"2023-12-07 12:00",0,"Kombinirano vozilo",35
"2023-12-07 12:00",0,"Težje tovorno vozilo",12
"2023-12-07 12:00",1,"Osebni avtomobil",407
"2023-12-07 12:00",1,"Kombinirano vozilo",21
"2023-12-07 12:00",1,"Težje tovorno vozilo",10
"2023-12-08 00:00",1,"Osebni avtomobil",483
"2023-12-08 00:00",1,"Kombinirano vozilo",30
"2023-12-08 00:00",1,"Težje tovorno vozilo",16
"2023-12-08 00:00",1,"Tovorno vozilo s prikolico",1
"2023-12-08 00:00",0,"Osebni avtomobil",175
"2023-12-08 00:00",0,"Kombinirano vozilo",30
"2023-12-08 00:00",0,"Težje tovorno vozilo",13
"2023-12-08 00:00",0,"Tovorno vozilo s prikolico",2
"2023-12-08 12:00",0,"Osebni avtomobil",635
"2023-12-08 12:00",0,"Kombinirano vozilo",39
"2023-12-08 12:00",0,"Težje tovorno vozilo",12
"2023-12-08 12:00",1,"Osebni avtomobil",454
"2023-12-08 12:00",1,"Kombinirano vozilo",24
"2023-12-08 12:00",1,"Težje tovorno vozilo",11
"2023-12-08 12:00",1,"Tovorno vozilo s prikolico",1
"2023-12-09 00:00",1,"Osebni avtomobil",273
"2023-12-09 00:00",1,"Kombinirano vozilo",15
"2023-12-09 00:00",1,"Težje tovorno vozilo",5
"2023-12-09 00:00",0,"Osebni avtomobil",170
"2023-12-09 00:00",0,"Kombinirano vozilo",18
"2023-12-09 00:00",0,"Težje tovorno vozilo",9
"2023-12-09 12:00",0,"Osebni avtomobil",463
"2023-12-09 12:00",0,"Kombinirano vozilo",35
"2023-12-09 12:00",0,"Težje tovorno vozilo",6
"2023-12-09 12:00",1,"Osebni avtomobil",397
"2023-12-09 12:00",1,"Kombinirano vozilo",15
"2023-12-09 12:00",1,"Težje tovorno vozilo",1
"2023-12-10 00:00",1,"Osebni avtomobil",168
"2023-12-10 00:00",1,"Kombinirano vozilo",8
"2023-12-10 00:00",1,"Težje tovorno vozilo",4
"2023-12-10 00:00",0,"Osebni avtomobil",117
"2023-12-10 00:00",0,"Kombinirano vozilo",3
"2023-12-10 00:00",0,"Težje tovorno vozilo",3
"2023-12-10 12:00",0,"Osebni avtomobil",384
"2023-12-10 12:00",0,"Kombinirano vozilo",15
"2023-12-10 12:00",0,"Težje tovorno vozilo",4
"2023-12-10 12:00",1,"Osebni avtomobil",359
"2023-12-10 12:00",1,"Kombinirano vozilo",6
"2023-12-10 12:00",1,"Težje tovorno vozilo",3
"2023-12-11 00:00",1,"Osebni avtomobil",519
"2023-12-11 00:00",1,"Kombinirano vozilo",25
"2023-12-11 00:00",1,"Težje tovorno vozilo",14
"2023-12-11 00:00",1,"Tovorno vozilo s prikolico",1
"2023-12-11 00:00",0,"Osebni avtomobil",173
"2023-12-11 00:00",0,"Kombinirano vozilo",24
"2023-12-11 00:00",0,"Težje tovorno vozilo",11
"2023-12-11 00:00",0,"Tovorno vozilo s prikolico",2
"2023-12-11 12:00",0,"Osebni avtomobil",581
"2023-12-11 12:00",0,"Kombinirano vozilo",24
"2023-12-11 12:00",0,"Težje tovorno vozilo",8
"2023-12-11 12:00",0,"Tovorno vozilo s prikolico",1
"2023-12-11 12:00",1,"Osebni avtomobil",353
"2023-12-11 12:00",1,"Kombinirano vozilo",22
"2023-12-11 12:00",1,"Težje tovorno vozilo",11
"2023-12-12 00:00",1,"Osebni avtomobil",527
"2023-12-12 00:00",1,"Težje tovorno vozilo",19
"2023-12-12 00:00",1,"Kombinirano vozilo",17
"2023-12-12 00:00",1,"Tovorno vozilo s prikolico",1
"2023-12-12 00:00",0,"Osebni avtomobil",208
"2023-12-12 00:00",0,"Kombinirano vozilo",23
"2023-12-12 00:00",0,"Težje tovorno vozilo",22
"2023-12-12 00:00",0,"Tovorno vozilo s prikolico",1
"2023-12-12 12:00",0,"Osebni avtomobil",666
"2023-12-12 12:00",0,"Kombinirano vozilo",36
"2023-12-12 12:00",0,"Težje tovorno vozilo",19
"2023-12-12 12:00",1,"Osebni avtomobil",437
"2023-12-12 12:00",1,"Kombinirano vozilo",22
"2023-12-12 12:00",1,"Težje tovorno vozilo",13
"2023-12-12 12:00",1,"Tovorno vozilo s prikolico",1
"2023-12-13 00:00",1,"Osebni avtomobil",366
"2023-12-13 00:00",1,"Kombinirano vozilo",30
"2023-12-13 00:00",1,"Težje tovorno vozilo",10
"2023-12-13 00:00",1,"Tovorno vozilo s prikolico",3
"2023-12-13 00:00",1,"Nerazpoznana vozila",1
"2023-12-13 00:00",0,"Osebni avtomobil",64
"2023-12-13 00:00",0,"Kombinirano vozilo",4
"2023-12-13 00:00",0,"Težje tovorno vozilo",4
"2023-12-13 12:00",1,"Osebni avtomobil",431
"2023-12-13 12:00",1,"Kombinirano vozilo",34
"2023-12-13 12:00",1,"Težje tovorno vozilo",10
"2023-12-13 12:00",1,"Tovorno vozilo s prikolico",2
"2023-12-13 12:00",0,"Osebni avtomobil",451
"2023-12-13 12:00",0,"Težje tovorno vozilo",7
"2023-12-13 12:00",0,"Kombinirano vozilo",6
"2023-12-14 00:00",1,"Osebni avtomobil",499
"2023-12-14 00:00",1,"Kombinirano vozilo",31
"2023-12-14 00:00",1,"Težje tovorno vozilo",15
"2023-12-14 00:00",0,"Osebni avtomobil",192
"2023-12-14 00:00",0,"Kombinirano vozilo",24
"2023-12-14 00:00",0,"Težje tovorno vozilo",14
"2023-12-14 12:00",0,"Osebni avtomobil",661
"2023-12-14 12:00",0,"Kombinirano vozilo",38
"2023-12-14 12:00",0,"Težje tovorno vozilo",18
"2023-12-14 12:00",0,"Tovorno vozilo s prikolico",1
"2023-12-14 12:00",1,"Osebni avtomobil",410
"2023-12-14 12:00",1,"Kombinirano vozilo",24
"2023-12-14 12:00",1,"Težje tovorno vozilo",11
"2023-12-15 00:00",1,"Osebni avtomobil",506
"2023-12-15 00:00",1,"Kombinirano vozilo",20
"2023-12-15 00:00",1,"Težje tovorno vozilo",12
"2023-12-15 00:00",1,"Tovorno vozilo s prikolico",2
"2023-12-15 00:00",0,"Osebni avtomobil",196
"2023-12-15 00:00",0,"Kombinirano vozilo",20
"2023-12-15 00:00",0,"Težje tovorno vozilo",14
"2023-12-15 00:00",0,"Tovorno vozilo s prikolico",1
"2023-12-15 12:00",0,"Osebni avtomobil",678
"2023-12-15 12:00",0,"Kombinirano vozilo",38
"2023-12-15 12:00",0,"Težje tovorno vozilo",14
"2023-12-15 12:00",1,"Osebni avtomobil",476
"2023-12-15 12:00",1,"Kombinirano vozilo",26
"2023-12-15 12:00",1,"Težje tovorno vozilo",11
"2023-12-16 00:00",1,"Osebni avtomobil",283
"2023-12-16 00:00",1,"Kombinirano vozilo",18
"2023-12-16 00:00",1,"Težje tovorno vozilo",3
"2023-12-16 00:00",0,"Osebni avtomobil",174
"2023-12-16 00:00",0,"Kombinirano vozilo",17
"2023-12-16 00:00",0,"Težje tovorno vozilo",7
"2023-12-16 12:00",0,"Osebni avtomobil",442
"2023-12-16 12:00",0,"Kombinirano vozilo",28
"2023-12-16 12:00",0,"Težje tovorno vozilo",9
"2023-12-16 12:00",1,"Osebni avtomobil",387
"2023-12-16 12:00",1,"Kombinirano vozilo",13
"2023-12-16 12:00",1,"Težje tovorno vozilo",3
"2023-12-17 00:00",1,"Osebni avtomobil",178
"2023-12-17 00:00",1,"Kombinirano vozilo",2
"2023-12-17 00:00",1,"Težje tovorno vozilo",1
"2023-12-17 00:00",0,"Osebni avtomobil",135
"2023-12-17 00:00",0,"Kombinirano vozilo",8
"2023-12-17 00:00",0,"Težje tovorno vozilo",1
"2023-12-17 12:00",0,"Osebni avtomobil",399
"2023-12-17 12:00",0,"Kombinirano vozilo",20
"2023-12-17 12:00",0,"Težje tovorno vozilo",3
"2023-12-17 12:00",1,"Osebni avtomobil",357
"2023-12-17 12:00",1,"Kombinirano vozilo",11
"2023-12-17 12:00",1,"Težje tovorno vozilo",3
"2023-12-18 00:00",1,"Osebni avtomobil",504
"2023-12-18 00:00",1,"Kombinirano vozilo",29
"2023-12-18 00:00",1,"Težje tovorno vozilo",14
"2023-12-18 00:00",0,"Osebni avtomobil",161
"2023-12-18 00:00",0,"Kombinirano vozilo",30
"2023-12-18 00:00",0,"Težje tovorno vozilo",14
"2023-12-18 12:00",0,"Osebni avtomobil",645
"2023-12-18 12:00",0,"Kombinirano vozilo",44
"2023-12-18 12:00",0,"Težje tovorno vozilo",18
"2023-12-18 12:00",1,"Osebni avtomobil",422
"2023-12-18 12:00",1,"Kombinirano vozilo",23
"2023-12-18 12:00",1,"Težje tovorno vozilo",10
"2023-12-19 00:00",1,"Osebni avtomobil",503
"2023-12-19 00:00",1,"Kombinirano vozilo",23
"2023-12-19 00:00",1,"Težje tovorno vozilo",17
"2023-12-19 00:00",1,"Tovorno vozilo s prikolico",1
"2023-12-19 00:00",0,"Osebni avtomobil",177
"2023-12-19 00:00",0,"Kombinirano vozilo",20
"2023-12-19 00:00",0,"Težje tovorno vozilo",10
"2023-12-19 00:00",0,"Tovorno vozilo s prikolico",1
"2023-12-19 12:00",0,"Osebni avtomobil",699
"2023-12-19 12:00",0,"Kombinirano vozilo",46
"2023-12-19 12:00",0,"Težje tovorno vozilo",16
"2023-12-19 12:00",1,"Osebni avtomobil",429
"2023-12-19 12:00",1,"Kombinirano vozilo",21
"2023-12-19 12:00",1,"Težje tovorno vozilo",8
"2023-12-20 00:00",1,"Osebni avtomobil",513
"2023-12-20 00:00",1,"Kombinirano vozilo",22
"2023-12-20 00:00",1,"Težje tovorno vozilo",17
"2023-12-20 00:00",0,"Osebni avtomobil",188
"2023-12-20 00:00",0,"Kombinirano vozilo",23
"2023-12-20 00:00",0,"Težje tovorno vozilo",14
"2023-12-20 12:00",0,"Osebni avtomobil",668
"2023-12-20 12:00",0,"Kombinirano vozilo",46
"2023-12-20 12:00",0,"Težje tovorno vozilo",16
"2023-12-20 12:00",0,"Tovorno vozilo s prikolico",2
"2023-12-20 12:00",1,"Osebni avtomobil",432
"2023-12-20 12:00",1,"Kombinirano vozilo",31
"2023-12-20 12:00",1,"Težje tovorno vozilo",13
"2023-12-21 00:00",1,"Osebni avtomobil",505
"2023-12-21 00:00",1,"Kombinirano vozilo",28
"2023-12-21 00:00",1,"Težje tovorno vozilo",16
"2023-12-21 00:00",1,"Tovorno vozilo s prikolico",1
"2023-12-21 00:00",0,"Osebni avtomobil",191
"2023-12-21 00:00",0,"Kombinirano vozilo",28
"2023-12-21 00:00",0,"Težje tovorno vozilo",14
"2023-12-21 00:00",0,"Tovorno vozilo s prikolico",1
"2023-12-21 12:00",0,"Osebni avtomobil",654
"2023-12-21 12:00",0,"Kombinirano vozilo",40
"2023-12-21 12:00",0,"Težje tovorno vozilo",18
"2023-12-21 12:00",1,"Osebni avtomobil",447
"2023-12-21 12:00",1,"Kombinirano vozilo",28
"2023-12-21 12:00",1,"Težje tovorno vozilo",10
"2023-12-22 00:00",1,"Osebni avtomobil",523
"2023-12-22 00:00",1,"Kombinirano vozilo",32
"2023-12-22 00:00",1,"Težje tovorno vozilo",18
"2023-12-22 00:00",1,"Tovorno vozilo s prikolico",1
"2023-12-22 00:00",0,"Osebni avtomobil",220
"2023-12-22 00:00",0,"Kombinirano vozilo",27
"2023-12-22 00:00",0,"Težje tovorno vozilo",12
"2023-12-22 00:00",0,"Tovorno vozilo s prikolico",1
"2023-12-22 12:00",0,"Osebni avtomobil",687
"2023-12-22 12:00",0,"Kombinirano vozilo",31
"2023-12-22 12:00",0,"Težje tovorno vozilo",15
"2023-12-22 12:00",1,"Osebni avtomobil",471
"2023-12-22 12:00",1,"Kombinirano vozilo",15
"2023-12-22 12:00",1,"Težje tovorno vozilo",12
"2023-12-23 00:00",1,"Osebni avtomobil",323
"2023-12-23 00:00",1,"Kombinirano vozilo",15
"2023-12-23 00:00",1,"Težje tovorno vozilo",3
"2023-12-23 00:00",0,"Osebni avtomobil",233
"2023-12-23 00:00",0,"Kombinirano vozilo",15
"2023-12-23 00:00",0,"Težje tovorno vozilo",6
"2023-12-23 12:00",0,"Osebni avtomobil",468
"2023-12-23 12:00",0,"Kombinirano vozilo",12
"2023-12-23 12:00",0,"Težje tovorno vozilo",6
"2023-12-23 12:00",1,"Osebni avtomobil",431
"2023-12-23 12:00",1,"Kombinirano vozilo",7
"2023-12-23 12:00",1,"Težje tovorno vozilo",2
"2023-12-24 00:00",1,"Osebni avtomobil",172
"2023-12-24 00:00",1,"Kombinirano vozilo",4
"2023-12-24 00:00",1,"Težje tovorno vozilo",2
"2023-12-24 00:00",0,"Osebni avtomobil",114
"2023-12-24 00:00",0,"Kombinirano vozilo",5
"2023-12-24 00:00",0,"Težje tovorno vozilo",2
"2023-12-24 12:00",0,"Osebni avtomobil",335
"2023-12-24 12:00",0,"Kombinirano vozilo",15
"2023-12-24 12:00",0,"Težje tovorno vozilo",4
"2023-12-24 12:00",1,"Osebni avtomobil",346
"2023-12-24 12:00",1,"Kombinirano vozilo",4
"2023-12-24 12:00",1,"Težje tovorno vozilo",1
"2023-12-25 00:00",1,"Osebni avtomobil",156
"2023-12-25 00:00",1,"Kombinirano vozilo",6
"2023-12-25 00:00",1,"Težje tovorno vozilo",2
"2023-12-25 00:00",0,"Osebni avtomobil",96
"2023-12-25 00:00",0,"Kombinirano vozilo",8
"2023-12-25 00:00",0,"Težje tovorno vozilo",1
"2023-12-25 12:00",0,"Osebni avtomobil",379
"2023-12-25 12:00",0,"Kombinirano vozilo",11
"2023-12-25 12:00",0,"Težje tovorno vozilo",4
"2023-12-25 12:00",1,"Osebni avtomobil",351
"2023-12-25 12:00",1,"Kombinirano vozilo",6
"2023-12-25 12:00",1,"Težje tovorno vozilo",1
"2023-12-26 00:00",1,"Osebni avtomobil",176
"2023-12-26 00:00",1,"Kombinirano vozilo",5
"2023-12-26 00:00",1,"Težje tovorno vozilo",1
"2023-12-26 00:00",0,"Osebni avtomobil",94
"2023-12-26 00:00",0,"Kombinirano vozilo",6
"2023-12-26 00:00",0,"Težje tovorno vozilo",2
"2023-12-26 12:00",0,"Osebni avtomobil",371
"2023-12-26 12:00",0,"Kombinirano vozilo",19
"2023-12-26 12:00",0,"Težje tovorno vozilo",4
"2023-12-26 12:00",1,"Osebni avtomobil",342
"2023-12-26 12:00",1,"Kombinirano vozilo",6
"2023-12-26 12:00",1,"Težje tovorno vozilo",2
"2023-12-27 00:00",1,"Osebni avtomobil",378
"2023-12-27 00:00",1,"Kombinirano vozilo",10
"2023-12-27 00:00",1,"Težje tovorno vozilo",6
"2023-12-27 00:00",0,"Osebni avtomobil",165
"2023-12-27 00:00",0,"Kombinirano vozilo",7
"2023-12-27 00:00",0,"Težje tovorno vozilo",6
"2023-12-27 12:00",0,"Osebni avtomobil",574
"2023-12-27 12:00",0,"Kombinirano vozilo",24
"2023-12-27 12:00",0,"Težje tovorno vozilo",13
"2023-12-27 12:00",1,"Osebni avtomobil",423
"2023-12-27 12:00",1,"Kombinirano vozilo",26
"2023-12-27 12:00",1,"Težje tovorno vozilo",4
"2023-12-28 00:00",1,"Osebni avtomobil",350
"2023-12-28 00:00",1,"Kombinirano vozilo",20
"2023-12-28 00:00",1,"Težje tovorno vozilo",12
"2023-12-28 00:00",1,"Tovorno vozilo s prikolico",1
"2023-12-28 00:00",0,"Osebni avtomobil",168
"2023-12-28 00:00",0,"Kombinirano vozilo",15
"2023-12-28 00:00",0,"Težje tovorno vozilo",10
"2023-12-28 12:00",0,"Osebni avtomobil",508
"2023-12-28 12:00",0,"Kombinirano vozilo",31
"2023-12-28 12:00",0,"Težje tovorno vozilo",10
"2023-12-28 12:00",1,"Osebni avtomobil",410
"2023-12-28 12:00",1,"Kombinirano vozilo",9
"2023-12-28 12:00",1,"Težje tovorno vozilo",6
"2023-12-29 00:00",1,"Osebni avtomobil",354
"2023-12-29 00:00",1,"Kombinirano vozilo",17
"2023-12-29 00:00",1,"Težje tovorno vozilo",7
"2023-12-29 00:00",1,"Tovorno vozilo s prikolico",1
"2023-12-29 00:00",0,"Osebni avtomobil",170
"2023-12-29 00:00",0,"Kombinirano vozilo",16
"2023-12-29 00:00",0,"Težje tovorno vozilo",7
"2023-12-29 00:00",0,"Tovorno vozilo s prikolico",1
"2023-12-29 12:00",0,"Osebni avtomobil",519
"2023-12-29 12:00",0,"Kombinirano vozilo",21
"2023-12-29 12:00",0,"Težje tovorno vozilo",10
"2023-12-29 12:00",1,"Osebni avtomobil",388
"2023-12-29 12:00",1,"Kombinirano vozilo",11
"2023-12-29 12:00",1,"Težje tovorno vozilo",3
"2023-12-30 00:00",1,"Osebni avtomobil",284
"2023-12-30 00:00",1,"Kombinirano vozilo",10
"2023-12-30 00:00",1,"Težje tovorno vozilo",2
"2023-12-30 00:00",0,"Osebni avtomobil",170
"2023-12-30 00:00",0,"Kombinirano vozilo",13
"2023-12-30 00:00",0,"Težje tovorno vozilo",5
"2023-12-30 12:00",0,"Osebni avtomobil",444
"2023-12-30 12:00",0,"Kombinirano vozilo",18
"2023-12-30 12:00",0,"Težje tovorno vozilo",4
"2023-12-30 12:00",1,"Osebni avtomobil",364
"2023-12-30 12:00",1,"Kombinirano vozilo",8
"2023-12-30 12:00",1,"Težje tovorno vozilo",1
"2023-12-31 00:00",1,"Osebni avtomobil",132
"2023-12-31 00:00",1,"Kombinirano vozilo",2
"2023-12-31 00:00",1,"Težje tovorno vozilo",2
"2023-12-31 00:00",0,"Osebni avtomobil",82
"2023-12-31 00:00",0,"Kombinirano vozilo",5
"2023-12-31 00:00",0,"Težje tovorno vozilo",1
"2023-12-31 12:00",1,"Osebni avtomobil",305
"2023-12-31 12:00",1,"Kombinirano vozilo",6
"2023-12-31 12:00",1,"Težje tovorno vozilo",5
"2023-12-31 12:00",1,"Tovorno vozilo s prikolico",2
"2023-12-31 12:00",0,"Osebni avtomobil",227
"2023-12-31 12:00",0,"Kombinirano vozilo",4
"2023-12-31 12:00",0,"Težje tovorno vozilo",3
"2024-01-01 00:00",1,"Osebni avtomobil",218
"2024-01-01 00:00",1,"Kombinirano vozilo",13
"2024-01-01 00:00",1,"Težje tovorno vozilo",8
"2024-01-01 00:00",1,"Nerazpoznana vozila",1
"2024-01-01 00:00",1,"Tovorno vozilo s prikolico",1
"2024-01-01 00:00",0,"Osebni avtomobil",59
"2024-01-01 00:00",0,"Kombinirano vozilo",4
"2024-01-01 00:00",0,"Težje tovorno vozilo",2
"2024-01-01 12:00",0,"Osebni avtomobil",318
"2024-01-01 12:00",0,"Kombinirano vozilo",10
"2024-01-01 12:00",0,"Težje tovorno vozilo",3
"2024-01-01 12:00",1,"Osebni avtomobil",286
"2024-01-01 12:00",1,"Kombinirano vozilo",5
"2024-01-01 12:00",1,"Težje tovorno vozilo",2
"2024-01-02 00:00",1,"Osebni avtomobil",142
"2024-01-02 00:00",1,"Kombinirano vozilo",4
"2024-01-02 00:00",1,"Težje tovorno vozilo",1
"2024-01-02 00:00",0,"Osebni avtomobil",87
"2024-01-02 00:00",0,"Kombinirano vozilo",3
"2024-01-02 00:00",0,"Težje tovorno vozilo",1
"2024-01-02 12:00",0,"Osebni avtomobil",361
"2024-01-02 12:00",0,"Kombinirano vozilo",20
"2024-01-02 12:00",0,"Težje tovorno vozilo",4
"2024-01-02 12:00",1,"Osebni avtomobil",321
"2024-01-02 12:00",1,"Kombinirano vozilo",10
"2024-01-02 12:00",1,"Težje tovorno vozilo",3
"2024-01-03 00:00",1,"Osebni avtomobil",475
"2024-01-03 00:00",1,"Kombinirano vozilo",17
"2024-01-03 00:00",1,"Težje tovorno vozilo",8
"2024-01-03 00:00",1,"Tovorno vozilo s prikolico",2
"2024-01-03 00:00",0,"Osebni avtomobil",151
"2024-01-03 00:00",0,"Kombinirano vozilo",18
"2024-01-03 00:00",0,"Težje tovorno vozilo",11
"2024-01-03 00:00",0,"Tovorno vozilo s prikolico",2
"2024-01-03 12:00",0,"Osebni avtomobil",594
"2024-01-03 12:00",0,"Kombinirano vozilo",31
"2024-01-03 12:00",0,"Težje tovorno vozilo",16
"2024-01-03 12:00",0,"Tovorno vozilo s prikolico",1
"2024-01-03 12:00",1,"Osebni avtomobil",391
"2024-01-03 12:00",1,"Kombinirano vozilo",21
"2024-01-03 12:00",1,"Težje tovorno vozilo",10
"2024-01-03 12:00",1,"Tovorno vozilo s prikolico",1
"2024-01-04 00:00",1,"Osebni avtomobil",520
"2024-01-04 00:00",1,"Težje tovorno vozilo",18
"2024-01-04 00:00",1,"Kombinirano vozilo",16
"2024-01-04 00:00",1,"Tovorno vozilo s prikolico",1
"2024-01-04 00:00",0,"Osebni avtomobil",182
"2024-01-04 00:00",0,"Kombinirano vozilo",24
"2024-01-04 00:00",0,"Težje tovorno vozilo",13
"2024-01-04 00:00",0,"Tovorno vozilo s prikolico",3
"2024-01-04 12:00",0,"Osebni avtomobil",640
"2024-01-04 12:00",0,"Kombinirano vozilo",32
"2024-01-04 12:00",0,"Težje tovorno vozilo",14
"2024-01-04 12:00",1,"Osebni avtomobil",392
"2024-01-04 12:00",1,"Kombinirano vozilo",14
"2024-01-04 12:00",1,"Težje tovorno vozilo",13
"2024-01-05 00:00",1,"Osebni avtomobil",492
"2024-01-05 00:00",1,"Kombinirano vozilo",26
"2024-01-05 00:00",1,"Težje tovorno vozilo",11
"2024-01-05 00:00",0,"Osebni avtomobil",182
"2024-01-05 00:00",0,"Kombinirano vozilo",30
"2024-01-05 00:00",0,"Težje tovorno vozilo",11
"2024-01-05 00:00",0,"Tovorno vozilo s prikolico",1
"2024-01-05 12:00",0,"Osebni avtomobil",618
"2024-01-05 12:00",0,"Kombinirano vozilo",20
"2024-01-05 12:00",0,"Težje tovorno vozilo",13
"2024-01-05 12:00",0,"Tovorno vozilo s prikolico",1
"2024-01-05 12:00",1,"Osebni avtomobil",406
"2024-01-05 12:00",1,"Kombinirano vozilo",17
"2024-01-05 12:00",1,"Težje tovorno vozilo",13
"2024-01-06 00:00",1,"Osebni avtomobil",295
"2024-01-06 00:00",1,"Kombinirano vozilo",10
"2024-01-06 00:00",1,"Težje tovorno vozilo",2
"2024-01-06 00:00",1,"Tovorno vozilo s prikolico",1
"2024-01-06 00:00",0,"Osebni avtomobil",128
"2024-01-06 00:00",0,"Težje tovorno vozilo",4
"2024-01-06 00:00",0,"Kombinirano vozilo",3
"2024-01-06 12:00",0,"Osebni avtomobil",387
"2024-01-06 12:00",0,"Kombinirano vozilo",6
"2024-01-06 12:00",0,"Težje tovorno vozilo",3
"2024-01-06 12:00",1,"Osebni avtomobil",342
"2024-01-06 12:00",1,"Kombinirano vozilo",4
"2024-01-07 00:00",1,"Osebni avtomobil",134
"2024-01-07 00:00",1,"Težje tovorno vozilo",3
"2024-01-07 00:00",1,"Kombinirano vozilo",1
"2024-01-07 00:00",0,"Osebni avtomobil",99
"2024-01-07 00:00",0,"Kombinirano vozilo",4
"2024-01-07 12:00",0,"Osebni avtomobil",298
"2024-01-07 12:00",0,"Kombinirano vozilo",7
"2024-01-07 12:00",0,"Težje tovorno vozilo",3
"2024-01-07 12:00",1,"Osebni avtomobil",304
"2024-01-07 12:00",1,"Kombinirano vozilo",3
"2024-01-07 12:00",1,"Težje tovorno vozilo",1
"2024-01-08 00:00",1,"Osebni avtomobil",500
"2024-01-08 00:00",1,"Kombinirano vozilo",29
"2024-01-08 00:00",1,"Težje tovorno vozilo",13
"2024-01-08 00:00",1,"Tovorno vozilo s prikolico",2
"2024-01-08 00:00",0,"Osebni avtomobil",159
"2024-01-08 00:00",0,"Kombinirano vozilo",22
"2024-01-08 00:00",0,"Težje tovorno vozilo",16
"2024-01-08 00:00",0,"Tovorno vozilo s prikolico",1
"2024-01-08 12:00",0,"Osebni avtomobil",606
"2024-01-08 12:00",0,"Kombinirano vozilo",40
"2024-01-08 12:00",0,"Težje tovorno vozilo",18
"2024-01-08 12:00",0,"Tovorno vozilo s prikolico",3
"2024-01-08 12:00",1,"Osebni avtomobil",407
"2024-01-08 12:00",1,"Težje tovorno vozilo",17
"2024-01-08 12:00",1,"Kombinirano vozilo",13
"2024-01-08 12:00",1,"Tovorno vozilo s prikolico",2
"2024-01-09 00:00",1,"Osebni avtomobil",502
"2024-01-09 00:00",1,"Kombinirano vozilo",26
"2024-01-09 00:00",1,"Težje tovorno vozilo",19
"2024-01-09 00:00",1,"Tovorno vozilo s prikolico",1
"2024-01-09 00:00",0,"Osebni avtomobil",164
"2024-01-09 00:00",0,"Kombinirano vozilo",27
"2024-01-09 00:00",0,"Težje tovorno vozilo",16
"2024-01-09 00:00",0,"Tovorno vozilo s prikolico",2
"2024-01-09 12:00",0,"Osebni avtomobil",608
"2024-01-09 12:00",0,"Kombinirano vozilo",39
"2024-01-09 12:00",0,"Težje tovorno vozilo",16
"2024-01-09 12:00",1,"Osebni avtomobil",349
"2024-01-09 12:00",1,"Kombinirano vozilo",35
"2024-01-09 12:00",1,"Težje tovorno vozilo",14
"2024-01-10 00:00",1,"Osebni avtomobil",510
"2024-01-10 00:00",1,"Kombinirano vozilo",34
"2024-01-10 00:00",1,"Težje tovorno vozilo",13
"2024-01-10 00:00",1,"Tovorno vozilo s prikolico",1
"2024-01-10 00:00",0,"Osebni avtomobil",184
"2024-01-10 00:00",0,"Kombinirano vozilo",19
"2024-01-10 00:00",0,"Težje tovorno vozilo",13
"2024-01-10 00:00",0,"Tovorno vozilo s prikolico",2
"2024-01-10 12:00",0,"Osebni avtomobil",676
"2024-01-10 12:00",0,"Kombinirano vozilo",36
"2024-01-10 12:00",0,"Težje tovorno vozilo",21
"2024-01-10 12:00",0,"Tovorno vozilo s prikolico",1
"2024-01-10 12:00",1,"Osebni avtomobil",416
"2024-01-10 12:00",1,"Kombinirano vozilo",22
"2024-01-10 12:00",1,"Težje tovorno vozilo",18
"2024-01-11 00:00",1,"Osebni avtomobil",517
"2024-01-11 00:00",1,"Kombinirano vozilo",28
"2024-01-11 00:00",1,"Težje tovorno vozilo",20
"2024-01-11 00:00",1,"Tovorno vozilo s prikolico",1
"2024-01-11 00:00",0,"Osebni avtomobil",178
"2024-01-11 00:00",0,"Kombinirano vozilo",28
"2024-01-11 00:00",0,"Težje tovorno vozilo",16
"2024-01-11 00:00",0,"Tovorno vozilo s prikolico",1
"2024-01-11 12:00",0,"Osebni avtomobil",668
"2024-01-11 12:00",0,"Kombinirano vozilo",35
"2024-01-11 12:00",0,"Težje tovorno vozilo",15
"2024-01-11 12:00",1,"Osebni avtomobil",424
"2024-01-11 12:00",1,"Kombinirano vozilo",28
"2024-01-11 12:00",1,"Težje tovorno vozilo",10
"2024-01-12 00:00",1,"Osebni avtomobil",475
"2024-01-12 00:00",1,"Kombinirano vozilo",24
"2024-01-12 00:00",1,"Težje tovorno vozilo",16
"2024-01-12 00:00",1,"Tovorno vozilo s prikolico",1
"2024-01-12 00:00",0,"Osebni avtomobil",166
"2024-01-12 00:00",0,"Kombinirano vozilo",23
"2024-01-12 00:00",0,"Težje tovorno vozilo",12
"2024-01-12 12:00",0,"Osebni avtomobil",628
"2024-01-12 12:00",0,"Kombinirano vozilo",45
"2024-01-12 12:00",0,"Težje tovorno vozilo",17
"2024-01-12 12:00",1,"Osebni avtomobil",396
"2024-01-12 12:00",1,"Kombinirano vozilo",31
"2024-01-12 12:00",1,"Težje tovorno vozilo",16
"2024-01-13 00:00",1,"Osebni avtomobil",259
"2024-01-13 00:00",1,"Kombinirano vozilo",20
"2024-01-13 00:00",1,"Težje tovorno vozilo",8
"2024-01-13 00:00",0,"Osebni avtomobil",157
"2024-01-13 00:00",0,"Kombinirano vozilo",18
"2024-01-13 00:00",0,"Težje tovorno vozilo",8
"2024-01-13 12:00",0,"Osebni avtomobil",449
"2024-01-13 12:00",0,"Kombinirano vozilo",28
"2024-01-13 12:00",0,"Težje tovorno vozilo",6
"2024-01-13 12:00",1,"Osebni avtomobil",376
"2024-01-13 12:00",1,"Kombinirano vozilo",13
"2024-01-13 12:00",1,"Težje tovorno vozilo",4
"2024-01-14 00:00",1,"Osebni avtomobil",169
"2024-01-14 00:00",1,"Kombinirano vozilo",11
"2024-01-14 00:00",1,"Težje tovorno vozilo",2
"2024-01-14 00:00",0,"Osebni avtomobil",110
"2024-01-14 00:00",0,"Kombinirano vozilo",8
"2024-01-14 00:00",0,"Težje tovorno vozilo",1
"2024-01-14 12:00",0,"Osebni avtomobil",331
"2024-01-14 12:00",0,"Kombinirano vozilo",12
"2024-01-14 12:00",0,"Težje tovorno vozilo",6
"2024-01-14 12:00",1,"Osebni avtomobil",309
"2024-01-14 12:00",1,"Kombinirano vozilo",10
"2024-01-14 12:00",1,"Težje tovorno vozilo",3
"2024-01-15 00:00",1,"Osebni avtomobil",488
"2024-01-15 00:00",1,"Kombinirano vozilo",28
"2024-01-15 00:00",1,"Težje tovorno vozilo",18
"2024-01-15 00:00",1,"Tovorno vozilo s prikolico",1
"2024-01-15 00:00",0,"Osebni avtomobil",170
"2024-01-15 00:00",0,"Kombinirano vozilo",20
"2024-01-15 00:00",0,"Težje tovorno vozilo",14
"2024-01-15 12:00",0,"Osebni avtomobil",614
"2024-01-15 12:00",0,"Kombinirano vozilo",48
"2024-01-15 12:00",0,"Težje tovorno vozilo",17
"2024-01-15 12:00",0,"Tovorno vozilo s prikolico",2
"2024-01-15 12:00",1,"Osebni avtomobil",385
"2024-01-15 12:00",1,"Kombinirano vozilo",28
"2024-01-15 12:00",1,"Težje tovorno vozilo",15
"2024-01-15 12:00",1,"Tovorno vozilo s prikolico",1
"2024-01-16 00:00",1,"Osebni avtomobil",510
"2024-01-16 00:00",1,"Kombinirano vozilo",36
"2024-01-16 00:00",1,"Težje tovorno vozilo",17
"2024-01-16 00:00",1,"Tovorno vozilo s prikolico",1
"2024-01-16 00:00",0,"Osebni avtomobil",163
"2024-01-16 00:00",0,"Kombinirano vozilo",26
"2024-01-16 00:00",0,"Težje tovorno vozilo",13
"2024-01-16 00:00",0,"Tovorno vozilo s prikolico",1
"2024-01-16 12:00",0,"Osebni avtomobil",651
"2024-01-16 12:00",0,"Kombinirano vozilo",36
"2024-01-16 12:00",0,"Težje tovorno vozilo",19
"2024-01-16 12:00",0,"Tovorno vozilo s prikolico",2
"2024-01-16 12:00",1,"Osebni avtomobil",388
"2024-01-16 12:00",1,"Kombinirano vozilo",32
"2024-01-16 12:00",1,"Težje tovorno vozilo",12
"2024-01-16 12:00",1,"Tovorno vozilo s prikolico",1
"2024-01-17 00:00",1,"Osebni avtomobil",510
"2024-01-17 00:00",1,"Kombinirano vozilo",29
"2024-01-17 00:00",1,"Težje tovorno vozilo",15
"2024-01-17 00:00",1,"Tovorno vozilo s prikolico",1
"2024-01-17 00:00",0,"Osebni avtomobil",176
"2024-01-17 00:00",0,"Kombinirano vozilo",35
"2024-01-17 00:00",0,"Težje tovorno vozilo",12
"2024-01-17 00:00",0,"Tovorno vozilo s prikolico",2
"2024-01-17 12:00",0,"Osebni avtomobil",625
"2024-01-17 12:00",0,"Kombinirano vozilo",20
"2024-01-17 12:00",0,"Težje tovorno vozilo",18
"2024-01-17 12:00",0,"Tovorno vozilo s prikolico",2
"2024-01-17 12:00",1,"Osebni avtomobil",371
"2024-01-17 12:00",1,"Kombinirano vozilo",27
"2024-01-17 12:00",1,"Težje tovorno vozilo",13
"2024-01-17 12:00",1,"Tovorno vozilo s prikolico",1
"2024-01-18 00:00",1,"Osebni avtomobil",422
"2024-01-18 00:00",1,"Kombinirano vozilo",23
"2024-01-18 00:00",1,"Težje tovorno vozilo",16
"2024-01-18 00:00",1,"Tovorno vozilo s prikolico",1
"2024-01-18 00:00",0,"Osebni avtomobil",179
"2024-01-18 00:00",0,"Kombinirano vozilo",19
"2024-01-18 00:00",0,"Težje tovorno vozilo",14
"2024-01-18 12:00",0,"Osebni avtomobil",650
"2024-01-18 12:00",0,"Kombinirano vozilo",38
"2024-01-18 12:00",0,"Težje tovorno vozilo",19
"2024-01-18 12:00",1,"Osebni avtomobil",375
"2024-01-18 12:00",1,"Kombinirano vozilo",18
"2024-01-18 12:00",1,"Težje tovorno vozilo",18
"2024-01-19 00:00",1,"Osebni avtomobil",275
"2024-01-19 00:00",1,"Kombinirano vozilo",24
"2024-01-19 00:00",1,"Tovorno vozilo s prikolico",6
"2024-01-19 00:00",1,"Težje tovorno vozilo",5
"2024-01-19 00:00",1,"Nerazpoznana vozila",1
"2024-01-19 00:00",0,"Osebni avtomobil",89
"2024-01-19 00:00",0,"Kombinirano vozilo",10
"2024-01-19 00:00",0,"Težje tovorno vozilo",10
"2024-01-19 12:00",0,"Osebni avtomobil",514
"2024-01-19 12:00",0,"Kombinirano vozilo",31
"2024-01-19 12:00",0,"Težje tovorno vozilo",12
"2024-01-19 12:00",1,"Osebni avtomobil",298
"2024-01-19 12:00",1,"Težje tovorno vozilo",12
"2024-01-19 12:00",1,"Kombinirano vozilo",10
"2024-01-20 00:00",1,"Osebni avtomobil",234
"2024-01-20 00:00",1,"Kombinirano vozilo",12
"2024-01-20 00:00",1,"Težje tovorno vozilo",5
"2024-01-20 00:00",0,"Osebni avtomobil",133
"2024-01-20 00:00",0,"Kombinirano vozilo",20
"2024-01-20 00:00",0,"Težje tovorno vozilo",6
"2024-01-20 12:00",0,"Osebni avtomobil",400
"2024-01-20 12:00",0,"Kombinirano vozilo",22
"2024-01-20 12:00",0,"Težje tovorno vozilo",5
"2024-01-20 12:00",1,"Osebni avtomobil",348
"2024-01-20 12:00",1,"Kombinirano vozilo",7
"2024-01-20 12:00",1,"Težje tovorno vozilo",4
"2024-01-21 00:00",1,"Osebni avtomobil",172
"2024-01-21 00:00",1,"Kombinirano vozilo",5
"2024-01-21 00:00",1,"Težje tovorno vozilo",2
"2024-01-21 00:00",0,"Osebni avtomobil",110
"2024-01-21 00:00",0,"Kombinirano vozilo",7
"2024-01-21 00:00",0,"Težje tovorno vozilo",3
"2024-01-21 12:00",0,"Osebni avtomobil",366
"2024-01-21 12:00",0,"Kombinirano vozilo",16
"2024-01-21 12:00",0,"Težje tovorno vozilo",4
"2024-01-21 12:00",1,"Osebni avtomobil",298
"2024-01-21 12:00",1,"Kombinirano vozilo",7
"2024-01-21 12:00",1,"Težje tovorno vozilo",2
"2024-01-22 00:00",1,"Osebni avtomobil",476
"2024-01-22 00:00",1,"Kombinirano vozilo",36
"2024-01-22 00:00",1,"Težje tovorno vozilo",16
"2024-01-22 00:00",1,"Tovorno vozilo s prikolico",1
"2024-01-22 00:00",0,"Osebni avtomobil",181
"2024-01-22 00:00",0,"Kombinirano vozilo",13
"2024-01-22 00:00",0,"Težje tovorno vozilo",10
"2024-01-22 12:00",0,"Osebni avtomobil",608
"2024-01-22 12:00",0,"Kombinirano vozilo",45
"2024-01-22 12:00",0,"Težje tovorno vozilo",14
"2024-01-22 12:00",0,"Tovorno vozilo s prikolico",1
"2024-01-22 12:00",1,"Osebni avtomobil",387
"2024-01-22 12:00",1,"Kombinirano vozilo",24
"2024-01-22 12:00",1,"Težje tovorno vozilo",10
"2024-01-23 00:00",1,"Osebni avtomobil",485
"2024-01-23 00:00",1,"Kombinirano vozilo",24
"2024-01-23 00:00",1,"Težje tovorno vozilo",12
"2024-01-23 00:00",1,"Tovorno vozilo s prikolico",1
"2024-01-23 00:00",0,"Osebni avtomobil",181
"2024-01-23 00:00",0,"Kombinirano vozilo",26
"2024-01-23 00:00",0,"Težje tovorno vozilo",8
"2024-01-23 12:00",0,"Osebni avtomobil",641
"2024-01-23 12:00",0,"Kombinirano vozilo",34
"2024-01-23 12:00",0,"Težje tovorno vozilo",16
"2024-01-23 12:00",0,"Tovorno vozilo s prikolico",2
"2024-01-23 12:00",1,"Osebni avtomobil",404
"2024-01-23 12:00",1,"Kombinirano vozilo",26
"2024-01-23 12:00",1,"Težje tovorno vozilo",17
"2024-01-24 00:00",1,"Osebni avtomobil",512
"2024-01-24 00:00",1,"Kombinirano vozilo",26
"2024-01-24 00:00",1,"Težje tovorno vozilo",22
"2024-01-24 00:00",1,"Tovorno vozilo s prikolico",1
"2024-01-24 00:00",0,"Osebni avtomobil",175
"2024-01-24 00:00",0,"Kombinirano vozilo",24
"2024-01-24 00:00",0,"Težje tovorno vozilo",22
"2024-01-24 12:00",0,"Osebni avtomobil",802
"2024-01-24 12:00",0,"Kombinirano vozilo",23
"2024-01-24 12:00",0,"Težje tovorno vozilo",19
"2024-01-24 12:00",1,"Osebni avtomobil",509
"2024-01-24 12:00",1,"Kombinirano vozilo",22
"2024-01-24 12:00",1,"Težje tovorno vozilo",16
"2024-01-25 00:00",1,"Osebni avtomobil",488
"2024-01-25 00:00",1,"Težje tovorno vozilo",22
"2024-01-25 00:00",1,"Kombinirano vozilo",18
"2024-01-25 00:00",1,"Tovorno vozilo s prikolico",1
"2024-01-25 00:00",0,"Osebni avtomobil",182
"2024-01-25 00:00",0,"Kombinirano vozilo",21
"2024-01-25 00:00",0,"Težje tovorno vozilo",15
"2024-01-25 00:00",0,"Tovorno vozilo s prikolico",2
"2024-01-25 12:00",0,"Osebni avtomobil",631
"2024-01-25 12:00",0,"Kombinirano vozilo",33
"2024-01-25 12:00",0,"Težje tovorno vozilo",15
"2024-01-25 12:00",0,"Tovorno vozilo s prikolico",3
"2024-01-25 12:00",1,"Osebni avtomobil",431
"2024-01-25 12:00",1,"Kombinirano vozilo",19
"2024-01-25 12:00",1,"Težje tovorno vozilo",9
"2024-01-25 12:00",1,"Tovorno vozilo s prikolico",1
"2024-01-26 00:00",1,"Osebni avtomobil",478
"2024-01-26 00:00",1,"Kombinirano vozilo",19
"2024-01-26 00:00",1,"Težje tovorno vozilo",15
"2024-01-26 00:00",1,"Tovorno vozilo s prikolico",1
"2024-01-26 00:00",0,"Osebni avtomobil",154
"2024-01-26 00:00",0,"Težje tovorno vozilo",16
"2024-01-26 00:00",0,"Kombinirano vozilo",13
"2024-01-26 00:00",0,"Tovorno vozilo s prikolico",1
"2024-01-26 12:00",0,"Osebni avtomobil",672
"2024-01-26 12:00",0,"Kombinirano vozilo",37
"2024-01-26 12:00",0,"Težje tovorno vozilo",14
"2024-01-26 12:00",0,"Tovorno vozilo s prikolico",2
"2024-01-26 12:00",1,"Osebni avtomobil",439
"2024-01-26 12:00",1,"Kombinirano vozilo",19
"2024-01-26 12:00",1,"Težje tovorno vozilo",11
"2024-01-26 12:00",1,"Tovorno vozilo s prikolico",1
"2024-01-27 00:00",1,"Osebni avtomobil",275
"2024-01-27 00:00",1,"Kombinirano vozilo",16
"2024-01-27 00:00",1,"Težje tovorno vozilo",4
"2024-01-27 00:00",0,"Osebni avtomobil",149
"2024-01-27 00:00",0,"Kombinirano vozilo",15
"2024-01-27 00:00",0,"Težje tovorno vozilo",6
"2024-01-27 12:00",0,"Osebni avtomobil",425
"2024-01-27 12:00",0,"Kombinirano vozilo",12
"2024-01-27 12:00",0,"Težje tovorno vozilo",4
"2024-01-27 12:00",1,"Osebni avtomobil",361
"2024-01-27 12:00",1,"Kombinirano vozilo",6
"2024-01-28 00:00",1,"Osebni avtomobil",168
"2024-01-28 00:00",1,"Kombinirano vozilo",5
"2024-01-28 00:00",0,"Osebni avtomobil",94
"2024-01-28 00:00",0,"Kombinirano vozilo",7
"2024-01-28 00:00",0,"Težje tovorno vozilo",1
"2024-01-28 12:00",0,"Osebni avtomobil",373
"2024-01-28 12:00",0,"Kombinirano vozilo",14
"2024-01-28 12:00",0,"Težje tovorno vozilo",4
"2024-01-28 12:00",1,"Osebni avtomobil",307
"2024-01-28 12:00",1,"Kombinirano vozilo",8
"2024-01-28 12:00",1,"Težje tovorno vozilo",2
"2024-01-29 00:00",1,"Osebni avtomobil",489
"2024-01-29 00:00",1,"Kombinirano vozilo",32
"2024-01-29 00:00",1,"Težje tovorno vozilo",10
"2024-01-29 00:00",1,"Tovorno vozilo s prikolico",1
"2024-01-29 00:00",0,"Osebni avtomobil",163
"2024-01-29 00:00",0,"Kombinirano vozilo",28
"2024-01-29 00:00",0,"Težje tovorno vozilo",13
"2024-01-29 12:00",0,"Osebni avtomobil",590
"2024-01-29 12:00",0,"Kombinirano vozilo",36
"2024-01-29 12:00",0,"Težje tovorno vozilo",14
"2024-01-29 12:00",0,"Tovorno vozilo s prikolico",1
"2024-01-29 12:00",1,"Osebni avtomobil",372
"2024-01-29 12:00",1,"Kombinirano vozilo",24
"2024-01-29 12:00",1,"Težje tovorno vozilo",10
"2024-01-30 00:00",1,"Osebni avtomobil",528
"2024-01-30 00:00",1,"Kombinirano vozilo",22
"2024-01-30 00:00",1,"Težje tovorno vozilo",19
"2024-01-30 00:00",1,"Tovorno vozilo s prikolico",1
"2024-01-30 00:00",0,"Osebni avtomobil",176
"2024-01-30 00:00",0,"Kombinirano vozilo",27
"2024-01-30 00:00",0,"Težje tovorno vozilo",16
"2024-01-30 00:00",0,"Tovorno vozilo s prikolico",1
"2024-01-30 12:00",0,"Osebni avtomobil",657
"2024-01-30 12:00",0,"Kombinirano vozilo",38
"2024-01-30 12:00",0,"Težje tovorno vozilo",15
"2024-01-30 12:00",0,"Tovorno vozilo s prikolico",2
"2024-01-30 12:00",1,"Osebni avtomobil",403
"2024-01-30 12:00",1,"Kombinirano vozilo",27
"2024-01-30 12:00",1,"Težje tovorno vozilo",18
"2024-01-31 00:00",1,"Osebni avtomobil",496
"2024-01-31 00:00",1,"Kombinirano vozilo",19
"2024-01-31 00:00",1,"Težje tovorno vozilo",15
"2024-01-31 00:00",1,"Tovorno vozilo s prikolico",1
"2024-01-31 00:00",0,"Osebni avtomobil",186
"2024-01-31 00:00",0,"Kombinirano vozilo",25
"2024-01-31 00:00",0,"Težje tovorno vozilo",12
"2024-01-31 00:00",0,"Tovorno vozilo s prikolico",2
"2024-01-31 12:00",0,"Osebni avtomobil",604
"2024-01-31 12:00",0,"Kombinirano vozilo",31
"2024-01-31 12:00",0,"Težje tovorno vozilo",15
"2024-01-31 12:00",1,"Osebni avtomobil",396
"2024-01-31 12:00",1,"Kombinirano vozilo",26
"2024-01-31 12:00",1,"Težje tovorno vozilo",7
"2024-02-01 00:00",1,"Osebni avtomobil",506
"2024-02-01 00:00",1,"Kombinirano vozilo",24
"2024-02-01 00:00",1,"Težje tovorno vozilo",11
"2024-02-01 00:00",1,"Tovorno vozilo s prikolico",2
"2024-02-01 00:00",0,"Osebni avtomobil",189
"2024-02-01 00:00",0,"Kombinirano vozilo",31
"2024-02-01 00:00",0,"Težje tovorno vozilo",15
"2024-02-01 00:00",0,"Tovorno vozilo s prikolico",4
"2024-02-01 12:00",0,"Osebni avtomobil",617
"2024-02-01 12:00",0,"Kombinirano vozilo",34
"2024-02-01 12:00",0,"Težje tovorno vozilo",17
"2024-02-01 12:00",1,"Osebni avtomobil",421
"2024-02-01 12:00",1,"Kombinirano vozilo",21
"2024-02-01 12:00",1,"Težje tovorno vozilo",14
"2024-02-02 00:00",1,"Osebni avtomobil",483
"2024-02-02 00:00",1,"Kombinirano vozilo",35
"2024-02-02 00:00",1,"Težje tovorno vozilo",22
"2024-02-02 00:00",1,"Tovorno vozilo s prikolico",1
"2024-02-02 00:00",0,"Osebni avtomobil",183
"2024-02-02 00:00",0,"Kombinirano vozilo",28
"2024-02-02 00:00",0,"Težje tovorno vozilo",12
"2024-02-02 00:00",0,"Tovorno vozilo s prikolico",1
"2024-02-02 12:00",0,"Osebni avtomobil",652
"2024-02-02 12:00",0,"Kombinirano vozilo",30
"2024-02-02 12:00",0,"Težje tovorno vozilo",18
"2024-02-02 12:00",1,"Osebni avtomobil",421
"2024-02-02 12:00",1,"Kombinirano vozilo",26
"2024-02-02 12:00",1,"Težje tovorno vozilo",9
"2024-02-02 12:00",1,"Tovorno vozilo s prikolico",1
"2024-02-03 00:00",1,"Osebni avtomobil",278
"2024-02-03 00:00",1,"Kombinirano vozilo",12
"2024-02-03 00:00",1,"Težje tovorno vozilo",3
"2024-02-03 00:00",0,"Osebni avtomobil",131
"2024-02-03 00:00",0,"Kombinirano vozilo",18
"2024-02-03 00:00",0,"Težje tovorno vozilo",4
"2024-02-03 12:00",0,"Osebni avtomobil",410
"2024-02-03 12:00",0,"Kombinirano vozilo",26
"2024-02-03 12:00",0,"Težje tovorno vozilo",6
"2024-02-03 12:00",0,"Tovorno vozilo s prikolico",1
"2024-02-03 12:00",1,"Osebni avtomobil",343
"2024-02-03 12:00",1,"Kombinirano vozilo",10
"2024-02-03 12:00",1,"Težje tovorno vozilo",3
"2024-02-04 00:00",1,"Osebni avtomobil",162
"2024-02-04 00:00",1,"Kombinirano vozilo",7
"2024-02-04 00:00",1,"Težje tovorno vozilo",1
"2024-02-04 00:00",0,"Osebni avtomobil",103
"2024-02-04 00:00",0,"Kombinirano vozilo",4
"2024-02-04 00:00",0,"Težje tovorno vozilo",2
"2024-02-04 12:00",0,"Osebni avtomobil",359
"2024-02-04 12:00",0,"Kombinirano vozilo",14
"2024-02-04 12:00",0,"Težje tovorno vozilo",3
"2024-02-04 12:00",1,"Osebni avtomobil",338
"2024-02-04 12:00",1,"Kombinirano vozilo",6
"2024-02-04 12:00",1,"Težje tovorno vozilo",1
"2024-02-05 00:00",1,"Osebni avtomobil",473
"2024-02-05 00:00",1,"Kombinirano vozilo",25
"2024-02-05 00:00",1,"Težje tovorno vozilo",15
"2024-02-05 00:00",1,"Tovorno vozilo s prikolico",1
"2024-02-05 00:00",0,"Osebni avtomobil",196
"2024-02-05 00:00",0,"Kombinirano vozilo",23
"2024-02-05 00:00",0,"Težje tovorno vozilo",14
"2024-02-05 00:00",0,"Tovorno vozilo s prikolico",1
"2024-02-05 12:00",0,"Osebni avtomobil",612
"2024-02-05 12:00",0,"Kombinirano vozilo",27
"2024-02-05 12:00",0,"Težje tovorno vozilo",17
"2024-02-05 12:00",0,"Tovorno vozilo s prikolico",2
"2024-02-05 12:00",1,"Osebni avtomobil",384
"2024-02-05 12:00",1,"Kombinirano vozilo",19
"2024-02-05 12:00",1,"Težje tovorno vozilo",12
"2024-02-05 12:00",1,"Tovorno vozilo s prikolico",1
"2024-02-06 00:00",1,"Osebni avtomobil",515
"2024-02-06 00:00",1,"Kombinirano vozilo",9
"2024-02-06 00:00",1,"Težje tovorno vozilo",7
"2024-02-06 00:00",1,"Tovorno vozilo s prikolico",1
"2024-02-06 00:00",0,"Osebni avtomobil",172
"2024-02-06 00:00",0,"Kombinirano vozilo",32
"2024-02-06 00:00",0,"Težje tovorno vozilo",13
"2024-02-06 00:00",0,"Tovorno vozilo s prikolico",1
"2024-02-06 12:00",0,"Osebni avtomobil",650
"2024-02-06 12:00",0,"Kombinirano vozilo",34
"2024-02-06 12:00",0,"Težje tovorno vozilo",13
"2024-02-06 12:00",0,"Tovorno vozilo s prikolico",3
"2024-02-06 12:00",1,"Osebni avtomobil",390
"2024-02-06 12:00",1,"Kombinirano vozilo",20
"2024-02-06 12:00",1,"Težje tovorno vozilo",9
"2024-02-06 12:00",1,"Tovorno vozilo s prikolico",2
"2024-02-07 00:00",1,"Osebni avtomobil",481
"2024-02-07 00:00",1,"Kombinirano vozilo",22
"2024-02-07 00:00",1,"Težje tovorno vozilo",12
"2024-02-07 00:00",1,"Tovorno vozilo s prikolico",1
"2024-02-07 00:00",0,"Osebni avtomobil",166
"2024-02-07 00:00",0,"Kombinirano vozilo",31
"2024-02-07 00:00",0,"Težje tovorno vozilo",11
"2024-02-07 00:00",0,"Tovorno vozilo s prikolico",4
"2024-02-07 12:00",0,"Osebni avtomobil",636
"2024-02-07 12:00",0,"Kombinirano vozilo",40
"2024-02-07 12:00",0,"Težje tovorno vozilo",18
"2024-02-07 12:00",1,"Osebni avtomobil",453
"2024-02-07 12:00",1,"Kombinirano vozilo",30
"2024-02-07 12:00",1,"Težje tovorno vozilo",13
"2024-02-07 12:00",1,"Tovorno vozilo s prikolico",1
"2024-02-08 00:00",1,"Osebni avtomobil",231
"2024-02-08 00:00",1,"Kombinirano vozilo",12
"2024-02-08 00:00",1,"Težje tovorno vozilo",3
"2024-02-08 00:00",0,"Osebni avtomobil",112
"2024-02-08 00:00",0,"Kombinirano vozilo",10
"2024-02-08 00:00",0,"Težje tovorno vozilo",4
"2024-02-08 12:00",0,"Osebni avtomobil",428
"2024-02-08 12:00",0,"Kombinirano vozilo",13
"2024-02-08 12:00",0,"Težje tovorno vozilo",5
"2024-02-08 12:00",1,"Osebni avtomobil",376
"2024-02-08 12:00",1,"Kombinirano vozilo",6
"2024-02-08 12:00",1,"Težje tovorno vozilo",1
"2024-02-09 00:00",1,"Osebni avtomobil",397
"2024-02-09 00:00",1,"Kombinirano vozilo",16
"2024-02-09 00:00",1,"Težje tovorno vozilo",13
"2024-02-09 00:00",1,"Tovorno vozilo s prikolico",1
"2024-02-09 00:00",0,"Osebni avtomobil",186
"2024-02-09 00:00",0,"Kombinirano vozilo",16
"2024-02-09 00:00",0,"Težje tovorno vozilo",10
"2024-02-09 00:00",0,"Tovorno vozilo s prikolico",1
"2024-02-09 12:00",0,"Osebni avtomobil",505
"2024-02-09 12:00",0,"Kombinirano vozilo",18
"2024-02-09 12:00",0,"Težje tovorno vozilo",16
"2024-02-09 12:00",1,"Osebni avtomobil",354
"2024-02-09 12:00",1,"Kombinirano vozilo",13
"2024-02-09 12:00",1,"Težje tovorno vozilo",13
"2024-02-10 00:00",1,"Osebni avtomobil",255
"2024-02-10 00:00",1,"Kombinirano vozilo",11
"2024-02-10 00:00",1,"Težje tovorno vozilo",4
"2024-02-10 00:00",0,"Osebni avtomobil",129
"2024-02-10 00:00",0,"Kombinirano vozilo",8
"2024-02-10 00:00",0,"Težje tovorno vozilo",6
"2024-02-10 12:00",0,"Osebni avtomobil",411
"2024-02-10 12:00",0,"Kombinirano vozilo",9
"2024-02-10 12:00",0,"Težje tovorno vozilo",6
"2024-02-10 12:00",1,"Osebni avtomobil",337
"2024-02-10 12:00",1,"Kombinirano vozilo",6
"2024-02-10 12:00",1,"Težje tovorno vozilo",5
"2024-02-11 00:00",1,"Osebni avtomobil",125
"2024-02-11 00:00",1,"Kombinirano vozilo",3
"2024-02-11 00:00",1,"Težje tovorno vozilo",1
"2024-02-11 00:00",0,"Osebni avtomobil",118
"2024-02-11 00:00",0,"Kombinirano vozilo",1
"2024-02-11 00:00",0,"Težje tovorno vozilo",1
"2024-02-11 12:00",1,"Osebni avtomobil",323
"2024-02-11 12:00",1,"Kombinirano vozilo",10
"2024-02-11 12:00",1,"Težje tovorno vozilo",2
"2024-02-11 12:00",1,"Tovorno vozilo s prikolico",1
"2024-02-11 12:00",0,"Osebni avtomobil",315
"2024-02-11 12:00",0,"Kombinirano vozilo",5
"2024-02-11 12:00",0,"Težje tovorno vozilo",3
"2024-02-12 00:00",1,"Osebni avtomobil",508
"2024-02-12 00:00",1,"Kombinirano vozilo",16
"2024-02-12 00:00",1,"Težje tovorno vozilo",14
"2024-02-12 00:00",1,"Tovorno vozilo s prikolico",1
"2024-02-12 00:00",0,"Osebni avtomobil",192
"2024-02-12 00:00",0,"Kombinirano vozilo",17
"2024-02-12 00:00",0,"Težje tovorno vozilo",14
"2024-02-12 12:00",0,"Osebni avtomobil",600
"2024-02-12 12:00",0,"Kombinirano vozilo",26
"2024-02-12 12:00",0,"Težje tovorno vozilo",15
"2024-02-12 12:00",0,"Tovorno vozilo s prikolico",2
"2024-02-12 12:00",1,"Osebni avtomobil",381
"2024-02-12 12:00",1,"Kombinirano vozilo",18
"2024-02-12 12:00",1,"Težje tovorno vozilo",11
"2024-02-12 12:00",1,"Tovorno vozilo s prikolico",1
"2024-02-13 00:00",1,"Osebni avtomobil",516
"2024-02-13 00:00",1,"Kombinirano vozilo",22
"2024-02-13 00:00",1,"Težje tovorno vozilo",9
"2024-02-13 00:00",1,"Tovorno vozilo s prikolico",1
"2024-02-13 00:00",0,"Osebni avtomobil",182
"2024-02-13 00:00",0,"Kombinirano vozilo",23
"2024-02-13 00:00",0,"Težje tovorno vozilo",11
"2024-02-13 00:00",0,"Tovorno vozilo s prikolico",2
"2024-02-13 12:00",0,"Osebni avtomobil",612
"2024-02-13 12:00",0,"Kombinirano vozilo",46
"2024-02-13 12:00",0,"Težje tovorno vozilo",15
"2024-02-13 12:00",0,"Tovorno vozilo s prikolico",2
"2024-02-13 12:00",1,"Osebni avtomobil",369
"2024-02-13 12:00",1,"Kombinirano vozilo",28
"2024-02-13 12:00",1,"Težje tovorno vozilo",10
"2024-02-14 00:00",1,"Osebni avtomobil",504
"2024-02-14 00:00",1,"Kombinirano vozilo",36
"2024-02-14 00:00",1,"Težje tovorno vozilo",12
"2024-02-14 00:00",1,"Tovorno vozilo s prikolico",1
"2024-02-14 00:00",0,"Osebni avtomobil",158
"2024-02-14 00:00",0,"Kombinirano vozilo",27
"2024-02-14 00:00",0,"Težje tovorno vozilo",14
"2024-02-14 00:00",0,"Tovorno vozilo s prikolico",1
"2024-02-14 12:00",0,"Osebni avtomobil",680
"2024-02-14 12:00",0,"Kombinirano vozilo",41
"2024-02-14 12:00",0,"Težje tovorno vozilo",14
"2024-02-14 12:00",1,"Osebni avtomobil",408
"2024-02-14 12:00",1,"Kombinirano vozilo",15
"2024-02-14 12:00",1,"Težje tovorno vozilo",9
"2024-02-15 00:00",1,"Osebni avtomobil",500
"2024-02-15 00:00",1,"Kombinirano vozilo",25
"2024-02-15 00:00",1,"Težje tovorno vozilo",11
"2024-02-15 00:00",1,"Tovorno vozilo s prikolico",1
"2024-02-15 00:00",0,"Osebni avtomobil",165
"2024-02-15 00:00",0,"Kombinirano vozilo",22
"2024-02-15 00:00",0,"Težje tovorno vozilo",8
"2024-02-15 00:00",0,"Tovorno vozilo s prikolico",1
"2024-02-15 12:00",0,"Osebni avtomobil",659
"2024-02-15 12:00",0,"Kombinirano vozilo",33
"2024-02-15 12:00",0,"Težje tovorno vozilo",15
"2024-02-15 12:00",0,"Tovorno vozilo s prikolico",2
"2024-02-15 12:00",1,"Osebni avtomobil",431
"2024-02-15 12:00",1,"Kombinirano vozilo",28
"2024-02-15 12:00",1,"Težje tovorno vozilo",13
"2024-02-16 00:00",1,"Osebni avtomobil",513
"2024-02-16 00:00",1,"Kombinirano vozilo",27
"2024-02-16 00:00",1,"Težje tovorno vozilo",10
"2024-02-16 00:00",1,"Tovorno vozilo s prikolico",1
"2024-02-16 00:00",0,"Osebni avtomobil",191
"2024-02-16 00:00",0,"Kombinirano vozilo",30
"2024-02-16 00:00",0,"Težje tovorno vozilo",12
"2024-02-16 12:00",0,"Osebni avtomobil",656
"2024-02-16 12:00",0,"Kombinirano vozilo",28
"2024-02-16 12:00",0,"Težje tovorno vozilo",20
"2024-02-16 12:00",1,"Osebni avtomobil",447
"2024-02-16 12:00",1,"Kombinirano vozilo",24
"2024-02-16 12:00",1,"Težje tovorno vozilo",9
"2024-02-17 00:00",1,"Osebni avtomobil",264
"2024-02-17 00:00",1,"Kombinirano vozilo",14
"2024-02-17 00:00",1,"Težje tovorno vozilo",5
"2024-02-17 00:00",0,"Osebni avtomobil",160
"2024-02-17 00:00",0,"Kombinirano vozilo",11
"2024-02-17 00:00",0,"Težje tovorno vozilo",8
"2024-02-17 00:00",0,"Tovorno vozilo s prikolico",1
"2024-02-17 12:00",0,"Osebni avtomobil",411
"2024-02-17 12:00",0,"Kombinirano vozilo",24
"2024-02-17 12:00",0,"Težje tovorno vozilo",9
"2024-02-17 12:00",1,"Osebni avtomobil",372
"2024-02-17 12:00",1,"Kombinirano vozilo",17
"2024-02-17 12:00",1,"Težje tovorno vozilo",3
"2024-02-18 00:00",1,"Osebni avtomobil",148
"2024-02-18 00:00",1,"Kombinirano vozilo",5
"2024-02-18 00:00",1,"Težje tovorno vozilo",3
"2024-02-18 00:00",0,"Osebni avtomobil",99
"2024-02-18 00:00",0,"Kombinirano vozilo",8
"2024-02-18 00:00",0,"Težje tovorno vozilo",2
"2024-02-18 12:00",0,"Osebni avtomobil",311
"2024-02-18 12:00",0,"Kombinirano vozilo",17
"2024-02-18 12:00",0,"Težje tovorno vozilo",3
"2024-02-18 12:00",1,"Osebni avtomobil",311
"2024-02-18 12:00",1,"Kombinirano vozilo",4
"2024-02-18 12:00",1,"Težje tovorno vozilo",3
"2024-02-19 00:00",1,"Osebni avtomobil",475
"2024-02-19 00:00",1,"Kombinirano vozilo",23
"2024-02-19 00:00",1,"Težje tovorno vozilo",9
"2024-02-19 00:00",1,"Tovorno vozilo s prikolico",1
"2024-02-19 00:00",0,"Osebni avtomobil",183
"2024-02-19 00:00",0,"Kombinirano vozilo",18
"2024-02-19 00:00",0,"Težje tovorno vozilo",12
"2024-02-19 12:00",0,"Osebni avtomobil",580
"2024-02-19 12:00",0,"Kombinirano vozilo",21
"2024-02-19 12:00",0,"Težje tovorno vozilo",13
"2024-02-19 12:00",0,"Tovorno vozilo s prikolico",2
"2024-02-19 12:00",1,"Osebni avtomobil",349
"2024-02-19 12:00",1,"Kombinirano vozilo",19
"2024-02-19 12:00",1,"Težje tovorno vozilo",9
"2024-02-19 12:00",1,"Tovorno vozilo s prikolico",1
"2024-02-20 00:00",1,"Osebni avtomobil",465
"2024-02-20 00:00",1,"Kombinirano vozilo",28
"2024-02-20 00:00",1,"Težje tovorno vozilo",11
"2024-02-20 00:00",0,"Osebni avtomobil",181
"2024-02-20 00:00",0,"Kombinirano vozilo",21
"2024-02-20 00:00",0,"Težje tovorno vozilo",16
"2024-02-20 00:00",0,"Tovorno vozilo s prikolico",2
"2024-02-20 12:00",0,"Osebni avtomobil",597
"2024-02-20 12:00",0,"Kombinirano vozilo",35
"2024-02-20 12:00",0,"Težje tovorno vozilo",14
"2024-02-20 12:00",1,"Osebni avtomobil",389
"2024-02-20 12:00",1,"Kombinirano vozilo",30
"2024-02-20 12:00",1,"Težje tovorno vozilo",11
"2024-02-21 00:00",1,"Osebni avtomobil",445
"2024-02-21 00:00",1,"Kombinirano vozilo",25
"2024-02-21 00:00",1,"Težje tovorno vozilo",8
"2024-02-21 00:00",1,"Tovorno vozilo s prikolico",1
"2024-02-21 00:00",0,"Osebni avtomobil",173
"2024-02-21 00:00",0,"Kombinirano vozilo",25
"2024-02-21 00:00",0,"Težje tovorno vozilo",15
"2024-02-21 00:00",0,"Tovorno vozilo s prikolico",1
"2024-02-21 12:00",0,"Osebni avtomobil",613
"2024-02-21 12:00",0,"Kombinirano vozilo",25
"2024-02-21 12:00",0,"Težje tovorno vozilo",16
"2024-02-21 12:00",0,"Tovorno vozilo s prikolico",1
"2024-02-21 12:00",1,"Osebni avtomobil",425
"2024-02-21 12:00",1,"Kombinirano vozilo",15
"2024-02-21 12:00",1,"Težje tovorno vozilo",9
"2024-02-21 12:00",1,"Tovorno vozilo s prikolico",1
"2024-02-22 00:00",1,"Osebni avtomobil",487
"2024-02-22 00:00",1,"Kombinirano vozilo",23
"2024-02-22 00:00",1,"Težje tovorno vozilo",10
"2024-02-22 00:00",0,"Osebni avtomobil",194
"2024-02-22 00:00",0,"Kombinirano vozilo",27
"2024-02-22 00:00",0,"Težje tovorno vozilo",14
"2024-02-22 00:00",0,"Tovorno vozilo s prikolico",1
"2024-02-22 12:00",0,"Osebni avtomobil",595
"2024-02-22 12:00",0,"Kombinirano vozilo",25
"2024-02-22 12:00",0,"Težje tovorno vozilo",18
"2024-02-22 12:00",1,"Osebni avtomobil",401
"2024-02-22 12:00",1,"Kombinirano vozilo",19
"2024-02-22 12:00",1,"Težje tovorno vozilo",11
"2024-02-22 12:00",1,"Tovorno vozilo s prikolico",1
"2024-02-23 00:00",1,"Osebni avtomobil",434
"2024-02-23 00:00",1,"Kombinirano vozilo",26
"2024-02-23 00:00",1,"Težje tovorno vozilo",14
"2024-02-23 00:00",1,"Tovorno vozilo s prikolico",2
"2024-02-23 00:00",0,"Osebni avtomobil",148
"2024-02-23 00:00",0,"Kombinirano vozilo",11
"2024-02-23 00:00",0,"Težje tovorno vozilo",6
"2024-02-23 00:00",0,"Tovorno vozilo s prikolico",1
"2024-02-23 12:00",1,"Osebni avtomobil",414
"2024-02-23 12:00",1,"Kombinirano vozilo",39
"2024-02-23 12:00",1,"Težje tovorno vozilo",24
"2024-02-23 12:00",1,"Tovorno vozilo s prikolico",5
"2024-02-23 12:00",0,"Osebni avtomobil",268
"2024-02-23 12:00",0,"Kombinirano vozilo",9
"2024-02-23 12:00",0,"Težje tovorno vozilo",5
"2024-02-24 00:00",1,"Osebni avtomobil",257
"2024-02-24 00:00",1,"Kombinirano vozilo",9
"2024-02-24 00:00",1,"Težje tovorno vozilo",5
"2024-02-24 00:00",0,"Osebni avtomobil",147
"2024-02-24 00:00",0,"Kombinirano vozilo",8
"2024-02-24 00:00",0,"Težje tovorno vozilo",7
"2024-02-24 12:00",0,"Osebni avtomobil",441
"2024-02-24 12:00",0,"Kombinirano vozilo",18
"2024-02-24 12:00",0,"Težje tovorno vozilo",6
"2024-02-24 12:00",1,"Osebni avtomobil",375
"2024-02-24 12:00",1,"Kombinirano vozilo",7
"2024-02-24 12:00",1,"Težje tovorno vozilo",2
"2024-02-25 00:00",1,"Osebni avtomobil",187
"2024-02-25 00:00",1,"Kombinirano vozilo",3
"2024-02-25 00:00",0,"Osebni avtomobil",132
"2024-02-25 00:00",0,"Kombinirano vozilo",7
"2024-02-25 00:00",0,"Težje tovorno vozilo",1
"2024-02-25 12:00",0,"Osebni avtomobil",361
"2024-02-25 12:00",0,"Kombinirano vozilo",7
"2024-02-25 12:00",0,"Težje tovorno vozilo",4
"2024-02-25 12:00",1,"Osebni avtomobil",336
"2024-02-25 12:00",1,"Kombinirano vozilo",7
"2024-02-25 12:00",1,"Težje tovorno vozilo",5
"2024-02-26 00:00",1,"Osebni avtomobil",542
"2024-02-26 00:00",1,"Kombinirano vozilo",24
"2024-02-26 00:00",1,"Težje tovorno vozilo",10
"2024-02-26 00:00",1,"Tovorno vozilo s prikolico",2
"2024-02-26 00:00",0,"Osebni avtomobil",195
"2024-02-26 00:00",0,"Kombinirano vozilo",32
"2024-02-26 00:00",0,"Težje tovorno vozilo",15
"2024-02-26 00:00",0,"Tovorno vozilo s prikolico",2
"2024-02-26 12:00",0,"Osebni avtomobil",615
"2024-02-26 12:00",0,"Kombinirano vozilo",35
"2024-02-26 12:00",0,"Težje tovorno vozilo",19
"2024-02-26 12:00",1,"Osebni avtomobil",372
"2024-02-26 12:00",1,"Kombinirano vozilo",24
"2024-02-26 12:00",1,"Težje tovorno vozilo",10
"2024-02-27 00:00",1,"Osebni avtomobil",513
"2024-02-27 00:00",1,"Kombinirano vozilo",17
"2024-02-27 00:00",1,"Težje tovorno vozilo",12
"2024-02-27 00:00",0,"Osebni avtomobil",169
"2024-02-27 00:00",0,"Kombinirano vozilo",15
"2024-02-27 00:00",0,"Težje tovorno vozilo",14
"2024-02-27 00:00",0,"Tovorno vozilo s prikolico",1
"2024-02-27 12:00",0,"Osebni avtomobil",616
"2024-02-27 12:00",0,"Težje tovorno vozilo",17
"2024-02-27 12:00",0,"Kombinirano vozilo",9
"2024-02-27 12:00",1,"Osebni avtomobil",354
"2024-02-27 12:00",1,"Kombinirano vozilo",15
"2024-02-27 12:00",1,"Težje tovorno vozilo",11
"2024-02-27 12:00",1,"Tovorno vozilo s prikolico",1
"2024-02-28 00:00",1,"Osebni avtomobil",555
"2024-02-28 00:00",1,"Kombinirano vozilo",24
"2024-02-28 00:00",1,"Težje tovorno vozilo",12
"2024-02-28 00:00",1,"Tovorno vozilo s prikolico",1
"2024-02-28 00:00",0,"Osebni avtomobil",186
"2024-02-28 00:00",0,"Kombinirano vozilo",24
"2024-02-28 00:00",0,"Težje tovorno vozilo",11
"2024-02-28 00:00",0,"Tovorno vozilo s prikolico",1
"2024-02-28 12:00",0,"Osebni avtomobil",650
"2024-02-28 12:00",0,"Kombinirano vozilo",27
"2024-02-28 12:00",0,"Težje tovorno vozilo",18
"2024-02-28 12:00",1,"Osebni avtomobil",389
"2024-02-28 12:00",1,"Kombinirano vozilo",11
"2024-02-28 12:00",1,"Težje tovorno vozilo",7
"2024-02-29 00:00",1,"Osebni avtomobil",518
"2024-02-29 00:00",1,"Kombinirano vozilo",22
"2024-02-29 00:00",1,"Težje tovorno vozilo",11
"2024-02-29 00:00",1,"Tovorno vozilo s prikolico",1
"2024-02-29 00:00",0,"Osebni avtomobil",179
"2024-02-29 00:00",0,"Kombinirano vozilo",23
"2024-02-29 00:00",0,"Težje tovorno vozilo",15
"2024-02-29 12:00",0,"Osebni avtomobil",692
"2024-02-29 12:00",0,"Kombinirano vozilo",36
"2024-02-29 12:00",0,"Težje tovorno vozilo",17
"2024-02-29 12:00",0,"Tovorno vozilo s prikolico",1
"2024-02-29 12:00",1,"Osebni avtomobil",431
"2024-02-29 12:00",1,"Kombinirano vozilo",20
"2024-02-29 12:00",1,"Težje tovorno vozilo",7
"2024-03-01 00:00",1,"Osebni avtomobil",487
"2024-03-01 00:00",1,"Kombinirano vozilo",21
"2024-03-01 00:00",1,"Težje tovorno vozilo",6
"2024-03-01 00:00",1,"Tovorno vozilo s prikolico",2
"2024-03-01 00:00",0,"Osebni avtomobil",169
"2024-03-01 00:00",0,"Kombinirano vozilo",23
"2024-03-01 00:00",0,"Težje tovorno vozilo",13
"2024-03-01 00:00",0,"Tovorno vozilo s prikolico",2
"2024-03-01 12:00",0,"Osebni avtomobil",665
"2024-03-01 12:00",0,"Kombinirano vozilo",31
"2024-03-01 12:00",0,"Težje tovorno vozilo",15
"2024-03-01 12:00",1,"Osebni avtomobil",417
"2024-03-01 12:00",1,"Kombinirano vozilo",22
"2024-03-01 12:00",1,"Težje tovorno vozilo",16
"2024-03-02 00:00",1,"Osebni avtomobil",273
"2024-03-02 00:00",1,"Kombinirano vozilo",16
"2024-03-02 00:00",1,"Težje tovorno vozilo",4
"2024-03-02 00:00",0,"Osebni avtomobil",160
"2024-03-02 00:00",0,"Kombinirano vozilo",9
"2024-03-02 00:00",0,"Težje tovorno vozilo",4
"2024-03-02 12:00",0,"Osebni avtomobil",432
"2024-03-02 12:00",0,"Kombinirano vozilo",16
"2024-03-02 12:00",0,"Težje tovorno vozilo",6
"2024-03-02 12:00",1,"Osebni avtomobil",390
"2024-03-02 12:00",1,"Kombinirano vozilo",8
"2024-03-02 12:00",1,"Težje tovorno vozilo",4
"2024-03-03 00:00",1,"Osebni avtomobil",160
"2024-03-03 00:00",1,"Težje tovorno vozilo",5
"2024-03-03 00:00",1,"Kombinirano vozilo",4
"2024-03-03 00:00",0,"Osebni avtomobil",133
"2024-03-03 00:00",0,"Kombinirano vozilo",5
"2024-03-03 00:00",0,"Težje tovorno vozilo",4
"2024-03-03 12:00",0,"Osebni avtomobil",325
"2024-03-03 12:00",0,"Kombinirano vozilo",13
"2024-03-03 12:00",0,"Težje tovorno vozilo",4
"2024-03-03 12:00",1,"Osebni avtomobil",325
"2024-03-03 12:00",1,"Kombinirano vozilo",6
"2024-03-03 12:00",1,"Težje tovorno vozilo",2
"2024-03-04 00:00",1,"Osebni avtomobil",514
"2024-03-04 00:00",1,"Kombinirano vozilo",24
"2024-03-04 00:00",1,"Težje tovorno vozilo",14
"2024-03-04 00:00",1,"Tovorno vozilo s prikolico",1
"2024-03-04 00:00",0,"Osebni avtomobil",181
"2024-03-04 00:00",0,"Kombinirano vozilo",22
"2024-03-04 00:00",0,"Težje tovorno vozilo",12
"2024-03-04 12:00",0,"Osebni avtomobil",616
"2024-03-04 12:00",0,"Kombinirano vozilo",31
"2024-03-04 12:00",0,"Težje tovorno vozilo",17
"2024-03-04 12:00",0,"Tovorno vozilo s prikolico",2
"2024-03-04 12:00",1,"Osebni avtomobil",428
"2024-03-04 12:00",1,"Kombinirano vozilo",27
"2024-03-04 12:00",1,"Težje tovorno vozilo",17
"2024-03-04 12:00",1,"Tovorno vozilo s prikolico",1
"2024-03-05 00:00",1,"Osebni avtomobil",535
"2024-03-05 00:00",1,"Kombinirano vozilo",25
"2024-03-05 00:00",1,"Težje tovorno vozilo",10
"2024-03-05 00:00",1,"Tovorno vozilo s prikolico",1
"2024-03-05 00:00",0,"Osebni avtomobil",181
"2024-03-05 00:00",0,"Kombinirano vozilo",21
"2024-03-05 00:00",0,"Težje tovorno vozilo",13
"2024-03-05 00:00",0,"Tovorno vozilo s prikolico",1
"2024-03-05 12:00",0,"Osebni avtomobil",638
"2024-03-05 12:00",0,"Kombinirano vozilo",31
"2024-03-05 12:00",0,"Težje tovorno vozilo",19
"2024-03-05 12:00",0,"Tovorno vozilo s prikolico",1
"2024-03-05 12:00",1,"Osebni avtomobil",394
"2024-03-05 12:00",1,"Kombinirano vozilo",26
"2024-03-05 12:00",1,"Težje tovorno vozilo",6
"2024-03-06 00:00",1,"Osebni avtomobil",523
"2024-03-06 00:00",1,"Kombinirano vozilo",33
"2024-03-06 00:00",1,"Težje tovorno vozilo",18
"2024-03-06 00:00",1,"Tovorno vozilo s prikolico",1
"2024-03-06 00:00",0,"Osebni avtomobil",177
"2024-03-06 00:00",0,"Kombinirano vozilo",14
"2024-03-06 00:00",0,"Težje tovorno vozilo",14
"2024-03-06 00:00",0,"Tovorno vozilo s prikolico",1
"2024-03-06 12:00",0,"Osebni avtomobil",650
"2024-03-06 12:00",0,"Kombinirano vozilo",26
"2024-03-06 12:00",0,"Težje tovorno vozilo",18
"2024-03-06 12:00",0,"Tovorno vozilo s prikolico",1
"2024-03-06 12:00",1,"Osebni avtomobil",394
"2024-03-06 12:00",1,"Kombinirano vozilo",20
"2024-03-06 12:00",1,"Težje tovorno vozilo",17
"2024-03-06 12:00",1,"Tovorno vozilo s prikolico",1
"2024-03-07 00:00",1,"Osebni avtomobil",556
"2024-03-07 00:00",1,"Kombinirano vozilo",17
"2024-03-07 00:00",1,"Težje tovorno vozilo",17
"2024-03-07 00:00",1,"Tovorno vozilo s prikolico",2
"2024-03-07 00:00",0,"Osebni avtomobil",176
"2024-03-07 00:00",0,"Kombinirano vozilo",22
"2024-03-07 00:00",0,"Težje tovorno vozilo",9
"2024-03-07 00:00",0,"Tovorno vozilo s prikolico",2
"2024-03-07 12:00",0,"Osebni avtomobil",666
"2024-03-07 12:00",0,"Kombinirano vozilo",29
"2024-03-07 12:00",0,"Težje tovorno vozilo",16
"2024-03-07 12:00",1,"Osebni avtomobil",415
"2024-03-07 12:00",1,"Kombinirano vozilo",23
"2024-03-07 12:00",1,"Težje tovorno vozilo",12
"2024-03-08 00:00",1,"Osebni avtomobil",484
"2024-03-08 00:00",1,"Kombinirano vozilo",27
"2024-03-08 00:00",1,"Težje tovorno vozilo",15
"2024-03-08 00:00",1,"Tovorno vozilo s prikolico",1
"2024-03-08 00:00",0,"Osebni avtomobil",173
"2024-03-08 00:00",0,"Kombinirano vozilo",19
"2024-03-08 00:00",0,"Težje tovorno vozilo",11
"2024-03-08 00:00",0,"Tovorno vozilo s prikolico",1
"2024-03-08 12:00",0,"Osebni avtomobil",659
"2024-03-08 12:00",0,"Kombinirano vozilo",23
"2024-03-08 12:00",0,"Težje tovorno vozilo",13
"2024-03-08 12:00",1,"Osebni avtomobil",422
"2024-03-08 12:00",1,"Težje tovorno vozilo",17
"2024-03-08 12:00",1,"Kombinirano vozilo",14
"2024-03-09 00:00",1,"Osebni avtomobil",285
"2024-03-09 00:00",1,"Kombinirano vozilo",14
"2024-03-09 00:00",1,"Težje tovorno vozilo",5
"2024-03-09 00:00",0,"Osebni avtomobil",161
"2024-03-09 00:00",0,"Težje tovorno vozilo",6
"2024-03-09 00:00",0,"Kombinirano vozilo",5
"2024-03-09 12:00",0,"Osebni avtomobil",422
"2024-03-09 12:00",0,"Kombinirano vozilo",9
"2024-03-09 12:00",0,"Težje tovorno vozilo",5
"2024-03-09 12:00",1,"Osebni avtomobil",370
"2024-03-09 12:00",1,"Težje tovorno vozilo",5
"2024-03-09 12:00",1,"Kombinirano vozilo",3
"2024-03-10 00:00",1,"Osebni avtomobil",148
"2024-03-10 00:00",1,"Kombinirano vozilo",3
"2024-03-10 00:00",1,"Težje tovorno vozilo",2
"2024-03-10 00:00",0,"Osebni avtomobil",115
"2024-03-10 00:00",0,"Kombinirano vozilo",7
"2024-03-10 00:00",0,"Težje tovorno vozilo",1
"2024-03-10 12:00",1,"Osebni avtomobil",335
"2024-03-10 12:00",1,"Kombinirano vozilo",11
"2024-03-10 12:00",1,"Težje tovorno vozilo",2
"2024-03-10 12:00",1,"Tovorno vozilo s prikolico",2
"2024-03-10 12:00",0,"Osebni avtomobil",271
"2024-03-10 12:00",0,"Kombinirano vozilo",4
"2024-03-10 12:00",0,"Težje tovorno vozilo",4
"2024-03-11 00:00",1,"Osebni avtomobil",529
"2024-03-11 00:00",1,"Kombinirano vozilo",22
"2024-03-11 00:00",1,"Težje tovorno vozilo",19
"2024-03-11 00:00",1,"Tovorno vozilo s prikolico",1
"2024-03-11 00:00",0,"Osebni avtomobil",171
"2024-03-11 00:00",0,"Kombinirano vozilo",20
"2024-03-11 00:00",0,"Težje tovorno vozilo",15
"2024-03-11 00:00",0,"Tovorno vozilo s prikolico",1
"2024-03-11 12:00",0,"Osebni avtomobil",600
"2024-03-11 12:00",0,"Kombinirano vozilo",23
"2024-03-11 12:00",0,"Težje tovorno vozilo",12
"2024-03-11 12:00",1,"Osebni avtomobil",415
"2024-03-11 12:00",1,"Kombinirano vozilo",18
"2024-03-11 12:00",1,"Težje tovorno vozilo",13
"2024-03-11 12:00",1,"Tovorno vozilo s prikolico",1
"2024-03-12 00:00",1,"Osebni avtomobil",549
"2024-03-12 00:00",1,"Kombinirano vozilo",25
"2024-03-12 00:00",1,"Težje tovorno vozilo",18
"2024-03-12 00:00",1,"Tovorno vozilo s prikolico",1
"2024-03-12 00:00",0,"Osebni avtomobil",187
"2024-03-12 00:00",0,"Kombinirano vozilo",26
"2024-03-12 00:00",0,"Težje tovorno vozilo",13
"2024-03-12 00:00",0,"Tovorno vozilo s prikolico",1
"2024-03-12 12:00",0,"Osebni avtomobil",683
"2024-03-12 12:00",0,"Kombinirano vozilo",38
"2024-03-12 12:00",0,"Težje tovorno vozilo",18
"2024-03-12 12:00",1,"Osebni avtomobil",369
"2024-03-12 12:00",1,"Kombinirano vozilo",22
"2024-03-12 12:00",1,"Težje tovorno vozilo",8
"2024-03-13 00:00",1,"Osebni avtomobil",549
"2024-03-13 00:00",1,"Kombinirano vozilo",25
"2024-03-13 00:00",1,"Težje tovorno vozilo",10
"2024-03-13 00:00",1,"Tovorno vozilo s prikolico",1
"2024-03-13 00:00",0,"Osebni avtomobil",197
"2024-03-13 00:00",0,"Kombinirano vozilo",21
"2024-03-13 00:00",0,"Težje tovorno vozilo",17
"2024-03-13 00:00",0,"Tovorno vozilo s prikolico",2
"2024-03-13 12:00",0,"Osebni avtomobil",695
"2024-03-13 12:00",0,"Kombinirano vozilo",34
"2024-03-13 12:00",0,"Težje tovorno vozilo",21
"2024-03-13 12:00",1,"Osebni avtomobil",431
"2024-03-13 12:00",1,"Kombinirano vozilo",23
"2024-03-13 12:00",1,"Težje tovorno vozilo",6
"2024-03-14 00:00",1,"Osebni avtomobil",528
"2024-03-14 00:00",1,"Kombinirano vozilo",21
"2024-03-14 00:00",1,"Težje tovorno vozilo",17
"2024-03-14 00:00",1,"Tovorno vozilo s prikolico",1
"2024-03-14 00:00",0,"Osebni avtomobil",199
"2024-03-14 00:00",0,"Kombinirano vozilo",31
"2024-03-14 00:00",0,"Težje tovorno vozilo",11
"2024-03-14 00:00",0,"Tovorno vozilo s prikolico",1
"2024-03-14 12:00",0,"Osebni avtomobil",701
"2024-03-14 12:00",0,"Kombinirano vozilo",39
"2024-03-14 12:00",0,"Težje tovorno vozilo",19
"2024-03-14 12:00",1,"Osebni avtomobil",413
"2024-03-14 12:00",1,"Kombinirano vozilo",19
"2024-03-14 12:00",1,"Težje tovorno vozilo",12
"2024-03-15 00:00",1,"Osebni avtomobil",523
"2024-03-15 00:00",1,"Kombinirano vozilo",39
"2024-03-15 00:00",1,"Težje tovorno vozilo",8
"2024-03-15 00:00",1,"Tovorno vozilo s prikolico",1
"2024-03-15 00:00",0,"Osebni avtomobil",171
"2024-03-15 00:00",0,"Kombinirano vozilo",26
"2024-03-15 00:00",0,"Težje tovorno vozilo",15
"2024-03-15 12:00",0,"Osebni avtomobil",655
"2024-03-15 12:00",0,"Kombinirano vozilo",51
"2024-03-15 12:00",0,"Težje tovorno vozilo",16
"2024-03-15 12:00",1,"Osebni avtomobil",430
"2024-03-15 12:00",1,"Kombinirano vozilo",26
"2024-03-15 12:00",1,"Težje tovorno vozilo",8
"2024-03-15 12:00",1,"Tovorno vozilo s prikolico",1
"2024-03-16 00:00",1,"Osebni avtomobil",306
"2024-03-16 00:00",1,"Kombinirano vozilo",13
"2024-03-16 00:00",1,"Težje tovorno vozilo",4
"2024-03-16 00:00",0,"Osebni avtomobil",198
"2024-03-16 00:00",0,"Kombinirano vozilo",14
"2024-03-16 00:00",0,"Težje tovorno vozilo",6
"2024-03-16 00:00",0,"Tovorno vozilo s prikolico",1
"2024-03-16 12:00",0,"Osebni avtomobil",432
"2024-03-16 12:00",0,"Kombinirano vozilo",22
"2024-03-16 12:00",0,"Težje tovorno vozilo",6
"2024-03-16 12:00",1,"Osebni avtomobil",376
"2024-03-16 12:00",1,"Kombinirano vozilo",6
"2024-03-16 12:00",1,"Težje tovorno vozilo",3
"2024-03-17 00:00",1,"Osebni avtomobil",202
"2024-03-17 00:00",1,"Kombinirano vozilo",7
"2024-03-17 00:00",1,"Težje tovorno vozilo",2
"2024-03-17 00:00",0,"Osebni avtomobil",162
"2024-03-17 00:00",0,"Kombinirano vozilo",11
"2024-03-17 00:00",0,"Težje tovorno vozilo",3
"2024-03-17 12:00",0,"Osebni avtomobil",444
"2024-03-17 12:00",0,"Kombinirano vozilo",20
"2024-03-17 12:00",0,"Težje tovorno vozilo",3
"2024-03-17 12:00",1,"Osebni avtomobil",429
"2024-03-17 12:00",1,"Kombinirano vozilo",6
"2024-03-17 12:00",1,"Težje tovorno vozilo",3
"2024-03-18 00:00",1,"Osebni avtomobil",542
"2024-03-18 00:00",1,"Kombinirano vozilo",31
"2024-03-18 00:00",1,"Težje tovorno vozilo",7
"2024-03-18 00:00",1,"Tovorno vozilo s prikolico",1
"2024-03-18 00:00",0,"Osebni avtomobil",175
"2024-03-18 00:00",0,"Kombinirano vozilo",31
"2024-03-18 00:00",0,"Težje tovorno vozilo",15
"2024-03-18 00:00",0,"Tovorno vozilo s prikolico",1
"2024-03-18 12:00",0,"Osebni avtomobil",616
"2024-03-18 12:00",0,"Kombinirano vozilo",35
"2024-03-18 12:00",0,"Težje tovorno vozilo",15
"2024-03-18 12:00",0,"Tovorno vozilo s prikolico",1
"2024-03-18 12:00",1,"Osebni avtomobil",396
"2024-03-18 12:00",1,"Kombinirano vozilo",22
"2024-03-18 12:00",1,"Težje tovorno vozilo",9
"2024-03-19 00:00",1,"Osebni avtomobil",296
"2024-03-19 00:00",1,"Kombinirano vozilo",19
"2024-03-19 00:00",1,"Težje tovorno vozilo",9
"2024-03-19 00:00",1,"Tovorno vozilo s prikolico",1
"2024-03-19 00:00",0,"Osebni avtomobil",177
"2024-03-19 00:00",0,"Kombinirano vozilo",21
"2024-03-19 00:00",0,"Težje tovorno vozilo",11
"2024-03-19 12:00",0,"Osebni avtomobil",637
"2024-03-19 12:00",0,"Kombinirano vozilo",42
"2024-03-19 12:00",0,"Težje tovorno vozilo",13
"2024-03-19 12:00",0,"Tovorno vozilo s prikolico",1
"2024-03-19 12:00",1,"Osebni avtomobil",421
"2024-03-19 12:00",1,"Kombinirano vozilo",18
"2024-03-19 12:00",1,"Težje tovorno vozilo",8
"2024-03-19 12:00",1,"Tovorno vozilo s prikolico",1
"2024-03-20 00:00",1,"Osebni avtomobil",540
"2024-03-20 00:00",1,"Kombinirano vozilo",29
"2024-03-20 00:00",1,"Težje tovorno vozilo",5
"2024-03-20 00:00",1,"Tovorno vozilo s prikolico",1
"2024-03-20 00:00",0,"Osebni avtomobil",185
"2024-03-20 00:00",0,"Kombinirano vozilo",37
"2024-03-20 00:00",0,"Težje tovorno vozilo",11
"2024-03-20 00:00",0,"Tovorno vozilo s prikolico",1
"2024-03-20 12:00",0,"Osebni avtomobil",599
"2024-03-20 12:00",0,"Kombinirano vozilo",48
"2024-03-20 12:00",0,"Težje tovorno vozilo",18
"2024-03-20 12:00",1,"Osebni avtomobil",423
"2024-03-20 12:00",1,"Kombinirano vozilo",28
"2024-03-20 12:00",1,"Težje tovorno vozilo",11
"2024-03-21 00:00",1,"Osebni avtomobil",193
"2024-03-21 00:00",1,"Kombinirano vozilo",17
"2024-03-21 00:00",1,"Težje tovorno vozilo",7
"2024-03-21 00:00",0,"Osebni avtomobil",133
"2024-03-21 00:00",0,"Kombinirano vozilo",20
"2024-03-21 00:00",0,"Težje tovorno vozilo",9
"2024-03-21 12:00",0,"Osebni avtomobil",650
"2024-03-21 12:00",0,"Kombinirano vozilo",33
"2024-03-21 12:00",0,"Težje tovorno vozilo",15
"2024-03-21 12:00",0,"Tovorno vozilo s prikolico",1
"2024-03-21 12:00",1,"Osebni avtomobil",423
"2024-03-21 12:00",1,"Kombinirano vozilo",19
"2024-03-21 12:00",1,"Težje tovorno vozilo",11
"2024-03-21 12:00",1,"Nerazpoznana vozila",1
"2024-03-21 12:00",1,"Tovorno vozilo s prikolico",1
"2024-03-22 00:00",1,"Osebni avtomobil",516
"2024-03-22 00:00",1,"Kombinirano vozilo",21
"2024-03-22 00:00",1,"Težje tovorno vozilo",7
"2024-03-22 00:00",1,"Tovorno vozilo s prikolico",1
"2024-03-22 00:00",0,"Osebni avtomobil",205
"2024-03-22 00:00",0,"Kombinirano vozilo",25
"2024-03-22 00:00",0,"Težje tovorno vozilo",11
"2024-03-22 00:00",0,"Tovorno vozilo s prikolico",1
"2024-03-22 12:00",0,"Osebni avtomobil",702
"2024-03-22 12:00",0,"Kombinirano vozilo",34
"2024-03-22 12:00",0,"Težje tovorno vozilo",19
"2024-03-22 12:00",1,"Osebni avtomobil",474
"2024-03-22 12:00",1,"Kombinirano vozilo",25
"2024-03-22 12:00",1,"Težje tovorno vozilo",13
"2024-03-23 00:00",1,"Osebni avtomobil",313
"2024-03-23 00:00",1,"Kombinirano vozilo",24
"2024-03-23 00:00",1,"Težje tovorno vozilo",5
"2024-03-23 00:00",0,"Osebni avtomobil",184
"2024-03-23 00:00",0,"Kombinirano vozilo",14
"2024-03-23 00:00",0,"Težje tovorno vozilo",9
"2024-03-23 12:00",0,"Osebni avtomobil",476
"2024-03-23 12:00",0,"Kombinirano vozilo",23
"2024-03-23 12:00",0,"Težje tovorno vozilo",10
"2024-03-23 12:00",1,"Osebni avtomobil",395
"2024-03-23 12:00",1,"Kombinirano vozilo",17
"2024-03-23 12:00",1,"Težje tovorno vozilo",8
"2024-03-23 12:00",1,"Tovorno vozilo s prikolico",1
"2024-03-24 00:00",1,"Osebni avtomobil",174
"2024-03-24 00:00",1,"Kombinirano vozilo",7
"2024-03-24 00:00",1,"Težje tovorno vozilo",2
"2024-03-24 00:00",0,"Osebni avtomobil",97
"2024-03-24 00:00",0,"Kombinirano vozilo",7
"2024-03-24 00:00",0,"Težje tovorno vozilo",1
"2024-03-24 12:00",0,"Osebni avtomobil",407
"2024-03-24 12:00",0,"Kombinirano vozilo",9
"2024-03-24 12:00",0,"Težje tovorno vozilo",4
"2024-03-24 12:00",1,"Osebni avtomobil",368
"2024-03-24 12:00",1,"Kombinirano vozilo",9
"2024-03-24 12:00",1,"Težje tovorno vozilo",2
"2024-03-25 00:00",1,"Osebni avtomobil",514
"2024-03-25 00:00",1,"Kombinirano vozilo",37
"2024-03-25 00:00",1,"Težje tovorno vozilo",14
"2024-03-25 00:00",1,"Tovorno vozilo s prikolico",1
"2024-03-25 00:00",0,"Osebni avtomobil",181
"2024-03-25 00:00",0,"Kombinirano vozilo",18
"2024-03-25 00:00",0,"Težje tovorno vozilo",13
"2024-03-25 00:00",0,"Tovorno vozilo s prikolico",1
"2024-03-25 12:00",0,"Osebni avtomobil",667
"2024-03-25 12:00",0,"Kombinirano vozilo",35
"2024-03-25 12:00",0,"Težje tovorno vozilo",11
"2024-03-25 12:00",1,"Osebni avtomobil",443
"2024-03-25 12:00",1,"Kombinirano vozilo",22
"2024-03-25 12:00",1,"Težje tovorno vozilo",5
"2024-03-26 00:00",1,"Osebni avtomobil",539
"2024-03-26 00:00",1,"Kombinirano vozilo",31
"2024-03-26 00:00",1,"Težje tovorno vozilo",12
"2024-03-26 00:00",0,"Osebni avtomobil",178
"2024-03-26 00:00",0,"Kombinirano vozilo",26
"2024-03-26 00:00",0,"Težje tovorno vozilo",10
"2024-03-26 00:00",0,"Tovorno vozilo s prikolico",2
"2024-03-26 12:00",0,"Osebni avtomobil",678
"2024-03-26 12:00",0,"Kombinirano vozilo",39
"2024-03-26 12:00",0,"Težje tovorno vozilo",15
"2024-03-26 12:00",1,"Osebni avtomobil",403
"2024-03-26 12:00",1,"Kombinirano vozilo",21
"2024-03-26 12:00",1,"Težje tovorno vozilo",16
"2024-03-27 00:00",1,"Osebni avtomobil",541
"2024-03-27 00:00",1,"Kombinirano vozilo",35
"2024-03-27 00:00",1,"Težje tovorno vozilo",17
"2024-03-27 00:00",1,"Tovorno vozilo s prikolico",1
"2024-03-27 00:00",0,"Osebni avtomobil",200
"2024-03-27 00:00",0,"Kombinirano vozilo",27
"2024-03-27 00:00",0,"Težje tovorno vozilo",12
"2024-03-27 00:00",0,"Tovorno vozilo s prikolico",4
"2024-03-27 12:00",0,"Osebni avtomobil",620
"2024-03-27 12:00",0,"Kombinirano vozilo",23
"2024-03-27 12:00",0,"Težje tovorno vozilo",16
"2024-03-27 12:00",1,"Osebni avtomobil",384
"2024-03-27 12:00",1,"Kombinirano vozilo",25
"2024-03-27 12:00",1,"Težje tovorno vozilo",18
"2024-03-27 12:00",1,"Tovorno vozilo s prikolico",1
"2024-03-28 00:00",1,"Osebni avtomobil",528
"2024-03-28 00:00",1,"Kombinirano vozilo",25
"2024-03-28 00:00",1,"Težje tovorno vozilo",14
"2024-03-28 00:00",1,"Tovorno vozilo s prikolico",1
"2024-03-28 00:00",0,"Osebni avtomobil",182
"2024-03-28 00:00",0,"Kombinirano vozilo",21
"2024-03-28 00:00",0,"Težje tovorno vozilo",12
"2024-03-28 12:00",0,"Osebni avtomobil",458
"2024-03-28 12:00",0,"Kombinirano vozilo",11
"2024-03-28 12:00",0,"Težje tovorno vozilo",9
"2024-03-28 12:00",1,"Osebni avtomobil",416
"2024-03-28 12:00",1,"Kombinirano vozilo",29
"2024-03-28 12:00",1,"Težje tovorno vozilo",16
"2024-03-28 12:00",1,"Tovorno vozilo s prikolico",2
"2024-03-29 00:00",1,"Osebni avtomobil",499
"2024-03-29 00:00",1,"Kombinirano vozilo",22
"2024-03-29 00:00",1,"Težje tovorno vozilo",15
"2024-03-29 00:00",0,"Osebni avtomobil",213
"2024-03-29 00:00",0,"Kombinirano vozilo",17
"2024-03-29 00:00",0,"Težje tovorno vozilo",17
"2024-03-29 12:00",0,"Osebni avtomobil",665
"2024-03-29 12:00",0,"Kombinirano vozilo",34
"2024-03-29 12:00",0,"Težje tovorno vozilo",16
"2024-03-29 12:00",0,"Tovorno vozilo s prikolico",1
"2024-03-29 12:00",1,"Osebni avtomobil",443
"2024-03-29 12:00",1,"Kombinirano vozilo",25
"2024-03-29 12:00",1,"Težje tovorno vozilo",15
"2024-03-30 00:00",1,"Osebni avtomobil",278
"2024-03-30 00:00",1,"Kombinirano vozilo",16
"2024-03-30 00:00",1,"Težje tovorno vozilo",4
"2024-03-30 00:00",0,"Osebni avtomobil",174
"2024-03-30 00:00",0,"Kombinirano vozilo",16
"2024-03-30 00:00",0,"Težje tovorno vozilo",6
"2024-03-30 12:00",0,"Osebni avtomobil",488
"2024-03-30 12:00",0,"Kombinirano vozilo",11
"2024-03-30 12:00",0,"Težje tovorno vozilo",9
"2024-03-30 12:00",1,"Osebni avtomobil",419
"2024-03-30 12:00",1,"Kombinirano vozilo",8
"2024-03-30 12:00",1,"Težje tovorno vozilo",3
"2024-03-31 00:00",1,"Osebni avtomobil",174
"2024-03-31 00:00",1,"Kombinirano vozilo",3
"2024-03-31 00:00",1,"Težje tovorno vozilo",2
"2024-03-31 00:00",0,"Osebni avtomobil",148
"2024-03-31 00:00",0,"Kombinirano vozilo",3
"2024-03-31 00:00",0,"Težje tovorno vozilo",2
"2024-03-31 12:00",1,"Osebni avtomobil",356
"2024-03-31 12:00",1,"Kombinirano vozilo",9
"2024-03-31 12:00",1,"Težje tovorno vozilo",5
"2024-03-31 12:00",0,"Osebni avtomobil",338
"2024-03-31 12:00",0,"Kombinirano vozilo",10
"2024-03-31 12:00",0,"Težje tovorno vozilo",2
"2024-04-01 00:00",1,"Osebni avtomobil",139
"2024-04-01 00:00",1,"Kombinirano vozilo",4
"2024-04-01 00:00",1,"Težje tovorno vozilo",1
"2024-04-01 00:00",0,"Osebni avtomobil",110
"2024-04-01 00:00",0,"Kombinirano vozilo",5
"2024-04-01 00:00",0,"Težje tovorno vozilo",1
"2024-04-01 12:00",1,"Osebni avtomobil",348
"2024-04-01 12:00",1,"Kombinirano vozilo",9
"2024-04-01 12:00",1,"Težje tovorno vozilo",2
"2024-04-01 12:00",1,"Tovorno vozilo s prikolico",1
"2024-04-01 12:00",0,"Osebni avtomobil",317
"2024-04-01 12:00",0,"Kombinirano vozilo",7
"2024-04-01 12:00",0,"Težje tovorno vozilo",4
"2024-04-02 00:00",1,"Osebni avtomobil",518
"2024-04-02 00:00",1,"Kombinirano vozilo",21
"2024-04-02 00:00",1,"Težje tovorno vozilo",14
"2024-04-02 00:00",1,"Tovorno vozilo s prikolico",2
"2024-04-02 00:00",0,"Osebni avtomobil",194
"2024-04-02 00:00",0,"Kombinirano vozilo",18
"2024-04-02 00:00",0,"Težje tovorno vozilo",12
"2024-04-02 00:00",0,"Tovorno vozilo s prikolico",1
"2024-04-02 12:00",0,"Osebni avtomobil",644
"2024-04-02 12:00",0,"Kombinirano vozilo",26
"2024-04-02 12:00",0,"Težje tovorno vozilo",19
"2024-04-02 12:00",1,"Osebni avtomobil",386
"2024-04-02 12:00",1,"Kombinirano vozilo",18
"2024-04-02 12:00",1,"Težje tovorno vozilo",8
"2024-04-03 00:00",1,"Osebni avtomobil",540
"2024-04-03 00:00",1,"Kombinirano vozilo",26
"2024-04-03 00:00",1,"Težje tovorno vozilo",15
"2024-04-03 00:00",1,"Tovorno vozilo s prikolico",2
"2024-04-03 00:00",0,"Osebni avtomobil",190
"2024-04-03 00:00",0,"Kombinirano vozilo",21
"2024-04-03 00:00",0,"Težje tovorno vozilo",17
"2024-04-03 12:00",0,"Osebni avtomobil",680
"2024-04-03 12:00",0,"Kombinirano vozilo",37
"2024-04-03 12:00",0,"Težje tovorno vozilo",20
"2024-04-03 12:00",1,"Osebni avtomobil",424
"2024-04-03 12:00",1,"Kombinirano vozilo",35
"2024-04-03 12:00",1,"Težje tovorno vozilo",16
"2024-04-04 00:00",1,"Osebni avtomobil",549
"2024-04-04 00:00",1,"Kombinirano vozilo",30
"2024-04-04 00:00",1,"Težje tovorno vozilo",13
"2024-04-04 00:00",1,"Tovorno vozilo s prikolico",1
"2024-04-04 00:00",0,"Osebni avtomobil",180
"2024-04-04 00:00",0,"Kombinirano vozilo",22
"2024-04-04 00:00",0,"Težje tovorno vozilo",15
"2024-04-04 12:00",0,"Osebni avtomobil",687
"2024-04-04 12:00",0,"Kombinirano vozilo",37
"2024-04-04 12:00",0,"Težje tovorno vozilo",15
"2024-04-04 12:00",0,"Tovorno vozilo s prikolico",2
"2024-04-04 12:00",1,"Osebni avtomobil",455
"2024-04-04 12:00",1,"Kombinirano vozilo",26
"2024-04-04 12:00",1,"Težje tovorno vozilo",9
"2024-04-04 12:00",1,"Tovorno vozilo s prikolico",1
"2024-04-05 00:00",1,"Osebni avtomobil",510
"2024-04-05 00:00",1,"Kombinirano vozilo",35
"2024-04-05 00:00",1,"Težje tovorno vozilo",14
"2024-04-05 00:00",1,"Tovorno vozilo s prikolico",2
"2024-04-05 00:00",0,"Osebni avtomobil",199
"2024-04-05 00:00",0,"Kombinirano vozilo",27
"2024-04-05 00:00",0,"Težje tovorno vozilo",19
"2024-04-05 00:00",0,"Tovorno vozilo s prikolico",1
"2024-04-05 12:00",0,"Osebni avtomobil",762
"2024-04-05 12:00",0,"Kombinirano vozilo",51
"2024-04-05 12:00",0,"Težje tovorno vozilo",20
"2024-04-05 12:00",1,"Osebni avtomobil",492
"2024-04-05 12:00",1,"Kombinirano vozilo",40
"2024-04-05 12:00",1,"Težje tovorno vozilo",11
"2024-04-06 00:00",1,"Osebni avtomobil",324
"2024-04-06 00:00",1,"Kombinirano vozilo",18
"2024-04-06 00:00",1,"Težje tovorno vozilo",4
"2024-04-06 00:00",1,"Tovorno vozilo s prikolico",1
"2024-04-06 00:00",0,"Osebni avtomobil",204
"2024-04-06 00:00",0,"Kombinirano vozilo",12
"2024-04-06 00:00",0,"Težje tovorno vozilo",9
"2024-04-06 00:00",0,"Tovorno vozilo s prikolico",1
"2024-04-06 12:00",0,"Osebni avtomobil",474
"2024-04-06 12:00",0,"Kombinirano vozilo",21
"2024-04-06 12:00",0,"Težje tovorno vozilo",4
"2024-04-06 12:00",1,"Osebni avtomobil",446
"2024-04-06 12:00",1,"Kombinirano vozilo",16
"2024-04-06 12:00",1,"Težje tovorno vozilo",2
"2024-04-07 00:00",1,"Osebni avtomobil",264
"2024-04-07 00:00",1,"Kombinirano vozilo",7
"2024-04-07 00:00",1,"Težje tovorno vozilo",3
"2024-04-07 00:00",0,"Osebni avtomobil",154
"2024-04-07 00:00",0,"Kombinirano vozilo",8
"2024-04-07 00:00",0,"Težje tovorno vozilo",1
"2024-04-07 12:00",0,"Osebni avtomobil",466
"2024-04-07 12:00",0,"Kombinirano vozilo",20
"2024-04-07 12:00",0,"Težje tovorno vozilo",5
"2024-04-07 12:00",1,"Osebni avtomobil",396
"2024-04-07 12:00",1,"Kombinirano vozilo",12
"2024-04-07 12:00",1,"Težje tovorno vozilo",1
"2024-04-08 00:00",1,"Osebni avtomobil",546
"2024-04-08 00:00",1,"Kombinirano vozilo",33
"2024-04-08 00:00",1,"Težje tovorno vozilo",14
"2024-04-08 00:00",0,"Osebni avtomobil",190
"2024-04-08 00:00",0,"Kombinirano vozilo",39
"2024-04-08 00:00",0,"Težje tovorno vozilo",23
"2024-04-08 12:00",0,"Osebni avtomobil",692
"2024-04-08 12:00",0,"Kombinirano vozilo",36
"2024-04-08 12:00",0,"Težje tovorno vozilo",20
"2024-04-08 12:00",1,"Osebni avtomobil",441
"2024-04-08 12:00",1,"Kombinirano vozilo",20
"2024-04-08 12:00",1,"Težje tovorno vozilo",15
"2024-04-09 00:00",1,"Osebni avtomobil",520
"2024-04-09 00:00",1,"Kombinirano vozilo",38
"2024-04-09 00:00",1,"Težje tovorno vozilo",15
"2024-04-09 00:00",1,"Tovorno vozilo s prikolico",1
"2024-04-09 00:00",0,"Osebni avtomobil",193
"2024-04-09 00:00",0,"Kombinirano vozilo",26
"2024-04-09 00:00",0,"Težje tovorno vozilo",14
"2024-04-09 00:00",0,"Tovorno vozilo s prikolico",2
"2024-04-09 12:00",0,"Osebni avtomobil",726
"2024-04-09 12:00",0,"Kombinirano vozilo",49
"2024-04-09 12:00",0,"Težje tovorno vozilo",27
"2024-04-09 12:00",1,"Osebni avtomobil",441
"2024-04-09 12:00",1,"Kombinirano vozilo",34
"2024-04-09 12:00",1,"Težje tovorno vozilo",10
"2024-04-10 00:00",1,"Osebni avtomobil",540
"2024-04-10 00:00",1,"Kombinirano vozilo",40
"2024-04-10 00:00",1,"Težje tovorno vozilo",16
"2024-04-10 00:00",1,"Tovorno vozilo s prikolico",1
"2024-04-10 00:00",0,"Osebni avtomobil",188
"2024-04-10 00:00",0,"Kombinirano vozilo",28
"2024-04-10 00:00",0,"Težje tovorno vozilo",18
"2024-04-10 00:00",0,"Tovorno vozilo s prikolico",2
"2024-04-10 12:00",0,"Osebni avtomobil",719
"2024-04-10 12:00",0,"Kombinirano vozilo",42
"2024-04-10 12:00",0,"Težje tovorno vozilo",20
"2024-04-10 12:00",0,"Tovorno vozilo s prikolico",1
"2024-04-10 12:00",1,"Osebni avtomobil",438
"2024-04-10 12:00",1,"Kombinirano vozilo",26
"2024-04-10 12:00",1,"Težje tovorno vozilo",18
"2024-04-10 12:00",1,"Tovorno vozilo s prikolico",2
"2024-04-11 00:00",1,"Osebni avtomobil",535
"2024-04-11 00:00",1,"Kombinirano vozilo",37
"2024-04-11 00:00",1,"Težje tovorno vozilo",15
"2024-04-11 00:00",1,"Tovorno vozilo s prikolico",1
"2024-04-11 00:00",0,"Osebni avtomobil",193
"2024-04-11 00:00",0,"Kombinirano vozilo",25
"2024-04-11 00:00",0,"Težje tovorno vozilo",10
"2024-04-11 00:00",0,"Tovorno vozilo s prikolico",1
"2024-04-11 12:00",0,"Osebni avtomobil",762
"2024-04-11 12:00",0,"Kombinirano vozilo",47
"2024-04-11 12:00",0,"Težje tovorno vozilo",24
"2024-04-11 12:00",0,"Tovorno vozilo s prikolico",1
"2024-04-11 12:00",1,"Osebni avtomobil",529
"2024-04-11 12:00",1,"Kombinirano vozilo",22
"2024-04-11 12:00",1,"Težje tovorno vozilo",12
"2024-04-12 00:00",1,"Osebni avtomobil",530
"2024-04-12 00:00",1,"Kombinirano vozilo",35
"2024-04-12 00:00",1,"Težje tovorno vozilo",17
"2024-04-12 00:00",1,"Tovorno vozilo s prikolico",1
"2024-04-12 00:00",0,"Osebni avtomobil",199
"2024-04-12 00:00",0,"Kombinirano vozilo",36
"2024-04-12 00:00",0,"Težje tovorno vozilo",21
"2024-04-12 12:00",0,"Osebni avtomobil",717
"2024-04-12 12:00",0,"Kombinirano vozilo",49
"2024-04-12 12:00",0,"Težje tovorno vozilo",21
"2024-04-12 12:00",1,"Osebni avtomobil",491
"2024-04-12 12:00",1,"Kombinirano vozilo",28
"2024-04-12 12:00",1,"Težje tovorno vozilo",13
"2024-04-12 12:00",1,"Tovorno vozilo s prikolico",1
"2024-04-13 00:00",1,"Osebni avtomobil",344
"2024-04-13 00:00",1,"Kombinirano vozilo",27
"2024-04-13 00:00",1,"Težje tovorno vozilo",1
"2024-04-13 00:00",0,"Osebni avtomobil",221
"2024-04-13 00:00",0,"Kombinirano vozilo",19
"2024-04-13 00:00",0,"Težje tovorno vozilo",8
"2024-04-13 12:00",0,"Osebni avtomobil",531
"2024-04-13 12:00",0,"Kombinirano vozilo",33
"2024-04-13 12:00",0,"Težje tovorno vozilo",9
"2024-04-13 12:00",1,"Osebni avtomobil",424
"2024-04-13 12:00",1,"Kombinirano vozilo",18
"2024-04-13 12:00",1,"Težje tovorno vozilo",1
"2024-04-14 00:00",1,"Osebni avtomobil",216
"2024-04-14 00:00",1,"Kombinirano vozilo",3
"2024-04-14 00:00",1,"Težje tovorno vozilo",1
"2024-04-14 00:00",0,"Osebni avtomobil",150
"2024-04-14 00:00",0,"Kombinirano vozilo",10
"2024-04-14 00:00",0,"Težje tovorno vozilo",2
"2024-04-14 12:00",0,"Osebni avtomobil",458
"2024-04-14 12:00",0,"Kombinirano vozilo",27
"2024-04-14 12:00",0,"Težje tovorno vozilo",6
"2024-04-14 12:00",1,"Osebni avtomobil",398
"2024-04-14 12:00",1,"Kombinirano vozilo",12
"2024-04-14 12:00",1,"Težje tovorno vozilo",5
"2024-04-15 00:00",1,"Osebni avtomobil",537
"2024-04-15 00:00",1,"Kombinirano vozilo",29
"2024-04-15 00:00",1,"Težje tovorno vozilo",11
"2024-04-15 00:00",1,"Tovorno vozilo s prikolico",1
"2024-04-15 00:00",0,"Osebni avtomobil",173
"2024-04-15 00:00",0,"Kombinirano vozilo",35
"2024-04-15 00:00",0,"Težje tovorno vozilo",14
"2024-04-15 00:00",0,"Tovorno vozilo s prikolico",3
"2024-04-15 12:00",0,"Osebni avtomobil",690
"2024-04-15 12:00",0,"Kombinirano vozilo",45
"2024-04-15 12:00",0,"Težje tovorno vozilo",24
"2024-04-15 12:00",0,"Tovorno vozilo s prikolico",1
"2024-04-15 12:00",1,"Osebni avtomobil",445
"2024-04-15 12:00",1,"Kombinirano vozilo",25
"2024-04-15 12:00",1,"Težje tovorno vozilo",15
"2024-04-16 00:00",1,"Osebni avtomobil",516
"2024-04-16 00:00",1,"Kombinirano vozilo",31
"2024-04-16 00:00",1,"Težje tovorno vozilo",11
"2024-04-16 00:00",1,"Tovorno vozilo s prikolico",2
"2024-04-16 00:00",0,"Osebni avtomobil",169
"2024-04-16 00:00",0,"Kombinirano vozilo",21
"2024-04-16 00:00",0,"Težje tovorno vozilo",15
"2024-04-16 12:00",0,"Osebni avtomobil",483
"2024-04-16 12:00",0,"Kombinirano vozilo",17
"2024-04-16 12:00",0,"Težje tovorno vozilo",10
"2024-04-16 12:00",0,"Tovorno vozilo s prikolico",1
"2024-04-16 12:00",1,"Osebni avtomobil",316
"2024-04-16 12:00",1,"Kombinirano vozilo",24
"2024-04-16 12:00",1,"Težje tovorno vozilo",12
"2024-04-16 12:00",1,"Tovorno vozilo s prikolico",5
"2024-04-17 00:00",1,"Osebni avtomobil",519
"2024-04-17 00:00",1,"Kombinirano vozilo",23
"2024-04-17 00:00",1,"Težje tovorno vozilo",13
"2024-04-17 00:00",1,"Tovorno vozilo s prikolico",1
"2024-04-17 00:00",0,"Osebni avtomobil",175
"2024-04-17 00:00",0,"Kombinirano vozilo",27
"2024-04-17 00:00",0,"Težje tovorno vozilo",16
"2024-04-17 12:00",0,"Osebni avtomobil",706
"2024-04-17 12:00",0,"Kombinirano vozilo",48
"2024-04-17 12:00",0,"Težje tovorno vozilo",15
"2024-04-17 12:00",0,"Tovorno vozilo s prikolico",3
"2024-04-17 12:00",1,"Osebni avtomobil",444
"2024-04-17 12:00",1,"Kombinirano vozilo",32
"2024-04-17 12:00",1,"Težje tovorno vozilo",15
"2024-04-17 12:00",1,"Tovorno vozilo s prikolico",1
"2024-04-18 00:00",1,"Osebni avtomobil",547
"2024-04-18 00:00",1,"Kombinirano vozilo",30
"2024-04-18 00:00",1,"Težje tovorno vozilo",12
"2024-04-18 00:00",1,"Tovorno vozilo s prikolico",1
"2024-04-18 00:00",0,"Osebni avtomobil",179
"2024-04-18 00:00",0,"Kombinirano vozilo",29
"2024-04-18 00:00",0,"Težje tovorno vozilo",18
"2024-04-18 12:00",0,"Osebni avtomobil",710
"2024-04-18 12:00",0,"Kombinirano vozilo",27
"2024-04-18 12:00",0,"Težje tovorno vozilo",18
"2024-04-18 12:00",0,"Tovorno vozilo s prikolico",1
"2024-04-18 12:00",1,"Osebni avtomobil",441
"2024-04-18 12:00",1,"Kombinirano vozilo",26
"2024-04-18 12:00",1,"Težje tovorno vozilo",6
"2024-04-19 00:00",1,"Osebni avtomobil",525
"2024-04-19 00:00",1,"Kombinirano vozilo",30
"2024-04-19 00:00",1,"Težje tovorno vozilo",12
"2024-04-19 00:00",1,"Tovorno vozilo s prikolico",1
"2024-04-19 00:00",0,"Osebni avtomobil",201
"2024-04-19 00:00",0,"Kombinirano vozilo",36
"2024-04-19 00:00",0,"Težje tovorno vozilo",23
"2024-04-19 00:00",0,"Tovorno vozilo s prikolico",1
"2024-04-19 12:00",0,"Osebni avtomobil",723
"2024-04-19 12:00",0,"Kombinirano vozilo",53
"2024-04-19 12:00",0,"Težje tovorno vozilo",24
"2024-04-19 12:00",1,"Osebni avtomobil",469
"2024-04-19 12:00",1,"Kombinirano vozilo",39
"2024-04-19 12:00",1,"Težje tovorno vozilo",18
"2024-04-20 00:00",1,"Osebni avtomobil",318
"2024-04-20 00:00",1,"Kombinirano vozilo",25
"2024-04-20 00:00",1,"Težje tovorno vozilo",9
"2024-04-20 00:00",0,"Osebni avtomobil",179
"2024-04-20 00:00",0,"Kombinirano vozilo",14
"2024-04-20 00:00",0,"Težje tovorno vozilo",8
"2024-04-20 12:00",0,"Osebni avtomobil",476
"2024-04-20 12:00",0,"Kombinirano vozilo",30
"2024-04-20 12:00",0,"Težje tovorno vozilo",7
"2024-04-20 12:00",1,"Osebni avtomobil",368
"2024-04-20 12:00",1,"Kombinirano vozilo",14
"2024-04-20 12:00",1,"Težje tovorno vozilo",5
"2024-04-21 00:00",1,"Osebni avtomobil",193
"2024-04-21 00:00",1,"Kombinirano vozilo",8
"2024-04-21 00:00",1,"Težje tovorno vozilo",2
"2024-04-21 00:00",0,"Osebni avtomobil",118
"2024-04-21 00:00",0,"Kombinirano vozilo",8
"2024-04-21 00:00",0,"Težje tovorno vozilo",3
"2024-04-21 12:00",0,"Osebni avtomobil",401
"2024-04-21 12:00",0,"Kombinirano vozilo",23
"2024-04-21 12:00",0,"Težje tovorno vozilo",5
"2024-04-21 12:00",1,"Osebni avtomobil",372
"2024-04-21 12:00",1,"Kombinirano vozilo",16
"2024-04-21 12:00",1,"Tovorno vozilo s prikolico",1
"2024-04-22 00:00",1,"Osebni avtomobil",538
"2024-04-22 00:00",1,"Kombinirano vozilo",43
"2024-04-22 00:00",1,"Težje tovorno vozilo",18
"2024-04-22 00:00",1,"Tovorno vozilo s prikolico",1
"2024-04-22 00:00",0,"Osebni avtomobil",195
"2024-04-22 00:00",0,"Težje tovorno vozilo",25
"2024-04-22 00:00",0,"Kombinirano vozilo",17
"2024-04-22 00:00",0,"Tovorno vozilo s prikolico",1
"2024-04-22 12:00",0,"Osebni avtomobil",648
"2024-04-22 12:00",0,"Kombinirano vozilo",47
"2024-04-22 12:00",0,"Težje tovorno vozilo",23
"2024-04-22 12:00",0,"Tovorno vozilo s prikolico",1
"2024-04-22 12:00",1,"Osebni avtomobil",411
"2024-04-22 12:00",1,"Kombinirano vozilo",31
"2024-04-22 12:00",1,"Težje tovorno vozilo",18
"2024-04-22 12:00",1,"Tovorno vozilo s prikolico",1
"2024-04-23 00:00",1,"Osebni avtomobil",515
"2024-04-23 00:00",1,"Kombinirano vozilo",32
"2024-04-23 00:00",1,"Težje tovorno vozilo",15
"2024-04-23 00:00",1,"Tovorno vozilo s prikolico",1
"2024-04-23 00:00",0,"Osebni avtomobil",153
"2024-04-23 00:00",0,"Kombinirano vozilo",14
"2024-04-23 00:00",0,"Težje tovorno vozilo",7
"2024-04-23 12:00",0,"Osebni avtomobil",600
"2024-04-23 12:00",0,"Kombinirano vozilo",25
"2024-04-23 12:00",0,"Težje tovorno vozilo",15
"2024-04-23 12:00",0,"Tovorno vozilo s prikolico",2
"2024-04-23 12:00",1,"Osebni avtomobil",367
"2024-04-23 12:00",1,"Kombinirano vozilo",22
"2024-04-23 12:00",1,"Težje tovorno vozilo",15
"2024-04-24 00:00",1,"Osebni avtomobil",518
"2024-04-24 00:00",1,"Kombinirano vozilo",33
"2024-04-24 00:00",1,"Težje tovorno vozilo",16
"2024-04-24 00:00",1,"Tovorno vozilo s prikolico",2
"2024-04-24 00:00",0,"Osebni avtomobil",185
"2024-04-24 00:00",0,"Kombinirano vozilo",23
"2024-04-24 00:00",0,"Težje tovorno vozilo",11
"2024-04-24 00:00",0,"Tovorno vozilo s prikolico",1
"2024-04-24 12:00",0,"Osebni avtomobil",687
"2024-04-24 12:00",0,"Kombinirano vozilo",30
"2024-04-24 12:00",0,"Težje tovorno vozilo",17
"2024-04-24 12:00",1,"Osebni avtomobil",435
"2024-04-24 12:00",1,"Kombinirano vozilo",31
"2024-04-24 12:00",1,"Težje tovorno vozilo",28
"2024-04-24 12:00",1,"Tovorno vozilo s prikolico",1
"2024-04-25 00:00",1,"Osebni avtomobil",525
"2024-04-25 00:00",1,"Kombinirano vozilo",22
"2024-04-25 00:00",1,"Težje tovorno vozilo",15
"2024-04-25 00:00",1,"Tovorno vozilo s prikolico",1
"2024-04-25 00:00",0,"Osebni avtomobil",173
"2024-04-25 00:00",0,"Kombinirano vozilo",21
"2024-04-25 00:00",0,"Težje tovorno vozilo",10
"2024-04-25 00:00",0,"Tovorno vozilo s prikolico",2
"2024-04-25 12:00",0,"Osebni avtomobil",703
"2024-04-25 12:00",0,"Kombinirano vozilo",32
"2024-04-25 12:00",0,"Težje tovorno vozilo",18
"2024-04-25 12:00",1,"Osebni avtomobil",449
"2024-04-25 12:00",1,"Kombinirano vozilo",21
"2024-04-25 12:00",1,"Težje tovorno vozilo",20
"2024-04-26 00:00",1,"Osebni avtomobil",528
"2024-04-26 00:00",1,"Kombinirano vozilo",43
"2024-04-26 00:00",1,"Težje tovorno vozilo",10
"2024-04-26 00:00",1,"Tovorno vozilo s prikolico",2
"2024-04-26 00:00",0,"Osebni avtomobil",190
"2024-04-26 00:00",0,"Kombinirano vozilo",29
"2024-04-26 00:00",0,"Težje tovorno vozilo",14
"2024-04-26 12:00",0,"Osebni avtomobil","1,467"
"2024-04-26 12:00",0,"Kombinirano vozilo",105
"2024-04-26 12:00",0,"Težje tovorno vozilo",37
"2024-04-26 12:00",0,"Tovorno vozilo s prikolico",1
"2024-04-26 12:00",1,"Osebni avtomobil",802
"2024-04-26 12:00",1,"Kombinirano vozilo",51
"2024-04-26 12:00",1,"Težje tovorno vozilo",28
"2024-04-27 00:00",1,"Osebni avtomobil",218
"2024-04-27 00:00",1,"Kombinirano vozilo",11
"2024-04-27 00:00",1,"Težje tovorno vozilo",5
"2024-04-27 00:00",0,"Osebni avtomobil",160
"2024-04-27 00:00",0,"Kombinirano vozilo",17
"2024-04-27 00:00",0,"Težje tovorno vozilo",3
"2024-04-27 12:00",0,"Osebni avtomobil",370
"2024-04-27 12:00",0,"Kombinirano vozilo",22
"2024-04-27 12:00",0,"Težje tovorno vozilo",12
"2024-04-27 12:00",1,"Osebni avtomobil",339
"2024-04-27 12:00",1,"Kombinirano vozilo",23
"2024-04-27 12:00",1,"Težje tovorno vozilo",4
"2024-04-28 00:00",1,"Osebni avtomobil",186
"2024-04-28 00:00",1,"Kombinirano vozilo",7
"2024-04-28 00:00",1,"Težje tovorno vozilo",2
"2024-04-28 00:00",0,"Osebni avtomobil",112
"2024-04-28 00:00",0,"Kombinirano vozilo",4
"2024-04-28 00:00",0,"Težje tovorno vozilo",3
"2024-04-28 12:00",0,"Osebni avtomobil",417
"2024-04-28 12:00",0,"Kombinirano vozilo",11
"2024-04-28 12:00",0,"Težje tovorno vozilo",3
"2024-04-28 12:00",1,"Osebni avtomobil",360
"2024-04-28 12:00",1,"Kombinirano vozilo",8
"2024-04-28 12:00",1,"Težje tovorno vozilo",1
"2024-04-29 00:00",1,"Osebni avtomobil",419
"2024-04-29 00:00",1,"Kombinirano vozilo",31
"2024-04-29 00:00",1,"Težje tovorno vozilo",7
"2024-04-29 00:00",1,"Tovorno vozilo s prikolico",1
"2024-04-29 00:00",0,"Osebni avtomobil",185
"2024-04-29 00:00",0,"Kombinirano vozilo",27
"2024-04-29 00:00",0,"Težje tovorno vozilo",17
"2024-04-29 12:00",0,"Osebni avtomobil",550
"2024-04-29 12:00",0,"Kombinirano vozilo",41
"2024-04-29 12:00",0,"Težje tovorno vozilo",18
"2024-04-29 12:00",1,"Osebni avtomobil",397
"2024-04-29 12:00",1,"Kombinirano vozilo",29
"2024-04-29 12:00",1,"Težje tovorno vozilo",4
"2024-04-30 00:00",1,"Osebni avtomobil",425
"2024-04-30 00:00",1,"Kombinirano vozilo",30
"2024-04-30 00:00",1,"Težje tovorno vozilo",8
"2024-04-30 00:00",0,"Osebni avtomobil",196
"2024-04-30 00:00",0,"Kombinirano vozilo",21
"2024-04-30 00:00",0,"Težje tovorno vozilo",17
"2024-04-30 00:00",0,"Tovorno vozilo s prikolico",1
"2024-04-30 12:00",0,"Osebni avtomobil",569
"2024-04-30 12:00",0,"Kombinirano vozilo",27
"2024-04-30 12:00",0,"Težje tovorno vozilo",19
"2024-04-30 12:00",1,"Osebni avtomobil",434
"2024-04-30 12:00",1,"Kombinirano vozilo",21
"2024-04-30 12:00",1,"Težje tovorno vozilo",8
"2024-05-01 00:00",1,"Osebni avtomobil",214
"2024-05-01 00:00",1,"Kombinirano vozilo",11
"2024-05-01 00:00",1,"Težje tovorno vozilo",2
"2024-05-01 00:00",0,"Osebni avtomobil",131
"2024-05-01 00:00",0,"Kombinirano vozilo",10
"2024-05-01 00:00",0,"Težje tovorno vozilo",2
"2024-05-01 12:00",1,"Osebni avtomobil",361
"2024-05-01 12:00",1,"Kombinirano vozilo",13
"2024-05-01 12:00",1,"Težje tovorno vozilo",5
"2024-05-01 12:00",0,"Osebni avtomobil",326
"2024-05-01 12:00",0,"Kombinirano vozilo",8
"2024-05-01 12:00",0,"Težje tovorno vozilo",6
"2024-05-02 00:00",1,"Osebni avtomobil",167
"2024-05-02 00:00",1,"Kombinirano vozilo",8
"2024-05-02 00:00",1,"Težje tovorno vozilo",3
"2024-05-02 00:00",0,"Osebni avtomobil",82
"2024-05-02 00:00",0,"Težje tovorno vozilo",4
"2024-05-02 00:00",0,"Kombinirano vozilo",1
"2024-05-02 12:00",0,"Osebni avtomobil",289
"2024-05-02 12:00",0,"Kombinirano vozilo",10
"2024-05-02 12:00",0,"Težje tovorno vozilo",3
"2024-05-02 12:00",1,"Osebni avtomobil",265
"2024-05-02 12:00",1,"Kombinirano vozilo",9
"2024-05-02 12:00",1,"Težje tovorno vozilo",3
"2024-05-02 12:00",1,"Nerazpoznana vozila",1
"2024-05-02 12:00",1,"Tovorno vozilo s prikolico",1
"2024-05-03 00:00",1,"Osebni avtomobil",341
"2024-05-03 00:00",1,"Kombinirano vozilo",16
"2024-05-03 00:00",1,"Težje tovorno vozilo",6
"2024-05-03 00:00",1,"Tovorno vozilo s prikolico",2
"2024-05-03 00:00",0,"Osebni avtomobil",163
"2024-05-03 00:00",0,"Kombinirano vozilo",10
"2024-05-03 00:00",0,"Težje tovorno vozilo",8
"2024-05-03 00:00",0,"Tovorno vozilo s prikolico",1
"2024-05-03 12:00",0,"Osebni avtomobil",437
"2024-05-03 12:00",0,"Kombinirano vozilo",18
"2024-05-03 12:00",0,"Težje tovorno vozilo",10
"2024-05-03 12:00",0,"Tovorno vozilo s prikolico",1
"2024-05-03 12:00",1,"Osebni avtomobil",312
"2024-05-03 12:00",1,"Kombinirano vozilo",18
"2024-05-03 12:00",1,"Težje tovorno vozilo",9
"2024-05-04 00:00",1,"Osebni avtomobil",259
"2024-05-04 00:00",1,"Kombinirano vozilo",18
"2024-05-04 00:00",1,"Težje tovorno vozilo",7
"2024-05-04 00:00",0,"Osebni avtomobil",165
"2024-05-04 00:00",0,"Težje tovorno vozilo",8
"2024-05-04 00:00",0,"Kombinirano vozilo",7
"2024-05-04 12:00",0,"Osebni avtomobil",418
"2024-05-04 12:00",0,"Kombinirano vozilo",19
"2024-05-04 12:00",0,"Težje tovorno vozilo",7
"2024-05-04 12:00",1,"Osebni avtomobil",329
"2024-05-04 12:00",1,"Kombinirano vozilo",7
"2024-05-04 12:00",1,"Težje tovorno vozilo",3
"2024-05-05 00:00",1,"Osebni avtomobil",187
"2024-05-05 00:00",1,"Kombinirano vozilo",7
"2024-05-05 00:00",1,"Težje tovorno vozilo",1
"2024-05-05 00:00",0,"Osebni avtomobil",139
"2024-05-05 00:00",0,"Kombinirano vozilo",11
"2024-05-05 00:00",0,"Težje tovorno vozilo",1
"2024-05-05 12:00",0,"Osebni avtomobil",377
"2024-05-05 12:00",0,"Kombinirano vozilo",26
"2024-05-05 12:00",0,"Težje tovorno vozilo",6
"2024-05-05 12:00",1,"Osebni avtomobil",338
"2024-05-05 12:00",1,"Kombinirano vozilo",10
"2024-05-05 12:00",1,"Težje tovorno vozilo",1
"2024-05-06 00:00",1,"Osebni avtomobil",562
"2024-05-06 00:00",1,"Kombinirano vozilo",33
"2024-05-06 00:00",1,"Težje tovorno vozilo",8
"2024-05-06 00:00",1,"Tovorno vozilo s prikolico",1
"2024-05-06 00:00",0,"Osebni avtomobil",231
"2024-05-06 00:00",0,"Kombinirano vozilo",22
"2024-05-06 00:00",0,"Težje tovorno vozilo",17
"2024-05-06 00:00",0,"Tovorno vozilo s prikolico",1
"2024-05-06 12:00",0,"Osebni avtomobil",679
"2024-05-06 12:00",0,"Kombinirano vozilo",44
"2024-05-06 12:00",0,"Težje tovorno vozilo",22
"2024-05-06 12:00",1,"Osebni avtomobil",460
"2024-05-06 12:00",1,"Kombinirano vozilo",25
"2024-05-06 12:00",1,"Težje tovorno vozilo",7
"2024-05-07 00:00",1,"Osebni avtomobil",557
"2024-05-07 00:00",1,"Kombinirano vozilo",40
"2024-05-07 00:00",1,"Težje tovorno vozilo",12
"2024-05-07 00:00",1,"Tovorno vozilo s prikolico",2
"2024-05-07 00:00",0,"Osebni avtomobil",198
"2024-05-07 00:00",0,"Kombinirano vozilo",22
"2024-05-07 00:00",0,"Težje tovorno vozilo",16
"2024-05-07 12:00",0,"Osebni avtomobil",648
"2024-05-07 12:00",0,"Kombinirano vozilo",24
"2024-05-07 12:00",0,"Težje tovorno vozilo",12
"2024-05-07 12:00",0,"Tovorno vozilo s prikolico",3
"2024-05-07 12:00",1,"Osebni avtomobil",407
"2024-05-07 12:00",1,"Kombinirano vozilo",23
"2024-05-07 12:00",1,"Težje tovorno vozilo",15
"2024-05-07 12:00",1,"Tovorno vozilo s prikolico",2
"2024-05-08 00:00",1,"Osebni avtomobil",562
"2024-05-08 00:00",1,"Kombinirano vozilo",28
"2024-05-08 00:00",1,"Težje tovorno vozilo",12
"2024-05-08 00:00",0,"Osebni avtomobil",178
"2024-05-08 00:00",0,"Kombinirano vozilo",20
"2024-05-08 00:00",0,"Težje tovorno vozilo",11
"2024-05-08 00:00",0,"Tovorno vozilo s prikolico",1
"2024-05-08 12:00",0,"Osebni avtomobil",728
"2024-05-08 12:00",0,"Kombinirano vozilo",29
"2024-05-08 12:00",0,"Težje tovorno vozilo",20
"2024-05-08 12:00",1,"Osebni avtomobil",455
"2024-05-08 12:00",1,"Kombinirano vozilo",24
"2024-05-08 12:00",1,"Težje tovorno vozilo",14
"2024-05-09 00:00",1,"Osebni avtomobil",571
"2024-05-09 00:00",1,"Kombinirano vozilo",29
"2024-05-09 00:00",1,"Težje tovorno vozilo",9
"2024-05-09 00:00",1,"Tovorno vozilo s prikolico",1
"2024-05-09 00:00",0,"Osebni avtomobil",206
"2024-05-09 00:00",0,"Kombinirano vozilo",21
"2024-05-09 00:00",0,"Težje tovorno vozilo",13
"2024-05-09 00:00",0,"Tovorno vozilo s prikolico",1
"2024-05-09 12:00",0,"Osebni avtomobil",781
"2024-05-09 12:00",0,"Kombinirano vozilo",45
"2024-05-09 12:00",0,"Težje tovorno vozilo",23
"2024-05-09 12:00",1,"Osebni avtomobil",497
"2024-05-09 12:00",1,"Kombinirano vozilo",27
"2024-05-09 12:00",1,"Težje tovorno vozilo",9
"2024-05-10 00:00",1,"Osebni avtomobil",569
"2024-05-10 00:00",1,"Kombinirano vozilo",41
"2024-05-10 00:00",1,"Težje tovorno vozilo",11
"2024-05-10 00:00",0,"Osebni avtomobil",217
"2024-05-10 00:00",0,"Kombinirano vozilo",36
"2024-05-10 00:00",0,"Težje tovorno vozilo",17
"2024-05-10 12:00",0,"Osebni avtomobil",754
"2024-05-10 12:00",0,"Kombinirano vozilo",58
"2024-05-10 12:00",0,"Težje tovorno vozilo",22
"2024-05-10 12:00",0,"Tovorno vozilo s prikolico",1
"2024-05-10 12:00",1,"Osebni avtomobil",534
"2024-05-10 12:00",1,"Kombinirano vozilo",40
"2024-05-10 12:00",1,"Težje tovorno vozilo",9
"2024-05-10 12:00",1,"Tovorno vozilo s prikolico",1
"2024-05-11 00:00",1,"Osebni avtomobil",375
"2024-05-11 00:00",1,"Kombinirano vozilo",19
"2024-05-11 00:00",1,"Težje tovorno vozilo",3
"2024-05-11 00:00",0,"Osebni avtomobil",228
"2024-05-11 00:00",0,"Kombinirano vozilo",21
"2024-05-11 00:00",0,"Težje tovorno vozilo",7
"2024-05-11 00:00",0,"Tovorno vozilo s prikolico",1
"2024-05-11 12:00",0,"Osebni avtomobil",531
"2024-05-11 12:00",0,"Kombinirano vozilo",32
"2024-05-11 12:00",0,"Težje tovorno vozilo",6
"2024-05-11 12:00",1,"Osebni avtomobil",465
"2024-05-11 12:00",1,"Kombinirano vozilo",11
"2024-05-11 12:00",1,"Težje tovorno vozilo",3
"2024-05-12 00:00",1,"Osebni avtomobil",223
"2024-05-12 00:00",1,"Kombinirano vozilo",6
"2024-05-12 00:00",1,"Težje tovorno vozilo",4
"2024-05-12 00:00",0,"Osebni avtomobil",156
"2024-05-12 00:00",0,"Kombinirano vozilo",7
"2024-05-12 00:00",0,"Težje tovorno vozilo",4
"2024-05-12 12:00",0,"Osebni avtomobil",437
"2024-05-12 12:00",0,"Kombinirano vozilo",18
"2024-05-12 12:00",0,"Težje tovorno vozilo",6
"2024-05-12 12:00",1,"Osebni avtomobil",415
"2024-05-12 12:00",1,"Kombinirano vozilo",12
"2024-05-12 12:00",1,"Težje tovorno vozilo",2
"2024-05-13 00:00",1,"Osebni avtomobil",585
"2024-05-13 00:00",1,"Kombinirano vozilo",33
"2024-05-13 00:00",1,"Težje tovorno vozilo",8
"2024-05-13 00:00",1,"Tovorno vozilo s prikolico",1
"2024-05-13 00:00",0,"Osebni avtomobil",198
"2024-05-13 00:00",0,"Kombinirano vozilo",29
"2024-05-13 00:00",0,"Težje tovorno vozilo",21
"2024-05-13 12:00",0,"Osebni avtomobil",656
"2024-05-13 12:00",0,"Kombinirano vozilo",33
"2024-05-13 12:00",0,"Težje tovorno vozilo",26
"2024-05-13 12:00",0,"Tovorno vozilo s prikolico",2
"2024-05-13 12:00",1,"Osebni avtomobil",403
"2024-05-13 12:00",1,"Kombinirano vozilo",19
"2024-05-13 12:00",1,"Težje tovorno vozilo",15
"2024-05-14 00:00",1,"Osebni avtomobil",524
"2024-05-14 00:00",1,"Kombinirano vozilo",39
"2024-05-14 00:00",1,"Težje tovorno vozilo",14
"2024-05-14 00:00",1,"Tovorno vozilo s prikolico",1
"2024-05-14 00:00",0,"Osebni avtomobil",171
"2024-05-14 00:00",0,"Težje tovorno vozilo",19
"2024-05-14 00:00",0,"Kombinirano vozilo",13
"2024-05-14 12:00",0,"Osebni avtomobil",689
"2024-05-14 12:00",0,"Kombinirano vozilo",34
"2024-05-14 12:00",0,"Težje tovorno vozilo",19
"2024-05-14 12:00",0,"Tovorno vozilo s prikolico",1
"2024-05-14 12:00",1,"Osebni avtomobil",416
"2024-05-14 12:00",1,"Kombinirano vozilo",23
"2024-05-14 12:00",1,"Težje tovorno vozilo",16
"2024-05-14 12:00",1,"Nerazpoznana vozila",1
"2024-05-15 00:00",1,"Osebni avtomobil",569
"2024-05-15 00:00",1,"Kombinirano vozilo",24
"2024-05-15 00:00",1,"Težje tovorno vozilo",11
"2024-05-15 00:00",1,"Tovorno vozilo s prikolico",1
"2024-05-15 00:00",0,"Osebni avtomobil",195
"2024-05-15 00:00",0,"Kombinirano vozilo",25
"2024-05-15 00:00",0,"Težje tovorno vozilo",12
"2024-05-15 12:00",0,"Osebni avtomobil",769
"2024-05-15 12:00",0,"Kombinirano vozilo",33
"2024-05-15 12:00",0,"Težje tovorno vozilo",15
"2024-05-15 12:00",1,"Osebni avtomobil",481
"2024-05-15 12:00",1,"Kombinirano vozilo",30
"2024-05-15 12:00",1,"Težje tovorno vozilo",7
"2024-05-16 00:00",1,"Osebni avtomobil",531
"2024-05-16 00:00",1,"Kombinirano vozilo",25
"2024-05-16 00:00",1,"Težje tovorno vozilo",17
"2024-05-16 00:00",1,"Tovorno vozilo s prikolico",1
"2024-05-16 00:00",0,"Osebni avtomobil",177
"2024-05-16 00:00",0,"Kombinirano vozilo",20
"2024-05-16 00:00",0,"Težje tovorno vozilo",17
"2024-05-16 12:00",0,"Osebni avtomobil",625
"2024-05-16 12:00",0,"Kombinirano vozilo",20
"2024-05-16 12:00",0,"Težje tovorno vozilo",19
"2024-05-16 12:00",1,"Osebni avtomobil",480
"2024-05-16 12:00",1,"Kombinirano vozilo",22
"2024-05-16 12:00",1,"Težje tovorno vozilo",12
"2024-05-17 00:00",1,"Osebni avtomobil",524
"2024-05-17 00:00",1,"Kombinirano vozilo",27
"2024-05-17 00:00",1,"Težje tovorno vozilo",19
"2024-05-17 00:00",1,"Tovorno vozilo s prikolico",2
"2024-05-17 00:00",0,"Osebni avtomobil",210
"2024-05-17 00:00",0,"Kombinirano vozilo",22
"2024-05-17 00:00",0,"Težje tovorno vozilo",14
"2024-05-17 00:00",0,"Tovorno vozilo s prikolico",4
"2024-05-17 12:00",0,"Osebni avtomobil",736
"2024-05-17 12:00",0,"Kombinirano vozilo",31
"2024-05-17 12:00",0,"Težje tovorno vozilo",16
"2024-05-17 12:00",1,"Osebni avtomobil",484
"2024-05-17 12:00",1,"Kombinirano vozilo",32
"2024-05-17 12:00",1,"Težje tovorno vozilo",16
"2024-05-17 12:00",1,"Tovorno vozilo s prikolico",1
"2024-05-18 00:00",1,"Osebni avtomobil",377
"2024-05-18 00:00",1,"Kombinirano vozilo",18
"2024-05-18 00:00",1,"Težje tovorno vozilo",5
"2024-05-18 00:00",0,"Osebni avtomobil",216
"2024-05-18 00:00",0,"Kombinirano vozilo",21
"2024-05-18 00:00",0,"Težje tovorno vozilo",9
"2024-05-18 12:00",0,"Osebni avtomobil",561
"2024-05-18 12:00",0,"Kombinirano vozilo",27
"2024-05-18 12:00",0,"Težje tovorno vozilo",8
"2024-05-18 12:00",1,"Osebni avtomobil",463
"2024-05-18 12:00",1,"Kombinirano vozilo",17
"2024-05-18 12:00",1,"Težje tovorno vozilo",3
"2024-05-19 00:00",1,"Osebni avtomobil",245
"2024-05-19 00:00",1,"Kombinirano vozilo",3
"2024-05-19 00:00",1,"Težje tovorno vozilo",2
"2024-05-19 00:00",0,"Osebni avtomobil",170
"2024-05-19 00:00",0,"Kombinirano vozilo",8
"2024-05-19 00:00",0,"Težje tovorno vozilo",1
"2024-05-19 12:00",0,"Osebni avtomobil",471
"2024-05-19 12:00",0,"Kombinirano vozilo",20
"2024-05-19 12:00",0,"Težje tovorno vozilo",8
"2024-05-19 12:00",1,"Osebni avtomobil",436
"2024-05-19 12:00",1,"Kombinirano vozilo",8
"2024-05-19 12:00",1,"Težje tovorno vozilo",3
"2024-05-20 00:00",1,"Osebni avtomobil",563
"2024-05-20 00:00",1,"Kombinirano vozilo",31
"2024-05-20 00:00",1,"Težje tovorno vozilo",9
"2024-05-20 00:00",1,"Tovorno vozilo s prikolico",1
"2024-05-20 00:00",0,"Osebni avtomobil",204
"2024-05-20 00:00",0,"Kombinirano vozilo",31
"2024-05-20 00:00",0,"Težje tovorno vozilo",12
"2024-05-20 00:00",0,"Tovorno vozilo s prikolico",1
"2024-05-20 12:00",0,"Osebni avtomobil",745
"2024-05-20 12:00",0,"Kombinirano vozilo",51
"2024-05-20 12:00",0,"Težje tovorno vozilo",24
"2024-05-20 12:00",0,"Tovorno vozilo s prikolico",1
"2024-05-20 12:00",1,"Osebni avtomobil",525
"2024-05-20 12:00",1,"Kombinirano vozilo",37
"2024-05-20 12:00",1,"Težje tovorno vozilo",11
"2024-05-21 00:00",1,"Osebni avtomobil",545
"2024-05-21 00:00",1,"Kombinirano vozilo",32
"2024-05-21 00:00",1,"Težje tovorno vozilo",13
"2024-05-21 00:00",0,"Osebni avtomobil",162
"2024-05-21 00:00",0,"Kombinirano vozilo",19
"2024-05-21 00:00",0,"Težje tovorno vozilo",9
"2024-05-21 12:00",0,"Osebni avtomobil",541
"2024-05-21 12:00",0,"Težje tovorno vozilo",18
"2024-05-21 12:00",0,"Kombinirano vozilo",13
"2024-05-21 12:00",0,"Tovorno vozilo s prikolico",1
"2024-05-21 12:00",1,"Osebni avtomobil",341
"2024-05-21 12:00",1,"Težje tovorno vozilo",18
"2024-05-21 12:00",1,"Kombinirano vozilo",15
"2024-05-21 12:00",1,"Tovorno vozilo s prikolico",2
"2024-05-22 00:00",1,"Osebni avtomobil",564
"2024-05-22 00:00",1,"Kombinirano vozilo",26
"2024-05-22 00:00",1,"Težje tovorno vozilo",17
"2024-05-22 00:00",1,"Tovorno vozilo s prikolico",1
"2024-05-22 00:00",0,"Osebni avtomobil",172
"2024-05-22 00:00",0,"Kombinirano vozilo",17
"2024-05-22 00:00",0,"Težje tovorno vozilo",16
"2024-05-22 00:00",0,"Tovorno vozilo s prikolico",1
"2024-05-22 12:00",0,"Osebni avtomobil",727
"2024-05-22 12:00",0,"Kombinirano vozilo",37
"2024-05-22 12:00",0,"Težje tovorno vozilo",20
"2024-05-22 12:00",1,"Osebni avtomobil",458
"2024-05-22 12:00",1,"Kombinirano vozilo",30
"2024-05-22 12:00",1,"Težje tovorno vozilo",3
"2024-05-23 00:00",1,"Osebni avtomobil",551
"2024-05-23 00:00",1,"Kombinirano vozilo",30
"2024-05-23 00:00",1,"Težje tovorno vozilo",10
"2024-05-23 00:00",1,"Tovorno vozilo s prikolico",2
"2024-05-23 00:00",0,"Osebni avtomobil",191
"2024-05-23 00:00",0,"Kombinirano vozilo",21
"2024-05-23 00:00",0,"Težje tovorno vozilo",17
"2024-05-23 00:00",0,"Tovorno vozilo s prikolico",1
"2024-05-23 12:00",0,"Osebni avtomobil",687
"2024-05-23 12:00",0,"Kombinirano vozilo",33
"2024-05-23 12:00",0,"Težje tovorno vozilo",16
"2024-05-23 12:00",0,"Tovorno vozilo s prikolico",1
"2024-05-23 12:00",1,"Osebni avtomobil",435
"2024-05-23 12:00",1,"Kombinirano vozilo",29
"2024-05-23 12:00",1,"Težje tovorno vozilo",9
"2024-05-23 12:00",1,"Tovorno vozilo s prikolico",1
"2024-05-24 00:00",1,"Osebni avtomobil",550
"2024-05-24 00:00",1,"Kombinirano vozilo",29
"2024-05-24 00:00",1,"Težje tovorno vozilo",17
"2024-05-24 00:00",1,"Tovorno vozilo s prikolico",1
"2024-05-24 00:00",0,"Osebni avtomobil",219
"2024-05-24 00:00",0,"Kombinirano vozilo",25
"2024-05-24 00:00",0,"Težje tovorno vozilo",19
"2024-05-24 00:00",0,"Tovorno vozilo s prikolico",1
"2024-05-24 12:00",0,"Osebni avtomobil",770
"2024-05-24 12:00",0,"Kombinirano vozilo",41
"2024-05-24 12:00",0,"Težje tovorno vozilo",17
"2024-05-24 12:00",1,"Osebni avtomobil",521
"2024-05-24 12:00",1,"Kombinirano vozilo",18
"2024-05-24 12:00",1,"Težje tovorno vozilo",12
"2024-05-25 00:00",1,"Osebni avtomobil",347
"2024-05-25 00:00",1,"Kombinirano vozilo",22
"2024-05-25 00:00",1,"Težje tovorno vozilo",4
"2024-05-25 00:00",0,"Osebni avtomobil",200
"2024-05-25 00:00",0,"Kombinirano vozilo",12
"2024-05-25 00:00",0,"Težje tovorno vozilo",5
"2024-05-25 12:00",0,"Osebni avtomobil",497
"2024-05-25 12:00",0,"Kombinirano vozilo",30
"2024-05-25 12:00",0,"Težje tovorno vozilo",7
"2024-05-25 12:00",1,"Osebni avtomobil",406
"2024-05-25 12:00",1,"Kombinirano vozilo",19
"2024-05-25 12:00",1,"Težje tovorno vozilo",4
"2024-05-26 00:00",1,"Osebni avtomobil",190
"2024-05-26 00:00",1,"Kombinirano vozilo",9
"2024-05-26 00:00",1,"Težje tovorno vozilo",2
"2024-05-26 00:00",0,"Osebni avtomobil",158
"2024-05-26 00:00",0,"Kombinirano vozilo",11
"2024-05-26 00:00",0,"Težje tovorno vozilo",3
"2024-05-26 12:00",0,"Osebni avtomobil",412
"2024-05-26 12:00",0,"Kombinirano vozilo",12
"2024-05-26 12:00",0,"Težje tovorno vozilo",12
"2024-05-26 12:00",1,"Osebni avtomobil",331
"2024-05-26 12:00",1,"Težje tovorno vozilo",10
"2024-05-26 12:00",1,"Kombinirano vozilo",8
"2024-05-27 00:00",1,"Osebni avtomobil",531
"2024-05-27 00:00",1,"Kombinirano vozilo",28
"2024-05-27 00:00",1,"Težje tovorno vozilo",13
"2024-05-27 00:00",1,"Tovorno vozilo s prikolico",1
"2024-05-27 00:00",0,"Osebni avtomobil",204
"2024-05-27 00:00",0,"Kombinirano vozilo",20
"2024-05-27 00:00",0,"Težje tovorno vozilo",19
"2024-05-27 00:00",0,"Tovorno vozilo s prikolico",1
"2024-05-27 12:00",0,"Osebni avtomobil",630
"2024-05-27 12:00",0,"Kombinirano vozilo",38
"2024-05-27 12:00",0,"Težje tovorno vozilo",26
"2024-05-27 12:00",1,"Osebni avtomobil",471
"2024-05-27 12:00",1,"Kombinirano vozilo",27
"2024-05-27 12:00",1,"Težje tovorno vozilo",11
"2024-05-28 00:00",1,"Osebni avtomobil",555
"2024-05-28 00:00",1,"Kombinirano vozilo",21
"2024-05-28 00:00",1,"Težje tovorno vozilo",13
"2024-05-28 00:00",1,"Tovorno vozilo s prikolico",1
"2024-05-28 00:00",0,"Osebni avtomobil",205
"2024-05-28 00:00",0,"Kombinirano vozilo",26
"2024-05-28 00:00",0,"Težje tovorno vozilo",16
"2024-05-28 00:00",0,"Tovorno vozilo s prikolico",1
"2024-05-28 12:00",0,"Osebni avtomobil",648
"2024-05-28 12:00",0,"Kombinirano vozilo",28
"2024-05-28 12:00",0,"Težje tovorno vozilo",19
"2024-05-28 12:00",1,"Osebni avtomobil",422
"2024-05-28 12:00",1,"Kombinirano vozilo",27
"2024-05-28 12:00",1,"Težje tovorno vozilo",14
"2024-05-29 00:00",1,"Osebni avtomobil",585
"2024-05-29 00:00",1,"Kombinirano vozilo",27
"2024-05-29 00:00",1,"Težje tovorno vozilo",7
"2024-05-29 00:00",1,"Tovorno vozilo s prikolico",2
"2024-05-29 00:00",0,"Osebni avtomobil",203
"2024-05-29 00:00",0,"Kombinirano vozilo",26
"2024-05-29 00:00",0,"Težje tovorno vozilo",11
"2024-05-29 00:00",0,"Tovorno vozilo s prikolico",2
"2024-05-29 12:00",0,"Osebni avtomobil",737
"2024-05-29 12:00",0,"Kombinirano vozilo",33
"2024-05-29 12:00",0,"Težje tovorno vozilo",19
"2024-05-29 12:00",0,"Tovorno vozilo s prikolico",1
"2024-05-29 12:00",1,"Osebni avtomobil",453
"2024-05-29 12:00",1,"Kombinirano vozilo",19
"2024-05-29 12:00",1,"Težje tovorno vozilo",10
"2024-05-30 00:00",1,"Osebni avtomobil",562
"2024-05-30 00:00",1,"Kombinirano vozilo",38
"2024-05-30 00:00",1,"Težje tovorno vozilo",8
"2024-05-30 00:00",1,"Tovorno vozilo s prikolico",1
"2024-05-30 00:00",0,"Osebni avtomobil",225
"2024-05-30 00:00",0,"Kombinirano vozilo",22
"2024-05-30 00:00",0,"Težje tovorno vozilo",14
"2024-05-30 12:00",0,"Osebni avtomobil",694
"2024-05-30 12:00",0,"Kombinirano vozilo",33
"2024-05-30 12:00",0,"Težje tovorno vozilo",19
"2024-05-30 12:00",1,"Osebni avtomobil",445
"2024-05-30 12:00",1,"Kombinirano vozilo",27
"2024-05-30 12:00",1,"Težje tovorno vozilo",6
"2024-05-31 00:00",1,"Osebni avtomobil",387
"2024-05-31 00:00",1,"Kombinirano vozilo",27
"2024-05-31 00:00",1,"Težje tovorno vozilo",10
"2024-05-31 00:00",1,"Tovorno vozilo s prikolico",3
"2024-05-31 00:00",0,"Osebni avtomobil",122
"2024-05-31 00:00",0,"Kombinirano vozilo",8
"2024-05-31 00:00",0,"Težje tovorno vozilo",8
"2024-05-31 12:00",0,"Osebni avtomobil",634
"2024-05-31 12:00",0,"Kombinirano vozilo",14
"2024-05-31 12:00",0,"Težje tovorno vozilo",11
"2024-05-31 12:00",0,"Tovorno vozilo s prikolico",1
"2024-05-31 12:00",1,"Osebni avtomobil",437
"2024-05-31 12:00",1,"Kombinirano vozilo",22
"2024-05-31 12:00",1,"Težje tovorno vozilo",16
"2024-05-31 12:00",1,"Tovorno vozilo s prikolico",1
"2024-06-01 00:00",1,"Osebni avtomobil",364
"2024-06-01 00:00",1,"Kombinirano vozilo",23
"2024-06-01 00:00",1,"Težje tovorno vozilo",3
"2024-06-01 00:00",0,"Osebni avtomobil",178
"2024-06-01 00:00",0,"Kombinirano vozilo",24
"2024-06-01 00:00",0,"Težje tovorno vozilo",6
"2024-06-01 12:00",0,"Osebni avtomobil",483
"2024-06-01 12:00",0,"Kombinirano vozilo",12
"2024-06-01 12:00",0,"Težje tovorno vozilo",6
"2024-06-01 12:00",1,"Osebni avtomobil",390
"2024-06-01 12:00",1,"Kombinirano vozilo",11
"2024-06-01 12:00",1,"Težje tovorno vozilo",2
"2024-06-02 00:00",1,"Osebni avtomobil",235
"2024-06-02 00:00",1,"Kombinirano vozilo",6
"2024-06-02 00:00",0,"Osebni avtomobil",172
"2024-06-02 00:00",0,"Kombinirano vozilo",10
"2024-06-02 00:00",0,"Težje tovorno vozilo",3
"2024-06-02 12:00",0,"Osebni avtomobil",428
"2024-06-02 12:00",0,"Kombinirano vozilo",13
"2024-06-02 12:00",0,"Težje tovorno vozilo",4
"2024-06-02 12:00",1,"Osebni avtomobil",409
"2024-06-02 12:00",1,"Kombinirano vozilo",3
"2024-06-02 12:00",1,"Težje tovorno vozilo",1
"2024-06-03 00:00",1,"Osebni avtomobil",530
"2024-06-03 00:00",1,"Kombinirano vozilo",29
"2024-06-03 00:00",1,"Težje tovorno vozilo",13
"2024-06-03 00:00",1,"Tovorno vozilo s prikolico",1
"2024-06-03 00:00",0,"Osebni avtomobil",200
"2024-06-03 00:00",0,"Težje tovorno vozilo",12
"2024-06-03 00:00",0,"Kombinirano vozilo",10
"2024-06-03 00:00",0,"Tovorno vozilo s prikolico",1
"2024-06-03 12:00",0,"Osebni avtomobil",666
"2024-06-03 12:00",0,"Kombinirano vozilo",27
"2024-06-03 12:00",0,"Težje tovorno vozilo",15
"2024-06-03 12:00",1,"Osebni avtomobil",416
"2024-06-03 12:00",1,"Kombinirano vozilo",16
"2024-06-03 12:00",1,"Težje tovorno vozilo",14
"2024-06-04 00:00",1,"Osebni avtomobil",584
"2024-06-04 00:00",1,"Kombinirano vozilo",29
"2024-06-04 00:00",1,"Težje tovorno vozilo",15
"2024-06-04 00:00",1,"Tovorno vozilo s prikolico",1
"2024-06-04 00:00",0,"Osebni avtomobil",207
"2024-06-04 00:00",0,"Kombinirano vozilo",28
"2024-06-04 00:00",0,"Težje tovorno vozilo",13
"2024-06-04 00:00",0,"Tovorno vozilo s prikolico",1
"2024-06-04 12:00",0,"Osebni avtomobil",652
"2024-06-04 12:00",0,"Kombinirano vozilo",58
"2024-06-04 12:00",0,"Težje tovorno vozilo",21
"2024-06-04 12:00",1,"Osebni avtomobil",449
"2024-06-04 12:00",1,"Kombinirano vozilo",37
"2024-06-04 12:00",1,"Težje tovorno vozilo",9
"2024-06-05 00:00",1,"Osebni avtomobil",561
"2024-06-05 00:00",1,"Kombinirano vozilo",31
"2024-06-05 00:00",1,"Težje tovorno vozilo",12
"2024-06-05 00:00",1,"Tovorno vozilo s prikolico",1
"2024-06-05 00:00",0,"Osebni avtomobil",207
"2024-06-05 00:00",0,"Kombinirano vozilo",23
"2024-06-05 00:00",0,"Težje tovorno vozilo",19
"2024-06-05 00:00",0,"Tovorno vozilo s prikolico",1
"2024-06-05 12:00",0,"Osebni avtomobil",734
"2024-06-05 12:00",0,"Kombinirano vozilo",47
"2024-06-05 12:00",0,"Težje tovorno vozilo",26
"2024-06-05 12:00",0,"Tovorno vozilo s prikolico",2
"2024-06-05 12:00",1,"Osebni avtomobil",508
"2024-06-05 12:00",1,"Kombinirano vozilo",39
"2024-06-05 12:00",1,"Težje tovorno vozilo",6
"2024-06-05 12:00",1,"Tovorno vozilo s prikolico",1
"2024-06-06 00:00",1,"Osebni avtomobil",606
"2024-06-06 00:00",1,"Kombinirano vozilo",33
"2024-06-06 00:00",1,"Težje tovorno vozilo",9
"2024-06-06 00:00",1,"Tovorno vozilo s prikolico",2
"2024-06-06 00:00",0,"Osebni avtomobil",260
"2024-06-06 00:00",0,"Težje tovorno vozilo",29
"2024-06-06 00:00",0,"Kombinirano vozilo",22
"2024-06-06 00:00",0,"Tovorno vozilo s prikolico",2
"2024-06-06 12:00",0,"Osebni avtomobil",889
"2024-06-06 12:00",0,"Kombinirano vozilo",55
"2024-06-06 12:00",0,"Težje tovorno vozilo",30
"2024-06-06 12:00",0,"Tovorno vozilo s prikolico",1
"2024-06-06 12:00",1,"Osebni avtomobil",554
"2024-06-06 12:00",1,"Kombinirano vozilo",29
"2024-06-06 12:00",1,"Težje tovorno vozilo",9
"2024-06-06 12:00",1,"Tovorno vozilo s prikolico",2
"2024-06-07 00:00",1,"Osebni avtomobil",586
"2024-06-07 00:00",1,"Kombinirano vozilo",35
"2024-06-07 00:00",1,"Težje tovorno vozilo",11
"2024-06-07 00:00",1,"Tovorno vozilo s prikolico",1
"2024-06-07 00:00",0,"Osebni avtomobil",253
"2024-06-07 00:00",0,"Kombinirano vozilo",30
"2024-06-07 00:00",0,"Težje tovorno vozilo",22
"2024-06-07 00:00",0,"Tovorno vozilo s prikolico",1
"2024-06-07 12:00",0,"Osebni avtomobil",801
"2024-06-07 12:00",0,"Kombinirano vozilo",46
"2024-06-07 12:00",0,"Težje tovorno vozilo",20
"2024-06-07 12:00",1,"Osebni avtomobil",554
"2024-06-07 12:00",1,"Kombinirano vozilo",33
"2024-06-07 12:00",1,"Težje tovorno vozilo",14
"2024-06-08 00:00",1,"Osebni avtomobil",327
"2024-06-08 00:00",1,"Kombinirano vozilo",16
"2024-06-08 00:00",1,"Težje tovorno vozilo",4
"2024-06-08 00:00",0,"Osebni avtomobil",207
"2024-06-08 00:00",0,"Kombinirano vozilo",20
"2024-06-08 00:00",0,"Težje tovorno vozilo",5
"2024-06-08 12:00",0,"Osebni avtomobil",490
"2024-06-08 12:00",0,"Kombinirano vozilo",29
"2024-06-08 12:00",0,"Težje tovorno vozilo",6
"2024-06-08 12:00",1,"Osebni avtomobil",437
"2024-06-08 12:00",1,"Kombinirano vozilo",7
"2024-06-08 12:00",1,"Težje tovorno vozilo",1
"2024-06-09 00:00",1,"Osebni avtomobil",229
"2024-06-09 00:00",1,"Kombinirano vozilo",7
"2024-06-09 00:00",1,"Težje tovorno vozilo",4
"2024-06-09 00:00",0,"Osebni avtomobil",183
"2024-06-09 00:00",0,"Kombinirano vozilo",6
"2024-06-09 00:00",0,"Težje tovorno vozilo",2
"2024-06-09 12:00",0,"Osebni avtomobil",439
"2024-06-09 12:00",0,"Kombinirano vozilo",25
"2024-06-09 12:00",0,"Težje tovorno vozilo",5
"2024-06-09 12:00",1,"Osebni avtomobil",392
"2024-06-09 12:00",1,"Kombinirano vozilo",16
"2024-06-09 12:00",1,"Težje tovorno vozilo",1
"2024-06-10 00:00",1,"Osebni avtomobil",603
"2024-06-10 00:00",1,"Kombinirano vozilo",32
"2024-06-10 00:00",1,"Težje tovorno vozilo",12
"2024-06-10 00:00",0,"Osebni avtomobil",208
"2024-06-10 00:00",0,"Kombinirano vozilo",31
"2024-06-10 00:00",0,"Težje tovorno vozilo",15
"2024-06-10 12:00",0,"Osebni avtomobil",874
"2024-06-10 12:00",0,"Kombinirano vozilo",40
"2024-06-10 12:00",0,"Težje tovorno vozilo",16
"2024-06-10 12:00",0,"Tovorno vozilo s prikolico",2
"2024-06-10 12:00",1,"Osebni avtomobil",521
"2024-06-10 12:00",1,"Kombinirano vozilo",33
"2024-06-10 12:00",1,"Težje tovorno vozilo",13
"2024-06-11 00:00",1,"Osebni avtomobil",612
"2024-06-11 00:00",1,"Kombinirano vozilo",23
"2024-06-11 00:00",1,"Težje tovorno vozilo",22
"2024-06-11 00:00",1,"Tovorno vozilo s prikolico",2
"2024-06-11 00:00",0,"Osebni avtomobil",186
"2024-06-11 00:00",0,"Kombinirano vozilo",17
"2024-06-11 00:00",0,"Težje tovorno vozilo",16
"2024-06-11 12:00",0,"Osebni avtomobil",682
"2024-06-11 12:00",0,"Kombinirano vozilo",23
"2024-06-11 12:00",0,"Težje tovorno vozilo",17
"2024-06-11 12:00",0,"Tovorno vozilo s prikolico",2
"2024-06-11 12:00",1,"Osebni avtomobil",451
"2024-06-11 12:00",1,"Kombinirano vozilo",16
"2024-06-11 12:00",1,"Težje tovorno vozilo",11
"2024-06-11 12:00",1,"Tovorno vozilo s prikolico",1
"2024-06-12 00:00",1,"Osebni avtomobil",521
"2024-06-12 00:00",1,"Kombinirano vozilo",32
"2024-06-12 00:00",1,"Težje tovorno vozilo",15
"2024-06-12 00:00",0,"Osebni avtomobil",176
"2024-06-12 00:00",0,"Kombinirano vozilo",13
"2024-06-12 00:00",0,"Težje tovorno vozilo",13
"2024-06-12 00:00",0,"Tovorno vozilo s prikolico",1
"2024-06-12 12:00",0,"Osebni avtomobil",706
"2024-06-12 12:00",0,"Kombinirano vozilo",24
"2024-06-12 12:00",0,"Težje tovorno vozilo",20
"2024-06-12 12:00",1,"Osebni avtomobil",387
"2024-06-12 12:00",1,"Kombinirano vozilo",25
"2024-06-12 12:00",1,"Težje tovorno vozilo",14
"2024-06-13 00:00",1,"Osebni avtomobil",551
"2024-06-13 00:00",1,"Kombinirano vozilo",22
"2024-06-13 00:00",1,"Težje tovorno vozilo",17
"2024-06-13 00:00",1,"Tovorno vozilo s prikolico",1
"2024-06-13 00:00",0,"Osebni avtomobil",180
"2024-06-13 00:00",0,"Kombinirano vozilo",17
"2024-06-13 00:00",0,"Težje tovorno vozilo",13
"2024-06-13 00:00",0,"Tovorno vozilo s prikolico",2
"2024-06-13 12:00",0,"Osebni avtomobil",703
"2024-06-13 12:00",0,"Kombinirano vozilo",28
"2024-06-13 12:00",0,"Težje tovorno vozilo",22
"2024-06-13 12:00",0,"Tovorno vozilo s prikolico",2
"2024-06-13 12:00",1,"Osebni avtomobil",421
"2024-06-13 12:00",1,"Kombinirano vozilo",28
"2024-06-13 12:00",1,"Težje tovorno vozilo",13
"2024-06-14 00:00",1,"Osebni avtomobil",535
"2024-06-14 00:00",1,"Kombinirano vozilo",32
"2024-06-14 00:00",1,"Težje tovorno vozilo",13
"2024-06-14 00:00",0,"Osebni avtomobil",198
"2024-06-14 00:00",0,"Kombinirano vozilo",23
"2024-06-14 00:00",0,"Težje tovorno vozilo",18
"2024-06-14 00:00",0,"Tovorno vozilo s prikolico",1
"2024-06-14 12:00",0,"Osebni avtomobil",711
"2024-06-14 12:00",0,"Kombinirano vozilo",43
"2024-06-14 12:00",0,"Težje tovorno vozilo",17
"2024-06-14 12:00",1,"Osebni avtomobil",496
"2024-06-14 12:00",1,"Kombinirano vozilo",30
"2024-06-14 12:00",1,"Težje tovorno vozilo",8
"2024-06-15 00:00",1,"Osebni avtomobil",334
"2024-06-15 00:00",1,"Kombinirano vozilo",19
"2024-06-15 00:00",1,"Težje tovorno vozilo",4
"2024-06-15 00:00",0,"Osebni avtomobil",193
"2024-06-15 00:00",0,"Kombinirano vozilo",24
"2024-06-15 00:00",0,"Težje tovorno vozilo",7
"2024-06-15 12:00",0,"Osebni avtomobil",478
"2024-06-15 12:00",0,"Kombinirano vozilo",29
"2024-06-15 12:00",0,"Težje tovorno vozilo",3
"2024-06-15 12:00",1,"Osebni avtomobil",411
"2024-06-15 12:00",1,"Kombinirano vozilo",16
"2024-06-15 12:00",1,"Težje tovorno vozilo",1
"2024-06-16 00:00",1,"Osebni avtomobil",193
"2024-06-16 00:00",1,"Kombinirano vozilo",7
"2024-06-16 00:00",0,"Osebni avtomobil",153
"2024-06-16 00:00",0,"Kombinirano vozilo",8
"2024-06-16 00:00",0,"Težje tovorno vozilo",1
"2024-06-16 12:00",0,"Osebni avtomobil",437
"2024-06-16 12:00",0,"Kombinirano vozilo",15
"2024-06-16 12:00",0,"Težje tovorno vozilo",4
"2024-06-16 12:00",1,"Osebni avtomobil",364
"2024-06-16 12:00",1,"Kombinirano vozilo",5
"2024-06-16 12:00",1,"Težje tovorno vozilo",2
"2024-06-17 00:00",1,"Osebni avtomobil",529
"2024-06-17 00:00",1,"Kombinirano vozilo",35
"2024-06-17 00:00",1,"Težje tovorno vozilo",15
"2024-06-17 00:00",1,"Tovorno vozilo s prikolico",1
"2024-06-17 00:00",0,"Osebni avtomobil",199
"2024-06-17 00:00",0,"Kombinirano vozilo",32
"2024-06-17 00:00",0,"Težje tovorno vozilo",13
"2024-06-17 00:00",0,"Tovorno vozilo s prikolico",1
"2024-06-17 12:00",0,"Osebni avtomobil",724
"2024-06-17 12:00",0,"Kombinirano vozilo",32
"2024-06-17 12:00",0,"Težje tovorno vozilo",20
"2024-06-17 12:00",1,"Osebni avtomobil",480
"2024-06-17 12:00",1,"Kombinirano vozilo",24
"2024-06-17 12:00",1,"Težje tovorno vozilo",5
"2024-06-18 00:00",1,"Osebni avtomobil",548
"2024-06-18 00:00",1,"Kombinirano vozilo",28
"2024-06-18 00:00",1,"Težje tovorno vozilo",9
"2024-06-18 00:00",1,"Tovorno vozilo s prikolico",1
"2024-06-18 00:00",0,"Osebni avtomobil",209
"2024-06-18 00:00",0,"Kombinirano vozilo",20
"2024-06-18 00:00",0,"Težje tovorno vozilo",12
"2024-06-18 12:00",0,"Osebni avtomobil",686
"2024-06-18 12:00",0,"Kombinirano vozilo",37
"2024-06-18 12:00",0,"Težje tovorno vozilo",16
"2024-06-18 12:00",1,"Osebni avtomobil",440
"2024-06-18 12:00",1,"Kombinirano vozilo",22
"2024-06-18 12:00",1,"Težje tovorno vozilo",6
"2024-06-19 00:00",1,"Osebni avtomobil",557
"2024-06-19 00:00",1,"Kombinirano vozilo",27
"2024-06-19 00:00",1,"Težje tovorno vozilo",15
"2024-06-19 00:00",1,"Tovorno vozilo s prikolico",2
"2024-06-19 00:00",0,"Osebni avtomobil",210
"2024-06-19 00:00",0,"Kombinirano vozilo",32
"2024-06-19 00:00",0,"Težje tovorno vozilo",15
"2024-06-19 00:00",0,"Tovorno vozilo s prikolico",2
"2024-06-19 12:00",0,"Osebni avtomobil",705
"2024-06-19 12:00",0,"Kombinirano vozilo",38
"2024-06-19 12:00",0,"Težje tovorno vozilo",17
"2024-06-19 12:00",1,"Osebni avtomobil",452
"2024-06-19 12:00",1,"Kombinirano vozilo",20
"2024-06-19 12:00",1,"Težje tovorno vozilo",7
"2024-06-20 00:00",1,"Osebni avtomobil",543
"2024-06-20 00:00",1,"Kombinirano vozilo",27
"2024-06-20 00:00",1,"Težje tovorno vozilo",7
"2024-06-20 00:00",0,"Osebni avtomobil",212
"2024-06-20 00:00",0,"Kombinirano vozilo",41
"2024-06-20 00:00",0,"Težje tovorno vozilo",17
"2024-06-20 00:00",0,"Tovorno vozilo s prikolico",1
"2024-06-20 12:00",0,"Osebni avtomobil",657
"2024-06-20 12:00",0,"Kombinirano vozilo",40
"2024-06-20 12:00",0,"Težje tovorno vozilo",20
"2024-06-20 12:00",1,"Osebni avtomobil",445
"2024-06-20 12:00",1,"Kombinirano vozilo",33
"2024-06-20 12:00",1,"Težje tovorno vozilo",11
"2024-06-21 00:00",1,"Osebni avtomobil",491
"2024-06-21 00:00",1,"Kombinirano vozilo",43
"2024-06-21 00:00",1,"Težje tovorno vozilo",14
"2024-06-21 00:00",0,"Osebni avtomobil",241
"2024-06-21 00:00",0,"Kombinirano vozilo",29
"2024-06-21 00:00",0,"Težje tovorno vozilo",17
"2024-06-21 12:00",0,"Osebni avtomobil",653
"2024-06-21 12:00",0,"Kombinirano vozilo",40
"2024-06-21 12:00",0,"Težje tovorno vozilo",17
"2024-06-21 12:00",1,"Osebni avtomobil",482
"2024-06-21 12:00",1,"Kombinirano vozilo",27
"2024-06-21 12:00",1,"Težje tovorno vozilo",11
"2024-06-22 00:00",1,"Osebni avtomobil",337
"2024-06-22 00:00",1,"Kombinirano vozilo",15
"2024-06-22 00:00",1,"Težje tovorno vozilo",1
"2024-06-22 00:00",0,"Osebni avtomobil",197
"2024-06-22 00:00",0,"Kombinirano vozilo",19
"2024-06-22 00:00",0,"Težje tovorno vozilo",10
"2024-06-22 12:00",0,"Osebni avtomobil",456
"2024-06-22 12:00",0,"Kombinirano vozilo",17
"2024-06-22 12:00",0,"Težje tovorno vozilo",6
"2024-06-22 12:00",1,"Osebni avtomobil",391
"2024-06-22 12:00",1,"Kombinirano vozilo",8
"2024-06-22 12:00",1,"Težje tovorno vozilo",4
"2024-06-23 00:00",1,"Osebni avtomobil",205
"2024-06-23 00:00",1,"Kombinirano vozilo",7
"2024-06-23 00:00",1,"Težje tovorno vozilo",1
"2024-06-23 00:00",0,"Osebni avtomobil",144
"2024-06-23 00:00",0,"Kombinirano vozilo",11
"2024-06-23 00:00",0,"Težje tovorno vozilo",2
"2024-06-23 12:00",0,"Osebni avtomobil",394
"2024-06-23 12:00",0,"Kombinirano vozilo",22
"2024-06-23 12:00",0,"Težje tovorno vozilo",4
"2024-06-23 12:00",1,"Osebni avtomobil",338
"2024-06-23 12:00",1,"Kombinirano vozilo",5
"2024-06-23 12:00",1,"Težje tovorno vozilo",2
"2024-06-24 00:00",1,"Osebni avtomobil",415
"2024-06-24 00:00",1,"Kombinirano vozilo",29
"2024-06-24 00:00",1,"Težje tovorno vozilo",7
"2024-06-24 00:00",1,"Tovorno vozilo s prikolico",1
"2024-06-24 00:00",0,"Osebni avtomobil",212
"2024-06-24 00:00",0,"Kombinirano vozilo",23
"2024-06-24 00:00",0,"Težje tovorno vozilo",10
"2024-06-24 00:00",0,"Tovorno vozilo s prikolico",1
"2024-06-24 12:00",0,"Osebni avtomobil",559
"2024-06-24 12:00",0,"Kombinirano vozilo",29
"2024-06-24 12:00",0,"Težje tovorno vozilo",19
"2024-06-24 12:00",1,"Osebni avtomobil",387
"2024-06-24 12:00",1,"Kombinirano vozilo",21
"2024-06-24 12:00",1,"Težje tovorno vozilo",8
"2024-06-25 00:00",1,"Osebni avtomobil",181
"2024-06-25 00:00",1,"Kombinirano vozilo",14
"2024-06-25 00:00",1,"Težje tovorno vozilo",3
"2024-06-25 00:00",0,"Osebni avtomobil",128
"2024-06-25 00:00",0,"Kombinirano vozilo",8
"2024-06-25 00:00",0,"Težje tovorno vozilo",3
"2024-06-25 12:00",0,"Osebni avtomobil",342
"2024-06-25 12:00",0,"Kombinirano vozilo",16
"2024-06-25 12:00",0,"Težje tovorno vozilo",6
"2024-06-25 12:00",1,"Osebni avtomobil",324
"2024-06-25 12:00",1,"Kombinirano vozilo",7
"2024-06-25 12:00",1,"Težje tovorno vozilo",2
"2024-06-26 00:00",1,"Osebni avtomobil",498
"2024-06-26 00:00",1,"Kombinirano vozilo",31
"2024-06-26 00:00",1,"Težje tovorno vozilo",11
"2024-06-26 00:00",0,"Osebni avtomobil",166
"2024-06-26 00:00",0,"Kombinirano vozilo",18
"2024-06-26 00:00",0,"Težje tovorno vozilo",14
"2024-06-26 00:00",0,"Tovorno vozilo s prikolico",1
"2024-06-26 12:00",0,"Osebni avtomobil",607
"2024-06-26 12:00",0,"Kombinirano vozilo",25
"2024-06-26 12:00",0,"Težje tovorno vozilo",18
"2024-06-26 12:00",1,"Osebni avtomobil",383
"2024-06-26 12:00",1,"Kombinirano vozilo",28
"2024-06-26 12:00",1,"Težje tovorno vozilo",8
"2024-06-27 00:00",1,"Osebni avtomobil",505
"2024-06-27 00:00",1,"Kombinirano vozilo",23
"2024-06-27 00:00",1,"Težje tovorno vozilo",12
"2024-06-27 00:00",1,"Tovorno vozilo s prikolico",1
"2024-06-27 00:00",0,"Osebni avtomobil",180
"2024-06-27 00:00",0,"Kombinirano vozilo",33
"2024-06-27 00:00",0,"Težje tovorno vozilo",15
"2024-06-27 00:00",0,"Tovorno vozilo s prikolico",3
"2024-06-27 12:00",0,"Osebni avtomobil",648
"2024-06-27 12:00",0,"Kombinirano vozilo",43
"2024-06-27 12:00",0,"Težje tovorno vozilo",16
"2024-06-27 12:00",1,"Osebni avtomobil",438
"2024-06-27 12:00",1,"Kombinirano vozilo",30
"2024-06-27 12:00",1,"Težje tovorno vozilo",10
"2024-06-28 00:00",1,"Osebni avtomobil",522
"2024-06-28 00:00",1,"Kombinirano vozilo",28
"2024-06-28 00:00",1,"Težje tovorno vozilo",5
"2024-06-28 00:00",1,"Tovorno vozilo s prikolico",2
"2024-06-28 00:00",0,"Osebni avtomobil",185
"2024-06-28 00:00",0,"Kombinirano vozilo",24
"2024-06-28 00:00",0,"Težje tovorno vozilo",12
"2024-06-28 00:00",0,"Tovorno vozilo s prikolico",1
"2024-06-28 12:00",0,"Osebni avtomobil",645
"2024-06-28 12:00",0,"Kombinirano vozilo",48
"2024-06-28 12:00",0,"Težje tovorno vozilo",21
"2024-06-28 12:00",0,"Tovorno vozilo s prikolico",1
"2024-06-28 12:00",1,"Osebni avtomobil",460
"2024-06-28 12:00",1,"Kombinirano vozilo",23
"2024-06-28 12:00",1,"Težje tovorno vozilo",8
"2024-06-29 00:00",1,"Osebni avtomobil",303
"2024-06-29 00:00",1,"Kombinirano vozilo",16
"2024-06-29 00:00",1,"Težje tovorno vozilo",3
"2024-06-29 00:00",0,"Osebni avtomobil",193
"2024-06-29 00:00",0,"Kombinirano vozilo",15
"2024-06-29 00:00",0,"Težje tovorno vozilo",9
"2024-06-29 12:00",0,"Osebni avtomobil",428
"2024-06-29 12:00",0,"Kombinirano vozilo",20
"2024-06-29 12:00",0,"Težje tovorno vozilo",6
"2024-06-29 12:00",1,"Osebni avtomobil",381
"2024-06-29 12:00",1,"Kombinirano vozilo",6
"2024-06-29 12:00",1,"Težje tovorno vozilo",1
"2024-06-30 00:00",1,"Osebni avtomobil",217
"2024-06-30 00:00",1,"Kombinirano vozilo",7
"2024-06-30 00:00",0,"Osebni avtomobil",150
"2024-06-30 00:00",0,"Kombinirano vozilo",9
"2024-06-30 00:00",0,"Težje tovorno vozilo",1
"2024-06-30 12:00",0,"Osebni avtomobil",398
"2024-06-30 12:00",0,"Kombinirano vozilo",13
"2024-06-30 12:00",0,"Težje tovorno vozilo",6
"2024-06-30 12:00",1,"Osebni avtomobil",338
"2024-06-30 12:00",1,"Kombinirano vozilo",6
"2024-06-30 12:00",1,"Težje tovorno vozilo",1
"2024-07-01 00:00",1,"Osebni avtomobil",563
"2024-07-01 00:00",1,"Kombinirano vozilo",32
"2024-07-01 00:00",1,"Težje tovorno vozilo",14
"2024-07-01 00:00",0,"Osebni avtomobil",190
"2024-07-01 00:00",0,"Kombinirano vozilo",22
"2024-07-01 00:00",0,"Težje tovorno vozilo",19
"2024-07-01 00:00",0,"Tovorno vozilo s prikolico",1
"2024-07-01 12:00",0,"Osebni avtomobil",507
"2024-07-01 12:00",0,"Težje tovorno vozilo",16
"2024-07-01 12:00",0,"Kombinirano vozilo",15
"2024-07-01 12:00",0,"Tovorno vozilo s prikolico",1
"2024-07-01 12:00",1,"Osebni avtomobil",326
"2024-07-01 12:00",1,"Kombinirano vozilo",23
"2024-07-01 12:00",1,"Težje tovorno vozilo",10
"2024-07-01 12:00",1,"Tovorno vozilo s prikolico",1
"2024-07-02 00:00",1,"Osebni avtomobil",528
"2024-07-02 00:00",1,"Kombinirano vozilo",21
"2024-07-02 00:00",1,"Težje tovorno vozilo",6
"2024-07-02 00:00",1,"Tovorno vozilo s prikolico",1
"2024-07-02 00:00",0,"Osebni avtomobil",184
"2024-07-02 00:00",0,"Kombinirano vozilo",17
"2024-07-02 00:00",0,"Težje tovorno vozilo",11
"2024-07-02 00:00",0,"Tovorno vozilo s prikolico",2
"2024-07-02 12:00",0,"Osebni avtomobil",655
"2024-07-02 12:00",0,"Kombinirano vozilo",43
"2024-07-02 12:00",0,"Težje tovorno vozilo",19
"2024-07-02 12:00",0,"Tovorno vozilo s prikolico",1
"2024-07-02 12:00",1,"Osebni avtomobil",388
"2024-07-02 12:00",1,"Kombinirano vozilo",28
"2024-07-02 12:00",1,"Težje tovorno vozilo",3
"2024-07-03 00:00",1,"Osebni avtomobil",535
"2024-07-03 00:00",1,"Kombinirano vozilo",29
"2024-07-03 00:00",1,"Težje tovorno vozilo",12
"2024-07-03 00:00",1,"Tovorno vozilo s prikolico",1
"2024-07-03 00:00",0,"Osebni avtomobil",177
"2024-07-03 00:00",0,"Težje tovorno vozilo",24
"2024-07-03 00:00",0,"Kombinirano vozilo",21
"2024-07-03 00:00",0,"Tovorno vozilo s prikolico",1
"2024-07-03 12:00",0,"Osebni avtomobil",696
"2024-07-03 12:00",0,"Kombinirano vozilo",37
"2024-07-03 12:00",0,"Težje tovorno vozilo",19
"2024-07-03 12:00",1,"Osebni avtomobil",436
"2024-07-03 12:00",1,"Kombinirano vozilo",28
"2024-07-03 12:00",1,"Težje tovorno vozilo",9
"2024-07-04 00:00",1,"Osebni avtomobil",513
"2024-07-04 00:00",1,"Kombinirano vozilo",25
"2024-07-04 00:00",1,"Težje tovorno vozilo",13
"2024-07-04 00:00",1,"Tovorno vozilo s prikolico",1
"2024-07-04 00:00",0,"Osebni avtomobil",181
"2024-07-04 00:00",0,"Kombinirano vozilo",22
"2024-07-04 00:00",0,"Težje tovorno vozilo",15
"2024-07-04 00:00",0,"Tovorno vozilo s prikolico",1
"2024-07-04 12:00",0,"Osebni avtomobil",643
"2024-07-04 12:00",0,"Kombinirano vozilo",41
"2024-07-04 12:00",0,"Težje tovorno vozilo",21
"2024-07-04 12:00",1,"Osebni avtomobil",422
"2024-07-04 12:00",1,"Kombinirano vozilo",34
"2024-07-04 12:00",1,"Težje tovorno vozilo",11
"2024-07-05 00:00",1,"Osebni avtomobil",518
"2024-07-05 00:00",1,"Kombinirano vozilo",34
"2024-07-05 00:00",1,"Težje tovorno vozilo",14
"2024-07-05 00:00",0,"Osebni avtomobil",182
"2024-07-05 00:00",0,"Kombinirano vozilo",22
"2024-07-05 00:00",0,"Težje tovorno vozilo",17
"2024-07-05 00:00",0,"Tovorno vozilo s prikolico",1
"2024-07-05 12:00",0,"Osebni avtomobil",639
"2024-07-05 12:00",0,"Kombinirano vozilo",38
"2024-07-05 12:00",0,"Težje tovorno vozilo",16
"2024-07-05 12:00",0,"Tovorno vozilo s prikolico",1
"2024-07-05 12:00",1,"Osebni avtomobil",427
"2024-07-05 12:00",1,"Kombinirano vozilo",27
"2024-07-05 12:00",1,"Težje tovorno vozilo",6
"2024-07-06 00:00",1,"Osebni avtomobil",314
"2024-07-06 00:00",1,"Kombinirano vozilo",30
"2024-07-06 00:00",1,"Težje tovorno vozilo",1
"2024-07-06 00:00",0,"Osebni avtomobil",188
"2024-07-06 00:00",0,"Kombinirano vozilo",22
"2024-07-06 00:00",0,"Težje tovorno vozilo",9
"2024-07-06 12:00",0,"Osebni avtomobil",448
"2024-07-06 12:00",0,"Kombinirano vozilo",18
"2024-07-06 12:00",0,"Težje tovorno vozilo",6
"2024-07-06 12:00",1,"Osebni avtomobil",371
"2024-07-06 12:00",1,"Kombinirano vozilo",10
"2024-07-06 12:00",1,"Težje tovorno vozilo",6
"2024-07-07 00:00",1,"Osebni avtomobil",224
"2024-07-07 00:00",1,"Kombinirano vozilo",15
"2024-07-07 00:00",1,"Težje tovorno vozilo",3
"2024-07-07 00:00",0,"Osebni avtomobil",143
"2024-07-07 00:00",0,"Kombinirano vozilo",13
"2024-07-07 00:00",0,"Težje tovorno vozilo",4
"2024-07-07 12:00",0,"Osebni avtomobil",331
"2024-07-07 12:00",0,"Kombinirano vozilo",20
"2024-07-07 12:00",0,"Težje tovorno vozilo",7
"2024-07-07 12:00",1,"Osebni avtomobil",309
"2024-07-07 12:00",1,"Kombinirano vozilo",12
"2024-07-07 12:00",1,"Težje tovorno vozilo",8
"2024-07-08 00:00",1,"Osebni avtomobil",513
"2024-07-08 00:00",1,"Kombinirano vozilo",40
"2024-07-08 00:00",1,"Težje tovorno vozilo",11
"2024-07-08 00:00",1,"Tovorno vozilo s prikolico",1
"2024-07-08 00:00",0,"Osebni avtomobil",179
"2024-07-08 00:00",0,"Kombinirano vozilo",35
"2024-07-08 00:00",0,"Težje tovorno vozilo",23
"2024-07-08 00:00",0,"Tovorno vozilo s prikolico",1
"2024-07-08 12:00",0,"Osebni avtomobil",606
"2024-07-08 12:00",0,"Kombinirano vozilo",35
"2024-07-08 12:00",0,"Težje tovorno vozilo",18
"2024-07-08 12:00",1,"Osebni avtomobil",405
"2024-07-08 12:00",1,"Kombinirano vozilo",20
"2024-07-08 12:00",1,"Težje tovorno vozilo",6
"2024-07-09 00:00",1,"Osebni avtomobil",550
"2024-07-09 00:00",1,"Kombinirano vozilo",34
"2024-07-09 00:00",1,"Težje tovorno vozilo",7
"2024-07-09 00:00",1,"Tovorno vozilo s prikolico",2
"2024-07-09 00:00",0,"Osebni avtomobil",170
"2024-07-09 00:00",0,"Kombinirano vozilo",38
"2024-07-09 00:00",0,"Težje tovorno vozilo",17
"2024-07-09 00:00",0,"Tovorno vozilo s prikolico",1
"2024-07-09 12:00",0,"Osebni avtomobil",651
"2024-07-09 12:00",0,"Kombinirano vozilo",34
"2024-07-09 12:00",0,"Težje tovorno vozilo",23
"2024-07-09 12:00",1,"Osebni avtomobil",419
"2024-07-09 12:00",1,"Kombinirano vozilo",29
"2024-07-09 12:00",1,"Težje tovorno vozilo",8
"2024-07-10 00:00",1,"Osebni avtomobil",556
"2024-07-10 00:00",1,"Kombinirano vozilo",35
"2024-07-10 00:00",1,"Težje tovorno vozilo",12
"2024-07-10 00:00",1,"Tovorno vozilo s prikolico",1
"2024-07-10 00:00",0,"Osebni avtomobil",185
"2024-07-10 00:00",0,"Kombinirano vozilo",34
"2024-07-10 00:00",0,"Težje tovorno vozilo",22
"2024-07-10 00:00",0,"Tovorno vozilo s prikolico",2
"2024-07-10 12:00",0,"Osebni avtomobil",643
"2024-07-10 12:00",0,"Kombinirano vozilo",39
"2024-07-10 12:00",0,"Težje tovorno vozilo",23
"2024-07-10 12:00",1,"Osebni avtomobil",400
"2024-07-10 12:00",1,"Kombinirano vozilo",23
"2024-07-10 12:00",1,"Težje tovorno vozilo",10
"2024-07-11 00:00",1,"Osebni avtomobil",538
"2024-07-11 00:00",1,"Kombinirano vozilo",25
"2024-07-11 00:00",1,"Težje tovorno vozilo",11
"2024-07-11 00:00",0,"Osebni avtomobil",199
"2024-07-11 00:00",0,"Kombinirano vozilo",33
"2024-07-11 00:00",0,"Težje tovorno vozilo",11
"2024-07-11 00:00",0,"Tovorno vozilo s prikolico",1
"2024-07-11 12:00",0,"Osebni avtomobil",630
"2024-07-11 12:00",0,"Kombinirano vozilo",38
"2024-07-11 12:00",0,"Težje tovorno vozilo",19
"2024-07-11 12:00",1,"Osebni avtomobil",420
"2024-07-11 12:00",1,"Kombinirano vozilo",27
"2024-07-11 12:00",1,"Težje tovorno vozilo",7
"2024-07-11 12:00",1,"Tovorno vozilo s prikolico",1
"2024-07-12 00:00",1,"Osebni avtomobil",481
"2024-07-12 00:00",1,"Kombinirano vozilo",26
"2024-07-12 00:00",1,"Težje tovorno vozilo",10
"2024-07-12 00:00",0,"Osebni avtomobil",176
"2024-07-12 00:00",0,"Težje tovorno vozilo",16
"2024-07-12 00:00",0,"Kombinirano vozilo",13
"2024-07-12 12:00",0,"Osebni avtomobil",584
"2024-07-12 12:00",0,"Kombinirano vozilo",35
"2024-07-12 12:00",0,"Težje tovorno vozilo",25
"2024-07-12 12:00",1,"Osebni avtomobil",446
"2024-07-12 12:00",1,"Kombinirano vozilo",33
"2024-07-12 12:00",1,"Težje tovorno vozilo",12
"2024-07-13 00:00",1,"Osebni avtomobil",349
"2024-07-13 00:00",1,"Kombinirano vozilo",22
"2024-07-13 00:00",1,"Težje tovorno vozilo",2
"2024-07-13 00:00",0,"Osebni avtomobil",185
"2024-07-13 00:00",0,"Kombinirano vozilo",22
"2024-07-13 00:00",0,"Težje tovorno vozilo",6
"2024-07-13 12:00",0,"Osebni avtomobil",444
"2024-07-13 12:00",0,"Kombinirano vozilo",22
"2024-07-13 12:00",0,"Težje tovorno vozilo",4
"2024-07-13 12:00",1,"Osebni avtomobil",332
"2024-07-13 12:00",1,"Kombinirano vozilo",7
"2024-07-13 12:00",1,"Težje tovorno vozilo",3
"2024-07-14 00:00",1,"Osebni avtomobil",235
"2024-07-14 00:00",1,"Kombinirano vozilo",8
"2024-07-14 00:00",0,"Osebni avtomobil",148
"2024-07-14 00:00",0,"Kombinirano vozilo",9
"2024-07-14 00:00",0,"Težje tovorno vozilo",1
"2024-07-14 12:00",0,"Osebni avtomobil",395
"2024-07-14 12:00",0,"Kombinirano vozilo",17
"2024-07-14 12:00",0,"Težje tovorno vozilo",5
"2024-07-14 12:00",1,"Osebni avtomobil",340
"2024-07-14 12:00",1,"Kombinirano vozilo",7
"2024-07-15 00:00",1,"Osebni avtomobil",521
"2024-07-15 00:00",1,"Kombinirano vozilo",42
"2024-07-15 00:00",1,"Težje tovorno vozilo",10
"2024-07-15 00:00",1,"Tovorno vozilo s prikolico",1
"2024-07-15 00:00",0,"Osebni avtomobil",179
"2024-07-15 00:00",0,"Kombinirano vozilo",33
"2024-07-15 00:00",0,"Težje tovorno vozilo",17
"2024-07-15 00:00",0,"Tovorno vozilo s prikolico",1
"2024-07-15 12:00",0,"Osebni avtomobil",587
"2024-07-15 12:00",0,"Kombinirano vozilo",50
"2024-07-15 12:00",0,"Težje tovorno vozilo",25
"2024-07-15 12:00",0,"Tovorno vozilo s prikolico",1
"2024-07-15 12:00",1,"Osebni avtomobil",390
"2024-07-15 12:00",1,"Kombinirano vozilo",39
"2024-07-15 12:00",1,"Težje tovorno vozilo",4
"2024-07-15 12:00",1,"Tovorno vozilo s prikolico",1
"2024-07-16 00:00",1,"Osebni avtomobil",515
"2024-07-16 00:00",1,"Kombinirano vozilo",30
"2024-07-16 00:00",1,"Težje tovorno vozilo",11
"2024-07-16 00:00",1,"Tovorno vozilo s prikolico",2
"2024-07-16 00:00",0,"Osebni avtomobil",181
"2024-07-16 00:00",0,"Kombinirano vozilo",32
"2024-07-16 00:00",0,"Težje tovorno vozilo",19
"2024-07-16 00:00",0,"Tovorno vozilo s prikolico",1
"2024-07-16 12:00",0,"Osebni avtomobil",615
"2024-07-16 12:00",0,"Kombinirano vozilo",40
"2024-07-16 12:00",0,"Težje tovorno vozilo",14
"2024-07-16 12:00",0,"Tovorno vozilo s prikolico",4
"2024-07-16 12:00",1,"Osebni avtomobil",397
"2024-07-16 12:00",1,"Kombinirano vozilo",29
"2024-07-16 12:00",1,"Težje tovorno vozilo",10
"2024-07-16 12:00",1,"Tovorno vozilo s prikolico",1
"2024-07-17 00:00",1,"Osebni avtomobil",510
"2024-07-17 00:00",1,"Kombinirano vozilo",33
"2024-07-17 00:00",1,"Težje tovorno vozilo",17
"2024-07-17 00:00",1,"Tovorno vozilo s prikolico",2
"2024-07-17 00:00",0,"Osebni avtomobil",183
"2024-07-17 00:00",0,"Kombinirano vozilo",34
"2024-07-17 00:00",0,"Težje tovorno vozilo",16
"2024-07-17 12:00",0,"Osebni avtomobil",603
"2024-07-17 12:00",0,"Kombinirano vozilo",42
"2024-07-17 12:00",0,"Težje tovorno vozilo",25
"2024-07-17 12:00",0,"Tovorno vozilo s prikolico",3
"2024-07-17 12:00",1,"Osebni avtomobil",414
"2024-07-17 12:00",1,"Kombinirano vozilo",25
"2024-07-17 12:00",1,"Težje tovorno vozilo",8
"2024-07-17 12:00",1,"Tovorno vozilo s prikolico",1
"2024-07-18 00:00",1,"Osebni avtomobil",508
"2024-07-18 00:00",1,"Kombinirano vozilo",34
"2024-07-18 00:00",1,"Težje tovorno vozilo",14
"2024-07-18 00:00",1,"Tovorno vozilo s prikolico",2
"2024-07-18 00:00",0,"Osebni avtomobil",182
"2024-07-18 00:00",0,"Kombinirano vozilo",32
"2024-07-18 00:00",0,"Težje tovorno vozilo",15
"2024-07-18 00:00",0,"Tovorno vozilo s prikolico",2
"2024-07-18 12:00",0,"Osebni avtomobil",651
"2024-07-18 12:00",0,"Kombinirano vozilo",43
"2024-07-18 12:00",0,"Težje tovorno vozilo",19
"2024-07-18 12:00",1,"Osebni avtomobil",449
"2024-07-18 12:00",1,"Kombinirano vozilo",27
"2024-07-18 12:00",1,"Težje tovorno vozilo",5
"2024-07-18 12:00",1,"Tovorno vozilo s prikolico",1
"2024-07-19 00:00",1,"Osebni avtomobil",523
"2024-07-19 00:00",1,"Kombinirano vozilo",33
"2024-07-19 00:00",1,"Težje tovorno vozilo",8
"2024-07-19 00:00",1,"Tovorno vozilo s prikolico",1
"2024-07-19 00:00",0,"Osebni avtomobil",185
"2024-07-19 00:00",0,"Kombinirano vozilo",21
"2024-07-19 00:00",0,"Težje tovorno vozilo",18
"2024-07-19 00:00",0,"Tovorno vozilo s prikolico",1
"2024-07-19 12:00",0,"Osebni avtomobil",546
"2024-07-19 12:00",0,"Kombinirano vozilo",32
"2024-07-19 12:00",0,"Težje tovorno vozilo",16
"2024-07-19 12:00",1,"Osebni avtomobil",465
"2024-07-19 12:00",1,"Kombinirano vozilo",39
"2024-07-19 12:00",1,"Težje tovorno vozilo",11
"2024-07-19 12:00",1,"Nerazpoznana vozila",1
"2024-07-19 12:00",1,"Tovorno vozilo s prikolico",1
"2024-07-20 00:00",1,"Osebni avtomobil",289
"2024-07-20 00:00",1,"Kombinirano vozilo",11
"2024-07-20 00:00",1,"Težje tovorno vozilo",3
"2024-07-20 00:00",1,"Tovorno vozilo s prikolico",1
"2024-07-20 00:00",0,"Osebni avtomobil",151
"2024-07-20 00:00",0,"Kombinirano vozilo",13
"2024-07-20 00:00",0,"Težje tovorno vozilo",2
"2024-07-20 12:00",0,"Osebni avtomobil",414
"2024-07-20 12:00",0,"Kombinirano vozilo",24
"2024-07-20 12:00",0,"Težje tovorno vozilo",6
"2024-07-20 12:00",1,"Osebni avtomobil",340
"2024-07-20 12:00",1,"Kombinirano vozilo",7
"2024-07-20 12:00",1,"Težje tovorno vozilo",3
"2024-07-21 00:00",1,"Osebni avtomobil",233
"2024-07-21 00:00",1,"Kombinirano vozilo",7
"2024-07-21 00:00",1,"Težje tovorno vozilo",2
"2024-07-21 00:00",0,"Osebni avtomobil",151
"2024-07-21 00:00",0,"Kombinirano vozilo",6
"2024-07-21 00:00",0,"Težje tovorno vozilo",2
"2024-07-21 12:00",0,"Osebni avtomobil",403
"2024-07-21 12:00",0,"Kombinirano vozilo",19
"2024-07-21 12:00",0,"Težje tovorno vozilo",5
"2024-07-21 12:00",1,"Osebni avtomobil",368
"2024-07-21 12:00",1,"Kombinirano vozilo",2
"2024-07-21 12:00",1,"Težje tovorno vozilo",1
"2024-07-22 00:00",1,"Osebni avtomobil",498
"2024-07-22 00:00",1,"Kombinirano vozilo",40
"2024-07-22 00:00",1,"Težje tovorno vozilo",10
"2024-07-22 00:00",0,"Osebni avtomobil",196
"2024-07-22 00:00",0,"Kombinirano vozilo",28
"2024-07-22 00:00",0,"Težje tovorno vozilo",18
"2024-07-22 00:00",0,"Tovorno vozilo s prikolico",2
"2024-07-22 12:00",0,"Osebni avtomobil",596
"2024-07-22 12:00",0,"Kombinirano vozilo",38
"2024-07-22 12:00",0,"Težje tovorno vozilo",18
"2024-07-22 12:00",0,"Tovorno vozilo s prikolico",1
"2024-07-22 12:00",1,"Osebni avtomobil",397
"2024-07-22 12:00",1,"Kombinirano vozilo",35
"2024-07-22 12:00",1,"Težje tovorno vozilo",9
"2024-07-22 12:00",1,"Tovorno vozilo s prikolico",1
"2024-07-23 00:00",1,"Osebni avtomobil",483
"2024-07-23 00:00",1,"Kombinirano vozilo",27
"2024-07-23 00:00",1,"Težje tovorno vozilo",15
"2024-07-23 00:00",1,"Tovorno vozilo s prikolico",1
"2024-07-23 00:00",0,"Osebni avtomobil",178
"2024-07-23 00:00",0,"Težje tovorno vozilo",21
"2024-07-23 00:00",0,"Kombinirano vozilo",18
"2024-07-23 00:00",0,"Tovorno vozilo s prikolico",1
"2024-07-23 12:00",0,"Osebni avtomobil",534
"2024-07-23 12:00",0,"Kombinirano vozilo",21
"2024-07-23 12:00",0,"Težje tovorno vozilo",21
"2024-07-23 12:00",0,"Tovorno vozilo s prikolico",1
"2024-07-23 12:00",1,"Osebni avtomobil",346
"2024-07-23 12:00",1,"Kombinirano vozilo",27
"2024-07-23 12:00",1,"Težje tovorno vozilo",5
"2024-07-23 12:00",1,"Tovorno vozilo s prikolico",1
"2024-07-24 00:00",1,"Osebni avtomobil",492
"2024-07-24 00:00",1,"Kombinirano vozilo",40
"2024-07-24 00:00",1,"Težje tovorno vozilo",14
"2024-07-24 00:00",1,"Tovorno vozilo s prikolico",1
"2024-07-24 00:00",0,"Osebni avtomobil",167
"2024-07-24 00:00",0,"Kombinirano vozilo",25
"2024-07-24 00:00",0,"Težje tovorno vozilo",22
"2024-07-24 00:00",0,"Tovorno vozilo s prikolico",1
"2024-07-24 12:00",0,"Osebni avtomobil",617
"2024-07-24 12:00",0,"Kombinirano vozilo",41
"2024-07-24 12:00",0,"Težje tovorno vozilo",18
"2024-07-24 12:00",1,"Osebni avtomobil",422
"2024-07-24 12:00",1,"Kombinirano vozilo",26
"2024-07-24 12:00",1,"Težje tovorno vozilo",6
"2024-07-25 00:00",1,"Osebni avtomobil",520
"2024-07-25 00:00",1,"Kombinirano vozilo",33
"2024-07-25 00:00",1,"Težje tovorno vozilo",12
"2024-07-25 00:00",1,"Tovorno vozilo s prikolico",1
"2024-07-25 00:00",0,"Osebni avtomobil",206
"2024-07-25 00:00",0,"Težje tovorno vozilo",21
"2024-07-25 00:00",0,"Kombinirano vozilo",19
"2024-07-25 00:00",0,"Tovorno vozilo s prikolico",1
"2024-07-25 12:00",0,"Osebni avtomobil",589
"2024-07-25 12:00",0,"Kombinirano vozilo",42
"2024-07-25 12:00",0,"Težje tovorno vozilo",23
"2024-07-25 12:00",0,"Tovorno vozilo s prikolico",1
"2024-07-25 12:00",1,"Osebni avtomobil",403
"2024-07-25 12:00",1,"Kombinirano vozilo",25
"2024-07-25 12:00",1,"Težje tovorno vozilo",9
"2024-07-25 12:00",1,"Tovorno vozilo s prikolico",1
"2024-07-26 00:00",1,"Osebni avtomobil",479
"2024-07-26 00:00",1,"Kombinirano vozilo",27
"2024-07-26 00:00",1,"Težje tovorno vozilo",11
"2024-07-26 00:00",1,"Tovorno vozilo s prikolico",1
"2024-07-26 00:00",0,"Osebni avtomobil",189
"2024-07-26 00:00",0,"Težje tovorno vozilo",23
"2024-07-26 00:00",0,"Kombinirano vozilo",17
"2024-07-26 00:00",0,"Tovorno vozilo s prikolico",1
"2024-07-26 12:00",0,"Osebni avtomobil",551
"2024-07-26 12:00",0,"Kombinirano vozilo",30
"2024-07-26 12:00",0,"Težje tovorno vozilo",21
"2024-07-26 12:00",1,"Osebni avtomobil",436
"2024-07-26 12:00",1,"Kombinirano vozilo",34
"2024-07-26 12:00",1,"Težje tovorno vozilo",11
"2024-07-27 00:00",1,"Osebni avtomobil",275
"2024-07-27 00:00",1,"Kombinirano vozilo",26
"2024-07-27 00:00",1,"Težje tovorno vozilo",4
"2024-07-27 00:00",0,"Osebni avtomobil",184
"2024-07-27 00:00",0,"Kombinirano vozilo",16
"2024-07-27 00:00",0,"Težje tovorno vozilo",16
"2024-07-27 12:00",0,"Osebni avtomobil",424
"2024-07-27 12:00",0,"Kombinirano vozilo",19
"2024-07-27 12:00",0,"Težje tovorno vozilo",9
"2024-07-27 12:00",1,"Osebni avtomobil",311
"2024-07-27 12:00",1,"Kombinirano vozilo",7
"2024-07-27 12:00",1,"Težje tovorno vozilo",4
"2024-07-28 00:00",1,"Osebni avtomobil",200
"2024-07-28 00:00",1,"Kombinirano vozilo",5
"2024-07-28 00:00",1,"Težje tovorno vozilo",3
"2024-07-28 00:00",0,"Osebni avtomobil",160
"2024-07-28 00:00",0,"Kombinirano vozilo",10
"2024-07-28 00:00",0,"Težje tovorno vozilo",1
"2024-07-28 12:00",0,"Osebni avtomobil",318
"2024-07-28 12:00",0,"Kombinirano vozilo",8
"2024-07-28 12:00",0,"Težje tovorno vozilo",4
"2024-07-28 12:00",1,"Osebni avtomobil",305
"2024-07-28 12:00",1,"Kombinirano vozilo",8
"2024-07-28 12:00",1,"Težje tovorno vozilo",5
"2024-07-28 12:00",1,"Tovorno vozilo s prikolico",1
"2024-07-29 00:00",1,"Osebni avtomobil",471
"2024-07-29 00:00",1,"Kombinirano vozilo",37
"2024-07-29 00:00",1,"Težje tovorno vozilo",6
"2024-07-29 00:00",1,"Tovorno vozilo s prikolico",1
"2024-07-29 00:00",0,"Osebni avtomobil",198
"2024-07-29 00:00",0,"Težje tovorno vozilo",27
"2024-07-29 00:00",0,"Kombinirano vozilo",21
"2024-07-29 00:00",0,"Tovorno vozilo s prikolico",1
"2024-07-29 12:00",0,"Osebni avtomobil",641
"2024-07-29 12:00",0,"Kombinirano vozilo",34
"2024-07-29 12:00",0,"Težje tovorno vozilo",20
"2024-07-29 12:00",1,"Osebni avtomobil",379
"2024-07-29 12:00",1,"Kombinirano vozilo",26
"2024-07-29 12:00",1,"Težje tovorno vozilo",8
"2024-07-29 12:00",1,"Tovorno vozilo s prikolico",1
"2024-07-30 00:00",1,"Osebni avtomobil",502
"2024-07-30 00:00",1,"Kombinirano vozilo",34
"2024-07-30 00:00",1,"Težje tovorno vozilo",11
"2024-07-30 00:00",0,"Osebni avtomobil",198
"2024-07-30 00:00",0,"Težje tovorno vozilo",21
"2024-07-30 00:00",0,"Kombinirano vozilo",17
"2024-07-30 00:00",0,"Tovorno vozilo s prikolico",1
"2024-07-30 12:00",0,"Osebni avtomobil",612
"2024-07-30 12:00",0,"Kombinirano vozilo",32
"2024-07-30 12:00",0,"Težje tovorno vozilo",22
"2024-07-30 12:00",0,"Tovorno vozilo s prikolico",1
"2024-07-30 12:00",1,"Osebni avtomobil",414
"2024-07-30 12:00",1,"Kombinirano vozilo",20
"2024-07-30 12:00",1,"Težje tovorno vozilo",7
"2024-07-31 00:00",1,"Osebni avtomobil",497
"2024-07-31 00:00",1,"Kombinirano vozilo",36
"2024-07-31 00:00",1,"Težje tovorno vozilo",8
"2024-07-31 00:00",1,"Tovorno vozilo s prikolico",1
"2024-07-31 00:00",0,"Osebni avtomobil",178
"2024-07-31 00:00",0,"Težje tovorno vozilo",28
"2024-07-31 00:00",0,"Kombinirano vozilo",23
"2024-07-31 00:00",0,"Tovorno vozilo s prikolico",1
"2024-07-31 12:00",0,"Osebni avtomobil",603
"2024-07-31 12:00",0,"Kombinirano vozilo",29
"2024-07-31 12:00",0,"Težje tovorno vozilo",19
"2024-07-31 12:00",0,"Tovorno vozilo s prikolico",1
"2024-07-31 12:00",1,"Osebni avtomobil",434
"2024-07-31 12:00",1,"Kombinirano vozilo",27
"2024-07-31 12:00",1,"Težje tovorno vozilo",4
"2024-07-31 12:00",1,"Tovorno vozilo s prikolico",1
"2024-08-01 00:00",1,"Osebni avtomobil",491
"2024-08-01 00:00",1,"Kombinirano vozilo",33
"2024-08-01 00:00",1,"Težje tovorno vozilo",12
"2024-08-01 00:00",1,"Tovorno vozilo s prikolico",1
"2024-08-01 00:00",0,"Osebni avtomobil",189
"2024-08-01 00:00",0,"Težje tovorno vozilo",24
"2024-08-01 00:00",0,"Kombinirano vozilo",23
"2024-08-01 00:00",0,"Tovorno vozilo s prikolico",3
"2024-08-01 12:00",0,"Osebni avtomobil",598
"2024-08-01 12:00",0,"Težje tovorno vozilo",29
"2024-08-01 12:00",0,"Kombinirano vozilo",26
"2024-08-01 12:00",0,"Tovorno vozilo s prikolico",2
"2024-08-01 12:00",1,"Osebni avtomobil",364
"2024-08-01 12:00",1,"Kombinirano vozilo",28
"2024-08-01 12:00",1,"Težje tovorno vozilo",13
"2024-08-01 12:00",1,"Tovorno vozilo s prikolico",1
"2024-08-02 00:00",1,"Osebni avtomobil",481
"2024-08-02 00:00",1,"Kombinirano vozilo",33
"2024-08-02 00:00",1,"Težje tovorno vozilo",10
"2024-08-02 00:00",1,"Tovorno vozilo s prikolico",1
"2024-08-02 00:00",0,"Osebni avtomobil",185
"2024-08-02 00:00",0,"Kombinirano vozilo",29
"2024-08-02 00:00",0,"Težje tovorno vozilo",23
"2024-08-02 12:00",0,"Osebni avtomobil",571
"2024-08-02 12:00",0,"Kombinirano vozilo",46
"2024-08-02 12:00",0,"Težje tovorno vozilo",26
"2024-08-02 12:00",1,"Osebni avtomobil",443
"2024-08-02 12:00",1,"Kombinirano vozilo",29
"2024-08-02 12:00",1,"Težje tovorno vozilo",11
"2024-08-03 00:00",1,"Osebni avtomobil",276
"2024-08-03 00:00",1,"Kombinirano vozilo",12
"2024-08-03 00:00",1,"Težje tovorno vozilo",9
"2024-08-03 00:00",0,"Osebni avtomobil",141
"2024-08-03 00:00",0,"Kombinirano vozilo",17
"2024-08-03 00:00",0,"Težje tovorno vozilo",9
"2024-08-03 00:00",0,"Tovorno vozilo s prikolico",1
"2024-08-03 12:00",0,"Osebni avtomobil",538
"2024-08-03 12:00",0,"Kombinirano vozilo",18
"2024-08-03 12:00",0,"Težje tovorno vozilo",9
"2024-08-03 12:00",1,"Osebni avtomobil",413
"2024-08-03 12:00",1,"Kombinirano vozilo",13
"2024-08-03 12:00",1,"Težje tovorno vozilo",4
"2024-08-04 00:00",1,"Osebni avtomobil",271
"2024-08-04 00:00",1,"Kombinirano vozilo",6
"2024-08-04 00:00",1,"Težje tovorno vozilo",3
"2024-08-04 00:00",0,"Osebni avtomobil",158
"2024-08-04 00:00",0,"Kombinirano vozilo",10
"2024-08-04 00:00",0,"Težje tovorno vozilo",1
"2024-08-04 12:00",0,"Osebni avtomobil",381
"2024-08-04 12:00",0,"Kombinirano vozilo",26
"2024-08-04 12:00",0,"Težje tovorno vozilo",6
"2024-08-04 12:00",1,"Osebni avtomobil",354
"2024-08-04 12:00",1,"Kombinirano vozilo",10
"2024-08-04 12:00",1,"Težje tovorno vozilo",3
"2024-08-05 00:00",1,"Osebni avtomobil",522
"2024-08-05 00:00",1,"Kombinirano vozilo",40
"2024-08-05 00:00",1,"Težje tovorno vozilo",15
"2024-08-05 00:00",0,"Osebni avtomobil",205
"2024-08-05 00:00",0,"Težje tovorno vozilo",26
"2024-08-05 00:00",0,"Kombinirano vozilo",24
"2024-08-05 00:00",0,"Tovorno vozilo s prikolico",3
"2024-08-05 12:00",0,"Osebni avtomobil",615
"2024-08-05 12:00",0,"Kombinirano vozilo",37
"2024-08-05 12:00",0,"Težje tovorno vozilo",27
"2024-08-05 12:00",1,"Osebni avtomobil",426
"2024-08-05 12:00",1,"Kombinirano vozilo",30
"2024-08-05 12:00",1,"Težje tovorno vozilo",14
"2024-08-05 12:00",1,"Tovorno vozilo s prikolico",1
"2024-08-06 00:00",1,"Osebni avtomobil",512
"2024-08-06 00:00",1,"Kombinirano vozilo",37
"2024-08-06 00:00",1,"Težje tovorno vozilo",9
"2024-08-06 00:00",0,"Osebni avtomobil",185
"2024-08-06 00:00",0,"Kombinirano vozilo",28
"2024-08-06 00:00",0,"Težje tovorno vozilo",19
"2024-08-06 12:00",0,"Osebni avtomobil",659
"2024-08-06 12:00",0,"Kombinirano vozilo",30
"2024-08-06 12:00",0,"Težje tovorno vozilo",22
"2024-08-06 12:00",1,"Osebni avtomobil",447
"2024-08-06 12:00",1,"Kombinirano vozilo",28
"2024-08-06 12:00",1,"Težje tovorno vozilo",10
"2024-08-07 00:00",1,"Osebni avtomobil",539
"2024-08-07 00:00",1,"Kombinirano vozilo",43
"2024-08-07 00:00",1,"Težje tovorno vozilo",10
"2024-08-07 00:00",0,"Osebni avtomobil",191
"2024-08-07 00:00",0,"Kombinirano vozilo",28
"2024-08-07 00:00",0,"Težje tovorno vozilo",23
"2024-08-07 12:00",0,"Osebni avtomobil",627
"2024-08-07 12:00",0,"Kombinirano vozilo",37
"2024-08-07 12:00",0,"Težje tovorno vozilo",24
"2024-08-07 12:00",1,"Osebni avtomobil",441
"2024-08-07 12:00",1,"Kombinirano vozilo",26
"2024-08-07 12:00",1,"Težje tovorno vozilo",10
"2024-08-07 12:00",1,"Nerazpoznana vozila",1
"2024-08-08 00:00",1,"Osebni avtomobil",514
"2024-08-08 00:00",1,"Kombinirano vozilo",22
"2024-08-08 00:00",1,"Težje tovorno vozilo",7
"2024-08-08 00:00",1,"Tovorno vozilo s prikolico",2
"2024-08-08 00:00",0,"Osebni avtomobil",195
"2024-08-08 00:00",0,"Kombinirano vozilo",22
"2024-08-08 00:00",0,"Težje tovorno vozilo",22
"2024-08-08 00:00",0,"Tovorno vozilo s prikolico",2
"2024-08-08 12:00",0,"Osebni avtomobil",622
"2024-08-08 12:00",0,"Kombinirano vozilo",26
"2024-08-08 12:00",0,"Težje tovorno vozilo",20
"2024-08-08 12:00",0,"Tovorno vozilo s prikolico",1
"2024-08-08 12:00",1,"Osebni avtomobil",457
"2024-08-08 12:00",1,"Kombinirano vozilo",26
"2024-08-08 12:00",1,"Težje tovorno vozilo",14
"2024-08-08 12:00",1,"Tovorno vozilo s prikolico",2
"2024-08-09 00:00",1,"Osebni avtomobil",510
"2024-08-09 00:00",1,"Kombinirano vozilo",21
"2024-08-09 00:00",1,"Težje tovorno vozilo",11
"2024-08-09 00:00",1,"Tovorno vozilo s prikolico",1
"2024-08-09 00:00",0,"Osebni avtomobil",181
"2024-08-09 00:00",0,"Kombinirano vozilo",23
"2024-08-09 00:00",0,"Težje tovorno vozilo",22
"2024-08-09 00:00",0,"Tovorno vozilo s prikolico",2
"2024-08-09 12:00",0,"Osebni avtomobil",644
"2024-08-09 12:00",0,"Kombinirano vozilo",26
"2024-08-09 12:00",0,"Težje tovorno vozilo",23
"2024-08-09 12:00",1,"Osebni avtomobil",435
"2024-08-09 12:00",1,"Kombinirano vozilo",27
"2024-08-09 12:00",1,"Težje tovorno vozilo",9
"2024-08-09 12:00",1,"Tovorno vozilo s prikolico",1
"2024-08-10 00:00",1,"Osebni avtomobil",311
"2024-08-10 00:00",1,"Kombinirano vozilo",17
"2024-08-10 00:00",1,"Težje tovorno vozilo",9
"2024-08-10 00:00",0,"Osebni avtomobil",194
"2024-08-10 00:00",0,"Kombinirano vozilo",16
"2024-08-10 00:00",0,"Težje tovorno vozilo",12
"2024-08-10 12:00",0,"Osebni avtomobil",449
"2024-08-10 12:00",0,"Kombinirano vozilo",18
"2024-08-10 12:00",0,"Težje tovorno vozilo",9
"2024-08-10 12:00",0,"Tovorno vozilo s prikolico",1
"2024-08-10 12:00",1,"Osebni avtomobil",361
"2024-08-10 12:00",1,"Kombinirano vozilo",9
"2024-08-10 12:00",1,"Težje tovorno vozilo",3
"2024-08-11 00:00",1,"Osebni avtomobil",228
"2024-08-11 00:00",1,"Kombinirano vozilo",5
"2024-08-11 00:00",1,"Težje tovorno vozilo",2
"2024-08-11 00:00",0,"Osebni avtomobil",139
"2024-08-11 00:00",0,"Kombinirano vozilo",9
"2024-08-11 00:00",0,"Težje tovorno vozilo",1
"2024-08-11 12:00",0,"Osebni avtomobil",439
"2024-08-11 12:00",0,"Kombinirano vozilo",15
"2024-08-11 12:00",0,"Težje tovorno vozilo",5
"2024-08-11 12:00",1,"Osebni avtomobil",343
"2024-08-11 12:00",1,"Kombinirano vozilo",8
"2024-08-12 00:00",1,"Osebni avtomobil",563
"2024-08-12 00:00",1,"Kombinirano vozilo",35
"2024-08-12 00:00",1,"Težje tovorno vozilo",10
"2024-08-12 00:00",0,"Osebni avtomobil",202
"2024-08-12 00:00",0,"Kombinirano vozilo",25
"2024-08-12 00:00",0,"Težje tovorno vozilo",23
"2024-08-12 00:00",0,"Tovorno vozilo s prikolico",1
"2024-08-12 12:00",0,"Osebni avtomobil",636
"2024-08-12 12:00",0,"Kombinirano vozilo",27
"2024-08-12 12:00",0,"Težje tovorno vozilo",21
"2024-08-12 12:00",1,"Osebni avtomobil",406
"2024-08-12 12:00",1,"Kombinirano vozilo",23
"2024-08-12 12:00",1,"Težje tovorno vozilo",6
"2024-08-13 00:00",1,"Osebni avtomobil",535
"2024-08-13 00:00",1,"Kombinirano vozilo",23
"2024-08-13 00:00",1,"Težje tovorno vozilo",16
"2024-08-13 00:00",1,"Tovorno vozilo s prikolico",1
"2024-08-13 00:00",0,"Osebni avtomobil",219
"2024-08-13 00:00",0,"Kombinirano vozilo",22
"2024-08-13 00:00",0,"Težje tovorno vozilo",19
"2024-08-13 00:00",0,"Tovorno vozilo s prikolico",1
"2024-08-13 12:00",0,"Osebni avtomobil",659
"2024-08-13 12:00",0,"Kombinirano vozilo",22
"2024-08-13 12:00",0,"Težje tovorno vozilo",22
"2024-08-13 12:00",0,"Tovorno vozilo s prikolico",2
"2024-08-13 12:00",1,"Osebni avtomobil",404
"2024-08-13 12:00",1,"Kombinirano vozilo",23
"2024-08-13 12:00",1,"Težje tovorno vozilo",6
"2024-08-13 12:00",1,"Tovorno vozilo s prikolico",2
"2024-08-14 00:00",1,"Osebni avtomobil",533
"2024-08-14 00:00",1,"Kombinirano vozilo",34
"2024-08-14 00:00",1,"Težje tovorno vozilo",17
"2024-08-14 00:00",1,"Tovorno vozilo s prikolico",1
"2024-08-14 00:00",0,"Osebni avtomobil",214
"2024-08-14 00:00",0,"Kombinirano vozilo",28
"2024-08-14 00:00",0,"Težje tovorno vozilo",17
"2024-08-14 00:00",0,"Tovorno vozilo s prikolico",2
"2024-08-14 12:00",0,"Osebni avtomobil",654
"2024-08-14 12:00",0,"Kombinirano vozilo",42
"2024-08-14 12:00",0,"Težje tovorno vozilo",16
"2024-08-14 12:00",1,"Osebni avtomobil",437
"2024-08-14 12:00",1,"Kombinirano vozilo",27
"2024-08-14 12:00",1,"Težje tovorno vozilo",11
"2024-08-15 00:00",1,"Osebni avtomobil",272
"2024-08-15 00:00",1,"Kombinirano vozilo",7
"2024-08-15 00:00",1,"Težje tovorno vozilo",2
"2024-08-15 00:00",0,"Osebni avtomobil",157
"2024-08-15 00:00",0,"Kombinirano vozilo",7
"2024-08-15 00:00",0,"Težje tovorno vozilo",2
"2024-08-15 12:00",0,"Osebni avtomobil",433
"2024-08-15 12:00",0,"Kombinirano vozilo",21
"2024-08-15 12:00",0,"Težje tovorno vozilo",7
"2024-08-15 12:00",1,"Osebni avtomobil",368
"2024-08-15 12:00",1,"Kombinirano vozilo",4
"2024-08-15 12:00",1,"Težje tovorno vozilo",2
"2024-08-16 00:00",1,"Osebni avtomobil",421
"2024-08-16 00:00",1,"Kombinirano vozilo",21
"2024-08-16 00:00",1,"Težje tovorno vozilo",13
"2024-08-16 00:00",1,"Tovorno vozilo s prikolico",1
"2024-08-16 00:00",0,"Osebni avtomobil",180
"2024-08-16 00:00",0,"Težje tovorno vozilo",18
"2024-08-16 00:00",0,"Kombinirano vozilo",16
"2024-08-16 00:00",0,"Tovorno vozilo s prikolico",1
"2024-08-16 12:00",0,"Osebni avtomobil",558
"2024-08-16 12:00",0,"Kombinirano vozilo",27
"2024-08-16 12:00",0,"Težje tovorno vozilo",21
"2024-08-16 12:00",1,"Osebni avtomobil",415
"2024-08-16 12:00",1,"Kombinirano vozilo",17
"2024-08-16 12:00",1,"Težje tovorno vozilo",5
"2024-08-17 00:00",1,"Osebni avtomobil",329
"2024-08-17 00:00",1,"Kombinirano vozilo",14
"2024-08-17 00:00",1,"Težje tovorno vozilo",3
"2024-08-17 00:00",0,"Osebni avtomobil",199
"2024-08-17 00:00",0,"Kombinirano vozilo",13
"2024-08-17 00:00",0,"Težje tovorno vozilo",3
"2024-08-17 12:00",0,"Osebni avtomobil",441
"2024-08-17 12:00",0,"Kombinirano vozilo",19
"2024-08-17 12:00",0,"Težje tovorno vozilo",10
"2024-08-17 12:00",1,"Osebni avtomobil",412
"2024-08-17 12:00",1,"Kombinirano vozilo",8
"2024-08-17 12:00",1,"Težje tovorno vozilo",5
"2024-08-18 00:00",1,"Osebni avtomobil",211
"2024-08-18 00:00",1,"Kombinirano vozilo",7
"2024-08-18 00:00",1,"Težje tovorno vozilo",3
"2024-08-18 00:00",0,"Osebni avtomobil",186
"2024-08-18 00:00",0,"Kombinirano vozilo",14
"2024-08-18 00:00",0,"Težje tovorno vozilo",1
"2024-08-18 12:00",0,"Osebni avtomobil",340
"2024-08-18 12:00",0,"Kombinirano vozilo",18
"2024-08-18 12:00",0,"Težje tovorno vozilo",6
"2024-08-18 12:00",1,"Osebni avtomobil",291
"2024-08-18 12:00",1,"Kombinirano vozilo",7
"2024-08-18 12:00",1,"Težje tovorno vozilo",3
"2024-08-19 00:00",1,"Osebni avtomobil",497
"2024-08-19 00:00",1,"Kombinirano vozilo",35
"2024-08-19 00:00",1,"Težje tovorno vozilo",18
"2024-08-19 00:00",1,"Tovorno vozilo s prikolico",1
"2024-08-19 00:00",0,"Osebni avtomobil",203
"2024-08-19 00:00",0,"Kombinirano vozilo",21
"2024-08-19 00:00",0,"Težje tovorno vozilo",14
"2024-08-19 00:00",0,"Tovorno vozilo s prikolico",2
"2024-08-19 12:00",0,"Osebni avtomobil",671
"2024-08-19 12:00",0,"Kombinirano vozilo",35
"2024-08-19 12:00",0,"Težje tovorno vozilo",13
"2024-08-19 12:00",1,"Osebni avtomobil",402
"2024-08-19 12:00",1,"Kombinirano vozilo",30
"2024-08-19 12:00",1,"Težje tovorno vozilo",11
"2024-08-19 12:00",1,"Tovorno vozilo s prikolico",2
"2024-08-20 00:00",1,"Osebni avtomobil",580
"2024-08-20 00:00",1,"Kombinirano vozilo",17
"2024-08-20 00:00",1,"Težje tovorno vozilo",8
"2024-08-20 00:00",1,"Tovorno vozilo s prikolico",2
"2024-08-20 00:00",0,"Osebni avtomobil",194
"2024-08-20 00:00",0,"Kombinirano vozilo",21
"2024-08-20 00:00",0,"Težje tovorno vozilo",17
"2024-08-20 00:00",0,"Tovorno vozilo s prikolico",1
"2024-08-20 12:00",0,"Osebni avtomobil",700
"2024-08-20 12:00",0,"Kombinirano vozilo",39
"2024-08-20 12:00",0,"Težje tovorno vozilo",13
"2024-08-20 12:00",0,"Tovorno vozilo s prikolico",2
"2024-08-20 12:00",1,"Osebni avtomobil",472
"2024-08-20 12:00",1,"Kombinirano vozilo",25
"2024-08-20 12:00",1,"Težje tovorno vozilo",8
"2024-08-20 12:00",1,"Tovorno vozilo s prikolico",1
"2024-08-21 00:00",1,"Osebni avtomobil",575
"2024-08-21 00:00",1,"Kombinirano vozilo",18
"2024-08-21 00:00",1,"Težje tovorno vozilo",10
"2024-08-21 00:00",1,"Tovorno vozilo s prikolico",1
"2024-08-21 00:00",0,"Osebni avtomobil",182
"2024-08-21 00:00",0,"Kombinirano vozilo",33
"2024-08-21 00:00",0,"Težje tovorno vozilo",22
"2024-08-21 00:00",0,"Tovorno vozilo s prikolico",1
"2024-08-21 12:00",0,"Osebni avtomobil",669
"2024-08-21 12:00",0,"Kombinirano vozilo",43
"2024-08-21 12:00",0,"Težje tovorno vozilo",18
"2024-08-21 12:00",1,"Osebni avtomobil",423
"2024-08-21 12:00",1,"Kombinirano vozilo",34
"2024-08-21 12:00",1,"Težje tovorno vozilo",7
"2024-08-22 00:00",1,"Osebni avtomobil",526
"2024-08-22 00:00",1,"Kombinirano vozilo",24
"2024-08-22 00:00",1,"Težje tovorno vozilo",21
"2024-08-22 00:00",1,"Tovorno vozilo s prikolico",1
"2024-08-22 00:00",0,"Osebni avtomobil",177
"2024-08-22 00:00",0,"Kombinirano vozilo",27
"2024-08-22 00:00",0,"Težje tovorno vozilo",19
"2024-08-22 00:00",0,"Tovorno vozilo s prikolico",2
"2024-08-22 12:00",0,"Osebni avtomobil",656
"2024-08-22 12:00",0,"Kombinirano vozilo",46
"2024-08-22 12:00",0,"Težje tovorno vozilo",20
"2024-08-22 12:00",0,"Tovorno vozilo s prikolico",1
"2024-08-22 12:00",1,"Osebni avtomobil",485
"2024-08-22 12:00",1,"Kombinirano vozilo",28
"2024-08-22 12:00",1,"Težje tovorno vozilo",8
"2024-08-23 00:00",1,"Osebni avtomobil",515
"2024-08-23 00:00",1,"Kombinirano vozilo",18
"2024-08-23 00:00",1,"Težje tovorno vozilo",14
"2024-08-23 00:00",0,"Osebni avtomobil",181
"2024-08-23 00:00",0,"Kombinirano vozilo",33
"2024-08-23 00:00",0,"Težje tovorno vozilo",21
"2024-08-23 00:00",0,"Tovorno vozilo s prikolico",2
"2024-08-23 12:00",0,"Osebni avtomobil",662
"2024-08-23 12:00",0,"Kombinirano vozilo",37
"2024-08-23 12:00",0,"Težje tovorno vozilo",25
"2024-08-23 12:00",1,"Osebni avtomobil",473
"2024-08-23 12:00",1,"Kombinirano vozilo",36
"2024-08-23 12:00",1,"Težje tovorno vozilo",12
"2024-08-24 00:00",1,"Osebni avtomobil",321
"2024-08-24 00:00",1,"Kombinirano vozilo",29
"2024-08-24 00:00",1,"Težje tovorno vozilo",6
"2024-08-24 00:00",0,"Osebni avtomobil",169
"2024-08-24 00:00",0,"Kombinirano vozilo",25
"2024-08-24 00:00",0,"Težje tovorno vozilo",8
"2024-08-24 12:00",0,"Osebni avtomobil",397
"2024-08-24 12:00",0,"Kombinirano vozilo",26
"2024-08-24 12:00",0,"Težje tovorno vozilo",12
"2024-08-24 12:00",1,"Osebni avtomobil",341
"2024-08-24 12:00",1,"Kombinirano vozilo",10
"2024-08-24 12:00",1,"Težje tovorno vozilo",4
"2024-08-25 00:00",1,"Osebni avtomobil",240
"2024-08-25 00:00",1,"Kombinirano vozilo",4
"2024-08-25 00:00",1,"Težje tovorno vozilo",1
"2024-08-25 00:00",0,"Osebni avtomobil",151
"2024-08-25 00:00",0,"Kombinirano vozilo",10
"2024-08-25 00:00",0,"Težje tovorno vozilo",2
"2024-08-25 12:00",0,"Osebni avtomobil",413
"2024-08-25 12:00",0,"Kombinirano vozilo",21
"2024-08-25 12:00",0,"Težje tovorno vozilo",9
"2024-08-25 12:00",1,"Osebni avtomobil",345
"2024-08-25 12:00",1,"Kombinirano vozilo",5
"2024-08-25 12:00",1,"Težje tovorno vozilo",1
"2024-08-26 00:00",1,"Osebni avtomobil",538
"2024-08-26 00:00",1,"Kombinirano vozilo",39
"2024-08-26 00:00",1,"Težje tovorno vozilo",9
"2024-08-26 00:00",1,"Tovorno vozilo s prikolico",1
"2024-08-26 00:00",0,"Osebni avtomobil",204
"2024-08-26 00:00",0,"Kombinirano vozilo",30
"2024-08-26 00:00",0,"Težje tovorno vozilo",23
"2024-08-26 00:00",0,"Tovorno vozilo s prikolico",1
"2024-08-26 12:00",0,"Osebni avtomobil",582
"2024-08-26 12:00",0,"Kombinirano vozilo",41
"2024-08-26 12:00",0,"Težje tovorno vozilo",20
"2024-08-26 12:00",1,"Osebni avtomobil",367
"2024-08-26 12:00",1,"Kombinirano vozilo",28
"2024-08-26 12:00",1,"Težje tovorno vozilo",5
"2024-08-27 00:00",1,"Osebni avtomobil",544
"2024-08-27 00:00",1,"Kombinirano vozilo",30
"2024-08-27 00:00",1,"Težje tovorno vozilo",12
"2024-08-27 00:00",1,"Tovorno vozilo s prikolico",1
"2024-08-27 00:00",0,"Osebni avtomobil",177
"2024-08-27 00:00",0,"Kombinirano vozilo",18
"2024-08-27 00:00",0,"Težje tovorno vozilo",18
"2024-08-27 00:00",0,"Tovorno vozilo s prikolico",2
"2024-08-27 12:00",0,"Osebni avtomobil",618
"2024-08-27 12:00",0,"Kombinirano vozilo",32
"2024-08-27 12:00",0,"Težje tovorno vozilo",28
"2024-08-27 12:00",1,"Osebni avtomobil",387
"2024-08-27 12:00",1,"Kombinirano vozilo",23
"2024-08-27 12:00",1,"Težje tovorno vozilo",10
"2024-08-28 00:00",1,"Osebni avtomobil",580
"2024-08-28 00:00",1,"Kombinirano vozilo",32
"2024-08-28 00:00",1,"Težje tovorno vozilo",12
"2024-08-28 00:00",1,"Tovorno vozilo s prikolico",1
"2024-08-28 00:00",0,"Osebni avtomobil",202
"2024-08-28 00:00",0,"Kombinirano vozilo",22
"2024-08-28 00:00",0,"Težje tovorno vozilo",20
"2024-08-28 12:00",0,"Osebni avtomobil",621
"2024-08-28 12:00",0,"Kombinirano vozilo",33
"2024-08-28 12:00",0,"Težje tovorno vozilo",19
"2024-08-28 12:00",0,"Tovorno vozilo s prikolico",1
"2024-08-28 12:00",1,"Osebni avtomobil",438
"2024-08-28 12:00",1,"Kombinirano vozilo",30
"2024-08-28 12:00",1,"Težje tovorno vozilo",5
"2024-08-29 00:00",1,"Osebni avtomobil",542
"2024-08-29 00:00",1,"Kombinirano vozilo",35
"2024-08-29 00:00",1,"Težje tovorno vozilo",9
"2024-08-29 00:00",1,"Tovorno vozilo s prikolico",1
"2024-08-29 00:00",0,"Osebni avtomobil",211
"2024-08-29 00:00",0,"Kombinirano vozilo",30
"2024-08-29 00:00",0,"Težje tovorno vozilo",27
"2024-08-29 12:00",0,"Osebni avtomobil",606
"2024-08-29 12:00",0,"Kombinirano vozilo",35
"2024-08-29 12:00",0,"Težje tovorno vozilo",18
"2024-08-29 12:00",0,"Tovorno vozilo s prikolico",1
"2024-08-29 12:00",1,"Osebni avtomobil",410
"2024-08-29 12:00",1,"Kombinirano vozilo",42
"2024-08-29 12:00",1,"Težje tovorno vozilo",7
"2024-08-30 00:00",1,"Osebni avtomobil",566
"2024-08-30 00:00",1,"Kombinirano vozilo",33
"2024-08-30 00:00",1,"Težje tovorno vozilo",17
"2024-08-30 00:00",0,"Osebni avtomobil",206
"2024-08-30 00:00",0,"Kombinirano vozilo",25
"2024-08-30 00:00",0,"Težje tovorno vozilo",25
"2024-08-30 00:00",0,"Tovorno vozilo s prikolico",1
"2024-08-30 12:00",0,"Osebni avtomobil",633
"2024-08-30 12:00",0,"Kombinirano vozilo",32
"2024-08-30 12:00",0,"Težje tovorno vozilo",25
"2024-08-30 12:00",1,"Osebni avtomobil",436
"2024-08-30 12:00",1,"Kombinirano vozilo",34
"2024-08-30 12:00",1,"Težje tovorno vozilo",11
"2024-08-31 00:00",1,"Osebni avtomobil",332
"2024-08-31 00:00",1,"Kombinirano vozilo",21
"2024-08-31 00:00",1,"Težje tovorno vozilo",8
"2024-08-31 00:00",0,"Osebni avtomobil",215
"2024-08-31 00:00",0,"Kombinirano vozilo",13
"2024-08-31 00:00",0,"Težje tovorno vozilo",12
"2024-08-31 12:00",0,"Osebni avtomobil",461
"2024-08-31 12:00",0,"Kombinirano vozilo",21
"2024-08-31 12:00",0,"Težje tovorno vozilo",5
"2024-08-31 12:00",0,"Tovorno vozilo s prikolico",1
"2024-08-31 12:00",1,"Osebni avtomobil",369
"2024-08-31 12:00",1,"Kombinirano vozilo",7
"2024-08-31 12:00",1,"Tovorno vozilo s prikolico",1
"2024-09-01 00:00",1,"Osebni avtomobil",244
"2024-09-01 00:00",1,"Kombinirano vozilo",5
"2024-09-01 00:00",1,"Težje tovorno vozilo",4
"2024-09-01 00:00",0,"Osebni avtomobil",206
"2024-09-01 00:00",0,"Kombinirano vozilo",11
"2024-09-01 00:00",0,"Težje tovorno vozilo",2
"2024-09-01 12:00",1,"Osebni avtomobil",363
"2024-09-01 12:00",1,"Kombinirano vozilo",6
"2024-09-01 12:00",1,"Težje tovorno vozilo",2
"2024-09-01 12:00",0,"Osebni avtomobil",347
"2024-09-01 12:00",0,"Kombinirano vozilo",16
"2024-09-01 12:00",0,"Težje tovorno vozilo",6
"2024-09-02 00:00",1,"Osebni avtomobil",527
"2024-09-02 00:00",1,"Kombinirano vozilo",48
"2024-09-02 00:00",1,"Težje tovorno vozilo",18
"2024-09-02 00:00",1,"Tovorno vozilo s prikolico",2
"2024-09-02 00:00",0,"Osebni avtomobil",211
"2024-09-02 00:00",0,"Kombinirano vozilo",35
"2024-09-02 00:00",0,"Težje tovorno vozilo",21
"2024-09-02 00:00",0,"Tovorno vozilo s prikolico",1
"2024-09-02 12:00",0,"Osebni avtomobil",580
"2024-09-02 12:00",0,"Kombinirano vozilo",29
"2024-09-02 12:00",0,"Težje tovorno vozilo",21
"2024-09-02 12:00",1,"Osebni avtomobil",365
"2024-09-02 12:00",1,"Kombinirano vozilo",23
"2024-09-02 12:00",1,"Težje tovorno vozilo",7
"2024-09-03 00:00",1,"Osebni avtomobil",564
"2024-09-03 00:00",1,"Kombinirano vozilo",44
"2024-09-03 00:00",1,"Težje tovorno vozilo",11
"2024-09-03 00:00",0,"Osebni avtomobil",208
"2024-09-03 00:00",0,"Kombinirano vozilo",39
"2024-09-03 00:00",0,"Težje tovorno vozilo",23
"2024-09-03 00:00",0,"Tovorno vozilo s prikolico",1
"2024-09-03 12:00",0,"Osebni avtomobil",621
"2024-09-03 12:00",0,"Kombinirano vozilo",39
"2024-09-03 12:00",0,"Težje tovorno vozilo",21
"2024-09-03 12:00",1,"Osebni avtomobil",382
"2024-09-03 12:00",1,"Kombinirano vozilo",21
"2024-09-03 12:00",1,"Težje tovorno vozilo",9
"2024-09-04 00:00",1,"Osebni avtomobil",562
"2024-09-04 00:00",1,"Kombinirano vozilo",40
"2024-09-04 00:00",1,"Težje tovorno vozilo",12
"2024-09-04 00:00",1,"Tovorno vozilo s prikolico",1
"2024-09-04 00:00",0,"Osebni avtomobil",213
"2024-09-04 00:00",0,"Kombinirano vozilo",28
"2024-09-04 00:00",0,"Težje tovorno vozilo",23
"2024-09-04 00:00",0,"Tovorno vozilo s prikolico",3
"2024-09-04 12:00",0,"Osebni avtomobil",723
"2024-09-04 12:00",0,"Kombinirano vozilo",49
"2024-09-04 12:00",0,"Težje tovorno vozilo",24
"2024-09-04 12:00",0,"Tovorno vozilo s prikolico",4
"2024-09-04 12:00",1,"Osebni avtomobil",501
"2024-09-04 12:00",1,"Kombinirano vozilo",41
"2024-09-04 12:00",1,"Težje tovorno vozilo",13
"2024-09-04 12:00",1,"Tovorno vozilo s prikolico",2
"2024-09-05 00:00",1,"Osebni avtomobil",523
"2024-09-05 00:00",1,"Kombinirano vozilo",37
"2024-09-05 00:00",1,"Težje tovorno vozilo",18
"2024-09-05 00:00",1,"Tovorno vozilo s prikolico",2
"2024-09-05 00:00",0,"Osebni avtomobil",170
"2024-09-05 00:00",0,"Kombinirano vozilo",37
"2024-09-05 00:00",0,"Težje tovorno vozilo",22
"2024-09-05 00:00",0,"Tovorno vozilo s prikolico",1
"2024-09-05 12:00",0,"Osebni avtomobil",538
"2024-09-05 12:00",0,"Težje tovorno vozilo",26
"2024-09-05 12:00",0,"Kombinirano vozilo",25
"2024-09-05 12:00",1,"Osebni avtomobil",383
"2024-09-05 12:00",1,"Kombinirano vozilo",33
"2024-09-05 12:00",1,"Težje tovorno vozilo",10
"2024-09-06 00:00",1,"Osebni avtomobil",534
"2024-09-06 00:00",1,"Kombinirano vozilo",25
"2024-09-06 00:00",1,"Težje tovorno vozilo",18
"2024-09-06 00:00",1,"Tovorno vozilo s prikolico",1
"2024-09-06 00:00",0,"Osebni avtomobil",193
"2024-09-06 00:00",0,"Kombinirano vozilo",25
"2024-09-06 00:00",0,"Težje tovorno vozilo",24
"2024-09-06 00:00",0,"Tovorno vozilo s prikolico",5
"2024-09-06 12:00",0,"Osebni avtomobil",609
"2024-09-06 12:00",0,"Kombinirano vozilo",39
"2024-09-06 12:00",0,"Težje tovorno vozilo",27
"2024-09-06 12:00",0,"Tovorno vozilo s prikolico",2
"2024-09-06 12:00",1,"Osebni avtomobil",446
"2024-09-06 12:00",1,"Kombinirano vozilo",38
"2024-09-06 12:00",1,"Težje tovorno vozilo",5
"2024-09-06 12:00",1,"Tovorno vozilo s prikolico",1
"2024-09-07 00:00",1,"Osebni avtomobil",350
"2024-09-07 00:00",1,"Kombinirano vozilo",13
"2024-09-07 00:00",1,"Težje tovorno vozilo",6
"2024-09-07 00:00",0,"Osebni avtomobil",205
"2024-09-07 00:00",0,"Kombinirano vozilo",18
"2024-09-07 00:00",0,"Težje tovorno vozilo",9
"2024-09-07 12:00",0,"Osebni avtomobil",424
"2024-09-07 12:00",0,"Kombinirano vozilo",17
"2024-09-07 12:00",0,"Težje tovorno vozilo",7
"2024-09-07 12:00",1,"Osebni avtomobil",353
"2024-09-07 12:00",1,"Kombinirano vozilo",12
"2024-09-07 12:00",1,"Težje tovorno vozilo",4
"2024-09-08 00:00",1,"Osebni avtomobil",222
"2024-09-08 00:00",1,"Kombinirano vozilo",7
"2024-09-08 00:00",0,"Osebni avtomobil",163
"2024-09-08 00:00",0,"Kombinirano vozilo",7
"2024-09-08 00:00",0,"Težje tovorno vozilo",3
"2024-09-08 12:00",0,"Osebni avtomobil",362
"2024-09-08 12:00",0,"Kombinirano vozilo",12
"2024-09-08 12:00",0,"Težje tovorno vozilo",5
"2024-09-08 12:00",1,"Osebni avtomobil",351
"2024-09-08 12:00",1,"Kombinirano vozilo",16
"2024-09-08 12:00",1,"Težje tovorno vozilo",8
"2024-09-08 12:00",1,"Tovorno vozilo s prikolico",1
"2024-09-09 00:00",1,"Osebni avtomobil",535
"2024-09-09 00:00",1,"Kombinirano vozilo",28
"2024-09-09 00:00",1,"Težje tovorno vozilo",12
"2024-09-09 00:00",1,"Tovorno vozilo s prikolico",3
"2024-09-09 00:00",0,"Osebni avtomobil",170
"2024-09-09 00:00",0,"Težje tovorno vozilo",21
"2024-09-09 00:00",0,"Kombinirano vozilo",12
"2024-09-09 00:00",0,"Tovorno vozilo s prikolico",1
"2024-09-09 12:00",0,"Osebni avtomobil",534
"2024-09-09 12:00",0,"Kombinirano vozilo",25
"2024-09-09 12:00",0,"Težje tovorno vozilo",18
"2024-09-09 12:00",1,"Osebni avtomobil",369
"2024-09-09 12:00",1,"Kombinirano vozilo",32
"2024-09-09 12:00",1,"Težje tovorno vozilo",9
"2024-09-10 00:00",1,"Osebni avtomobil",548
"2024-09-10 00:00",1,"Kombinirano vozilo",23
"2024-09-10 00:00",1,"Težje tovorno vozilo",15
"2024-09-10 00:00",0,"Osebni avtomobil",194
"2024-09-10 00:00",0,"Kombinirano vozilo",30
"2024-09-10 00:00",0,"Težje tovorno vozilo",24
"2024-09-10 00:00",0,"Tovorno vozilo s prikolico",2
"2024-09-10 12:00",0,"Osebni avtomobil",576
"2024-09-10 12:00",0,"Kombinirano vozilo",44
"2024-09-10 12:00",0,"Težje tovorno vozilo",22
"2024-09-10 12:00",0,"Tovorno vozilo s prikolico",1
"2024-09-10 12:00",1,"Osebni avtomobil",378
"2024-09-10 12:00",1,"Kombinirano vozilo",30
"2024-09-10 12:00",1,"Težje tovorno vozilo",9
"2024-09-11 00:00",1,"Osebni avtomobil",541
"2024-09-11 00:00",1,"Kombinirano vozilo",42
"2024-09-11 00:00",1,"Težje tovorno vozilo",18
"2024-09-11 00:00",1,"Tovorno vozilo s prikolico",1
"2024-09-11 00:00",0,"Osebni avtomobil",188
"2024-09-11 00:00",0,"Kombinirano vozilo",31
"2024-09-11 00:00",0,"Težje tovorno vozilo",20
"2024-09-11 00:00",0,"Tovorno vozilo s prikolico",2
"2024-09-11 12:00",0,"Osebni avtomobil",614
"2024-09-11 12:00",0,"Kombinirano vozilo",38
"2024-09-11 12:00",0,"Težje tovorno vozilo",18
"2024-09-11 12:00",0,"Tovorno vozilo s prikolico",1
"2024-09-11 12:00",1,"Osebni avtomobil",387
"2024-09-11 12:00",1,"Kombinirano vozilo",29
"2024-09-11 12:00",1,"Težje tovorno vozilo",8
"2024-09-12 00:00",1,"Osebni avtomobil",557
"2024-09-12 00:00",1,"Kombinirano vozilo",36
"2024-09-12 00:00",1,"Težje tovorno vozilo",18
"2024-09-12 00:00",1,"Tovorno vozilo s prikolico",3
"2024-09-12 00:00",0,"Osebni avtomobil",133
"2024-09-12 00:00",0,"Kombinirano vozilo",21
"2024-09-12 00:00",0,"Težje tovorno vozilo",11
"2024-09-12 00:00",0,"Tovorno vozilo s prikolico",1
"2024-09-12 12:00",0,"Osebni avtomobil",419
"2024-09-12 12:00",0,"Težje tovorno vozilo",15
"2024-09-12 12:00",0,"Kombinirano vozilo",5
"2024-09-12 12:00",1,"Osebni avtomobil",330
"2024-09-12 12:00",1,"Kombinirano vozilo",23
"2024-09-12 12:00",1,"Težje tovorno vozilo",17
"2024-09-12 12:00",1,"Tovorno vozilo s prikolico",3
"2024-09-13 00:00",1,"Osebni avtomobil",496
"2024-09-13 00:00",1,"Kombinirano vozilo",36
"2024-09-13 00:00",1,"Težje tovorno vozilo",14
"2024-09-13 00:00",1,"Tovorno vozilo s prikolico",1
"2024-09-13 00:00",0,"Osebni avtomobil",171
"2024-09-13 00:00",0,"Kombinirano vozilo",25
"2024-09-13 00:00",0,"Težje tovorno vozilo",22
"2024-09-13 00:00",0,"Tovorno vozilo s prikolico",2
"2024-09-13 12:00",0,"Osebni avtomobil",568
"2024-09-13 12:00",0,"Kombinirano vozilo",34
"2024-09-13 12:00",0,"Težje tovorno vozilo",19
"2024-09-13 12:00",1,"Osebni avtomobil",383
"2024-09-13 12:00",1,"Kombinirano vozilo",23
"2024-09-13 12:00",1,"Težje tovorno vozilo",13
"2024-09-14 00:00",1,"Osebni avtomobil",307
"2024-09-14 00:00",1,"Težje tovorno vozilo",16
"2024-09-14 00:00",1,"Kombinirano vozilo",13
"2024-09-14 00:00",0,"Osebni avtomobil",191
"2024-09-14 00:00",0,"Kombinirano vozilo",19
"2024-09-14 00:00",0,"Težje tovorno vozilo",15
"2024-09-14 12:00",0,"Osebni avtomobil",396
"2024-09-14 12:00",0,"Kombinirano vozilo",19
"2024-09-14 12:00",0,"Težje tovorno vozilo",6
"2024-09-14 12:00",0,"Tovorno vozilo s prikolico",1
"2024-09-14 12:00",1,"Osebni avtomobil",309
"2024-09-14 12:00",1,"Kombinirano vozilo",23
"2024-09-14 12:00",1,"Težje tovorno vozilo",8
"2024-09-14 12:00",1,"Tovorno vozilo s prikolico",1
"2024-09-15 00:00",1,"Osebni avtomobil",183
"2024-09-15 00:00",1,"Kombinirano vozilo",3
"2024-09-15 00:00",1,"Težje tovorno vozilo",1
"2024-09-15 00:00",0,"Osebni avtomobil",116
"2024-09-15 00:00",0,"Kombinirano vozilo",10
"2024-09-15 00:00",0,"Težje tovorno vozilo",1
"2024-09-15 12:00",0,"Osebni avtomobil",339
"2024-09-15 12:00",0,"Kombinirano vozilo",17
"2024-09-15 12:00",0,"Težje tovorno vozilo",5
"2024-09-15 12:00",1,"Osebni avtomobil",308
"2024-09-15 12:00",1,"Kombinirano vozilo",7
"2024-09-15 12:00",1,"Težje tovorno vozilo",2
"2024-09-16 00:00",1,"Osebni avtomobil",532
"2024-09-16 00:00",1,"Kombinirano vozilo",37
"2024-09-16 00:00",1,"Težje tovorno vozilo",11
"2024-09-16 00:00",1,"Tovorno vozilo s prikolico",2
"2024-09-16 00:00",0,"Osebni avtomobil",192
"2024-09-16 00:00",0,"Težje tovorno vozilo",24
"2024-09-16 00:00",0,"Kombinirano vozilo",19
"2024-09-16 12:00",0,"Osebni avtomobil",560
"2024-09-16 12:00",0,"Kombinirano vozilo",34
"2024-09-16 12:00",0,"Težje tovorno vozilo",21
"2024-09-16 12:00",0,"Tovorno vozilo s prikolico",3
"2024-09-16 12:00",1,"Osebni avtomobil",379
"2024-09-16 12:00",1,"Kombinirano vozilo",27
"2024-09-16 12:00",1,"Težje tovorno vozilo",15
"2024-09-17 00:00",1,"Osebni avtomobil",568
"2024-09-17 00:00",1,"Kombinirano vozilo",42
"2024-09-17 00:00",1,"Težje tovorno vozilo",26
"2024-09-17 00:00",1,"Tovorno vozilo s prikolico",2
"2024-09-17 00:00",0,"Osebni avtomobil",200
"2024-09-17 00:00",0,"Kombinirano vozilo",27
"2024-09-17 00:00",0,"Težje tovorno vozilo",24
"2024-09-17 00:00",0,"Tovorno vozilo s prikolico",2
"2024-09-17 12:00",0,"Osebni avtomobil",592
"2024-09-17 12:00",0,"Kombinirano vozilo",51
"2024-09-17 12:00",0,"Težje tovorno vozilo",23
"2024-09-17 12:00",0,"Tovorno vozilo s prikolico",1
"2024-09-17 12:00",1,"Osebni avtomobil",375
"2024-09-17 12:00",1,"Kombinirano vozilo",34
"2024-09-17 12:00",1,"Težje tovorno vozilo",10
"2024-09-18 00:00",1,"Osebni avtomobil",561
"2024-09-18 00:00",1,"Kombinirano vozilo",31
"2024-09-18 00:00",1,"Težje tovorno vozilo",19
"2024-09-18 00:00",1,"Tovorno vozilo s prikolico",1
"2024-09-18 00:00",0,"Osebni avtomobil",198
"2024-09-18 00:00",0,"Kombinirano vozilo",39
"2024-09-18 00:00",0,"Težje tovorno vozilo",24
"2024-09-18 00:00",0,"Tovorno vozilo s prikolico",1
"2024-09-18 12:00",0,"Osebni avtomobil",642
"2024-09-18 12:00",0,"Kombinirano vozilo",39
"2024-09-18 12:00",0,"Težje tovorno vozilo",21
"2024-09-18 12:00",0,"Tovorno vozilo s prikolico",2
"2024-09-18 12:00",1,"Osebni avtomobil",394
"2024-09-18 12:00",1,"Kombinirano vozilo",36
"2024-09-18 12:00",1,"Težje tovorno vozilo",17
"2024-09-19 00:00",1,"Osebni avtomobil",518
"2024-09-19 00:00",1,"Kombinirano vozilo",55
"2024-09-19 00:00",1,"Težje tovorno vozilo",26
"2024-09-19 00:00",1,"Tovorno vozilo s prikolico",2
"2024-09-19 00:00",0,"Osebni avtomobil",227
"2024-09-19 00:00",0,"Kombinirano vozilo",45
"2024-09-19 00:00",0,"Težje tovorno vozilo",29
"2024-09-19 00:00",0,"Tovorno vozilo s prikolico",1
"2024-09-19 12:00",0,"Osebni avtomobil",650
"2024-09-19 12:00",0,"Kombinirano vozilo",47
"2024-09-19 12:00",0,"Težje tovorno vozilo",38
"2024-09-19 12:00",1,"Osebni avtomobil",461
"2024-09-19 12:00",1,"Kombinirano vozilo",42
"2024-09-19 12:00",1,"Težje tovorno vozilo",15
"2024-09-20 00:00",1,"Osebni avtomobil",564
"2024-09-20 00:00",1,"Kombinirano vozilo",40
"2024-09-20 00:00",1,"Težje tovorno vozilo",23
"2024-09-20 00:00",0,"Osebni avtomobil",205
"2024-09-20 00:00",0,"Kombinirano vozilo",28
"2024-09-20 00:00",0,"Težje tovorno vozilo",27
"2024-09-20 00:00",0,"Tovorno vozilo s prikolico",1
"2024-09-20 12:00",0,"Osebni avtomobil",600
"2024-09-20 12:00",0,"Kombinirano vozilo",49
"2024-09-20 12:00",0,"Težje tovorno vozilo",23
"2024-09-20 12:00",1,"Osebni avtomobil",440
"2024-09-20 12:00",1,"Kombinirano vozilo",44
"2024-09-20 12:00",1,"Težje tovorno vozilo",14
"2024-09-21 00:00",1,"Osebni avtomobil",346
"2024-09-21 00:00",1,"Kombinirano vozilo",19
"2024-09-21 00:00",1,"Težje tovorno vozilo",8
"2024-09-21 00:00",0,"Osebni avtomobil",210
"2024-09-21 00:00",0,"Kombinirano vozilo",12
"2024-09-21 00:00",0,"Težje tovorno vozilo",9
"2024-09-21 12:00",0,"Osebni avtomobil",451
"2024-09-21 12:00",0,"Kombinirano vozilo",24
"2024-09-21 12:00",0,"Težje tovorno vozilo",5
"2024-09-21 12:00",1,"Osebni avtomobil",363
"2024-09-21 12:00",1,"Kombinirano vozilo",13
"2024-09-21 12:00",1,"Težje tovorno vozilo",1
"2024-09-22 00:00",1,"Osebni avtomobil",223
"2024-09-22 00:00",1,"Kombinirano vozilo",5
"2024-09-22 00:00",1,"Težje tovorno vozilo",1
"2024-09-22 00:00",0,"Osebni avtomobil",139
"2024-09-22 00:00",0,"Kombinirano vozilo",9
"2024-09-22 12:00",0,"Osebni avtomobil",417
"2024-09-22 12:00",0,"Kombinirano vozilo",20
"2024-09-22 12:00",0,"Težje tovorno vozilo",5
"2024-09-22 12:00",1,"Osebni avtomobil",345
"2024-09-22 12:00",1,"Kombinirano vozilo",13
"2024-09-22 12:00",1,"Težje tovorno vozilo",4
"2024-09-23 00:00",1,"Osebni avtomobil",554
"2024-09-23 00:00",1,"Kombinirano vozilo",38
"2024-09-23 00:00",1,"Težje tovorno vozilo",19
"2024-09-23 00:00",1,"Tovorno vozilo s prikolico",1
"2024-09-23 00:00",0,"Osebni avtomobil",202
"2024-09-23 00:00",0,"Kombinirano vozilo",31
"2024-09-23 00:00",0,"Težje tovorno vozilo",26
"2024-09-23 12:00",0,"Osebni avtomobil",599
"2024-09-23 12:00",0,"Kombinirano vozilo",41
"2024-09-23 12:00",0,"Težje tovorno vozilo",24
"2024-09-23 12:00",0,"Tovorno vozilo s prikolico",1
"2024-09-23 12:00",1,"Osebni avtomobil",379
"2024-09-23 12:00",1,"Kombinirano vozilo",24
"2024-09-23 12:00",1,"Težje tovorno vozilo",18
"2024-09-23 12:00",1,"Tovorno vozilo s prikolico",1
"2024-09-24 00:00",1,"Osebni avtomobil",467
"2024-09-24 00:00",1,"Kombinirano vozilo",20
"2024-09-24 00:00",1,"Težje tovorno vozilo",19
"2024-09-24 00:00",0,"Osebni avtomobil",155
"2024-09-24 00:00",0,"Kombinirano vozilo",17
"2024-09-24 00:00",0,"Težje tovorno vozilo",16
"2024-09-24 12:00",0,"Osebni avtomobil",583
"2024-09-24 12:00",0,"Kombinirano vozilo",31
"2024-09-24 12:00",0,"Težje tovorno vozilo",20
"2024-09-24 12:00",1,"Osebni avtomobil",374
"2024-09-24 12:00",1,"Kombinirano vozilo",27
"2024-09-24 12:00",1,"Težje tovorno vozilo",14
"2024-09-25 00:00",1,"Osebni avtomobil",567
"2024-09-25 00:00",1,"Kombinirano vozilo",31
"2024-09-25 00:00",1,"Težje tovorno vozilo",15
"2024-09-25 00:00",1,"Tovorno vozilo s prikolico",2
"2024-09-25 00:00",0,"Osebni avtomobil",194
"2024-09-25 00:00",0,"Kombinirano vozilo",24
"2024-09-25 00:00",0,"Težje tovorno vozilo",22
"2024-09-25 00:00",0,"Tovorno vozilo s prikolico",1
"2024-09-25 12:00",0,"Osebni avtomobil",615
"2024-09-25 12:00",0,"Kombinirano vozilo",38
"2024-09-25 12:00",0,"Težje tovorno vozilo",25
"2024-09-25 12:00",1,"Osebni avtomobil",387
"2024-09-25 12:00",1,"Kombinirano vozilo",34
"2024-09-25 12:00",1,"Težje tovorno vozilo",14
"2024-09-26 00:00",1,"Osebni avtomobil",580
"2024-09-26 00:00",1,"Kombinirano vozilo",41
"2024-09-26 00:00",1,"Težje tovorno vozilo",17
"2024-09-26 00:00",1,"Tovorno vozilo s prikolico",2
"2024-09-26 00:00",0,"Osebni avtomobil",215
"2024-09-26 00:00",0,"Kombinirano vozilo",25
"2024-09-26 00:00",0,"Težje tovorno vozilo",17
"2024-09-26 00:00",0,"Tovorno vozilo s prikolico",1
"2024-09-26 12:00",0,"Osebni avtomobil",587
"2024-09-26 12:00",0,"Kombinirano vozilo",36
"2024-09-26 12:00",0,"Težje tovorno vozilo",19
"2024-09-26 12:00",0,"Tovorno vozilo s prikolico",1
"2024-09-26 12:00",1,"Osebni avtomobil",403
"2024-09-26 12:00",1,"Kombinirano vozilo",21
"2024-09-26 12:00",1,"Težje tovorno vozilo",9
"2024-09-26 12:00",1,"Tovorno vozilo s prikolico",1
"2024-09-27 00:00",1,"Osebni avtomobil",557
"2024-09-27 00:00",1,"Kombinirano vozilo",30
"2024-09-27 00:00",1,"Težje tovorno vozilo",21
"2024-09-27 00:00",1,"Nerazpoznana vozila",1
"2024-09-27 00:00",0,"Osebni avtomobil",172
"2024-09-27 00:00",0,"Kombinirano vozilo",18
"2024-09-27 00:00",0,"Težje tovorno vozilo",17
"2024-09-27 12:00",0,"Osebni avtomobil",584
"2024-09-27 12:00",0,"Kombinirano vozilo",35
"2024-09-27 12:00",0,"Težje tovorno vozilo",16
"2024-09-27 12:00",0,"Tovorno vozilo s prikolico",1
"2024-09-27 12:00",1,"Osebni avtomobil",411
"2024-09-27 12:00",1,"Kombinirano vozilo",21
"2024-09-27 12:00",1,"Težje tovorno vozilo",15
"2024-09-27 12:00",1,"Tovorno vozilo s prikolico",1
"2024-09-28 00:00",1,"Osebni avtomobil",333
"2024-09-28 00:00",1,"Kombinirano vozilo",16
"2024-09-28 00:00",1,"Težje tovorno vozilo",4
"2024-09-28 00:00",0,"Osebni avtomobil",205
"2024-09-28 00:00",0,"Kombinirano vozilo",16
"2024-09-28 00:00",0,"Težje tovorno vozilo",5
"2024-09-28 12:00",0,"Osebni avtomobil",373
"2024-09-28 12:00",0,"Kombinirano vozilo",7
"2024-09-28 12:00",0,"Težje tovorno vozilo",5
"2024-09-28 12:00",1,"Osebni avtomobil",306
"2024-09-28 12:00",1,"Kombinirano vozilo",14
"2024-09-28 12:00",1,"Težje tovorno vozilo",5
"2024-09-29 00:00",1,"Osebni avtomobil",210
"2024-09-29 00:00",1,"Kombinirano vozilo",5
"2024-09-29 00:00",1,"Težje tovorno vozilo",3
"2024-09-29 00:00",0,"Osebni avtomobil",163
"2024-09-29 00:00",0,"Kombinirano vozilo",7
"2024-09-29 00:00",0,"Težje tovorno vozilo",3
"2024-09-29 12:00",0,"Osebni avtomobil",418
"2024-09-29 12:00",0,"Kombinirano vozilo",29
"2024-09-29 12:00",0,"Težje tovorno vozilo",5
"2024-09-29 12:00",1,"Osebni avtomobil",355
"2024-09-29 12:00",1,"Kombinirano vozilo",11
"2024-09-29 12:00",1,"Težje tovorno vozilo",3
"2024-09-30 00:00",1,"Osebni avtomobil",544
"2024-09-30 00:00",1,"Kombinirano vozilo",45
"2024-09-30 00:00",1,"Težje tovorno vozilo",14
"2024-09-30 00:00",1,"Tovorno vozilo s prikolico",1
"2024-09-30 00:00",0,"Osebni avtomobil",211
"2024-09-30 00:00",0,"Kombinirano vozilo",34
"2024-09-30 00:00",0,"Težje tovorno vozilo",17
"2024-09-30 00:00",0,"Tovorno vozilo s prikolico",2
"2024-09-30 12:00",0,"Osebni avtomobil",606
"2024-09-30 12:00",0,"Kombinirano vozilo",46
"2024-09-30 12:00",0,"Težje tovorno vozilo",23
"2024-09-30 12:00",0,"Tovorno vozilo s prikolico",1
"2024-09-30 12:00",1,"Osebni avtomobil",413
"2024-09-30 12:00",1,"Kombinirano vozilo",31
"2024-09-30 12:00",1,"Težje tovorno vozilo",14
"2024-09-30 12:00",1,"Tovorno vozilo s prikolico",1
"2024-10-01 00:00",1,"Osebni avtomobil",565
"2024-10-01 00:00",1,"Kombinirano vozilo",28
"2024-10-01 00:00",1,"Težje tovorno vozilo",11
"2024-10-01 00:00",1,"Tovorno vozilo s prikolico",1
"2024-10-01 00:00",0,"Osebni avtomobil",194
"2024-10-01 00:00",0,"Težje tovorno vozilo",24
"2024-10-01 00:00",0,"Kombinirano vozilo",22
"2024-10-01 12:00",0,"Osebni avtomobil",605
"2024-10-01 12:00",0,"Kombinirano vozilo",48
"2024-10-01 12:00",0,"Težje tovorno vozilo",24
"2024-10-01 12:00",0,"Tovorno vozilo s prikolico",2
"2024-10-01 12:00",1,"Osebni avtomobil",385
"2024-10-01 12:00",1,"Kombinirano vozilo",42
"2024-10-01 12:00",1,"Težje tovorno vozilo",9
"2024-10-02 00:00",1,"Osebni avtomobil",548
"2024-10-02 00:00",1,"Kombinirano vozilo",31
"2024-10-02 00:00",1,"Težje tovorno vozilo",18
"2024-10-02 00:00",1,"Tovorno vozilo s prikolico",1
"2024-10-02 00:00",0,"Osebni avtomobil",168
"2024-10-02 00:00",0,"Kombinirano vozilo",17
"2024-10-02 00:00",0,"Težje tovorno vozilo",13
"2024-10-02 12:00",1,"Osebni avtomobil",303
"2024-10-02 12:00",1,"Kombinirano vozilo",30
"2024-10-02 12:00",1,"Težje tovorno vozilo",12
"2024-10-02 12:00",1,"Tovorno vozilo s prikolico",2
"2024-10-02 12:00",0,"Osebni avtomobil",240
"2024-10-02 12:00",0,"Težje tovorno vozilo",10
"2024-10-02 12:00",0,"Kombinirano vozilo",3
"2024-10-03 00:00",1,"Osebni avtomobil",541
"2024-10-03 00:00",1,"Kombinirano vozilo",27
"2024-10-03 00:00",1,"Težje tovorno vozilo",21
"2024-10-03 00:00",1,"Tovorno vozilo s prikolico",1
"2024-10-03 00:00",0,"Osebni avtomobil",155
"2024-10-03 00:00",0,"Težje tovorno vozilo",14
"2024-10-03 00:00",0,"Kombinirano vozilo",8
"2024-10-03 12:00",0,"Osebni avtomobil",487
"2024-10-03 12:00",0,"Kombinirano vozilo",17
"2024-10-03 12:00",0,"Težje tovorno vozilo",12
"2024-10-03 12:00",0,"Tovorno vozilo s prikolico",1
"2024-10-03 12:00",1,"Osebni avtomobil",384
"2024-10-03 12:00",1,"Kombinirano vozilo",21
"2024-10-03 12:00",1,"Težje tovorno vozilo",7
"2024-10-03 12:00",1,"Tovorno vozilo s prikolico",1
"2024-10-04 00:00",1,"Osebni avtomobil",245
"2024-10-04 00:00",1,"Kombinirano vozilo",23
"2024-10-04 00:00",1,"Težje tovorno vozilo",8
"2024-10-04 00:00",1,"Tovorno vozilo s prikolico",2
"2024-10-04 00:00",0,"Osebni avtomobil",141
"2024-10-04 00:00",0,"Kombinirano vozilo",19
"2024-10-04 00:00",0,"Težje tovorno vozilo",10
"2024-10-04 12:00",0,"Osebni avtomobil",632
"2024-10-04 12:00",0,"Kombinirano vozilo",27
"2024-10-04 12:00",0,"Težje tovorno vozilo",18
"2024-10-04 12:00",0,"Tovorno vozilo s prikolico",1
"2024-10-04 12:00",1,"Osebni avtomobil",420
"2024-10-04 12:00",1,"Kombinirano vozilo",31
"2024-10-04 12:00",1,"Težje tovorno vozilo",17
"2024-10-04 12:00",1,"Tovorno vozilo s prikolico",1
"2024-10-05 00:00",1,"Osebni avtomobil",214
"2024-10-05 00:00",1,"Kombinirano vozilo",14
"2024-10-05 00:00",1,"Težje tovorno vozilo",6
"2024-10-05 00:00",0,"Osebni avtomobil",187
"2024-10-05 00:00",0,"Kombinirano vozilo",14
"2024-10-05 00:00",0,"Težje tovorno vozilo",5
"2024-10-05 12:00",0,"Osebni avtomobil",495
"2024-10-05 12:00",0,"Kombinirano vozilo",24
"2024-10-05 12:00",0,"Težje tovorno vozilo",6
"2024-10-05 12:00",1,"Osebni avtomobil",370
"2024-10-05 12:00",1,"Kombinirano vozilo",12
"2024-10-05 12:00",1,"Težje tovorno vozilo",4
"2024-10-06 00:00",1,"Osebni avtomobil",218
"2024-10-06 00:00",1,"Kombinirano vozilo",13
"2024-10-06 00:00",1,"Težje tovorno vozilo",5
"2024-10-06 00:00",0,"Osebni avtomobil",170
"2024-10-06 00:00",0,"Kombinirano vozilo",19
"2024-10-06 00:00",0,"Težje tovorno vozilo",4
"2024-10-06 00:00",0,"Tovorno vozilo s prikolico",1
"2024-10-06 12:00",0,"Osebni avtomobil",482
"2024-10-06 12:00",0,"Kombinirano vozilo",43
"2024-10-06 12:00",0,"Težje tovorno vozilo",3
"2024-10-06 12:00",0,"Tovorno vozilo s prikolico",1
"2024-10-06 12:00",1,"Osebni avtomobil",388
"2024-10-06 12:00",1,"Kombinirano vozilo",13
"2024-10-06 12:00",1,"Težje tovorno vozilo",4
"2024-10-07 00:00",1,"Osebni avtomobil",562
"2024-10-07 00:00",1,"Kombinirano vozilo",42
"2024-10-07 00:00",1,"Težje tovorno vozilo",14
"2024-10-07 00:00",1,"Tovorno vozilo s prikolico",1
"2024-10-07 00:00",0,"Osebni avtomobil",222
"2024-10-07 00:00",0,"Kombinirano vozilo",35
"2024-10-07 00:00",0,"Težje tovorno vozilo",23
"2024-10-07 00:00",0,"Tovorno vozilo s prikolico",2
"2024-10-07 12:00",0,"Osebni avtomobil",623
"2024-10-07 12:00",0,"Kombinirano vozilo",41
"2024-10-07 12:00",0,"Težje tovorno vozilo",23
"2024-10-07 12:00",0,"Tovorno vozilo s prikolico",1
"2024-10-07 12:00",1,"Osebni avtomobil",411
"2024-10-07 12:00",1,"Kombinirano vozilo",32
"2024-10-07 12:00",1,"Težje tovorno vozilo",11
"2024-10-07 12:00",1,"Tovorno vozilo s prikolico",3
"2024-10-08 00:00",1,"Osebni avtomobil",540
"2024-10-08 00:00",1,"Kombinirano vozilo",41
"2024-10-08 00:00",1,"Težje tovorno vozilo",18
"2024-10-08 00:00",1,"Tovorno vozilo s prikolico",2
"2024-10-08 00:00",0,"Osebni avtomobil",181
"2024-10-08 00:00",0,"Kombinirano vozilo",24
"2024-10-08 00:00",0,"Težje tovorno vozilo",16
"2024-10-08 00:00",0,"Tovorno vozilo s prikolico",2
"2024-10-08 12:00",0,"Osebni avtomobil",567
"2024-10-08 12:00",0,"Kombinirano vozilo",30
"2024-10-08 12:00",0,"Težje tovorno vozilo",21
"2024-10-08 12:00",0,"Tovorno vozilo s prikolico",1
"2024-10-08 12:00",1,"Osebni avtomobil",358
"2024-10-08 12:00",1,"Kombinirano vozilo",22
"2024-10-08 12:00",1,"Težje tovorno vozilo",10
"2024-10-09 00:00",1,"Osebni avtomobil",625
"2024-10-09 00:00",1,"Kombinirano vozilo",41
"2024-10-09 00:00",1,"Težje tovorno vozilo",20
"2024-10-09 00:00",1,"Tovorno vozilo s prikolico",3
"2024-10-09 00:00",0,"Osebni avtomobil",164
"2024-10-09 00:00",0,"Težje tovorno vozilo",21
"2024-10-09 00:00",0,"Kombinirano vozilo",17
"2024-10-09 00:00",0,"Tovorno vozilo s prikolico",2
"2024-10-09 12:00",0,"Osebni avtomobil",617
"2024-10-09 12:00",0,"Kombinirano vozilo",42
"2024-10-09 12:00",0,"Težje tovorno vozilo",19
"2024-10-09 12:00",1,"Osebni avtomobil",367
"2024-10-09 12:00",1,"Kombinirano vozilo",19
"2024-10-09 12:00",1,"Težje tovorno vozilo",13
"2024-10-10 00:00",1,"Osebni avtomobil",566
"2024-10-10 00:00",1,"Kombinirano vozilo",38
"2024-10-10 00:00",1,"Težje tovorno vozilo",16
"2024-10-10 00:00",1,"Tovorno vozilo s prikolico",1
"2024-10-10 00:00",0,"Osebni avtomobil",187
"2024-10-10 00:00",0,"Kombinirano vozilo",36
"2024-10-10 00:00",0,"Težje tovorno vozilo",23
"2024-10-10 12:00",0,"Osebni avtomobil",478
"2024-10-10 12:00",0,"Kombinirano vozilo",13
"2024-10-10 12:00",0,"Težje tovorno vozilo",11
"2024-10-10 12:00",1,"Osebni avtomobil",403
"2024-10-10 12:00",1,"Kombinirano vozilo",26
"2024-10-10 12:00",1,"Težje tovorno vozilo",8
"2024-10-10 12:00",1,"Tovorno vozilo s prikolico",5
"2024-10-11 00:00",1,"Osebni avtomobil",563
"2024-10-11 00:00",1,"Kombinirano vozilo",31
"2024-10-11 00:00",1,"Težje tovorno vozilo",16
"2024-10-11 00:00",1,"Tovorno vozilo s prikolico",2
"2024-10-11 00:00",0,"Osebni avtomobil",230
"2024-10-11 00:00",0,"Kombinirano vozilo",35
"2024-10-11 00:00",0,"Težje tovorno vozilo",21
"2024-10-11 00:00",0,"Tovorno vozilo s prikolico",2
"2024-10-11 12:00",0,"Osebni avtomobil",800
"2024-10-11 12:00",0,"Kombinirano vozilo",39
"2024-10-11 12:00",0,"Težje tovorno vozilo",17
"2024-10-11 12:00",0,"Tovorno vozilo s prikolico",3
"2024-10-11 12:00",1,"Osebni avtomobil",497
"2024-10-11 12:00",1,"Kombinirano vozilo",29
"2024-10-11 12:00",1,"Težje tovorno vozilo",13
"2024-10-11 12:00",1,"Tovorno vozilo s prikolico",2
"2024-10-12 00:00",1,"Osebni avtomobil",331
"2024-10-12 00:00",1,"Kombinirano vozilo",27
"2024-10-12 00:00",1,"Težje tovorno vozilo",10
"2024-10-12 00:00",1,"Tovorno vozilo s prikolico",1
"2024-10-12 00:00",0,"Osebni avtomobil",183
"2024-10-12 00:00",0,"Kombinirano vozilo",25
"2024-10-12 00:00",0,"Težje tovorno vozilo",11
"2024-10-12 12:00",0,"Osebni avtomobil",506
"2024-10-12 12:00",0,"Kombinirano vozilo",31
"2024-10-12 12:00",0,"Težje tovorno vozilo",15
"2024-10-12 12:00",1,"Osebni avtomobil",398
"2024-10-12 12:00",1,"Kombinirano vozilo",20
"2024-10-12 12:00",1,"Težje tovorno vozilo",7
"2024-10-12 12:00",1,"Tovorno vozilo s prikolico",1
"2024-10-13 00:00",1,"Osebni avtomobil",202
"2024-10-13 00:00",1,"Kombinirano vozilo",5
"2024-10-13 00:00",1,"Težje tovorno vozilo",5
"2024-10-13 00:00",0,"Osebni avtomobil",150
"2024-10-13 00:00",0,"Kombinirano vozilo",5
"2024-10-13 00:00",0,"Težje tovorno vozilo",5
"2024-10-13 12:00",0,"Osebni avtomobil",400
"2024-10-13 12:00",0,"Kombinirano vozilo",15
"2024-10-13 12:00",0,"Težje tovorno vozilo",6
"2024-10-13 12:00",1,"Osebni avtomobil",366
"2024-10-13 12:00",1,"Kombinirano vozilo",3
"2024-10-13 12:00",1,"Težje tovorno vozilo",1
"2024-10-14 00:00",1,"Osebni avtomobil",552
"2024-10-14 00:00",1,"Kombinirano vozilo",23
"2024-10-14 00:00",1,"Težje tovorno vozilo",21
"2024-10-14 00:00",1,"Tovorno vozilo s prikolico",4
"2024-10-14 00:00",0,"Osebni avtomobil",207
"2024-10-14 00:00",0,"Težje tovorno vozilo",23
"2024-10-14 00:00",0,"Kombinirano vozilo",22
"2024-10-14 00:00",0,"Tovorno vozilo s prikolico",2
"2024-10-14 12:00",0,"Osebni avtomobil",611
"2024-10-14 12:00",0,"Kombinirano vozilo",49
"2024-10-14 12:00",0,"Težje tovorno vozilo",23
"2024-10-14 12:00",1,"Osebni avtomobil",406
"2024-10-14 12:00",1,"Kombinirano vozilo",32
"2024-10-14 12:00",1,"Težje tovorno vozilo",19
"2024-10-14 12:00",1,"Tovorno vozilo s prikolico",1
"2024-10-15 00:00",1,"Osebni avtomobil",582
"2024-10-15 00:00",1,"Kombinirano vozilo",16
"2024-10-15 00:00",1,"Težje tovorno vozilo",8
"2024-10-15 00:00",1,"Tovorno vozilo s prikolico",2
"2024-10-15 00:00",0,"Osebni avtomobil",219
"2024-10-15 00:00",0,"Kombinirano vozilo",31
"2024-10-15 00:00",0,"Težje tovorno vozilo",19
"2024-10-15 00:00",0,"Tovorno vozilo s prikolico",1
"2024-10-15 12:00",0,"Osebni avtomobil",621
"2024-10-15 12:00",0,"Kombinirano vozilo",38
"2024-10-15 12:00",0,"Težje tovorno vozilo",24
"2024-10-15 12:00",1,"Osebni avtomobil",417
"2024-10-15 12:00",1,"Kombinirano vozilo",34
"2024-10-15 12:00",1,"Težje tovorno vozilo",12
"2024-10-16 00:00",1,"Osebni avtomobil",552
"2024-10-16 00:00",1,"Kombinirano vozilo",38
"2024-10-16 00:00",1,"Težje tovorno vozilo",20
"2024-10-16 00:00",1,"Tovorno vozilo s prikolico",1
"2024-10-16 00:00",0,"Osebni avtomobil",179
"2024-10-16 00:00",0,"Kombinirano vozilo",39
"2024-10-16 00:00",0,"Težje tovorno vozilo",22
"2024-10-16 00:00",0,"Tovorno vozilo s prikolico",1
"2024-10-16 12:00",0,"Osebni avtomobil",610
"2024-10-16 12:00",0,"Kombinirano vozilo",47
"2024-10-16 12:00",0,"Težje tovorno vozilo",21
"2024-10-16 12:00",0,"Tovorno vozilo s prikolico",1
"2024-10-16 12:00",1,"Osebni avtomobil",362
"2024-10-16 12:00",1,"Kombinirano vozilo",21
"2024-10-16 12:00",1,"Težje tovorno vozilo",13
"2024-10-16 12:00",1,"Tovorno vozilo s prikolico",1
"2024-10-17 00:00",1,"Osebni avtomobil",547
"2024-10-17 00:00",1,"Kombinirano vozilo",36
"2024-10-17 00:00",1,"Težje tovorno vozilo",17
"2024-10-17 00:00",1,"Tovorno vozilo s prikolico",4
"2024-10-17 00:00",0,"Osebni avtomobil",204
"2024-10-17 00:00",0,"Kombinirano vozilo",18
"2024-10-17 00:00",0,"Težje tovorno vozilo",18
"2024-10-17 12:00",0,"Osebni avtomobil",577
"2024-10-17 12:00",0,"Kombinirano vozilo",27
"2024-10-17 12:00",0,"Težje tovorno vozilo",21
"2024-10-17 12:00",0,"Tovorno vozilo s prikolico",1
"2024-10-17 12:00",1,"Osebni avtomobil",367
"2024-10-17 12:00",1,"Kombinirano vozilo",22
"2024-10-17 12:00",1,"Težje tovorno vozilo",15
"2024-10-18 00:00",1,"Osebni avtomobil",527
"2024-10-18 00:00",1,"Kombinirano vozilo",26
"2024-10-18 00:00",1,"Težje tovorno vozilo",16
"2024-10-18 00:00",0,"Osebni avtomobil",208
"2024-10-18 00:00",0,"Kombinirano vozilo",23
"2024-10-18 00:00",0,"Težje tovorno vozilo",16
"2024-10-18 00:00",0,"Tovorno vozilo s prikolico",1
"2024-10-18 12:00",0,"Osebni avtomobil",602
"2024-10-18 12:00",0,"Kombinirano vozilo",24
"2024-10-18 12:00",0,"Težje tovorno vozilo",16
"2024-10-18 12:00",1,"Osebni avtomobil",431
"2024-10-18 12:00",1,"Kombinirano vozilo",24
"2024-10-18 12:00",1,"Težje tovorno vozilo",11
"2024-10-19 00:00",1,"Osebni avtomobil",298
"2024-10-19 00:00",1,"Kombinirano vozilo",17
"2024-10-19 00:00",1,"Težje tovorno vozilo",11
"2024-10-19 00:00",0,"Osebni avtomobil",178
"2024-10-19 00:00",0,"Kombinirano vozilo",15
"2024-10-19 00:00",0,"Težje tovorno vozilo",7
"2024-10-19 12:00",0,"Osebni avtomobil",478
"2024-10-19 12:00",0,"Kombinirano vozilo",19
"2024-10-19 12:00",0,"Težje tovorno vozilo",8
"2024-10-19 12:00",1,"Osebni avtomobil",397
"2024-10-19 12:00",1,"Kombinirano vozilo",11
"2024-10-19 12:00",1,"Težje tovorno vozilo",5
"2024-10-20 00:00",1,"Osebni avtomobil",210
"2024-10-20 00:00",1,"Kombinirano vozilo",6
"2024-10-20 00:00",1,"Težje tovorno vozilo",1
"2024-10-20 00:00",0,"Osebni avtomobil",129
"2024-10-20 00:00",0,"Kombinirano vozilo",8
"2024-10-20 00:00",0,"Težje tovorno vozilo",1
"2024-10-20 12:00",0,"Osebni avtomobil",394
"2024-10-20 12:00",0,"Kombinirano vozilo",19
"2024-10-20 12:00",0,"Težje tovorno vozilo",9
"2024-10-20 12:00",1,"Osebni avtomobil",351
"2024-10-20 12:00",1,"Kombinirano vozilo",10
"2024-10-20 12:00",1,"Težje tovorno vozilo",9
"2024-10-21 00:00",1,"Osebni avtomobil",552
"2024-10-21 00:00",1,"Kombinirano vozilo",23
"2024-10-21 00:00",1,"Težje tovorno vozilo",14
"2024-10-21 00:00",1,"Tovorno vozilo s prikolico",1
"2024-10-21 00:00",0,"Osebni avtomobil",197
"2024-10-21 00:00",0,"Kombinirano vozilo",24
"2024-10-21 00:00",0,"Težje tovorno vozilo",23
"2024-10-21 00:00",0,"Tovorno vozilo s prikolico",1
"2024-10-21 12:00",0,"Osebni avtomobil",606
"2024-10-21 12:00",0,"Kombinirano vozilo",35
"2024-10-21 12:00",0,"Težje tovorno vozilo",19
"2024-10-21 12:00",1,"Osebni avtomobil",375
"2024-10-21 12:00",1,"Kombinirano vozilo",36
"2024-10-21 12:00",1,"Težje tovorno vozilo",8
"2024-10-22 00:00",1,"Osebni avtomobil",586
"2024-10-22 00:00",1,"Kombinirano vozilo",28
"2024-10-22 00:00",1,"Težje tovorno vozilo",8
"2024-10-22 00:00",1,"Tovorno vozilo s prikolico",3
"2024-10-22 00:00",0,"Osebni avtomobil",202
"2024-10-22 00:00",0,"Kombinirano vozilo",37
"2024-10-22 00:00",0,"Težje tovorno vozilo",18
"2024-10-22 00:00",0,"Tovorno vozilo s prikolico",2
"2024-10-22 12:00",0,"Osebni avtomobil",617
"2024-10-22 12:00",0,"Kombinirano vozilo",51
"2024-10-22 12:00",0,"Težje tovorno vozilo",24
"2024-10-22 12:00",0,"Tovorno vozilo s prikolico",1
"2024-10-22 12:00",1,"Osebni avtomobil",388
"2024-10-22 12:00",1,"Kombinirano vozilo",38
"2024-10-22 12:00",1,"Težje tovorno vozilo",6
"2024-10-23 00:00",1,"Osebni avtomobil",545
"2024-10-23 00:00",1,"Kombinirano vozilo",39
"2024-10-23 00:00",1,"Težje tovorno vozilo",16
"2024-10-23 00:00",1,"Tovorno vozilo s prikolico",1
"2024-10-23 00:00",0,"Osebni avtomobil",192
"2024-10-23 00:00",0,"Kombinirano vozilo",37
"2024-10-23 00:00",0,"Težje tovorno vozilo",16
"2024-10-23 00:00",0,"Tovorno vozilo s prikolico",1
"2024-10-23 12:00",0,"Osebni avtomobil",582
"2024-10-23 12:00",0,"Kombinirano vozilo",36
"2024-10-23 12:00",0,"Težje tovorno vozilo",23
"2024-10-23 12:00",1,"Osebni avtomobil",390
"2024-10-23 12:00",1,"Kombinirano vozilo",25
"2024-10-23 12:00",1,"Težje tovorno vozilo",11
"2024-10-24 00:00",1,"Osebni avtomobil",567
"2024-10-24 00:00",1,"Kombinirano vozilo",22
"2024-10-24 00:00",1,"Težje tovorno vozilo",11
"2024-10-24 00:00",1,"Tovorno vozilo s prikolico",1
"2024-10-24 00:00",0,"Osebni avtomobil",176
"2024-10-24 00:00",0,"Kombinirano vozilo",24
"2024-10-24 00:00",0,"Težje tovorno vozilo",14
"2024-10-24 00:00",0,"Tovorno vozilo s prikolico",1
"2024-10-24 12:00",0,"Osebni avtomobil",631
"2024-10-24 12:00",0,"Kombinirano vozilo",25
"2024-10-24 12:00",0,"Težje tovorno vozilo",17
"2024-10-24 12:00",1,"Osebni avtomobil",359
"2024-10-24 12:00",1,"Kombinirano vozilo",26
"2024-10-24 12:00",1,"Težje tovorno vozilo",15
"2024-10-25 00:00",1,"Osebni avtomobil",525
"2024-10-25 00:00",1,"Kombinirano vozilo",34
"2024-10-25 00:00",1,"Težje tovorno vozilo",21
"2024-10-25 00:00",1,"Tovorno vozilo s prikolico",1
"2024-10-25 00:00",0,"Osebni avtomobil",224
"2024-10-25 00:00",0,"Kombinirano vozilo",28
"2024-10-25 00:00",0,"Težje tovorno vozilo",25
"2024-10-25 00:00",0,"Tovorno vozilo s prikolico",1
"2024-10-25 12:00",0,"Osebni avtomobil",589
"2024-10-25 12:00",0,"Kombinirano vozilo",32
"2024-10-25 12:00",0,"Težje tovorno vozilo",19
"2024-10-25 12:00",0,"Tovorno vozilo s prikolico",1
"2024-10-25 12:00",1,"Osebni avtomobil",414
"2024-10-25 12:00",1,"Kombinirano vozilo",26
"2024-10-25 12:00",1,"Težje tovorno vozilo",11
"2024-10-26 00:00",1,"Osebni avtomobil",294
"2024-10-26 00:00",1,"Kombinirano vozilo",22
"2024-10-26 00:00",1,"Težje tovorno vozilo",6
"2024-10-26 00:00",0,"Osebni avtomobil",178
"2024-10-26 00:00",0,"Kombinirano vozilo",21
"2024-10-26 00:00",0,"Težje tovorno vozilo",7
"2024-10-26 12:00",0,"Osebni avtomobil",455
"2024-10-26 12:00",0,"Kombinirano vozilo",22
"2024-10-26 12:00",0,"Težje tovorno vozilo",7
"2024-10-26 12:00",1,"Osebni avtomobil",388
"2024-10-26 12:00",1,"Kombinirano vozilo",18
"2024-10-26 12:00",1,"Težje tovorno vozilo",1
"2024-10-27 00:00",1,"Osebni avtomobil",232
"2024-10-27 00:00",1,"Kombinirano vozilo",4
"2024-10-27 00:00",1,"Težje tovorno vozilo",2
"2024-10-27 00:00",0,"Osebni avtomobil",165
"2024-10-27 00:00",0,"Kombinirano vozilo",9
"2024-10-27 00:00",0,"Težje tovorno vozilo",1
"2024-10-27 12:00",0,"Osebni avtomobil",346
"2024-10-27 12:00",0,"Kombinirano vozilo",21
"2024-10-27 12:00",0,"Težje tovorno vozilo",4
"2024-10-27 12:00",1,"Osebni avtomobil",323
"2024-10-27 12:00",1,"Kombinirano vozilo",8
"2024-10-27 12:00",1,"Težje tovorno vozilo",3
"2024-10-28 00:00",1,"Osebni avtomobil",503
"2024-10-28 00:00",1,"Kombinirano vozilo",28
"2024-10-28 00:00",1,"Težje tovorno vozilo",7
"2024-10-28 00:00",0,"Osebni avtomobil",194
"2024-10-28 00:00",0,"Kombinirano vozilo",27
"2024-10-28 00:00",0,"Težje tovorno vozilo",16
"2024-10-28 12:00",0,"Osebni avtomobil",509
"2024-10-28 12:00",0,"Kombinirano vozilo",39
"2024-10-28 12:00",0,"Težje tovorno vozilo",24
"2024-10-28 12:00",1,"Osebni avtomobil",362
"2024-10-28 12:00",1,"Kombinirano vozilo",31
"2024-10-28 12:00",1,"Težje tovorno vozilo",11
"2024-10-29 00:00",1,"Osebni avtomobil",490
"2024-10-29 00:00",1,"Kombinirano vozilo",30
"2024-10-29 00:00",1,"Težje tovorno vozilo",17
"2024-10-29 00:00",1,"Tovorno vozilo s prikolico",2
"2024-10-29 00:00",0,"Osebni avtomobil",200
"2024-10-29 00:00",0,"Kombinirano vozilo",31
"2024-10-29 00:00",0,"Težje tovorno vozilo",24
"2024-10-29 00:00",0,"Tovorno vozilo s prikolico",1
"2024-10-29 12:00",0,"Osebni avtomobil",533
"2024-10-29 12:00",0,"Kombinirano vozilo",43
"2024-10-29 12:00",0,"Težje tovorno vozilo",17
"2024-10-29 12:00",0,"Tovorno vozilo s prikolico",3
"2024-10-29 12:00",1,"Osebni avtomobil",357
"2024-10-29 12:00",1,"Kombinirano vozilo",25
"2024-10-29 12:00",1,"Težje tovorno vozilo",9
"2024-10-29 12:00",1,"Tovorno vozilo s prikolico",1
"2024-10-30 00:00",1,"Osebni avtomobil",481
"2024-10-30 00:00",1,"Kombinirano vozilo",35
"2024-10-30 00:00",1,"Težje tovorno vozilo",13
"2024-10-30 00:00",1,"Tovorno vozilo s prikolico",1
"2024-10-30 00:00",0,"Osebni avtomobil",235
"2024-10-30 00:00",0,"Kombinirano vozilo",32
"2024-10-30 00:00",0,"Težje tovorno vozilo",15
"2024-10-30 12:00",0,"Osebni avtomobil",544
"2024-10-30 12:00",0,"Kombinirano vozilo",50
"2024-10-30 12:00",0,"Težje tovorno vozilo",17
"2024-10-30 12:00",1,"Osebni avtomobil",419
"2024-10-30 12:00",1,"Kombinirano vozilo",36
"2024-10-30 12:00",1,"Težje tovorno vozilo",14
"2024-10-31 00:00",1,"Osebni avtomobil",260
"2024-10-31 00:00",1,"Kombinirano vozilo",7
"2024-10-31 00:00",1,"Težje tovorno vozilo",1
"2024-10-31 00:00",0,"Osebni avtomobil",175
"2024-10-31 00:00",0,"Kombinirano vozilo",15
"2024-10-31 00:00",0,"Težje tovorno vozilo",2
"2024-10-31 12:00",0,"Osebni avtomobil",417
"2024-10-31 12:00",0,"Kombinirano vozilo",18
"2024-10-31 12:00",0,"Težje tovorno vozilo",5
"2024-10-31 12:00",1,"Osebni avtomobil",352
"2024-10-31 12:00",1,"Kombinirano vozilo",15
"2024-10-31 12:00",1,"Težje tovorno vozilo",3
"2024-11-01 00:00",1,"Osebni avtomobil",204
"2024-11-01 00:00",1,"Kombinirano vozilo",5
"2024-11-01 00:00",1,"Težje tovorno vozilo",3
"2024-11-01 00:00",0,"Osebni avtomobil",195
"2024-11-01 00:00",0,"Kombinirano vozilo",7
"2024-11-01 00:00",0,"Težje tovorno vozilo",2
"2024-11-01 12:00",0,"Osebni avtomobil",389
"2024-11-01 12:00",0,"Kombinirano vozilo",11
"2024-11-01 12:00",0,"Težje tovorno vozilo",4
"2024-11-01 12:00",1,"Osebni avtomobil",330
"2024-11-01 12:00",1,"Kombinirano vozilo",8
"2024-11-02 00:00",1,"Osebni avtomobil",302
"2024-11-02 00:00",1,"Kombinirano vozilo",13
"2024-11-02 00:00",1,"Težje tovorno vozilo",4
"2024-11-02 00:00",0,"Osebni avtomobil",192
"2024-11-02 00:00",0,"Kombinirano vozilo",15
"2024-11-02 00:00",0,"Težje tovorno vozilo",3
"2024-11-02 12:00",0,"Osebni avtomobil",408
"2024-11-02 12:00",0,"Kombinirano vozilo",20
"2024-11-02 12:00",0,"Težje tovorno vozilo",5
"2024-11-02 12:00",1,"Osebni avtomobil",312
"2024-11-02 12:00",1,"Kombinirano vozilo",12
"2024-11-02 12:00",1,"Težje tovorno vozilo",2
"2024-11-03 00:00",1,"Osebni avtomobil",177
"2024-11-03 00:00",1,"Težje tovorno vozilo",5
"2024-11-03 00:00",1,"Kombinirano vozilo",4
"2024-11-03 00:00",0,"Osebni avtomobil",126
"2024-11-03 00:00",0,"Kombinirano vozilo",9
"2024-11-03 00:00",0,"Težje tovorno vozilo",4
"2024-11-03 12:00",0,"Osebni avtomobil",304
"2024-11-03 12:00",0,"Težje tovorno vozilo",17
"2024-11-03 12:00",0,"Kombinirano vozilo",14
"2024-11-03 12:00",1,"Osebni avtomobil",272
"2024-11-03 12:00",1,"Kombinirano vozilo",14
"2024-11-03 12:00",1,"Težje tovorno vozilo",13
"2024-11-04 00:00",1,"Osebni avtomobil",537
"2024-11-04 00:00",1,"Kombinirano vozilo",36
"2024-11-04 00:00",1,"Težje tovorno vozilo",8
"2024-11-04 00:00",1,"Tovorno vozilo s prikolico",1
"2024-11-04 00:00",0,"Osebni avtomobil",213
"2024-11-04 00:00",0,"Kombinirano vozilo",38
"2024-11-04 00:00",0,"Težje tovorno vozilo",16
"2024-11-04 00:00",0,"Tovorno vozilo s prikolico",2
"2024-11-04 12:00",0,"Osebni avtomobil",538
"2024-11-04 12:00",0,"Kombinirano vozilo",29
"2024-11-04 12:00",0,"Težje tovorno vozilo",25
"2024-11-04 12:00",1,"Osebni avtomobil",354
"2024-11-04 12:00",1,"Kombinirano vozilo",37
"2024-11-04 12:00",1,"Težje tovorno vozilo",13
"2024-11-05 00:00",1,"Osebni avtomobil",543
"2024-11-05 00:00",1,"Kombinirano vozilo",35
"2024-11-05 00:00",1,"Težje tovorno vozilo",13
"2024-11-05 00:00",1,"Tovorno vozilo s prikolico",1
"2024-11-05 00:00",0,"Osebni avtomobil",175
"2024-11-05 00:00",0,"Kombinirano vozilo",37
"2024-11-05 00:00",0,"Težje tovorno vozilo",17
"2024-11-05 00:00",0,"Tovorno vozilo s prikolico",1
"2024-11-05 12:00",0,"Osebni avtomobil",566
"2024-11-05 12:00",0,"Kombinirano vozilo",35
"2024-11-05 12:00",0,"Težje tovorno vozilo",17
"2024-11-05 12:00",0,"Tovorno vozilo s prikolico",1
"2024-11-05 12:00",1,"Osebni avtomobil",354
"2024-11-05 12:00",1,"Kombinirano vozilo",30
"2024-11-05 12:00",1,"Težje tovorno vozilo",10
"2024-11-06 00:00",1,"Osebni avtomobil",559
"2024-11-06 00:00",1,"Kombinirano vozilo",31
"2024-11-06 00:00",1,"Težje tovorno vozilo",16
"2024-11-06 00:00",1,"Tovorno vozilo s prikolico",1
"2024-11-06 00:00",0,"Osebni avtomobil",180
"2024-11-06 00:00",0,"Kombinirano vozilo",41
"2024-11-06 00:00",0,"Težje tovorno vozilo",25
"2024-11-06 00:00",0,"Tovorno vozilo s prikolico",1
"2024-11-06 12:00",0,"Osebni avtomobil",573
"2024-11-06 12:00",0,"Kombinirano vozilo",38
"2024-11-06 12:00",0,"Težje tovorno vozilo",22
"2024-11-06 12:00",0,"Tovorno vozilo s prikolico",1
"2024-11-06 12:00",1,"Osebni avtomobil",359
"2024-11-06 12:00",1,"Kombinirano vozilo",34
"2024-11-06 12:00",1,"Težje tovorno vozilo",14
"2024-11-07 00:00",1,"Osebni avtomobil",563
"2024-11-07 00:00",1,"Kombinirano vozilo",39
"2024-11-07 00:00",1,"Težje tovorno vozilo",14
"2024-11-07 00:00",1,"Tovorno vozilo s prikolico",2
"2024-11-07 00:00",0,"Osebni avtomobil",174
"2024-11-07 00:00",0,"Kombinirano vozilo",45
"2024-11-07 00:00",0,"Težje tovorno vozilo",16
"2024-11-07 00:00",0,"Tovorno vozilo s prikolico",1
"2024-11-07 12:00",0,"Osebni avtomobil",581
"2024-11-07 12:00",0,"Kombinirano vozilo",43
"2024-11-07 12:00",0,"Težje tovorno vozilo",16
"2024-11-07 12:00",0,"Tovorno vozilo s prikolico",2
"2024-11-07 12:00",1,"Osebni avtomobil",353
"2024-11-07 12:00",1,"Kombinirano vozilo",29
"2024-11-07 12:00",1,"Težje tovorno vozilo",10
"2024-11-08 00:00",1,"Osebni avtomobil",524
"2024-11-08 00:00",1,"Kombinirano vozilo",36
"2024-11-08 00:00",1,"Težje tovorno vozilo",24
"2024-11-08 00:00",1,"Tovorno vozilo s prikolico",1
"2024-11-08 00:00",0,"Osebni avtomobil",191
"2024-11-08 00:00",0,"Kombinirano vozilo",39
"2024-11-08 00:00",0,"Težje tovorno vozilo",25
"2024-11-08 00:00",0,"Tovorno vozilo s prikolico",2
"2024-11-08 12:00",0,"Osebni avtomobil",586
"2024-11-08 12:00",0,"Kombinirano vozilo",49
"2024-11-08 12:00",0,"Težje tovorno vozilo",21
"2024-11-08 12:00",1,"Osebni avtomobil",371
"2024-11-08 12:00",1,"Kombinirano vozilo",39
"2024-11-08 12:00",1,"Težje tovorno vozilo",13
"2024-11-09 00:00",1,"Osebni avtomobil",308
"2024-11-09 00:00",1,"Kombinirano vozilo",33
"2024-11-09 00:00",1,"Težje tovorno vozilo",7
"2024-11-09 00:00",0,"Osebni avtomobil",182
"2024-11-09 00:00",0,"Kombinirano vozilo",33
"2024-11-09 00:00",0,"Težje tovorno vozilo",6
"2024-11-09 12:00",0,"Osebni avtomobil",416
"2024-11-09 12:00",0,"Kombinirano vozilo",20
"2024-11-09 12:00",0,"Težje tovorno vozilo",15
"2024-11-09 12:00",1,"Osebni avtomobil",312
"2024-11-09 12:00",1,"Kombinirano vozilo",15
"2024-11-09 12:00",1,"Težje tovorno vozilo",5
"2024-11-10 00:00",1,"Osebni avtomobil",170
"2024-11-10 00:00",1,"Kombinirano vozilo",10
"2024-11-10 00:00",1,"Težje tovorno vozilo",5
"2024-11-10 00:00",0,"Osebni avtomobil",126
"2024-11-10 00:00",0,"Kombinirano vozilo",12
"2024-11-10 00:00",0,"Težje tovorno vozilo",5
"2024-11-10 12:00",0,"Osebni avtomobil",314
"2024-11-10 12:00",0,"Kombinirano vozilo",21
"2024-11-10 12:00",0,"Težje tovorno vozilo",4
"2024-11-10 12:00",1,"Osebni avtomobil",245
"2024-11-10 12:00",1,"Kombinirano vozilo",12
"2024-11-10 12:00",1,"Težje tovorno vozilo",4
"2024-11-11 00:00",1,"Osebni avtomobil",506
"2024-11-11 00:00",1,"Kombinirano vozilo",34
"2024-11-11 00:00",1,"Težje tovorno vozilo",19
"2024-11-11 00:00",1,"Tovorno vozilo s prikolico",1
"2024-11-11 00:00",0,"Osebni avtomobil",192
"2024-11-11 00:00",0,"Kombinirano vozilo",30
"2024-11-11 00:00",0,"Težje tovorno vozilo",22
"2024-11-11 00:00",0,"Tovorno vozilo s prikolico",2
"2024-11-11 12:00",0,"Osebni avtomobil",526
"2024-11-11 12:00",0,"Kombinirano vozilo",42
"2024-11-11 12:00",0,"Težje tovorno vozilo",26
"2024-11-11 12:00",1,"Osebni avtomobil",322
"2024-11-11 12:00",1,"Kombinirano vozilo",25
"2024-11-11 12:00",1,"Težje tovorno vozilo",17
"2024-11-12 00:00",1,"Osebni avtomobil",506
"2024-11-12 00:00",1,"Kombinirano vozilo",43
"2024-11-12 00:00",1,"Težje tovorno vozilo",20
"2024-11-12 00:00",1,"Tovorno vozilo s prikolico",2
"2024-11-12 00:00",0,"Osebni avtomobil",167
"2024-11-12 00:00",0,"Kombinirano vozilo",32
"2024-11-12 00:00",0,"Težje tovorno vozilo",19
"2024-11-12 12:00",0,"Osebni avtomobil",562
"2024-11-12 12:00",0,"Kombinirano vozilo",53
"2024-11-12 12:00",0,"Težje tovorno vozilo",15
"2024-11-12 12:00",0,"Tovorno vozilo s prikolico",2
"2024-11-12 12:00",1,"Osebni avtomobil",368
"2024-11-12 12:00",1,"Kombinirano vozilo",41
"2024-11-12 12:00",1,"Težje tovorno vozilo",12
"2024-11-13 00:00",1,"Osebni avtomobil",466
"2024-11-13 00:00",1,"Kombinirano vozilo",37
"2024-11-13 00:00",1,"Težje tovorno vozilo",19
"2024-11-13 00:00",1,"Tovorno vozilo s prikolico",1
"2024-11-13 00:00",0,"Osebni avtomobil",191
"2024-11-13 00:00",0,"Kombinirano vozilo",34
"2024-11-13 00:00",0,"Težje tovorno vozilo",28
"2024-11-13 00:00",0,"Tovorno vozilo s prikolico",1
"2024-11-13 12:00",0,"Osebni avtomobil",550
"2024-11-13 12:00",0,"Kombinirano vozilo",48
"2024-11-13 12:00",0,"Težje tovorno vozilo",15
"2024-11-13 12:00",0,"Tovorno vozilo s prikolico",1
"2024-11-13 12:00",1,"Osebni avtomobil",289
"2024-11-13 12:00",1,"Kombinirano vozilo",29
"2024-11-13 12:00",1,"Težje tovorno vozilo",12
"2024-11-14 00:00",1,"Osebni avtomobil",472
"2024-11-14 00:00",1,"Kombinirano vozilo",32
"2024-11-14 00:00",1,"Težje tovorno vozilo",20
"2024-11-14 00:00",1,"Tovorno vozilo s prikolico",1
"2024-11-14 00:00",0,"Osebni avtomobil",190
"2024-11-14 00:00",0,"Kombinirano vozilo",38
"2024-11-14 00:00",0,"Težje tovorno vozilo",16
"2024-11-14 00:00",0,"Tovorno vozilo s prikolico",2
"2024-11-14 12:00",0,"Osebni avtomobil",561
"2024-11-14 12:00",0,"Kombinirano vozilo",44
"2024-11-14 12:00",0,"Težje tovorno vozilo",23
"2024-11-14 12:00",0,"Tovorno vozilo s prikolico",1
"2024-11-14 12:00",1,"Osebni avtomobil",353
"2024-11-14 12:00",1,"Kombinirano vozilo",32
"2024-11-14 12:00",1,"Težje tovorno vozilo",22
"2024-11-14 12:00",1,"Tovorno vozilo s prikolico",1
"2024-11-15 00:00",1,"Osebni avtomobil",500
"2024-11-15 00:00",1,"Kombinirano vozilo",35
"2024-11-15 00:00",1,"Težje tovorno vozilo",18
"2024-11-15 00:00",1,"Tovorno vozilo s prikolico",2
"2024-11-15 00:00",0,"Osebni avtomobil",180
"2024-11-15 00:00",0,"Kombinirano vozilo",29
"2024-11-15 00:00",0,"Težje tovorno vozilo",24
"2024-11-15 00:00",0,"Tovorno vozilo s prikolico",1
"2024-11-15 12:00",0,"Osebni avtomobil",672
"2024-11-15 12:00",0,"Kombinirano vozilo",55
"2024-11-15 12:00",0,"Težje tovorno vozilo",16
"2024-11-15 12:00",1,"Osebni avtomobil",483
"2024-11-15 12:00",1,"Kombinirano vozilo",34
"2024-11-15 12:00",1,"Težje tovorno vozilo",8
"2024-11-16 00:00",1,"Osebni avtomobil",335
"2024-11-16 00:00",1,"Kombinirano vozilo",25
"2024-11-16 00:00",1,"Težje tovorno vozilo",7
"2024-11-16 00:00",0,"Osebni avtomobil",201
"2024-11-16 00:00",0,"Kombinirano vozilo",25
"2024-11-16 00:00",0,"Težje tovorno vozilo",10
"2024-11-16 12:00",0,"Osebni avtomobil",472
"2024-11-16 12:00",0,"Kombinirano vozilo",28
"2024-11-16 12:00",0,"Težje tovorno vozilo",8
"2024-11-16 12:00",1,"Osebni avtomobil",382
"2024-11-16 12:00",1,"Kombinirano vozilo",18
"2024-11-16 12:00",1,"Težje tovorno vozilo",7
"2024-11-17 00:00",1,"Osebni avtomobil",197
"2024-11-17 00:00",1,"Kombinirano vozilo",13
"2024-11-17 00:00",1,"Težje tovorno vozilo",2
"2024-11-17 00:00",0,"Osebni avtomobil",144
"2024-11-17 00:00",0,"Kombinirano vozilo",8
"2024-11-17 12:00",0,"Osebni avtomobil",275
"2024-11-17 12:00",0,"Kombinirano vozilo",14
"2024-11-17 12:00",0,"Težje tovorno vozilo",5
"2024-11-17 12:00",1,"Osebni avtomobil",273
"2024-11-17 12:00",1,"Kombinirano vozilo",10
"2024-11-17 12:00",1,"Težje tovorno vozilo",2
"2024-11-18 00:00",1,"Osebni avtomobil",537
"2024-11-18 00:00",1,"Kombinirano vozilo",44
"2024-11-18 00:00",1,"Težje tovorno vozilo",15
"2024-11-18 00:00",1,"Tovorno vozilo s prikolico",2
"2024-11-18 00:00",0,"Osebni avtomobil",214
"2024-11-18 00:00",0,"Kombinirano vozilo",27
"2024-11-18 00:00",0,"Težje tovorno vozilo",21
"2024-11-18 12:00",0,"Osebni avtomobil",623
"2024-11-18 12:00",0,"Kombinirano vozilo",40
"2024-11-18 12:00",0,"Težje tovorno vozilo",22
"2024-11-18 12:00",0,"Tovorno vozilo s prikolico",1
"2024-11-18 12:00",1,"Osebni avtomobil",407
"2024-11-18 12:00",1,"Kombinirano vozilo",23
"2024-11-18 12:00",1,"Težje tovorno vozilo",16
"2024-11-19 00:00",1,"Osebni avtomobil",537
"2024-11-19 00:00",1,"Kombinirano vozilo",32
"2024-11-19 00:00",1,"Težje tovorno vozilo",14
"2024-11-19 00:00",1,"Tovorno vozilo s prikolico",2
"2024-11-19 00:00",0,"Osebni avtomobil",169
"2024-11-19 00:00",0,"Kombinirano vozilo",32
"2024-11-19 00:00",0,"Težje tovorno vozilo",17
"2024-11-19 00:00",0,"Tovorno vozilo s prikolico",2
"2024-11-19 12:00",0,"Osebni avtomobil",575
"2024-11-19 12:00",0,"Kombinirano vozilo",44
"2024-11-19 12:00",0,"Težje tovorno vozilo",21
"2024-11-19 12:00",0,"Tovorno vozilo s prikolico",1
"2024-11-19 12:00",1,"Osebni avtomobil",368
"2024-11-19 12:00",1,"Kombinirano vozilo",33
"2024-11-19 12:00",1,"Težje tovorno vozilo",18
"2024-11-20 00:00",1,"Osebni avtomobil",512
"2024-11-20 00:00",1,"Kombinirano vozilo",43
"2024-11-20 00:00",1,"Težje tovorno vozilo",16
"2024-11-20 00:00",1,"Tovorno vozilo s prikolico",4
"2024-11-20 00:00",0,"Osebni avtomobil",141
"2024-11-20 00:00",0,"Težje tovorno vozilo",16
"2024-11-20 00:00",0,"Kombinirano vozilo",15
"2024-11-20 12:00",0,"Osebni avtomobil",544
"2024-11-20 12:00",0,"Kombinirano vozilo",36
"2024-11-20 12:00",0,"Težje tovorno vozilo",21
"2024-11-20 12:00",1,"Osebni avtomobil",336
"2024-11-20 12:00",1,"Kombinirano vozilo",25
"2024-11-20 12:00",1,"Težje tovorno vozilo",10
"2024-11-21 00:00",1,"Osebni avtomobil",519
"2024-11-21 00:00",1,"Kombinirano vozilo",38
"2024-11-21 00:00",1,"Težje tovorno vozilo",16
"2024-11-21 00:00",1,"Tovorno vozilo s prikolico",1
"2024-11-21 00:00",0,"Osebni avtomobil",188
"2024-11-21 00:00",0,"Kombinirano vozilo",39
"2024-11-21 00:00",0,"Težje tovorno vozilo",13
"2024-11-21 00:00",0,"Tovorno vozilo s prikolico",1
"2024-11-21 12:00",0,"Osebni avtomobil",546
"2024-11-21 12:00",0,"Kombinirano vozilo",45
"2024-11-21 12:00",0,"Težje tovorno vozilo",20
"2024-11-21 12:00",0,"Tovorno vozilo s prikolico",2
"2024-11-21 12:00",1,"Osebni avtomobil",349
"2024-11-21 12:00",1,"Kombinirano vozilo",29
"2024-11-21 12:00",1,"Težje tovorno vozilo",16
"2024-11-21 12:00",1,"Tovorno vozilo s prikolico",1
"2024-11-22 00:00",1,"Osebni avtomobil",390
"2024-11-22 00:00",1,"Kombinirano vozilo",26
"2024-11-22 00:00",1,"Težje tovorno vozilo",7
"2024-11-22 00:00",1,"Tovorno vozilo s prikolico",1
"2024-11-22 00:00",0,"Osebni avtomobil",137
"2024-11-22 00:00",0,"Kombinirano vozilo",30
"2024-11-22 00:00",0,"Težje tovorno vozilo",13
"2024-11-22 00:00",0,"Tovorno vozilo s prikolico",1
"2024-11-22 12:00",0,"Osebni avtomobil",597
"2024-11-22 12:00",0,"Kombinirano vozilo",44
"2024-11-22 12:00",0,"Težje tovorno vozilo",21
"2024-11-22 12:00",0,"Nerazpoznana vozila",1
"2024-11-22 12:00",1,"Osebni avtomobil",427
"2024-11-22 12:00",1,"Kombinirano vozilo",32
"2024-11-22 12:00",1,"Težje tovorno vozilo",16
"2024-11-22 12:00",1,"Tovorno vozilo s prikolico",1
"2024-11-23 00:00",1,"Osebni avtomobil",306
"2024-11-23 00:00",1,"Kombinirano vozilo",15
"2024-11-23 00:00",1,"Težje tovorno vozilo",6
"2024-11-23 00:00",0,"Osebni avtomobil",172
"2024-11-23 00:00",0,"Kombinirano vozilo",21
"2024-11-23 00:00",0,"Težje tovorno vozilo",1
"2024-11-23 12:00",0,"Osebni avtomobil",451
"2024-11-23 12:00",0,"Kombinirano vozilo",27
"2024-11-23 12:00",0,"Težje tovorno vozilo",4
"2024-11-23 12:00",1,"Osebni avtomobil",359
"2024-11-23 12:00",1,"Kombinirano vozilo",19
"2024-11-23 12:00",1,"Težje tovorno vozilo",3
"2024-11-24 00:00",1,"Osebni avtomobil",137
"2024-11-24 00:00",1,"Kombinirano vozilo",13
"2024-11-24 00:00",1,"Težje tovorno vozilo",2
"2024-11-24 00:00",0,"Osebni avtomobil",126
"2024-11-24 00:00",0,"Kombinirano vozilo",8
"2024-11-24 12:00",0,"Osebni avtomobil",294
"2024-11-24 12:00",0,"Kombinirano vozilo",16
"2024-11-24 12:00",0,"Težje tovorno vozilo",4
"2024-11-24 12:00",1,"Osebni avtomobil",259
"2024-11-24 12:00",1,"Kombinirano vozilo",9
"2024-11-24 12:00",1,"Težje tovorno vozilo",4
"2024-11-25 00:00",1,"Osebni avtomobil",517
"2024-11-25 00:00",1,"Kombinirano vozilo",41
"2024-11-25 00:00",1,"Težje tovorno vozilo",12
"2024-11-25 00:00",1,"Tovorno vozilo s prikolico",1
"2024-11-25 00:00",0,"Osebni avtomobil",190
"2024-11-25 00:00",0,"Kombinirano vozilo",29
"2024-11-25 00:00",0,"Težje tovorno vozilo",10
"2024-11-25 12:00",0,"Osebni avtomobil",530
"2024-11-25 12:00",0,"Kombinirano vozilo",47
"2024-11-25 12:00",0,"Težje tovorno vozilo",17
"2024-11-25 12:00",0,"Tovorno vozilo s prikolico",1
"2024-11-25 12:00",1,"Osebni avtomobil",354
"2024-11-25 12:00",1,"Kombinirano vozilo",23
"2024-11-25 12:00",1,"Težje tovorno vozilo",10
"2024-11-26 00:00",1,"Osebni avtomobil",515
"2024-11-26 00:00",1,"Kombinirano vozilo",31
"2024-11-26 00:00",1,"Težje tovorno vozilo",15
"2024-11-26 00:00",1,"Tovorno vozilo s prikolico",1
"2024-11-26 00:00",0,"Osebni avtomobil",186
"2024-11-26 00:00",0,"Kombinirano vozilo",32
"2024-11-26 00:00",0,"Težje tovorno vozilo",16
"2024-11-26 12:00",0,"Osebni avtomobil",570
"2024-11-26 12:00",0,"Kombinirano vozilo",34
"2024-11-26 12:00",0,"Težje tovorno vozilo",19
"2024-11-26 12:00",0,"Tovorno vozilo s prikolico",1
"2024-11-26 12:00",1,"Osebni avtomobil",339
"2024-11-26 12:00",1,"Kombinirano vozilo",22
"2024-11-26 12:00",1,"Težje tovorno vozilo",15
"2024-11-27 00:00",1,"Osebni avtomobil",507
"2024-11-27 00:00",1,"Kombinirano vozilo",39
"2024-11-27 00:00",1,"Težje tovorno vozilo",7
"2024-11-27 00:00",0,"Osebni avtomobil",164
"2024-11-27 00:00",0,"Težje tovorno vozilo",20
"2024-11-27 00:00",0,"Kombinirano vozilo",14
"2024-11-27 00:00",0,"Tovorno vozilo s prikolico",1
"2024-11-27 12:00",0,"Osebni avtomobil",552
"2024-11-27 12:00",0,"Kombinirano vozilo",20
"2024-11-27 12:00",0,"Težje tovorno vozilo",18
"2024-11-27 12:00",0,"Tovorno vozilo s prikolico",1
"2024-11-27 12:00",1,"Osebni avtomobil",309
"2024-11-27 12:00",1,"Kombinirano vozilo",21
"2024-11-27 12:00",1,"Težje tovorno vozilo",20
"2024-11-28 00:00",1,"Osebni avtomobil",528
"2024-11-28 00:00",1,"Kombinirano vozilo",28
"2024-11-28 00:00",1,"Težje tovorno vozilo",21
"2024-11-28 00:00",0,"Osebni avtomobil",185
"2024-11-28 00:00",0,"Kombinirano vozilo",23
"2024-11-28 00:00",0,"Težje tovorno vozilo",14
"2024-11-28 00:00",0,"Tovorno vozilo s prikolico",2
"2024-11-28 12:00",0,"Osebni avtomobil",703
"2024-11-28 12:00",0,"Kombinirano vozilo",46
"2024-11-28 12:00",0,"Težje tovorno vozilo",19
"2024-11-28 12:00",1,"Osebni avtomobil",447
"2024-11-28 12:00",1,"Kombinirano vozilo",22
"2024-11-28 12:00",1,"Težje tovorno vozilo",13
"2024-11-29 00:00",1,"Osebni avtomobil",494
"2024-11-29 00:00",1,"Kombinirano vozilo",30
"2024-11-29 00:00",1,"Težje tovorno vozilo",12
"2024-11-29 00:00",1,"Tovorno vozilo s prikolico",1
"2024-11-29 00:00",0,"Osebni avtomobil",219
"2024-11-29 00:00",0,"Kombinirano vozilo",26
"2024-11-29 00:00",0,"Težje tovorno vozilo",13
"2024-11-29 00:00",0,"Tovorno vozilo s prikolico",2
"2024-11-29 12:00",0,"Osebni avtomobil",656
"2024-11-29 12:00",0,"Kombinirano vozilo",40
"2024-11-29 12:00",0,"Težje tovorno vozilo",16
"2024-11-29 12:00",0,"Tovorno vozilo s prikolico",1
"2024-11-29 12:00",1,"Osebni avtomobil",435
"2024-11-29 12:00",1,"Kombinirano vozilo",41
"2024-11-29 12:00",1,"Težje tovorno vozilo",6
"2024-11-29 12:00",1,"Tovorno vozilo s prikolico",1
"2024-11-30 00:00",1,"Osebni avtomobil",341
"2024-11-30 00:00",1,"Kombinirano vozilo",18
"2024-11-30 00:00",1,"Težje tovorno vozilo",6
"2024-11-30 00:00",1,"Tovorno vozilo s prikolico",1
"2024-11-30 00:00",0,"Osebni avtomobil",176
"2024-11-30 00:00",0,"Kombinirano vozilo",17
"2024-11-30 00:00",0,"Težje tovorno vozilo",8
"2024-11-30 12:00",0,"Osebni avtomobil",467
"2024-11-30 12:00",0,"Kombinirano vozilo",30
"2024-11-30 12:00",0,"Težje tovorno vozilo",5
"2024-11-30 12:00",1,"Osebni avtomobil",398
"2024-11-30 12:00",1,"Kombinirano vozilo",17
"2024-11-30 12:00",1,"Težje tovorno vozilo",2
"2024-12-01 00:00",1,"Osebni avtomobil",198
"2024-12-01 00:00",1,"Kombinirano vozilo",3
"2024-12-01 00:00",0,"Osebni avtomobil",160
"2024-12-01 00:00",0,"Kombinirano vozilo",13
"2024-12-01 12:00",0,"Osebni avtomobil",391
"2024-12-01 12:00",0,"Kombinirano vozilo",20
"2024-12-01 12:00",0,"Težje tovorno vozilo",5
"2024-12-01 12:00",1,"Osebni avtomobil",338
"2024-12-01 12:00",1,"Kombinirano vozilo",11
"2024-12-01 12:00",1,"Težje tovorno vozilo",6
"2024-12-02 00:00",1,"Osebni avtomobil",502
"2024-12-02 00:00",1,"Kombinirano vozilo",41
"2024-12-02 00:00",1,"Težje tovorno vozilo",14
"2024-12-02 00:00",1,"Tovorno vozilo s prikolico",1
"2024-12-02 00:00",0,"Osebni avtomobil",179
"2024-12-02 00:00",0,"Kombinirano vozilo",34
"2024-12-02 00:00",0,"Težje tovorno vozilo",24
"2024-12-02 12:00",0,"Osebni avtomobil",533
"2024-12-02 12:00",0,"Kombinirano vozilo",34
"2024-12-02 12:00",0,"Težje tovorno vozilo",16
"2024-12-02 12:00",0,"Tovorno vozilo s prikolico",1
"2024-12-02 12:00",1,"Osebni avtomobil",353
"2024-12-02 12:00",1,"Kombinirano vozilo",28
"2024-12-02 12:00",1,"Težje tovorno vozilo",8
"2024-12-03 00:00",1,"Osebni avtomobil",486
"2024-12-03 00:00",1,"Kombinirano vozilo",28
"2024-12-03 00:00",1,"Težje tovorno vozilo",14
"2024-12-03 00:00",1,"Tovorno vozilo s prikolico",1
"2024-12-03 00:00",0,"Osebni avtomobil",166
"2024-12-03 00:00",0,"Kombinirano vozilo",33
"2024-12-03 00:00",0,"Težje tovorno vozilo",14
"2024-12-03 00:00",0,"Tovorno vozilo s prikolico",3
"2024-12-03 12:00",0,"Osebni avtomobil",510
"2024-12-03 12:00",0,"Kombinirano vozilo",50
"2024-12-03 12:00",0,"Težje tovorno vozilo",15
"2024-12-03 12:00",1,"Osebni avtomobil",312
"2024-12-03 12:00",1,"Kombinirano vozilo",27
"2024-12-03 12:00",1,"Težje tovorno vozilo",16
"2024-12-04 00:00",1,"Osebni avtomobil",478
"2024-12-04 00:00",1,"Kombinirano vozilo",30
"2024-12-04 00:00",1,"Težje tovorno vozilo",15
"2024-12-04 00:00",0,"Osebni avtomobil",186
"2024-12-04 00:00",0,"Kombinirano vozilo",31
"2024-12-04 00:00",0,"Težje tovorno vozilo",19
"2024-12-04 00:00",0,"Tovorno vozilo s prikolico",1
"2024-12-04 12:00",0,"Osebni avtomobil",646
"2024-12-04 12:00",0,"Kombinirano vozilo",32
"2024-12-04 12:00",0,"Težje tovorno vozilo",15
"2024-12-04 12:00",0,"Tovorno vozilo s prikolico",2
"2024-12-04 12:00",1,"Osebni avtomobil",377
"2024-12-04 12:00",1,"Kombinirano vozilo",33
"2024-12-04 12:00",1,"Težje tovorno vozilo",17
"2024-12-04 12:00",1,"Tovorno vozilo s prikolico",1
"2024-12-05 00:00",1,"Osebni avtomobil",502
"2024-12-05 00:00",1,"Kombinirano vozilo",39
"2024-12-05 00:00",1,"Težje tovorno vozilo",18
"2024-12-05 00:00",1,"Tovorno vozilo s prikolico",1
"2024-12-05 00:00",0,"Osebni avtomobil",179
"2024-12-05 00:00",0,"Kombinirano vozilo",36
"2024-12-05 00:00",0,"Težje tovorno vozilo",21
"2024-12-05 12:00",0,"Osebni avtomobil",600
"2024-12-05 12:00",0,"Kombinirano vozilo",47
"2024-12-05 12:00",0,"Težje tovorno vozilo",18
"2024-12-05 12:00",0,"Tovorno vozilo s prikolico",1
"2024-12-05 12:00",1,"Osebni avtomobil",360
"2024-12-05 12:00",1,"Kombinirano vozilo",31
"2024-12-05 12:00",1,"Težje tovorno vozilo",13
"2024-12-05 12:00",1,"Tovorno vozilo s prikolico",1
"2024-12-06 00:00",1,"Osebni avtomobil",511
"2024-12-06 00:00",1,"Kombinirano vozilo",38
"2024-12-06 00:00",1,"Težje tovorno vozilo",19
"2024-12-06 00:00",1,"Tovorno vozilo s prikolico",2
"2024-12-06 00:00",0,"Osebni avtomobil",188
"2024-12-06 00:00",0,"Kombinirano vozilo",37
"2024-12-06 00:00",0,"Težje tovorno vozilo",20
"2024-12-06 12:00",0,"Osebni avtomobil",541
"2024-12-06 12:00",0,"Kombinirano vozilo",47
"2024-12-06 12:00",0,"Težje tovorno vozilo",14
"2024-12-06 12:00",0,"Tovorno vozilo s prikolico",1
"2024-12-06 12:00",1,"Osebni avtomobil",378
"2024-12-06 12:00",1,"Kombinirano vozilo",29
"2024-12-06 12:00",1,"Težje tovorno vozilo",12
"2024-12-07 00:00",1,"Osebni avtomobil",299
"2024-12-07 00:00",1,"Kombinirano vozilo",23
"2024-12-07 00:00",1,"Težje tovorno vozilo",5
"2024-12-07 00:00",0,"Osebni avtomobil",166
"2024-12-07 00:00",0,"Kombinirano vozilo",19
"2024-12-07 00:00",0,"Težje tovorno vozilo",9
"2024-12-07 12:00",0,"Osebni avtomobil",426
"2024-12-07 12:00",0,"Kombinirano vozilo",26
"2024-12-07 12:00",0,"Težje tovorno vozilo",5
"2024-12-07 12:00",1,"Osebni avtomobil",338
"2024-12-07 12:00",1,"Kombinirano vozilo",17
"2024-12-07 12:00",1,"Težje tovorno vozilo",3
"2024-12-08 00:00",1,"Osebni avtomobil",115
"2024-12-08 00:00",1,"Kombinirano vozilo",14
"2024-12-08 00:00",1,"Težje tovorno vozilo",2
"2024-12-08 00:00",0,"Osebni avtomobil",114
"2024-12-08 00:00",0,"Kombinirano vozilo",13
"2024-12-08 00:00",0,"Težje tovorno vozilo",2
"2024-12-08 12:00",0,"Osebni avtomobil",286
"2024-12-08 12:00",0,"Kombinirano vozilo",18
"2024-12-08 12:00",0,"Težje tovorno vozilo",4
"2024-12-08 12:00",1,"Osebni avtomobil",258
"2024-12-08 12:00",1,"Kombinirano vozilo",13
"2024-12-08 12:00",1,"Težje tovorno vozilo",3
"2024-12-09 00:00",1,"Osebni avtomobil",489
"2024-12-09 00:00",1,"Kombinirano vozilo",30
"2024-12-09 00:00",1,"Težje tovorno vozilo",16
"2024-12-09 00:00",0,"Osebni avtomobil",175
"2024-12-09 00:00",0,"Kombinirano vozilo",26
"2024-12-09 00:00",0,"Težje tovorno vozilo",22
"2024-12-09 00:00",0,"Tovorno vozilo s prikolico",1
"2024-12-09 12:00",0,"Osebni avtomobil",545
"2024-12-09 12:00",0,"Kombinirano vozilo",30
"2024-12-09 12:00",0,"Težje tovorno vozilo",17
"2024-12-09 12:00",1,"Osebni avtomobil",310
"2024-12-09 12:00",1,"Kombinirano vozilo",26
"2024-12-09 12:00",1,"Težje tovorno vozilo",11
"2024-12-10 00:00",1,"Osebni avtomobil",494
"2024-12-10 00:00",1,"Kombinirano vozilo",37
"2024-12-10 00:00",1,"Težje tovorno vozilo",18
"2024-12-10 00:00",0,"Osebni avtomobil",183
"2024-12-10 00:00",0,"Kombinirano vozilo",27
"2024-12-10 00:00",0,"Težje tovorno vozilo",17
"2024-12-10 00:00",0,"Tovorno vozilo s prikolico",1
"2024-12-10 12:00",0,"Osebni avtomobil",513
"2024-12-10 12:00",0,"Kombinirano vozilo",33
"2024-12-10 12:00",0,"Težje tovorno vozilo",18
"2024-12-10 12:00",1,"Osebni avtomobil",335
"2024-12-10 12:00",1,"Kombinirano vozilo",24
"2024-12-10 12:00",1,"Težje tovorno vozilo",10
"2024-12-11 00:00",1,"Osebni avtomobil",522
"2024-12-11 00:00",1,"Kombinirano vozilo",29
"2024-12-11 00:00",1,"Težje tovorno vozilo",17
"2024-12-11 00:00",1,"Tovorno vozilo s prikolico",1
"2024-12-11 00:00",0,"Osebni avtomobil",171
"2024-12-11 00:00",0,"Kombinirano vozilo",30
"2024-12-11 00:00",0,"Težje tovorno vozilo",21
"2024-12-11 12:00",0,"Osebni avtomobil",560
"2024-12-11 12:00",0,"Kombinirano vozilo",37
"2024-12-11 12:00",0,"Težje tovorno vozilo",17
"2024-12-11 12:00",1,"Osebni avtomobil",336
"2024-12-11 12:00",1,"Kombinirano vozilo",23
"2024-12-11 12:00",1,"Težje tovorno vozilo",15
"2024-12-12 00:00",1,"Osebni avtomobil",481
"2024-12-12 00:00",1,"Kombinirano vozilo",30
"2024-12-12 00:00",1,"Težje tovorno vozilo",19
"2024-12-12 00:00",1,"Tovorno vozilo s prikolico",1
"2024-12-12 00:00",0,"Osebni avtomobil",172
"2024-12-12 00:00",0,"Kombinirano vozilo",27
"2024-12-12 00:00",0,"Težje tovorno vozilo",15
"2024-12-12 00:00",0,"Tovorno vozilo s prikolico",1
"2024-12-12 12:00",0,"Osebni avtomobil",516
"2024-12-12 12:00",0,"Kombinirano vozilo",45
"2024-12-12 12:00",0,"Težje tovorno vozilo",18
"2024-12-12 12:00",0,"Tovorno vozilo s prikolico",1
"2024-12-12 12:00",1,"Osebni avtomobil",357
"2024-12-12 12:00",1,"Kombinirano vozilo",26
"2024-12-12 12:00",1,"Težje tovorno vozilo",10
"2024-12-12 12:00",1,"Tovorno vozilo s prikolico",1
"2024-12-13 00:00",1,"Osebni avtomobil",479
"2024-12-13 00:00",1,"Kombinirano vozilo",38
"2024-12-13 00:00",1,"Težje tovorno vozilo",18
"2024-12-13 00:00",1,"Tovorno vozilo s prikolico",1
"2024-12-13 00:00",0,"Osebni avtomobil",166
"2024-12-13 00:00",0,"Kombinirano vozilo",27
"2024-12-13 00:00",0,"Težje tovorno vozilo",18
"2024-12-13 00:00",0,"Tovorno vozilo s prikolico",2
"2024-12-13 12:00",0,"Osebni avtomobil",497
"2024-12-13 12:00",0,"Kombinirano vozilo",38
"2024-12-13 12:00",0,"Težje tovorno vozilo",21
"2024-12-13 12:00",0,"Tovorno vozilo s prikolico",1
"2024-12-13 12:00",1,"Osebni avtomobil",390
"2024-12-13 12:00",1,"Kombinirano vozilo",29
"2024-12-13 12:00",1,"Težje tovorno vozilo",14
"2024-12-14 00:00",1,"Osebni avtomobil",247
"2024-12-14 00:00",1,"Kombinirano vozilo",20
"2024-12-14 00:00",1,"Težje tovorno vozilo",8
"2024-12-14 00:00",1,"Tovorno vozilo s prikolico",1
"2024-12-14 00:00",0,"Osebni avtomobil",173
"2024-12-14 00:00",0,"Kombinirano vozilo",19
"2024-12-14 00:00",0,"Težje tovorno vozilo",7
"2024-12-14 00:00",0,"Tovorno vozilo s prikolico",1
"2024-12-14 12:00",0,"Osebni avtomobil",380
"2024-12-14 12:00",0,"Kombinirano vozilo",29
"2024-12-14 12:00",0,"Težje tovorno vozilo",7
"2024-12-14 12:00",1,"Osebni avtomobil",320
"2024-12-14 12:00",1,"Kombinirano vozilo",11
"2024-12-14 12:00",1,"Težje tovorno vozilo",1
"2024-12-15 00:00",1,"Osebni avtomobil",157
"2024-12-15 00:00",1,"Kombinirano vozilo",7
"2024-12-15 00:00",0,"Osebni avtomobil",129
"2024-12-15 00:00",0,"Kombinirano vozilo",7
"2024-12-15 12:00",0,"Osebni avtomobil",342
"2024-12-15 12:00",0,"Kombinirano vozilo",17
"2024-12-15 12:00",0,"Težje tovorno vozilo",3
"2024-12-15 12:00",1,"Osebni avtomobil",301
"2024-12-15 12:00",1,"Kombinirano vozilo",9
"2024-12-15 12:00",1,"Težje tovorno vozilo",4
"2024-12-16 00:00",1,"Osebni avtomobil",526
"2024-12-16 00:00",1,"Kombinirano vozilo",32
"2024-12-16 00:00",1,"Težje tovorno vozilo",17
"2024-12-16 00:00",1,"Tovorno vozilo s prikolico",2
"2024-12-16 00:00",0,"Osebni avtomobil",201
"2024-12-16 00:00",0,"Kombinirano vozilo",33
"2024-12-16 00:00",0,"Težje tovorno vozilo",19
"2024-12-16 12:00",0,"Osebni avtomobil",527
"2024-12-16 12:00",0,"Kombinirano vozilo",36
"2024-12-16 12:00",0,"Težje tovorno vozilo",15
"2024-12-16 12:00",0,"Tovorno vozilo s prikolico",2
"2024-12-16 12:00",1,"Osebni avtomobil",361
"2024-12-16 12:00",1,"Kombinirano vozilo",29
"2024-12-16 12:00",1,"Težje tovorno vozilo",12
"2024-12-16 12:00",1,"Tovorno vozilo s prikolico",1
"2024-12-17 00:00",1,"Osebni avtomobil",491
"2024-12-17 00:00",1,"Kombinirano vozilo",30
"2024-12-17 00:00",1,"Težje tovorno vozilo",14
"2024-12-17 00:00",1,"Tovorno vozilo s prikolico",1
"2024-12-17 00:00",0,"Osebni avtomobil",183
"2024-12-17 00:00",0,"Kombinirano vozilo",24
"2024-12-17 00:00",0,"Težje tovorno vozilo",19
"2024-12-17 12:00",0,"Osebni avtomobil",580
"2024-12-17 12:00",0,"Kombinirano vozilo",39
"2024-12-17 12:00",0,"Težje tovorno vozilo",14
"2024-12-17 12:00",0,"Tovorno vozilo s prikolico",2
"2024-12-17 12:00",1,"Osebni avtomobil",336
"2024-12-17 12:00",1,"Kombinirano vozilo",22
"2024-12-17 12:00",1,"Težje tovorno vozilo",17
"2024-12-18 00:00",1,"Osebni avtomobil",517
"2024-12-18 00:00",1,"Kombinirano vozilo",26
"2024-12-18 00:00",1,"Težje tovorno vozilo",18
"2024-12-18 00:00",1,"Tovorno vozilo s prikolico",2
"2024-12-18 00:00",0,"Osebni avtomobil",194
"2024-12-18 00:00",0,"Kombinirano vozilo",25
"2024-12-18 00:00",0,"Težje tovorno vozilo",18
"2024-12-18 00:00",0,"Tovorno vozilo s prikolico",1
"2024-12-18 12:00",0,"Osebni avtomobil",606
"2024-12-18 12:00",0,"Kombinirano vozilo",45
"2024-12-18 12:00",0,"Težje tovorno vozilo",20
"2024-12-18 12:00",0,"Tovorno vozilo s prikolico",1
"2024-12-18 12:00",1,"Osebni avtomobil",342
"2024-12-18 12:00",1,"Kombinirano vozilo",31
"2024-12-18 12:00",1,"Težje tovorno vozilo",8
"2024-12-19 00:00",1,"Osebni avtomobil",496
"2024-12-19 00:00",1,"Kombinirano vozilo",20
"2024-12-19 00:00",1,"Težje tovorno vozilo",15
"2024-12-19 00:00",1,"Tovorno vozilo s prikolico",1
"2024-12-19 00:00",0,"Osebni avtomobil",178
"2024-12-19 00:00",0,"Kombinirano vozilo",33
"2024-12-19 00:00",0,"Težje tovorno vozilo",16
"2024-12-19 12:00",0,"Osebni avtomobil",621
"2024-12-19 12:00",0,"Kombinirano vozilo",38
"2024-12-19 12:00",0,"Težje tovorno vozilo",17
"2024-12-19 12:00",0,"Tovorno vozilo s prikolico",1
"2024-12-19 12:00",1,"Osebni avtomobil",409
"2024-12-19 12:00",1,"Kombinirano vozilo",31
"2024-12-19 12:00",1,"Težje tovorno vozilo",16
"2024-12-20 00:00",1,"Osebni avtomobil",588
"2024-12-20 00:00",1,"Kombinirano vozilo",61
"2024-12-20 00:00",1,"Težje tovorno vozilo",30
"2024-12-20 00:00",1,"Tovorno vozilo s prikolico",9
"2024-12-20 00:00",1,"Nerazpoznana vozila",1
"2024-12-20 00:00",0,"Osebni avtomobil",167
"2024-12-20 00:00",0,"Kombinirano vozilo",33
"2024-12-20 00:00",0,"Težje tovorno vozilo",16
"2024-12-20 00:00",0,"Tovorno vozilo s prikolico",1
"2024-12-20 12:00",0,"Osebni avtomobil",590
"2024-12-20 12:00",0,"Kombinirano vozilo",35
"2024-12-20 12:00",0,"Težje tovorno vozilo",22
"2024-12-20 12:00",1,"Osebni avtomobil",389
"2024-12-20 12:00",1,"Kombinirano vozilo",20
"2024-12-20 12:00",1,"Težje tovorno vozilo",16
"2024-12-21 00:00",1,"Osebni avtomobil",276
"2024-12-21 00:00",1,"Kombinirano vozilo",15
"2024-12-21 00:00",1,"Težje tovorno vozilo",5
"2024-12-21 00:00",0,"Osebni avtomobil",175
"2024-12-21 00:00",0,"Kombinirano vozilo",16
"2024-12-21 00:00",0,"Težje tovorno vozilo",10
"2024-12-21 12:00",0,"Osebni avtomobil",411
"2024-12-21 12:00",0,"Kombinirano vozilo",28
"2024-12-21 12:00",0,"Težje tovorno vozilo",7
"2024-12-21 12:00",1,"Osebni avtomobil",324
"2024-12-21 12:00",1,"Kombinirano vozilo",7
"2024-12-21 12:00",1,"Težje tovorno vozilo",5
"2024-12-22 00:00",1,"Osebni avtomobil",167
"2024-12-22 00:00",1,"Kombinirano vozilo",7
"2024-12-22 00:00",1,"Težje tovorno vozilo",1
"2024-12-22 00:00",0,"Osebni avtomobil",124
"2024-12-22 00:00",0,"Kombinirano vozilo",11
"2024-12-22 00:00",0,"Težje tovorno vozilo",1
"2024-12-22 12:00",0,"Osebni avtomobil",294
"2024-12-22 12:00",0,"Kombinirano vozilo",14
"2024-12-22 12:00",0,"Težje tovorno vozilo",5
"2024-12-22 12:00",1,"Osebni avtomobil",280
"2024-12-22 12:00",1,"Kombinirano vozilo",9
"2024-12-22 12:00",1,"Težje tovorno vozilo",2
"2024-12-23 00:00",1,"Osebni avtomobil",488
"2024-12-23 00:00",1,"Kombinirano vozilo",37
"2024-12-23 00:00",1,"Težje tovorno vozilo",16
"2024-12-23 00:00",0,"Osebni avtomobil",191
"2024-12-23 00:00",0,"Kombinirano vozilo",27
"2024-12-23 00:00",0,"Težje tovorno vozilo",19
"2024-12-23 12:00",0,"Osebni avtomobil",542
"2024-12-23 12:00",0,"Kombinirano vozilo",29
"2024-12-23 12:00",0,"Težje tovorno vozilo",16
"2024-12-23 12:00",1,"Osebni avtomobil",428
"2024-12-23 12:00",1,"Kombinirano vozilo",21
"2024-12-23 12:00",1,"Težje tovorno vozilo",4
"2024-12-24 00:00",1,"Osebni avtomobil",470
"2024-12-24 00:00",1,"Kombinirano vozilo",22
"2024-12-24 00:00",1,"Težje tovorno vozilo",12
"2024-12-24 00:00",1,"Tovorno vozilo s prikolico",1
"2024-12-24 00:00",0,"Osebni avtomobil",215
"2024-12-24 00:00",0,"Kombinirano vozilo",22
"2024-12-24 00:00",0,"Težje tovorno vozilo",13
"2024-12-24 00:00",0,"Tovorno vozilo s prikolico",1
"2024-12-24 12:00",0,"Osebni avtomobil",477
"2024-12-24 12:00",0,"Kombinirano vozilo",22
"2024-12-24 12:00",0,"Težje tovorno vozilo",16
"2024-12-24 12:00",1,"Osebni avtomobil",335
"2024-12-24 12:00",1,"Kombinirano vozilo",11
"2024-12-24 12:00",1,"Težje tovorno vozilo",5
"2024-12-25 00:00",1,"Osebni avtomobil",140
"2024-12-25 00:00",1,"Kombinirano vozilo",7
"2024-12-25 00:00",1,"Težje tovorno vozilo",1
"2024-12-25 00:00",0,"Osebni avtomobil",96
"2024-12-25 00:00",0,"Kombinirano vozilo",4
"2024-12-25 12:00",0,"Osebni avtomobil",331
"2024-12-25 12:00",0,"Kombinirano vozilo",15
"2024-12-25 12:00",0,"Težje tovorno vozilo",4
"2024-12-25 12:00",1,"Osebni avtomobil",335
"2024-12-25 12:00",1,"Kombinirano vozilo",6
"2024-12-25 12:00",1,"Težje tovorno vozilo",2
"2024-12-26 00:00",1,"Osebni avtomobil",198
"2024-12-26 00:00",1,"Kombinirano vozilo",10
"2024-12-26 00:00",1,"Težje tovorno vozilo",6
"2024-12-26 00:00",0,"Osebni avtomobil",121
"2024-12-26 00:00",0,"Kombinirano vozilo",11
"2024-12-26 00:00",0,"Težje tovorno vozilo",2
"2024-12-26 12:00",0,"Osebni avtomobil",365
"2024-12-26 12:00",0,"Kombinirano vozilo",26
"2024-12-26 12:00",0,"Težje tovorno vozilo",5
"2024-12-26 12:00",1,"Osebni avtomobil",283
"2024-12-26 12:00",1,"Kombinirano vozilo",16
"2024-12-26 12:00",1,"Težje tovorno vozilo",3
"2024-12-27 00:00",1,"Osebni avtomobil",358
"2024-12-27 00:00",1,"Kombinirano vozilo",28
"2024-12-27 00:00",1,"Težje tovorno vozilo",12
"2024-12-27 00:00",1,"Tovorno vozilo s prikolico",1
"2024-12-27 00:00",0,"Osebni avtomobil",143
"2024-12-27 00:00",0,"Kombinirano vozilo",24
"2024-12-27 00:00",0,"Težje tovorno vozilo",9
"2024-12-27 00:00",0,"Tovorno vozilo s prikolico",1
"2024-12-27 12:00",0,"Osebni avtomobil",494
"2024-12-27 12:00",0,"Kombinirano vozilo",31
"2024-12-27 12:00",0,"Težje tovorno vozilo",14
"2024-12-27 12:00",1,"Osebni avtomobil",358
"2024-12-27 12:00",1,"Kombinirano vozilo",23
"2024-12-27 12:00",1,"Težje tovorno vozilo",7
"2024-12-28 00:00",1,"Osebni avtomobil",242
"2024-12-28 00:00",1,"Kombinirano vozilo",12
"2024-12-28 00:00",1,"Težje tovorno vozilo",8
"2024-12-28 00:00",0,"Osebni avtomobil",149
"2024-12-28 00:00",0,"Kombinirano vozilo",8
"2024-12-28 00:00",0,"Težje tovorno vozilo",3
"2024-12-28 12:00",0,"Osebni avtomobil",380
"2024-12-28 12:00",0,"Kombinirano vozilo",23
"2024-12-28 12:00",0,"Težje tovorno vozilo",5
"2024-12-28 12:00",1,"Osebni avtomobil",315
"2024-12-28 12:00",1,"Kombinirano vozilo",19
"2024-12-28 12:00",1,"Težje tovorno vozilo",1
"2024-12-29 00:00",1,"Osebni avtomobil",172
"2024-12-29 00:00",1,"Kombinirano vozilo",9
"2024-12-29 00:00",1,"Težje tovorno vozilo",4
"2024-12-29 00:00",0,"Osebni avtomobil",96
"2024-12-29 00:00",0,"Kombinirano vozilo",13
"2024-12-29 12:00",0,"Osebni avtomobil",330
"2024-12-29 12:00",0,"Kombinirano vozilo",18
"2024-12-29 12:00",0,"Težje tovorno vozilo",7
"2024-12-29 12:00",1,"Osebni avtomobil",272
"2024-12-29 12:00",1,"Kombinirano vozilo",6
"2024-12-29 12:00",1,"Težje tovorno vozilo",3
"2024-12-30 00:00",1,"Osebni avtomobil",427
"2024-12-30 00:00",1,"Kombinirano vozilo",23
"2024-12-30 00:00",1,"Težje tovorno vozilo",12
"2024-12-30 00:00",1,"Tovorno vozilo s prikolico",1
"2024-12-30 00:00",0,"Osebni avtomobil",172
"2024-12-30 00:00",0,"Kombinirano vozilo",16
"2024-12-30 00:00",0,"Težje tovorno vozilo",15
"2024-12-30 00:00",0,"Tovorno vozilo s prikolico",1
"2024-12-30 12:00",0,"Osebni avtomobil",467
"2024-12-30 12:00",0,"Kombinirano vozilo",23
"2024-12-30 12:00",0,"Težje tovorno vozilo",10
"2024-12-30 12:00",1,"Osebni avtomobil",341
"2024-12-30 12:00",1,"Kombinirano vozilo",9
"2024-12-30 12:00",1,"Težje tovorno vozilo",4
"2024-12-31 00:00",1,"Osebni avtomobil",314
"2024-12-31 00:00",1,"Težje tovorno vozilo",13
"2024-12-31 00:00",1,"Kombinirano vozilo",10
"2024-12-31 00:00",1,"Tovorno vozilo s prikolico",1
"2024-12-31 00:00",0,"Osebni avtomobil",166
"2024-12-31 00:00",0,"Kombinirano vozilo",16
"2024-12-31 00:00",0,"Težje tovorno vozilo",13
"2024-12-31 00:00",0,"Tovorno vozilo s prikolico",1
"2024-12-31 12:00",0,"Osebni avtomobil",346
"2024-12-31 12:00",0,"Kombinirano vozilo",17
"2024-12-31 12:00",0,"Težje tovorno vozilo",11
"2024-12-31 12:00",1,"Osebni avtomobil",293
"2024-12-31 12:00",1,"Kombinirano vozilo",11
"2024-12-31 12:00",1,"Težje tovorno vozilo",4
"2025-01-01 00:00",1,"Osebni avtomobil",120
"2025-01-01 00:00",1,"Kombinirano vozilo",6
"2025-01-01 00:00",1,"Težje tovorno vozilo",2
"2025-01-01 00:00",0,"Osebni avtomobil",102
"2025-01-01 00:00",0,"Kombinirano vozilo",5
"2025-01-01 00:00",0,"Težje tovorno vozilo",2
"2025-01-01 12:00",0,"Osebni avtomobil",246
"2025-01-01 12:00",0,"Kombinirano vozilo",12
"2025-01-01 12:00",0,"Težje tovorno vozilo",5
"2025-01-01 12:00",1,"Osebni avtomobil",196
"2025-01-01 12:00",1,"Kombinirano vozilo",6
"2025-01-01 12:00",1,"Težje tovorno vozilo",2
"2025-01-02 00:00",1,"Osebni avtomobil",118
"2025-01-02 00:00",1,"Kombinirano vozilo",8
"2025-01-02 00:00",1,"Težje tovorno vozilo",3
"2025-01-02 00:00",0,"Osebni avtomobil",90
"2025-01-02 00:00",0,"Kombinirano vozilo",9
"2025-01-02 00:00",0,"Težje tovorno vozilo",3
"2025-01-02 12:00",0,"Osebni avtomobil",318
"2025-01-02 12:00",0,"Kombinirano vozilo",9
"2025-01-02 12:00",0,"Težje tovorno vozilo",7
"2025-01-02 12:00",1,"Osebni avtomobil",270
"2025-01-02 12:00",1,"Kombinirano vozilo",9
"2025-01-02 12:00",1,"Težje tovorno vozilo",4
"2025-01-03 00:00",1,"Osebni avtomobil",323
"2025-01-03 00:00",1,"Kombinirano vozilo",15
"2025-01-03 00:00",1,"Težje tovorno vozilo",11
"2025-01-03 00:00",1,"Tovorno vozilo s prikolico",2
"2025-01-03 00:00",0,"Osebni avtomobil",142
"2025-01-03 00:00",0,"Kombinirano vozilo",16
"2025-01-03 00:00",0,"Težje tovorno vozilo",9
"2025-01-03 00:00",0,"Tovorno vozilo s prikolico",2
"2025-01-03 12:00",0,"Osebni avtomobil",368
"2025-01-03 12:00",0,"Kombinirano vozilo",22
"2025-01-03 12:00",0,"Težje tovorno vozilo",9
"2025-01-03 12:00",1,"Osebni avtomobil",261
"2025-01-03 12:00",1,"Kombinirano vozilo",18
"2025-01-03 12:00",1,"Težje tovorno vozilo",7
"2025-01-04 00:00",1,"Osebni avtomobil",208
"2025-01-04 00:00",1,"Kombinirano vozilo",12
"2025-01-04 00:00",1,"Težje tovorno vozilo",6
"2025-01-04 00:00",0,"Osebni avtomobil",118
"2025-01-04 00:00",0,"Kombinirano vozilo",14
"2025-01-04 00:00",0,"Težje tovorno vozilo",6
"2025-01-04 12:00",0,"Osebni avtomobil",361
"2025-01-04 12:00",0,"Kombinirano vozilo",25
"2025-01-04 12:00",0,"Težje tovorno vozilo",4
"2025-01-04 12:00",1,"Osebni avtomobil",285
"2025-01-04 12:00",1,"Kombinirano vozilo",14
"2025-01-04 12:00",1,"Težje tovorno vozilo",1
"2025-01-05 00:00",1,"Osebni avtomobil",146
"2025-01-05 00:00",1,"Kombinirano vozilo",3
"2025-01-05 00:00",1,"Težje tovorno vozilo",1
"2025-01-05 00:00",0,"Osebni avtomobil",87
"2025-01-05 00:00",0,"Kombinirano vozilo",8
"2025-01-05 00:00",0,"Težje tovorno vozilo",1
"2025-01-05 12:00",0,"Osebni avtomobil",255
"2025-01-05 12:00",0,"Kombinirano vozilo",11
"2025-01-05 12:00",0,"Težje tovorno vozilo",4
"2025-01-05 12:00",1,"Osebni avtomobil",248
"2025-01-05 12:00",1,"Kombinirano vozilo",6
"2025-01-05 12:00",1,"Težje tovorno vozilo",3
"2025-01-06 00:00",1,"Osebni avtomobil",526
"2025-01-06 00:00",1,"Kombinirano vozilo",23
"2025-01-06 00:00",1,"Težje tovorno vozilo",17
"2025-01-06 00:00",1,"Tovorno vozilo s prikolico",1
"2025-01-06 00:00",0,"Osebni avtomobil",182
"2025-01-06 00:00",0,"Težje tovorno vozilo",14
"2025-01-06 00:00",0,"Kombinirano vozilo",13
"2025-01-06 00:00",0,"Tovorno vozilo s prikolico",1
"2025-01-06 12:00",0,"Osebni avtomobil",545
"2025-01-06 12:00",0,"Kombinirano vozilo",22
"2025-01-06 12:00",0,"Težje tovorno vozilo",16
"2025-01-06 12:00",1,"Osebni avtomobil",328
"2025-01-06 12:00",1,"Kombinirano vozilo",24
"2025-01-06 12:00",1,"Težje tovorno vozilo",13
"2025-01-07 00:00",1,"Osebni avtomobil",512
"2025-01-07 00:00",1,"Kombinirano vozilo",20
"2025-01-07 00:00",1,"Težje tovorno vozilo",12
"2025-01-07 00:00",0,"Osebni avtomobil",148
"2025-01-07 00:00",0,"Kombinirano vozilo",15
"2025-01-07 00:00",0,"Težje tovorno vozilo",13
"2025-01-07 00:00",0,"Tovorno vozilo s prikolico",1
"2025-01-07 12:00",0,"Osebni avtomobil",368
"2025-01-07 12:00",0,"Težje tovorno vozilo",15
"2025-01-07 12:00",0,"Kombinirano vozilo",8
"2025-01-07 12:00",1,"Osebni avtomobil",323
"2025-01-07 12:00",1,"Kombinirano vozilo",24
"2025-01-07 12:00",1,"Težje tovorno vozilo",7
"2025-01-07 12:00",1,"Tovorno vozilo s prikolico",4
"2025-01-08 00:00",1,"Osebni avtomobil",532
"2025-01-08 00:00",1,"Kombinirano vozilo",30
"2025-01-08 00:00",1,"Težje tovorno vozilo",12
"2025-01-08 00:00",1,"Tovorno vozilo s prikolico",1
"2025-01-08 00:00",0,"Osebni avtomobil",187
"2025-01-08 00:00",0,"Kombinirano vozilo",19
"2025-01-08 00:00",0,"Težje tovorno vozilo",18
"2025-01-08 00:00",0,"Tovorno vozilo s prikolico",1
"2025-01-08 12:00",0,"Osebni avtomobil",573
"2025-01-08 12:00",0,"Kombinirano vozilo",37
"2025-01-08 12:00",0,"Težje tovorno vozilo",13
"2025-01-08 12:00",1,"Osebni avtomobil",331
"2025-01-08 12:00",1,"Kombinirano vozilo",21
"2025-01-08 12:00",1,"Težje tovorno vozilo",12
"2025-01-09 00:00",1,"Osebni avtomobil",469
"2025-01-09 00:00",1,"Kombinirano vozilo",19
"2025-01-09 00:00",1,"Težje tovorno vozilo",12
"2025-01-09 00:00",1,"Tovorno vozilo s prikolico",1
"2025-01-09 00:00",0,"Osebni avtomobil",128
"2025-01-09 00:00",0,"Kombinirano vozilo",16
"2025-01-09 00:00",0,"Težje tovorno vozilo",12
"2025-01-09 12:00",0,"Osebni avtomobil",612
"2025-01-09 12:00",0,"Težje tovorno vozilo",16
"2025-01-09 12:00",0,"Kombinirano vozilo",12
"2025-01-09 12:00",1,"Osebni avtomobil",368
"2025-01-09 12:00",1,"Kombinirano vozilo",13
"2025-01-09 12:00",1,"Težje tovorno vozilo",13
"2025-01-09 12:00",1,"Tovorno vozilo s prikolico",1
"2025-01-10 00:00",1,"Osebni avtomobil",487
"2025-01-10 00:00",1,"Kombinirano vozilo",30
"2025-01-10 00:00",1,"Težje tovorno vozilo",16
"2025-01-10 00:00",1,"Tovorno vozilo s prikolico",1
"2025-01-10 00:00",0,"Osebni avtomobil",165
"2025-01-10 00:00",0,"Kombinirano vozilo",16
"2025-01-10 00:00",0,"Težje tovorno vozilo",14
"2025-01-10 00:00",0,"Tovorno vozilo s prikolico",1
"2025-01-10 12:00",0,"Osebni avtomobil",524
"2025-01-10 12:00",0,"Kombinirano vozilo",33
"2025-01-10 12:00",0,"Težje tovorno vozilo",18
"2025-01-10 12:00",1,"Osebni avtomobil",328
"2025-01-10 12:00",1,"Kombinirano vozilo",25
"2025-01-10 12:00",1,"Težje tovorno vozilo",13
"2025-01-10 12:00",1,"Tovorno vozilo s prikolico",1
"2025-01-11 00:00",1,"Osebni avtomobil",238
"2025-01-11 00:00",1,"Kombinirano vozilo",12
"2025-01-11 00:00",1,"Težje tovorno vozilo",5
"2025-01-11 00:00",0,"Osebni avtomobil",140
"2025-01-11 00:00",0,"Kombinirano vozilo",10
"2025-01-11 00:00",0,"Težje tovorno vozilo",4
"2025-01-11 12:00",0,"Osebni avtomobil",403
"2025-01-11 12:00",0,"Kombinirano vozilo",19
"2025-01-11 12:00",0,"Težje tovorno vozilo",6
"2025-01-11 12:00",1,"Osebni avtomobil",314
"2025-01-11 12:00",1,"Kombinirano vozilo",15
"2025-01-11 12:00",1,"Težje tovorno vozilo",2
"2025-01-12 00:00",1,"Osebni avtomobil",157
"2025-01-12 00:00",1,"Kombinirano vozilo",9
"2025-01-12 00:00",1,"Težje tovorno vozilo",4
"2025-01-12 00:00",0,"Osebni avtomobil",102
"2025-01-12 00:00",0,"Kombinirano vozilo",6
"2025-01-12 00:00",0,"Težje tovorno vozilo",1
"2025-01-12 12:00",0,"Osebni avtomobil",310
"2025-01-12 12:00",0,"Kombinirano vozilo",24
"2025-01-12 12:00",0,"Težje tovorno vozilo",5
"2025-01-12 12:00",1,"Osebni avtomobil",261
"2025-01-12 12:00",1,"Kombinirano vozilo",16
"2025-01-12 12:00",1,"Težje tovorno vozilo",4
"2025-01-13 00:00",1,"Osebni avtomobil",514
"2025-01-13 00:00",1,"Kombinirano vozilo",35
"2025-01-13 00:00",1,"Težje tovorno vozilo",13
"2025-01-13 00:00",1,"Tovorno vozilo s prikolico",2
"2025-01-13 00:00",0,"Osebni avtomobil",188
"2025-01-13 00:00",0,"Kombinirano vozilo",24
"2025-01-13 00:00",0,"Težje tovorno vozilo",14
"2025-01-13 00:00",0,"Tovorno vozilo s prikolico",1
"2025-01-13 12:00",0,"Osebni avtomobil",498
"2025-01-13 12:00",0,"Kombinirano vozilo",42
"2025-01-13 12:00",0,"Težje tovorno vozilo",14
"2025-01-13 12:00",0,"Tovorno vozilo s prikolico",1
"2025-01-13 12:00",1,"Osebni avtomobil",306
"2025-01-13 12:00",1,"Kombinirano vozilo",24
"2025-01-13 12:00",1,"Težje tovorno vozilo",11
"2025-01-14 00:00",1,"Osebni avtomobil",487
"2025-01-14 00:00",1,"Kombinirano vozilo",46
"2025-01-14 00:00",1,"Težje tovorno vozilo",16
"2025-01-14 00:00",1,"Tovorno vozilo s prikolico",2
"2025-01-14 00:00",0,"Osebni avtomobil",159
"2025-01-14 00:00",0,"Kombinirano vozilo",32
"2025-01-14 00:00",0,"Težje tovorno vozilo",16
"2025-01-14 00:00",0,"Tovorno vozilo s prikolico",3
"2025-01-14 12:00",0,"Osebni avtomobil",539
"2025-01-14 12:00",0,"Kombinirano vozilo",49
"2025-01-14 12:00",0,"Težje tovorno vozilo",21
"2025-01-14 12:00",0,"Tovorno vozilo s prikolico",1
"2025-01-14 12:00",1,"Osebni avtomobil",338
"2025-01-14 12:00",1,"Kombinirano vozilo",36
"2025-01-14 12:00",1,"Težje tovorno vozilo",8
"2025-01-15 00:00",1,"Osebni avtomobil",507
"2025-01-15 00:00",1,"Kombinirano vozilo",51
"2025-01-15 00:00",1,"Težje tovorno vozilo",19
"2025-01-15 00:00",0,"Osebni avtomobil",143
"2025-01-15 00:00",0,"Kombinirano vozilo",31
"2025-01-15 00:00",0,"Težje tovorno vozilo",21
"2025-01-15 00:00",0,"Tovorno vozilo s prikolico",2
"2025-01-15 12:00",0,"Osebni avtomobil",542
"2025-01-15 12:00",0,"Kombinirano vozilo",41
"2025-01-15 12:00",0,"Težje tovorno vozilo",21
"2025-01-15 12:00",1,"Osebni avtomobil",333
"2025-01-15 12:00",1,"Kombinirano vozilo",21
"2025-01-15 12:00",1,"Težje tovorno vozilo",14
"2025-01-16 00:00",1,"Osebni avtomobil",485
"2025-01-16 00:00",1,"Kombinirano vozilo",42
"2025-01-16 00:00",1,"Težje tovorno vozilo",18
"2025-01-16 00:00",1,"Tovorno vozilo s prikolico",1
"2025-01-16 00:00",0,"Osebni avtomobil",161
"2025-01-16 00:00",0,"Kombinirano vozilo",31
"2025-01-16 00:00",0,"Težje tovorno vozilo",16
"2025-01-16 12:00",0,"Osebni avtomobil",512
"2025-01-16 12:00",0,"Kombinirano vozilo",52
"2025-01-16 12:00",0,"Težje tovorno vozilo",20
"2025-01-16 12:00",0,"Tovorno vozilo s prikolico",1
"2025-01-16 12:00",1,"Osebni avtomobil",328
"2025-01-16 12:00",1,"Kombinirano vozilo",29
"2025-01-16 12:00",1,"Težje tovorno vozilo",17
"2025-01-17 00:00",1,"Osebni avtomobil",451
"2025-01-17 00:00",1,"Kombinirano vozilo",38
"2025-01-17 00:00",1,"Težje tovorno vozilo",19
"2025-01-17 00:00",0,"Osebni avtomobil",153
"2025-01-17 00:00",0,"Kombinirano vozilo",23
"2025-01-17 00:00",0,"Težje tovorno vozilo",17
"2025-01-17 12:00",0,"Osebni avtomobil",500
"2025-01-17 12:00",0,"Kombinirano vozilo",38
"2025-01-17 12:00",0,"Težje tovorno vozilo",13
"2025-01-17 12:00",1,"Osebni avtomobil",343
"2025-01-17 12:00",1,"Kombinirano vozilo",22
"2025-01-17 12:00",1,"Težje tovorno vozilo",13
"2025-01-18 00:00",1,"Osebni avtomobil",290
"2025-01-18 00:00",1,"Kombinirano vozilo",22
"2025-01-18 00:00",1,"Težje tovorno vozilo",5
"2025-01-18 00:00",0,"Osebni avtomobil",147
"2025-01-18 00:00",0,"Kombinirano vozilo",24
"2025-01-18 00:00",0,"Težje tovorno vozilo",8
"2025-01-18 12:00",0,"Osebni avtomobil",388
"2025-01-18 12:00",0,"Kombinirano vozilo",25
"2025-01-18 12:00",0,"Težje tovorno vozilo",8
"2025-01-18 12:00",1,"Osebni avtomobil",316
"2025-01-18 12:00",1,"Kombinirano vozilo",14
"2025-01-18 12:00",1,"Težje tovorno vozilo",3
"2025-01-19 00:00",1,"Osebni avtomobil",169
"2025-01-19 00:00",1,"Kombinirano vozilo",5
"2025-01-19 00:00",1,"Težje tovorno vozilo",3
"2025-01-19 00:00",0,"Osebni avtomobil",102
"2025-01-19 00:00",0,"Kombinirano vozilo",10
"2025-01-19 00:00",0,"Težje tovorno vozilo",2
"2025-01-19 12:00",0,"Osebni avtomobil",298
"2025-01-19 12:00",0,"Kombinirano vozilo",17
"2025-01-19 12:00",0,"Težje tovorno vozilo",7
"2025-01-19 12:00",1,"Osebni avtomobil",243
"2025-01-19 12:00",1,"Kombinirano vozilo",9
"2025-01-19 12:00",1,"Težje tovorno vozilo",6
"2025-01-20 00:00",1,"Osebni avtomobil",485
"2025-01-20 00:00",1,"Kombinirano vozilo",34
"2025-01-20 00:00",1,"Težje tovorno vozilo",20
"2025-01-20 00:00",0,"Osebni avtomobil",147
"2025-01-20 00:00",0,"Kombinirano vozilo",26
"2025-01-20 00:00",0,"Težje tovorno vozilo",17
"2025-01-20 00:00",0,"Tovorno vozilo s prikolico",1
"2025-01-20 12:00",0,"Osebni avtomobil",516
"2025-01-20 12:00",0,"Kombinirano vozilo",41
"2025-01-20 12:00",0,"Težje tovorno vozilo",15
"2025-01-20 12:00",0,"Tovorno vozilo s prikolico",1
"2025-01-20 12:00",1,"Osebni avtomobil",323
"2025-01-20 12:00",1,"Kombinirano vozilo",26
"2025-01-20 12:00",1,"Težje tovorno vozilo",12
"2025-01-21 00:00",1,"Osebni avtomobil",488
"2025-01-21 00:00",1,"Kombinirano vozilo",23
"2025-01-21 00:00",1,"Težje tovorno vozilo",17
"2025-01-21 00:00",0,"Osebni avtomobil",142
"2025-01-21 00:00",0,"Kombinirano vozilo",19
"2025-01-21 00:00",0,"Težje tovorno vozilo",16
"2025-01-21 00:00",0,"Tovorno vozilo s prikolico",1
"2025-01-21 12:00",0,"Osebni avtomobil",501
"2025-01-21 12:00",0,"Kombinirano vozilo",32
"2025-01-21 12:00",0,"Težje tovorno vozilo",18
"2025-01-21 12:00",1,"Osebni avtomobil",290
"2025-01-21 12:00",1,"Kombinirano vozilo",13
"2025-01-21 12:00",1,"Težje tovorno vozilo",11
"2025-01-22 00:00",1,"Osebni avtomobil",484
"2025-01-22 00:00",1,"Kombinirano vozilo",27
"2025-01-22 00:00",1,"Težje tovorno vozilo",16
"2025-01-22 00:00",1,"Tovorno vozilo s prikolico",2
"2025-01-22 00:00",0,"Osebni avtomobil",182
"2025-01-22 00:00",0,"Kombinirano vozilo",28
"2025-01-22 00:00",0,"Težje tovorno vozilo",16
"2025-01-22 00:00",0,"Tovorno vozilo s prikolico",1
"2025-01-22 12:00",0,"Osebni avtomobil",544
"2025-01-22 12:00",0,"Kombinirano vozilo",33
"2025-01-22 12:00",0,"Težje tovorno vozilo",16
"2025-01-22 12:00",0,"Tovorno vozilo s prikolico",1
"2025-01-22 12:00",1,"Osebni avtomobil",377
"2025-01-22 12:00",1,"Kombinirano vozilo",19
"2025-01-22 12:00",1,"Težje tovorno vozilo",15
"2025-01-22 12:00",1,"Tovorno vozilo s prikolico",1
"2025-01-23 00:00",1,"Osebni avtomobil",479
"2025-01-23 00:00",1,"Kombinirano vozilo",24
"2025-01-23 00:00",1,"Težje tovorno vozilo",19
"2025-01-23 00:00",1,"Tovorno vozilo s prikolico",1
"2025-01-23 00:00",0,"Osebni avtomobil",164
"2025-01-23 00:00",0,"Kombinirano vozilo",22
"2025-01-23 00:00",0,"Težje tovorno vozilo",20
"2025-01-23 00:00",0,"Tovorno vozilo s prikolico",1
"2025-01-23 12:00",0,"Osebni avtomobil",554
"2025-01-23 12:00",0,"Težje tovorno vozilo",18
"2025-01-23 12:00",0,"Kombinirano vozilo",13
"2025-01-23 12:00",0,"Tovorno vozilo s prikolico",1
"2025-01-23 12:00",1,"Osebni avtomobil",363
"2025-01-23 12:00",1,"Kombinirano vozilo",17
"2025-01-23 12:00",1,"Težje tovorno vozilo",13
"2025-01-24 00:00",1,"Osebni avtomobil",495
"2025-01-24 00:00",1,"Kombinirano vozilo",21
"2025-01-24 00:00",1,"Težje tovorno vozilo",13
"2025-01-24 00:00",1,"Tovorno vozilo s prikolico",2
"2025-01-24 00:00",0,"Osebni avtomobil",163
"2025-01-24 00:00",0,"Kombinirano vozilo",23
"2025-01-24 00:00",0,"Težje tovorno vozilo",13
"2025-01-24 00:00",0,"Tovorno vozilo s prikolico",2
"2025-01-24 12:00",0,"Osebni avtomobil",537
"2025-01-24 12:00",0,"Kombinirano vozilo",25
"2025-01-24 12:00",0,"Težje tovorno vozilo",17
"2025-01-24 12:00",1,"Osebni avtomobil",355
"2025-01-24 12:00",1,"Kombinirano vozilo",24
"2025-01-24 12:00",1,"Težje tovorno vozilo",8
"2025-01-25 00:00",1,"Osebni avtomobil",266
"2025-01-25 00:00",1,"Kombinirano vozilo",18
"2025-01-25 00:00",1,"Težje tovorno vozilo",7
"2025-01-25 00:00",0,"Osebni avtomobil",155
"2025-01-25 00:00",0,"Kombinirano vozilo",19
"2025-01-25 00:00",0,"Težje tovorno vozilo",8
"2025-01-25 12:00",0,"Osebni avtomobil",409
"2025-01-25 12:00",0,"Kombinirano vozilo",18
"2025-01-25 12:00",0,"Težje tovorno vozilo",10
"2025-01-25 12:00",1,"Osebni avtomobil",335
"2025-01-25 12:00",1,"Kombinirano vozilo",13
"2025-01-25 12:00",1,"Težje tovorno vozilo",5
"2025-01-26 00:00",1,"Osebni avtomobil",140
"2025-01-26 00:00",1,"Kombinirano vozilo",6
"2025-01-26 00:00",1,"Težje tovorno vozilo",1
"2025-01-26 00:00",0,"Osebni avtomobil",111
"2025-01-26 00:00",0,"Kombinirano vozilo",8
"2025-01-26 12:00",0,"Osebni avtomobil",275
"2025-01-26 12:00",0,"Težje tovorno vozilo",5
"2025-01-26 12:00",0,"Kombinirano vozilo",3
"2025-01-26 12:00",1,"Osebni avtomobil",254
"2025-01-26 12:00",1,"Težje tovorno vozilo",5
"2025-01-26 12:00",1,"Kombinirano vozilo",4
"2025-01-27 00:00",1,"Osebni avtomobil",519
"2025-01-27 00:00",1,"Kombinirano vozilo",22
"2025-01-27 00:00",1,"Težje tovorno vozilo",14
"2025-01-27 00:00",1,"Tovorno vozilo s prikolico",1
"2025-01-27 00:00",0,"Osebni avtomobil",202
"2025-01-27 00:00",0,"Kombinirano vozilo",23
"2025-01-27 00:00",0,"Težje tovorno vozilo",13
"2025-01-27 00:00",0,"Tovorno vozilo s prikolico",1
"2025-01-27 12:00",0,"Osebni avtomobil",518
"2025-01-27 12:00",0,"Kombinirano vozilo",15
"2025-01-27 12:00",0,"Težje tovorno vozilo",15
"2025-01-27 12:00",1,"Osebni avtomobil",354
"2025-01-27 12:00",1,"Kombinirano vozilo",22
"2025-01-27 12:00",1,"Težje tovorno vozilo",12
"2025-01-28 00:00",1,"Osebni avtomobil",505
"2025-01-28 00:00",1,"Kombinirano vozilo",34
"2025-01-28 00:00",1,"Težje tovorno vozilo",15
"2025-01-28 00:00",1,"Tovorno vozilo s prikolico",4
"2025-01-28 00:00",1,"Nerazpoznana vozila",1
"2025-01-28 00:00",0,"Osebni avtomobil",141
"2025-01-28 00:00",0,"Težje tovorno vozilo",13
"2025-01-28 00:00",0,"Kombinirano vozilo",4
"2025-01-28 12:00",0,"Osebni avtomobil",498
"2025-01-28 12:00",0,"Kombinirano vozilo",15
"2025-01-28 12:00",0,"Težje tovorno vozilo",13
"2025-01-28 12:00",1,"Osebni avtomobil",371
"2025-01-28 12:00",1,"Kombinirano vozilo",16
"2025-01-28 12:00",1,"Težje tovorno vozilo",11
"2025-01-28 12:00",1,"Tovorno vozilo s prikolico",1
"2025-01-29 00:00",1,"Osebni avtomobil",536
"2025-01-29 00:00",1,"Kombinirano vozilo",25
"2025-01-29 00:00",1,"Težje tovorno vozilo",18
"2025-01-29 00:00",1,"Tovorno vozilo s prikolico",2
"2025-01-29 00:00",0,"Osebni avtomobil",192
"2025-01-29 00:00",0,"Kombinirano vozilo",25
"2025-01-29 00:00",0,"Težje tovorno vozilo",19
"2025-01-29 00:00",0,"Tovorno vozilo s prikolico",1
"2025-01-29 12:00",0,"Osebni avtomobil",585
"2025-01-29 12:00",0,"Kombinirano vozilo",34
"2025-01-29 12:00",0,"Težje tovorno vozilo",14
"2025-01-29 12:00",1,"Osebni avtomobil",383
"2025-01-29 12:00",1,"Kombinirano vozilo",16
"2025-01-29 12:00",1,"Težje tovorno vozilo",12
"2025-01-30 00:00",1,"Osebni avtomobil",491
"2025-01-30 00:00",1,"Kombinirano vozilo",28
"2025-01-30 00:00",1,"Težje tovorno vozilo",16
"2025-01-30 00:00",1,"Tovorno vozilo s prikolico",1
"2025-01-30 00:00",0,"Osebni avtomobil",158
"2025-01-30 00:00",0,"Kombinirano vozilo",27
"2025-01-30 00:00",0,"Težje tovorno vozilo",15
"2025-01-30 00:00",0,"Tovorno vozilo s prikolico",1
"2025-01-30 12:00",0,"Osebni avtomobil",567
"2025-01-30 12:00",0,"Kombinirano vozilo",39
"2025-01-30 12:00",0,"Težje tovorno vozilo",21
"2025-01-30 12:00",1,"Osebni avtomobil",359
"2025-01-30 12:00",1,"Kombinirano vozilo",22
"2025-01-30 12:00",1,"Težje tovorno vozilo",7
"2025-01-31 00:00",1,"Osebni avtomobil",484
"2025-01-31 00:00",1,"Kombinirano vozilo",30
"2025-01-31 00:00",1,"Težje tovorno vozilo",18
"2025-01-31 00:00",0,"Osebni avtomobil",173
"2025-01-31 00:00",0,"Kombinirano vozilo",20
"2025-01-31 00:00",0,"Težje tovorno vozilo",16
"2025-01-31 00:00",0,"Tovorno vozilo s prikolico",2
"2025-01-31 12:00",0,"Osebni avtomobil",564
"2025-01-31 12:00",0,"Kombinirano vozilo",33
"2025-01-31 12:00",0,"Težje tovorno vozilo",16
"2025-01-31 12:00",1,"Osebni avtomobil",387
"2025-01-31 12:00",1,"Kombinirano vozilo",29
"2025-01-31 12:00",1,"Težje tovorno vozilo",12
"2025-02-01 00:00",1,"Osebni avtomobil",234
"2025-02-01 00:00",1,"Kombinirano vozilo",18
"2025-02-01 00:00",1,"Težje tovorno vozilo",3
"2025-02-01 00:00",0,"Osebni avtomobil",146
"2025-02-01 00:00",0,"Kombinirano vozilo",7
"2025-02-01 00:00",0,"Težje tovorno vozilo",4
"2025-02-01 12:00",0,"Osebni avtomobil",352
"2025-02-01 12:00",0,"Kombinirano vozilo",15
"2025-02-01 12:00",0,"Težje tovorno vozilo",4
"2025-02-01 12:00",1,"Osebni avtomobil",326
"2025-02-01 12:00",1,"Kombinirano vozilo",8
"2025-02-01 12:00",1,"Težje tovorno vozilo",1
"2025-02-02 00:00",1,"Osebni avtomobil",175
"2025-02-02 00:00",1,"Kombinirano vozilo",6
"2025-02-02 00:00",1,"Težje tovorno vozilo",3
"2025-02-02 00:00",0,"Osebni avtomobil",127
"2025-02-02 00:00",0,"Kombinirano vozilo",8
"2025-02-02 00:00",0,"Težje tovorno vozilo",2
"2025-02-02 12:00",0,"Osebni avtomobil",318
"2025-02-02 12:00",0,"Kombinirano vozilo",20
"2025-02-02 12:00",0,"Težje tovorno vozilo",5
"2025-02-02 12:00",1,"Osebni avtomobil",287
"2025-02-02 12:00",1,"Kombinirano vozilo",5
"2025-02-02 12:00",1,"Težje tovorno vozilo",5
"2025-02-03 00:00",1,"Osebni avtomobil",466
"2025-02-03 00:00",1,"Kombinirano vozilo",27
"2025-02-03 00:00",1,"Težje tovorno vozilo",15
"2025-02-03 00:00",0,"Osebni avtomobil",167
"2025-02-03 00:00",0,"Kombinirano vozilo",29
"2025-02-03 00:00",0,"Težje tovorno vozilo",22
"2025-02-03 00:00",0,"Tovorno vozilo s prikolico",1
"2025-02-03 12:00",0,"Osebni avtomobil",469
"2025-02-03 12:00",0,"Kombinirano vozilo",38
"2025-02-03 12:00",0,"Težje tovorno vozilo",21
"2025-02-03 12:00",1,"Osebni avtomobil",279
"2025-02-03 12:00",1,"Kombinirano vozilo",38
"2025-02-03 12:00",1,"Težje tovorno vozilo",13
"2025-02-04 00:00",1,"Osebni avtomobil",496
"2025-02-04 00:00",1,"Kombinirano vozilo",25
"2025-02-04 00:00",1,"Težje tovorno vozilo",9
"2025-02-04 00:00",1,"Tovorno vozilo s prikolico",2
"2025-02-04 00:00",0,"Osebni avtomobil",156
"2025-02-04 00:00",0,"Kombinirano vozilo",25
"2025-02-04 00:00",0,"Težje tovorno vozilo",16
"2025-02-04 00:00",0,"Tovorno vozilo s prikolico",1
"2025-02-04 12:00",0,"Osebni avtomobil",541
"2025-02-04 12:00",0,"Kombinirano vozilo",39
"2025-02-04 12:00",0,"Težje tovorno vozilo",18
"2025-02-04 12:00",1,"Osebni avtomobil",322
"2025-02-04 12:00",1,"Kombinirano vozilo",28
"2025-02-04 12:00",1,"Težje tovorno vozilo",14
"2025-02-05 00:00",1,"Osebni avtomobil",526
"2025-02-05 00:00",1,"Kombinirano vozilo",28
"2025-02-05 00:00",1,"Težje tovorno vozilo",14
"2025-02-05 00:00",1,"Tovorno vozilo s prikolico",2
"2025-02-05 00:00",0,"Osebni avtomobil",165
"2025-02-05 00:00",0,"Kombinirano vozilo",35
"2025-02-05 00:00",0,"Težje tovorno vozilo",16
"2025-02-05 00:00",0,"Tovorno vozilo s prikolico",2
"2025-02-05 12:00",0,"Osebni avtomobil",591
"2025-02-05 12:00",0,"Kombinirano vozilo",49
"2025-02-05 12:00",0,"Težje tovorno vozilo",19
"2025-02-05 12:00",0,"Tovorno vozilo s prikolico",1
"2025-02-05 12:00",1,"Osebni avtomobil",388
"2025-02-05 12:00",1,"Kombinirano vozilo",34
"2025-02-05 12:00",1,"Težje tovorno vozilo",19
"2025-02-05 12:00",1,"Tovorno vozilo s prikolico",1
"2025-02-06 00:00",1,"Osebni avtomobil",501
"2025-02-06 00:00",1,"Kombinirano vozilo",32
"2025-02-06 00:00",1,"Težje tovorno vozilo",18
"2025-02-06 00:00",1,"Tovorno vozilo s prikolico",2
"2025-02-06 00:00",0,"Osebni avtomobil",168
"2025-02-06 00:00",0,"Kombinirano vozilo",29
"2025-02-06 00:00",0,"Težje tovorno vozilo",17
"2025-02-06 00:00",0,"Tovorno vozilo s prikolico",2
"2025-02-06 12:00",0,"Osebni avtomobil",572
"2025-02-06 12:00",0,"Kombinirano vozilo",33
"2025-02-06 12:00",0,"Težje tovorno vozilo",22
"2025-02-06 12:00",1,"Osebni avtomobil",358
"2025-02-06 12:00",1,"Kombinirano vozilo",26
"2025-02-06 12:00",1,"Težje tovorno vozilo",13
"2025-02-07 00:00",1,"Osebni avtomobil",451
"2025-02-07 00:00",1,"Kombinirano vozilo",38
"2025-02-07 00:00",1,"Težje tovorno vozilo",14
"2025-02-07 00:00",1,"Tovorno vozilo s prikolico",1
"2025-02-07 00:00",0,"Osebni avtomobil",153
"2025-02-07 00:00",0,"Kombinirano vozilo",27
"2025-02-07 00:00",0,"Težje tovorno vozilo",15
"2025-02-07 12:00",0,"Osebni avtomobil",574
"2025-02-07 12:00",0,"Kombinirano vozilo",46
"2025-02-07 12:00",0,"Težje tovorno vozilo",16
"2025-02-07 12:00",1,"Osebni avtomobil",414
"2025-02-07 12:00",1,"Kombinirano vozilo",23
"2025-02-07 12:00",1,"Težje tovorno vozilo",10
"2025-02-08 00:00",1,"Osebni avtomobil",218
"2025-02-08 00:00",1,"Kombinirano vozilo",9
"2025-02-08 00:00",1,"Težje tovorno vozilo",2
"2025-02-08 00:00",0,"Osebni avtomobil",124
"2025-02-08 00:00",0,"Kombinirano vozilo",11
"2025-02-08 00:00",0,"Težje tovorno vozilo",1
"2025-02-08 12:00",0,"Osebni avtomobil",359
"2025-02-08 12:00",0,"Kombinirano vozilo",21
"2025-02-08 12:00",0,"Težje tovorno vozilo",5
"2025-02-08 12:00",1,"Osebni avtomobil",299
"2025-02-08 12:00",1,"Kombinirano vozilo",5
"2025-02-08 12:00",1,"Težje tovorno vozilo",2
"2025-02-09 00:00",1,"Osebni avtomobil",148
"2025-02-09 00:00",1,"Kombinirano vozilo",1
"2025-02-09 00:00",1,"Težje tovorno vozilo",1
"2025-02-09 00:00",0,"Osebni avtomobil",91
"2025-02-09 00:00",0,"Kombinirano vozilo",4
"2025-02-09 00:00",0,"Težje tovorno vozilo",1
"2025-02-09 12:00",0,"Osebni avtomobil",278
"2025-02-09 12:00",0,"Kombinirano vozilo",8
"2025-02-09 12:00",0,"Težje tovorno vozilo",4
"2025-02-09 12:00",1,"Osebni avtomobil",251
"2025-02-09 12:00",1,"Kombinirano vozilo",4
"2025-02-09 12:00",1,"Težje tovorno vozilo",3
"2025-02-10 00:00",1,"Osebni avtomobil",509
"2025-02-10 00:00",1,"Kombinirano vozilo",25
"2025-02-10 00:00",1,"Težje tovorno vozilo",15
"2025-02-10 00:00",1,"Tovorno vozilo s prikolico",1
"2025-02-10 00:00",0,"Osebni avtomobil",168
"2025-02-10 00:00",0,"Kombinirano vozilo",25
"2025-02-10 00:00",0,"Težje tovorno vozilo",16
"2025-02-10 00:00",0,"Tovorno vozilo s prikolico",1
"2025-02-10 12:00",0,"Osebni avtomobil",527
"2025-02-10 12:00",0,"Kombinirano vozilo",29
"2025-02-10 12:00",0,"Težje tovorno vozilo",16
"2025-02-10 12:00",1,"Osebni avtomobil",318
"2025-02-10 12:00",1,"Kombinirano vozilo",16
"2025-02-10 12:00",1,"Težje tovorno vozilo",10
"2025-02-11 00:00",1,"Osebni avtomobil",500
"2025-02-11 00:00",1,"Kombinirano vozilo",21
"2025-02-11 00:00",1,"Težje tovorno vozilo",17
"2025-02-11 00:00",1,"Tovorno vozilo s prikolico",2
"2025-02-11 00:00",0,"Osebni avtomobil",157
"2025-02-11 00:00",0,"Kombinirano vozilo",24
"2025-02-11 00:00",0,"Težje tovorno vozilo",15
"2025-02-11 12:00",0,"Osebni avtomobil",520
"2025-02-11 12:00",0,"Kombinirano vozilo",27
"2025-02-11 12:00",0,"Težje tovorno vozilo",16
"2025-02-11 12:00",0,"Tovorno vozilo s prikolico",1
"2025-02-11 12:00",1,"Osebni avtomobil",314
"2025-02-11 12:00",1,"Kombinirano vozilo",15
"2025-02-11 12:00",1,"Težje tovorno vozilo",11
"2025-02-12 00:00",1,"Osebni avtomobil",474
"2025-02-12 00:00",1,"Kombinirano vozilo",30
"2025-02-12 00:00",1,"Težje tovorno vozilo",17
"2025-02-12 00:00",1,"Tovorno vozilo s prikolico",1
"2025-02-12 00:00",0,"Osebni avtomobil",151
"2025-02-12 00:00",0,"Kombinirano vozilo",20
"2025-02-12 00:00",0,"Težje tovorno vozilo",19
"2025-02-12 00:00",0,"Tovorno vozilo s prikolico",1
"2025-02-12 12:00",0,"Osebni avtomobil",530
"2025-02-12 12:00",0,"Kombinirano vozilo",32
"2025-02-12 12:00",0,"Težje tovorno vozilo",18
"2025-02-12 12:00",1,"Osebni avtomobil",316
"2025-02-12 12:00",1,"Kombinirano vozilo",28
"2025-02-12 12:00",1,"Težje tovorno vozilo",14
"2025-02-13 00:00",1,"Osebni avtomobil",480
"2025-02-13 00:00",1,"Kombinirano vozilo",22
"2025-02-13 00:00",1,"Težje tovorno vozilo",17
"2025-02-13 00:00",0,"Osebni avtomobil",154
"2025-02-13 00:00",0,"Kombinirano vozilo",20
"2025-02-13 00:00",0,"Težje tovorno vozilo",14
"2025-02-13 12:00",0,"Osebni avtomobil",577
"2025-02-13 12:00",0,"Kombinirano vozilo",39
"2025-02-13 12:00",0,"Težje tovorno vozilo",22
"2025-02-13 12:00",1,"Osebni avtomobil",342
"2025-02-13 12:00",1,"Kombinirano vozilo",18
"2025-02-13 12:00",1,"Težje tovorno vozilo",13
"2025-02-14 00:00",1,"Osebni avtomobil",274
"2025-02-14 00:00",1,"Kombinirano vozilo",17
"2025-02-14 00:00",1,"Težje tovorno vozilo",6
"2025-02-14 00:00",0,"Osebni avtomobil",136
"2025-02-14 00:00",0,"Težje tovorno vozilo",12
"2025-02-14 00:00",0,"Kombinirano vozilo",10
"2025-02-14 12:00",0,"Osebni avtomobil",500
"2025-02-14 12:00",0,"Kombinirano vozilo",25
"2025-02-14 12:00",0,"Težje tovorno vozilo",11
"2025-02-14 12:00",1,"Osebni avtomobil",334
"2025-02-14 12:00",1,"Kombinirano vozilo",18
"2025-02-14 12:00",1,"Težje tovorno vozilo",11
"2025-02-15 00:00",1,"Osebni avtomobil",257
"2025-02-15 00:00",1,"Kombinirano vozilo",18
"2025-02-15 00:00",1,"Težje tovorno vozilo",7
"2025-02-15 00:00",0,"Osebni avtomobil",142
"2025-02-15 00:00",0,"Kombinirano vozilo",11
"2025-02-15 00:00",0,"Težje tovorno vozilo",3
"2025-02-15 12:00",0,"Osebni avtomobil",382
"2025-02-15 12:00",0,"Kombinirano vozilo",20
"2025-02-15 12:00",0,"Težje tovorno vozilo",7
"2025-02-15 12:00",1,"Osebni avtomobil",316
"2025-02-15 12:00",1,"Kombinirano vozilo",16
"2025-02-15 12:00",1,"Težje tovorno vozilo",4
"2025-02-16 00:00",1,"Osebni avtomobil",172
"2025-02-16 00:00",1,"Kombinirano vozilo",8
"2025-02-16 00:00",1,"Težje tovorno vozilo",2
"2025-02-16 00:00",0,"Osebni avtomobil",124
"2025-02-16 00:00",0,"Kombinirano vozilo",10
"2025-02-16 00:00",0,"Težje tovorno vozilo",2
"2025-02-16 12:00",1,"Osebni avtomobil",290
"2025-02-16 12:00",1,"Kombinirano vozilo",19
"2025-02-16 12:00",1,"Težje tovorno vozilo",5
"2025-02-16 12:00",0,"Osebni avtomobil",268
"2025-02-16 12:00",0,"Kombinirano vozilo",28
"2025-02-16 12:00",0,"Težje tovorno vozilo",6
"2025-02-17 00:00",1,"Osebni avtomobil",522
"2025-02-17 00:00",1,"Kombinirano vozilo",29
"2025-02-17 00:00",1,"Težje tovorno vozilo",13
"2025-02-17 00:00",1,"Tovorno vozilo s prikolico",1
"2025-02-17 00:00",0,"Osebni avtomobil",180
"2025-02-17 00:00",0,"Kombinirano vozilo",22
"2025-02-17 00:00",0,"Težje tovorno vozilo",14
"2025-02-17 00:00",0,"Tovorno vozilo s prikolico",1
"2025-02-17 12:00",0,"Osebni avtomobil",518
"2025-02-17 12:00",0,"Kombinirano vozilo",44
"2025-02-17 12:00",0,"Težje tovorno vozilo",13
"2025-02-17 12:00",1,"Osebni avtomobil",318
"2025-02-17 12:00",1,"Kombinirano vozilo",23
"2025-02-17 12:00",1,"Težje tovorno vozilo",13
"2025-02-18 00:00",1,"Osebni avtomobil",525
"2025-02-18 00:00",1,"Kombinirano vozilo",29
"2025-02-18 00:00",1,"Težje tovorno vozilo",13
"2025-02-18 00:00",1,"Tovorno vozilo s prikolico",2
"2025-02-18 00:00",0,"Osebni avtomobil",155
"2025-02-18 00:00",0,"Kombinirano vozilo",31
"2025-02-18 00:00",0,"Težje tovorno vozilo",17
"2025-02-18 00:00",0,"Tovorno vozilo s prikolico",2
"2025-02-18 12:00",0,"Osebni avtomobil",502
"2025-02-18 12:00",0,"Kombinirano vozilo",44
"2025-02-18 12:00",0,"Težje tovorno vozilo",15
"2025-02-18 12:00",0,"Tovorno vozilo s prikolico",1
"2025-02-18 12:00",1,"Osebni avtomobil",304
"2025-02-18 12:00",1,"Kombinirano vozilo",23
"2025-02-18 12:00",1,"Težje tovorno vozilo",11
"2025-02-19 00:00",1,"Osebni avtomobil",522
"2025-02-19 00:00",1,"Kombinirano vozilo",35
"2025-02-19 00:00",1,"Težje tovorno vozilo",15
"2025-02-19 00:00",0,"Osebni avtomobil",158
"2025-02-19 00:00",0,"Kombinirano vozilo",29
"2025-02-19 00:00",0,"Težje tovorno vozilo",16
"2025-02-19 00:00",0,"Tovorno vozilo s prikolico",1
"2025-02-19 12:00",0,"Osebni avtomobil",527
"2025-02-19 12:00",0,"Kombinirano vozilo",37
"2025-02-19 12:00",0,"Težje tovorno vozilo",15
"2025-02-19 12:00",0,"Tovorno vozilo s prikolico",1
"2025-02-19 12:00",1,"Osebni avtomobil",355
"2025-02-19 12:00",1,"Kombinirano vozilo",22
"2025-02-19 12:00",1,"Težje tovorno vozilo",9
"2025-02-19 12:00",1,"Tovorno vozilo s prikolico",1
"2025-02-20 00:00",1,"Osebni avtomobil",495
"2025-02-20 00:00",1,"Kombinirano vozilo",31
"2025-02-20 00:00",1,"Težje tovorno vozilo",19
"2025-02-20 00:00",1,"Tovorno vozilo s prikolico",1
"2025-02-20 00:00",0,"Osebni avtomobil",159
"2025-02-20 00:00",0,"Kombinirano vozilo",23
"2025-02-20 00:00",0,"Težje tovorno vozilo",10
"2025-02-20 00:00",0,"Tovorno vozilo s prikolico",1
"2025-02-20 12:00",0,"Osebni avtomobil",543
"2025-02-20 12:00",0,"Kombinirano vozilo",42
"2025-02-20 12:00",0,"Težje tovorno vozilo",16
"2025-02-20 12:00",1,"Osebni avtomobil",395
"2025-02-20 12:00",1,"Kombinirano vozilo",31
"2025-02-20 12:00",1,"Težje tovorno vozilo",7
"2025-02-21 00:00",1,"Osebni avtomobil",512
"2025-02-21 00:00",1,"Kombinirano vozilo",31
"2025-02-21 00:00",1,"Težje tovorno vozilo",12
"2025-02-21 00:00",0,"Osebni avtomobil",193
"2025-02-21 00:00",0,"Kombinirano vozilo",30
"2025-02-21 00:00",0,"Težje tovorno vozilo",14
"2025-02-21 00:00",0,"Tovorno vozilo s prikolico",1
"2025-02-21 12:00",0,"Osebni avtomobil",599
"2025-02-21 12:00",0,"Kombinirano vozilo",41
"2025-02-21 12:00",0,"Težje tovorno vozilo",18
"2025-02-21 12:00",1,"Osebni avtomobil",385
"2025-02-21 12:00",1,"Kombinirano vozilo",24
"2025-02-21 12:00",1,"Težje tovorno vozilo",9
"2025-02-22 00:00",1,"Osebni avtomobil",276
"2025-02-22 00:00",1,"Kombinirano vozilo",14
"2025-02-22 00:00",1,"Težje tovorno vozilo",7
"2025-02-22 00:00",0,"Osebni avtomobil",144
"2025-02-22 00:00",0,"Kombinirano vozilo",10
"2025-02-22 00:00",0,"Težje tovorno vozilo",7
"2025-02-22 12:00",0,"Osebni avtomobil",376
"2025-02-22 12:00",0,"Kombinirano vozilo",22
"2025-02-22 12:00",0,"Težje tovorno vozilo",4
"2025-02-22 12:00",1,"Osebni avtomobil",343
"2025-02-22 12:00",1,"Kombinirano vozilo",11
"2025-02-22 12:00",1,"Težje tovorno vozilo",1
"2025-02-23 00:00",1,"Osebni avtomobil",157
"2025-02-23 00:00",1,"Kombinirano vozilo",5
"2025-02-23 00:00",1,"Težje tovorno vozilo",2
"2025-02-23 00:00",0,"Osebni avtomobil",101
"2025-02-23 00:00",0,"Kombinirano vozilo",8
"2025-02-23 00:00",0,"Težje tovorno vozilo",1
"2025-02-23 12:00",0,"Osebni avtomobil",339
"2025-02-23 12:00",0,"Kombinirano vozilo",13
"2025-02-23 12:00",0,"Težje tovorno vozilo",6
"2025-02-23 12:00",1,"Osebni avtomobil",271
"2025-02-23 12:00",1,"Kombinirano vozilo",6
"2025-02-23 12:00",1,"Težje tovorno vozilo",6
"2025-02-24 00:00",1,"Osebni avtomobil",490
"2025-02-24 00:00",1,"Kombinirano vozilo",29
"2025-02-24 00:00",1,"Težje tovorno vozilo",15
"2025-02-24 00:00",1,"Tovorno vozilo s prikolico",1
"2025-02-24 00:00",0,"Osebni avtomobil",148
"2025-02-24 00:00",0,"Kombinirano vozilo",15
"2025-02-24 00:00",0,"Težje tovorno vozilo",15
"2025-02-24 00:00",0,"Tovorno vozilo s prikolico",2
"2025-02-24 12:00",0,"Osebni avtomobil",502
"2025-02-24 12:00",0,"Kombinirano vozilo",31
"2025-02-24 12:00",0,"Težje tovorno vozilo",21
"2025-02-24 12:00",1,"Osebni avtomobil",313
"2025-02-24 12:00",1,"Kombinirano vozilo",15
"2025-02-24 12:00",1,"Težje tovorno vozilo",9
"2025-02-25 00:00",1,"Osebni avtomobil",476
"2025-02-25 00:00",1,"Kombinirano vozilo",18
"2025-02-25 00:00",1,"Težje tovorno vozilo",14
"2025-02-25 00:00",1,"Tovorno vozilo s prikolico",1
"2025-02-25 00:00",0,"Osebni avtomobil",139
"2025-02-25 00:00",0,"Kombinirano vozilo",21
"2025-02-25 00:00",0,"Težje tovorno vozilo",14
"2025-02-25 00:00",0,"Tovorno vozilo s prikolico",1
"2025-02-25 12:00",0,"Osebni avtomobil",501
"2025-02-25 12:00",0,"Kombinirano vozilo",31
"2025-02-25 12:00",0,"Težje tovorno vozilo",22
"2025-02-25 12:00",0,"Tovorno vozilo s prikolico",1
"2025-02-25 12:00",1,"Osebni avtomobil",304
"2025-02-25 12:00",1,"Kombinirano vozilo",24
"2025-02-25 12:00",1,"Težje tovorno vozilo",12
"2025-02-26 00:00",1,"Osebni avtomobil",457
"2025-02-26 00:00",1,"Kombinirano vozilo",29
"2025-02-26 00:00",1,"Težje tovorno vozilo",17
"2025-02-26 00:00",1,"Tovorno vozilo s prikolico",1
"2025-02-26 00:00",0,"Osebni avtomobil",161
"2025-02-26 00:00",0,"Kombinirano vozilo",21
"2025-02-26 00:00",0,"Težje tovorno vozilo",19
"2025-02-26 00:00",0,"Tovorno vozilo s prikolico",1
"2025-02-26 12:00",0,"Osebni avtomobil",472
"2025-02-26 12:00",0,"Težje tovorno vozilo",16
"2025-02-26 12:00",0,"Kombinirano vozilo",4
"2025-02-26 12:00",1,"Osebni avtomobil",316
"2025-02-26 12:00",1,"Kombinirano vozilo",15
"2025-02-26 12:00",1,"Težje tovorno vozilo",6
"2025-02-27 00:00",1,"Osebni avtomobil",464
"2025-02-27 00:00",1,"Kombinirano vozilo",24
"2025-02-27 00:00",1,"Težje tovorno vozilo",14
"2025-02-27 00:00",1,"Tovorno vozilo s prikolico",1
"2025-02-27 00:00",0,"Osebni avtomobil",174
"2025-02-27 00:00",0,"Težje tovorno vozilo",16
"2025-02-27 00:00",0,"Kombinirano vozilo",14
"2025-02-27 00:00",0,"Tovorno vozilo s prikolico",1
"2025-02-27 12:00",0,"Osebni avtomobil",546
"2025-02-27 12:00",0,"Kombinirano vozilo",40
"2025-02-27 12:00",0,"Težje tovorno vozilo",15
"2025-02-27 12:00",1,"Osebni avtomobil",348
"2025-02-27 12:00",1,"Kombinirano vozilo",17
"2025-02-27 12:00",1,"Težje tovorno vozilo",10
"2025-02-28 00:00",1,"Osebni avtomobil",450
"2025-02-28 00:00",1,"Kombinirano vozilo",25
"2025-02-28 00:00",1,"Težje tovorno vozilo",14
"2025-02-28 00:00",1,"Tovorno vozilo s prikolico",1
"2025-02-28 00:00",0,"Osebni avtomobil",170
"2025-02-28 00:00",0,"Kombinirano vozilo",24
"2025-02-28 00:00",0,"Težje tovorno vozilo",15
"2025-02-28 00:00",0,"Tovorno vozilo s prikolico",1
"2025-02-28 12:00",0,"Osebni avtomobil",543
"2025-02-28 12:00",0,"Kombinirano vozilo",26
"2025-02-28 12:00",0,"Težje tovorno vozilo",16
"2025-02-28 12:00",0,"Tovorno vozilo s prikolico",2
"2025-02-28 12:00",1,"Osebni avtomobil",343
"2025-02-28 12:00",1,"Kombinirano vozilo",25
"2025-02-28 12:00",1,"Težje tovorno vozilo",13
"2025-03-01 00:00",1,"Osebni avtomobil",287
"2025-03-01 00:00",1,"Kombinirano vozilo",12
"2025-03-01 00:00",1,"Težje tovorno vozilo",8
"2025-03-01 00:00",0,"Osebni avtomobil",146
"2025-03-01 00:00",0,"Kombinirano vozilo",18
"2025-03-01 00:00",0,"Težje tovorno vozilo",8
"2025-03-01 12:00",0,"Osebni avtomobil",366
"2025-03-01 12:00",0,"Kombinirano vozilo",19
"2025-03-01 12:00",0,"Težje tovorno vozilo",8
"2025-03-01 12:00",1,"Osebni avtomobil",298
"2025-03-01 12:00",1,"Kombinirano vozilo",7
"2025-03-01 12:00",1,"Težje tovorno vozilo",5
"2025-03-02 00:00",1,"Osebni avtomobil",179
"2025-03-02 00:00",1,"Kombinirano vozilo",6
"2025-03-02 00:00",1,"Težje tovorno vozilo",2
"2025-03-02 00:00",0,"Osebni avtomobil",118
"2025-03-02 00:00",0,"Kombinirano vozilo",4
"2025-03-02 12:00",0,"Osebni avtomobil",323
"2025-03-02 12:00",0,"Kombinirano vozilo",15
"2025-03-02 12:00",0,"Težje tovorno vozilo",5
"2025-03-02 12:00",1,"Osebni avtomobil",327
"2025-03-02 12:00",1,"Kombinirano vozilo",8
"2025-03-02 12:00",1,"Težje tovorno vozilo",2
"2025-03-03 00:00",1,"Osebni avtomobil",538
"2025-03-03 00:00",1,"Kombinirano vozilo",38
"2025-03-03 00:00",1,"Težje tovorno vozilo",18
"2025-03-03 00:00",1,"Tovorno vozilo s prikolico",2
"2025-03-03 00:00",0,"Osebni avtomobil",180
"2025-03-03 00:00",0,"Kombinirano vozilo",21
"2025-03-03 00:00",0,"Težje tovorno vozilo",21
"2025-03-03 00:00",0,"Tovorno vozilo s prikolico",2
"2025-03-03 12:00",0,"Osebni avtomobil",567
"2025-03-03 12:00",0,"Kombinirano vozilo",29
"2025-03-03 12:00",0,"Težje tovorno vozilo",16
"2025-03-03 12:00",0,"Tovorno vozilo s prikolico",1
"2025-03-03 12:00",1,"Osebni avtomobil",363
"2025-03-03 12:00",1,"Kombinirano vozilo",14
"2025-03-03 12:00",1,"Težje tovorno vozilo",11
"2025-03-04 00:00",1,"Osebni avtomobil",535
"2025-03-04 00:00",1,"Kombinirano vozilo",38
"2025-03-04 00:00",1,"Težje tovorno vozilo",13
"2025-03-04 00:00",1,"Tovorno vozilo s prikolico",1
"2025-03-04 00:00",0,"Osebni avtomobil",190
"2025-03-04 00:00",0,"Kombinirano vozilo",21
"2025-03-04 00:00",0,"Težje tovorno vozilo",16
"2025-03-04 12:00",0,"Osebni avtomobil",549
"2025-03-04 12:00",0,"Kombinirano vozilo",45
"2025-03-04 12:00",0,"Težje tovorno vozilo",19
"2025-03-04 12:00",1,"Osebni avtomobil",348
"2025-03-04 12:00",1,"Kombinirano vozilo",15
"2025-03-04 12:00",1,"Težje tovorno vozilo",9
"2025-03-04 12:00",1,"Tovorno vozilo s prikolico",2
"2025-03-05 00:00",1,"Osebni avtomobil",520
"2025-03-05 00:00",1,"Kombinirano vozilo",32
"2025-03-05 00:00",1,"Težje tovorno vozilo",10
"2025-03-05 00:00",1,"Tovorno vozilo s prikolico",1
"2025-03-05 00:00",0,"Osebni avtomobil",166
"2025-03-05 00:00",0,"Kombinirano vozilo",40
"2025-03-05 00:00",0,"Težje tovorno vozilo",14
"2025-03-05 12:00",0,"Osebni avtomobil",588
"2025-03-05 12:00",0,"Kombinirano vozilo",37
"2025-03-05 12:00",0,"Težje tovorno vozilo",16
"2025-03-05 12:00",0,"Tovorno vozilo s prikolico",3
"2025-03-05 12:00",1,"Osebni avtomobil",374
"2025-03-05 12:00",1,"Kombinirano vozilo",30
"2025-03-05 12:00",1,"Težje tovorno vozilo",8
"2025-03-06 00:00",1,"Osebni avtomobil",526
"2025-03-06 00:00",1,"Kombinirano vozilo",32
"2025-03-06 00:00",1,"Težje tovorno vozilo",19
"2025-03-06 00:00",1,"Tovorno vozilo s prikolico",1
"2025-03-06 00:00",0,"Osebni avtomobil",201
"2025-03-06 00:00",0,"Kombinirano vozilo",33
"2025-03-06 00:00",0,"Težje tovorno vozilo",21
"2025-03-06 00:00",0,"Tovorno vozilo s prikolico",1
"2025-03-06 12:00",0,"Osebni avtomobil",646
"2025-03-06 12:00",0,"Kombinirano vozilo",42
"2025-03-06 12:00",0,"Težje tovorno vozilo",24
"2025-03-06 12:00",0,"Tovorno vozilo s prikolico",1
"2025-03-06 12:00",1,"Osebni avtomobil",425
"2025-03-06 12:00",1,"Kombinirano vozilo",24
"2025-03-06 12:00",1,"Težje tovorno vozilo",14
"2025-03-07 00:00",1,"Osebni avtomobil",526
"2025-03-07 00:00",1,"Kombinirano vozilo",32
"2025-03-07 00:00",1,"Težje tovorno vozilo",10
"2025-03-07 00:00",0,"Osebni avtomobil",180
"2025-03-07 00:00",0,"Kombinirano vozilo",32
"2025-03-07 00:00",0,"Težje tovorno vozilo",15
"2025-03-07 00:00",0,"Tovorno vozilo s prikolico",1
"2025-03-07 12:00",0,"Osebni avtomobil",599
"2025-03-07 12:00",0,"Kombinirano vozilo",39
"2025-03-07 12:00",0,"Težje tovorno vozilo",18
"2025-03-07 12:00",0,"Tovorno vozilo s prikolico",1
"2025-03-07 12:00",1,"Osebni avtomobil",388
"2025-03-07 12:00",1,"Kombinirano vozilo",28
"2025-03-07 12:00",1,"Težje tovorno vozilo",10
"2025-03-08 00:00",1,"Osebni avtomobil",318
"2025-03-08 00:00",1,"Kombinirano vozilo",19
"2025-03-08 00:00",1,"Težje tovorno vozilo",4
"2025-03-08 00:00",0,"Osebni avtomobil",165
"2025-03-08 00:00",0,"Kombinirano vozilo",14
"2025-03-08 00:00",0,"Težje tovorno vozilo",7
"2025-03-08 12:00",0,"Osebni avtomobil",461
"2025-03-08 12:00",0,"Kombinirano vozilo",13
"2025-03-08 12:00",0,"Težje tovorno vozilo",7
"2025-03-08 12:00",1,"Osebni avtomobil",349
"2025-03-08 12:00",1,"Kombinirano vozilo",8
"2025-03-08 12:00",1,"Težje tovorno vozilo",3
"2025-03-09 00:00",1,"Osebni avtomobil",216
"2025-03-09 00:00",1,"Kombinirano vozilo",5
"2025-03-09 00:00",0,"Osebni avtomobil",165
"2025-03-09 00:00",0,"Kombinirano vozilo",12
"2025-03-09 00:00",0,"Težje tovorno vozilo",1
"2025-03-09 12:00",0,"Osebni avtomobil",393
"2025-03-09 12:00",0,"Kombinirano vozilo",15
"2025-03-09 12:00",0,"Težje tovorno vozilo",5
"2025-03-09 12:00",1,"Osebni avtomobil",334
"2025-03-09 12:00",1,"Kombinirano vozilo",13
"2025-03-09 12:00",1,"Težje tovorno vozilo",5
"2025-03-10 00:00",1,"Osebni avtomobil",544
"2025-03-10 00:00",1,"Kombinirano vozilo",28
"2025-03-10 00:00",1,"Težje tovorno vozilo",10
"2025-03-10 00:00",1,"Tovorno vozilo s prikolico",2
"2025-03-10 00:00",0,"Osebni avtomobil",131
"2025-03-10 00:00",0,"Težje tovorno vozilo",17
"2025-03-10 00:00",0,"Kombinirano vozilo",15
"2025-03-10 12:00",0,"Osebni avtomobil",560
"2025-03-10 12:00",0,"Kombinirano vozilo",19
"2025-03-10 12:00",0,"Težje tovorno vozilo",17
"2025-03-10 12:00",0,"Tovorno vozilo s prikolico",1
"2025-03-10 12:00",1,"Osebni avtomobil",323
"2025-03-10 12:00",1,"Težje tovorno vozilo",15
"2025-03-10 12:00",1,"Kombinirano vozilo",13
"2025-03-10 12:00",1,"Tovorno vozilo s prikolico",1
"2025-03-11 00:00",1,"Osebni avtomobil",554
"2025-03-11 00:00",1,"Kombinirano vozilo",24
"2025-03-11 00:00",1,"Težje tovorno vozilo",12
"2025-03-11 00:00",1,"Tovorno vozilo s prikolico",1
"2025-03-11 00:00",0,"Osebni avtomobil",187
"2025-03-11 00:00",0,"Kombinirano vozilo",23
"2025-03-11 00:00",0,"Težje tovorno vozilo",19
"2025-03-11 00:00",0,"Tovorno vozilo s prikolico",1
"2025-03-11 12:00",0,"Osebni avtomobil",651
"2025-03-11 12:00",0,"Kombinirano vozilo",54
"2025-03-11 12:00",0,"Težje tovorno vozilo",24
"2025-03-11 12:00",0,"Tovorno vozilo s prikolico",2
"2025-03-11 12:00",1,"Osebni avtomobil",411
"2025-03-11 12:00",1,"Kombinirano vozilo",22
"2025-03-11 12:00",1,"Težje tovorno vozilo",11
"2025-03-12 00:00",1,"Osebni avtomobil",549
"2025-03-12 00:00",1,"Kombinirano vozilo",28
"2025-03-12 00:00",1,"Težje tovorno vozilo",13
"2025-03-12 00:00",0,"Osebni avtomobil",179
"2025-03-12 00:00",0,"Težje tovorno vozilo",18
"2025-03-12 00:00",0,"Kombinirano vozilo",16
"2025-03-12 12:00",0,"Osebni avtomobil",597
"2025-03-12 12:00",0,"Težje tovorno vozilo",21
"2025-03-12 12:00",0,"Kombinirano vozilo",17
"2025-03-12 12:00",1,"Osebni avtomobil",415
"2025-03-12 12:00",1,"Težje tovorno vozilo",18
"2025-03-12 12:00",1,"Kombinirano vozilo",17
"2025-03-12 12:00",1,"Tovorno vozilo s prikolico",2
"2025-03-13 00:00",1,"Osebni avtomobil",550
"2025-03-13 00:00",1,"Kombinirano vozilo",31
"2025-03-13 00:00",1,"Težje tovorno vozilo",30
"2025-03-13 00:00",1,"Tovorno vozilo s prikolico",3
"2025-03-13 00:00",0,"Osebni avtomobil",181
"2025-03-13 00:00",0,"Kombinirano vozilo",22
"2025-03-13 00:00",0,"Težje tovorno vozilo",20
"2025-03-13 12:00",0,"Osebni avtomobil",580
"2025-03-13 12:00",0,"Kombinirano vozilo",17
"2025-03-13 12:00",0,"Težje tovorno vozilo",15
"2025-03-13 12:00",0,"Tovorno vozilo s prikolico",1
"2025-03-13 12:00",1,"Osebni avtomobil",362
"2025-03-13 12:00",1,"Težje tovorno vozilo",16
"2025-03-13 12:00",1,"Kombinirano vozilo",8
"2025-03-14 00:00",1,"Osebni avtomobil",352
"2025-03-14 00:00",1,"Kombinirano vozilo",13
"2025-03-14 00:00",1,"Težje tovorno vozilo",11
"2025-03-14 00:00",1,"Tovorno vozilo s prikolico",2
"2025-03-14 00:00",0,"Osebni avtomobil",51
"2025-03-14 00:00",0,"Težje tovorno vozilo",5
"2025-03-14 00:00",0,"Kombinirano vozilo",2
"2025-03-14 12:00",0,"Osebni avtomobil",588
"2025-03-14 12:00",0,"Kombinirano vozilo",13
"2025-03-14 12:00",0,"Težje tovorno vozilo",13
"2025-03-14 12:00",0,"Tovorno vozilo s prikolico",2
"2025-03-14 12:00",1,"Osebni avtomobil",367
"2025-03-14 12:00",1,"Kombinirano vozilo",20
"2025-03-14 12:00",1,"Težje tovorno vozilo",12
"2025-03-15 00:00",1,"Osebni avtomobil",356
"2025-03-15 00:00",1,"Kombinirano vozilo",27
"2025-03-15 00:00",1,"Težje tovorno vozilo",10
"2025-03-15 00:00",0,"Osebni avtomobil",157
"2025-03-15 00:00",0,"Kombinirano vozilo",9
"2025-03-15 00:00",0,"Težje tovorno vozilo",5
"2025-03-15 12:00",0,"Osebni avtomobil",355
"2025-03-15 12:00",0,"Kombinirano vozilo",3
"2025-03-15 12:00",0,"Težje tovorno vozilo",3
"2025-03-15 12:00",1,"Osebni avtomobil",330
"2025-03-15 12:00",1,"Kombinirano vozilo",6
"2025-03-15 12:00",1,"Tovorno vozilo s prikolico",1
"2025-03-16 00:00",1,"Osebni avtomobil",183
"2025-03-16 00:00",1,"Kombinirano vozilo",6
"2025-03-16 00:00",1,"Težje tovorno vozilo",2
"2025-03-16 00:00",0,"Osebni avtomobil",106
"2025-03-16 00:00",0,"Kombinirano vozilo",8
"2025-03-16 00:00",0,"Težje tovorno vozilo",3
"2025-03-16 12:00",0,"Osebni avtomobil",325
"2025-03-16 12:00",0,"Kombinirano vozilo",13
"2025-03-16 12:00",0,"Težje tovorno vozilo",5
"2025-03-16 12:00",1,"Osebni avtomobil",247
"2025-03-16 12:00",1,"Kombinirano vozilo",6
"2025-03-16 12:00",1,"Težje tovorno vozilo",4
"2025-03-17 00:00",1,"Osebni avtomobil",520
"2025-03-17 00:00",1,"Kombinirano vozilo",29
"2025-03-17 00:00",1,"Težje tovorno vozilo",18
"2025-03-17 00:00",1,"Tovorno vozilo s prikolico",1
"2025-03-17 00:00",0,"Osebni avtomobil",189
"2025-03-17 00:00",0,"Kombinirano vozilo",22
"2025-03-17 00:00",0,"Težje tovorno vozilo",18
"2025-03-17 00:00",0,"Tovorno vozilo s prikolico",2
"2025-03-17 12:00",0,"Osebni avtomobil",519
"2025-03-17 12:00",0,"Kombinirano vozilo",25
"2025-03-17 12:00",0,"Težje tovorno vozilo",20
"2025-03-17 12:00",1,"Osebni avtomobil",344
"2025-03-17 12:00",1,"Kombinirano vozilo",24
"2025-03-17 12:00",1,"Težje tovorno vozilo",14
"2025-03-17 12:00",1,"Tovorno vozilo s prikolico",1
"2025-03-18 00:00",1,"Osebni avtomobil",533
"2025-03-18 00:00",1,"Kombinirano vozilo",30
"2025-03-18 00:00",1,"Težje tovorno vozilo",17
"2025-03-18 00:00",0,"Osebni avtomobil",167
"2025-03-18 00:00",0,"Kombinirano vozilo",37
"2025-03-18 00:00",0,"Težje tovorno vozilo",23
"2025-03-18 12:00",0,"Osebni avtomobil",611
"2025-03-18 12:00",0,"Kombinirano vozilo",39
"2025-03-18 12:00",0,"Težje tovorno vozilo",15
"2025-03-18 12:00",0,"Tovorno vozilo s prikolico",1
"2025-03-18 12:00",1,"Osebni avtomobil",349
"2025-03-18 12:00",1,"Kombinirano vozilo",23
"2025-03-18 12:00",1,"Težje tovorno vozilo",9
"2025-03-18 12:00",1,"Tovorno vozilo s prikolico",2
"2025-03-19 00:00",1,"Osebni avtomobil",563
"2025-03-19 00:00",1,"Kombinirano vozilo",42
"2025-03-19 00:00",1,"Težje tovorno vozilo",15
"2025-03-19 00:00",1,"Tovorno vozilo s prikolico",1
"2025-03-19 00:00",0,"Osebni avtomobil",203
"2025-03-19 00:00",0,"Kombinirano vozilo",29
"2025-03-19 00:00",0,"Težje tovorno vozilo",16
"2025-03-19 00:00",0,"Tovorno vozilo s prikolico",1
"2025-03-19 12:00",0,"Osebni avtomobil",629
"2025-03-19 12:00",0,"Kombinirano vozilo",38
"2025-03-19 12:00",0,"Težje tovorno vozilo",23
"2025-03-19 12:00",0,"Tovorno vozilo s prikolico",2
"2025-03-19 12:00",1,"Osebni avtomobil",412
"2025-03-19 12:00",1,"Kombinirano vozilo",23
"2025-03-19 12:00",1,"Težje tovorno vozilo",9
"2025-03-19 12:00",1,"Tovorno vozilo s prikolico",1
"2025-03-20 00:00",1,"Osebni avtomobil",554
"2025-03-20 00:00",1,"Kombinirano vozilo",29
"2025-03-20 00:00",1,"Težje tovorno vozilo",22
"2025-03-20 00:00",1,"Tovorno vozilo s prikolico",2
"2025-03-20 00:00",0,"Osebni avtomobil",190
"2025-03-20 00:00",0,"Kombinirano vozilo",28
"2025-03-20 00:00",0,"Težje tovorno vozilo",23
"2025-03-20 00:00",0,"Tovorno vozilo s prikolico",1
"2025-03-20 12:00",0,"Osebni avtomobil",639
"2025-03-20 12:00",0,"Kombinirano vozilo",39
"2025-03-20 12:00",0,"Težje tovorno vozilo",18
"2025-03-20 12:00",1,"Osebni avtomobil",411
"2025-03-20 12:00",1,"Kombinirano vozilo",31
"2025-03-20 12:00",1,"Težje tovorno vozilo",8
"2025-03-21 00:00",1,"Osebni avtomobil",513
"2025-03-21 00:00",1,"Kombinirano vozilo",35
"2025-03-21 00:00",1,"Težje tovorno vozilo",12
"2025-03-21 00:00",1,"Tovorno vozilo s prikolico",1
"2025-03-21 00:00",0,"Osebni avtomobil",204
"2025-03-21 00:00",0,"Kombinirano vozilo",25
"2025-03-21 00:00",0,"Težje tovorno vozilo",22
"2025-03-21 12:00",0,"Osebni avtomobil",610
"2025-03-21 12:00",0,"Kombinirano vozilo",39
"2025-03-21 12:00",0,"Težje tovorno vozilo",21
"2025-03-21 12:00",1,"Osebni avtomobil",423
"2025-03-21 12:00",1,"Kombinirano vozilo",36
"2025-03-21 12:00",1,"Težje tovorno vozilo",13
"2025-03-22 00:00",1,"Osebni avtomobil",314
"2025-03-22 00:00",1,"Kombinirano vozilo",16
"2025-03-22 00:00",1,"Težje tovorno vozilo",5
"2025-03-22 00:00",0,"Osebni avtomobil",171
"2025-03-22 00:00",0,"Kombinirano vozilo",19
"2025-03-22 00:00",0,"Težje tovorno vozilo",5
"2025-03-22 12:00",0,"Osebni avtomobil",456
"2025-03-22 12:00",0,"Kombinirano vozilo",10
"2025-03-22 12:00",0,"Težje tovorno vozilo",4
"2025-03-22 12:00",1,"Osebni avtomobil",349
"2025-03-22 12:00",1,"Kombinirano vozilo",11
"2025-03-22 12:00",1,"Težje tovorno vozilo",1
"2025-03-23 00:00",1,"Osebni avtomobil",225
"2025-03-23 00:00",1,"Kombinirano vozilo",12
"2025-03-23 00:00",1,"Težje tovorno vozilo",3
"2025-03-23 00:00",0,"Osebni avtomobil",106
"2025-03-23 00:00",0,"Kombinirano vozilo",5
"2025-03-23 12:00",0,"Osebni avtomobil",310
"2025-03-23 12:00",0,"Kombinirano vozilo",9
"2025-03-23 12:00",0,"Težje tovorno vozilo",4
"2025-03-23 12:00",1,"Osebni avtomobil",284
"2025-03-23 12:00",1,"Kombinirano vozilo",6
"2025-03-23 12:00",1,"Težje tovorno vozilo",1
"2025-03-24 00:00",1,"Osebni avtomobil",579
"2025-03-24 00:00",1,"Kombinirano vozilo",36
"2025-03-24 00:00",1,"Težje tovorno vozilo",22
"2025-03-24 00:00",1,"Tovorno vozilo s prikolico",1
"2025-03-24 00:00",0,"Osebni avtomobil",171
"2025-03-24 00:00",0,"Kombinirano vozilo",29
"2025-03-24 00:00",0,"Težje tovorno vozilo",26
"2025-03-24 12:00",0,"Osebni avtomobil",585
"2025-03-24 12:00",0,"Kombinirano vozilo",27
"2025-03-24 12:00",0,"Težje tovorno vozilo",20
"2025-03-24 12:00",1,"Osebni avtomobil",350
"2025-03-24 12:00",1,"Kombinirano vozilo",21
"2025-03-24 12:00",1,"Težje tovorno vozilo",8
"2025-03-25 00:00",1,"Osebni avtomobil",728
"2025-03-25 00:00",1,"Kombinirano vozilo",48
"2025-03-25 00:00",1,"Težje tovorno vozilo",20
"2025-03-25 00:00",1,"Tovorno vozilo s prikolico",1
"2025-03-25 00:00",0,"Osebni avtomobil",483
"2025-03-25 00:00",0,"Kombinirano vozilo",97
"2025-03-25 00:00",0,"Težje tovorno vozilo",30
"2025-03-25 00:00",0,"Tovorno vozilo s prikolico",5
"2025-03-25 12:00",0,"Osebni avtomobil","1,777"
"2025-03-25 12:00",0,"Kombinirano vozilo",125
"2025-03-25 12:00",0,"Težje tovorno vozilo",44
"2025-03-25 12:00",0,"Tovorno vozilo s prikolico",2
"2025-03-25 12:00",1,"Osebni avtomobil",965
"2025-03-25 12:00",1,"Kombinirano vozilo",70
"2025-03-25 12:00",1,"Težje tovorno vozilo",25
"2025-03-25 12:00",1,"Tovorno vozilo s prikolico",3
"2025-03-25 12:00",1,"Nerazpoznana vozila",1
"2025-03-26 00:00",1,"Osebni avtomobil",544
"2025-03-26 00:00",1,"Kombinirano vozilo",33
"2025-03-26 00:00",1,"Težje tovorno vozilo",11
"2025-03-26 00:00",1,"Tovorno vozilo s prikolico",1
"2025-03-26 00:00",0,"Osebni avtomobil",209
"2025-03-26 00:00",0,"Kombinirano vozilo",34
"2025-03-26 00:00",0,"Težje tovorno vozilo",22
"2025-03-26 00:00",0,"Tovorno vozilo s prikolico",1
"2025-03-26 12:00",0,"Osebni avtomobil",652
"2025-03-26 12:00",0,"Kombinirano vozilo",32
"2025-03-26 12:00",0,"Težje tovorno vozilo",20
"2025-03-26 12:00",1,"Osebni avtomobil",400
"2025-03-26 12:00",1,"Kombinirano vozilo",27
"2025-03-26 12:00",1,"Težje tovorno vozilo",10
"2025-03-27 00:00",1,"Osebni avtomobil",538
"2025-03-27 00:00",1,"Kombinirano vozilo",42
"2025-03-27 00:00",1,"Težje tovorno vozilo",9
"2025-03-27 00:00",1,"Tovorno vozilo s prikolico",1
"2025-03-27 00:00",0,"Osebni avtomobil",197
"2025-03-27 00:00",0,"Težje tovorno vozilo",25
"2025-03-27 00:00",0,"Kombinirano vozilo",24
"2025-03-27 00:00",0,"Tovorno vozilo s prikolico",1
"2025-03-27 12:00",0,"Osebni avtomobil",601
"2025-03-27 12:00",0,"Kombinirano vozilo",32
"2025-03-27 12:00",0,"Težje tovorno vozilo",21
"2025-03-27 12:00",1,"Osebni avtomobil",384
"2025-03-27 12:00",1,"Kombinirano vozilo",27
"2025-03-27 12:00",1,"Težje tovorno vozilo",13
"2025-03-28 00:00",1,"Osebni avtomobil",452
"2025-03-28 00:00",1,"Kombinirano vozilo",28
"2025-03-28 00:00",1,"Težje tovorno vozilo",16
"2025-03-28 00:00",0,"Osebni avtomobil",154
"2025-03-28 00:00",0,"Težje tovorno vozilo",24
"2025-03-28 00:00",0,"Kombinirano vozilo",19
"2025-03-28 12:00",0,"Osebni avtomobil",573
"2025-03-28 12:00",0,"Kombinirano vozilo",35
"2025-03-28 12:00",0,"Težje tovorno vozilo",18
"2025-03-28 12:00",1,"Osebni avtomobil",382
"2025-03-28 12:00",1,"Kombinirano vozilo",23
"2025-03-28 12:00",1,"Težje tovorno vozilo",10
"2025-03-29 00:00",1,"Osebni avtomobil",268
"2025-03-29 00:00",1,"Kombinirano vozilo",21
"2025-03-29 00:00",1,"Težje tovorno vozilo",10
"2025-03-29 00:00",0,"Osebni avtomobil",147
"2025-03-29 00:00",0,"Kombinirano vozilo",18
"2025-03-29 00:00",0,"Težje tovorno vozilo",3
"2025-03-29 12:00",0,"Osebni avtomobil",410
"2025-03-29 12:00",0,"Kombinirano vozilo",18
"2025-03-29 12:00",0,"Težje tovorno vozilo",12
"2025-03-29 12:00",1,"Osebni avtomobil",326
"2025-03-29 12:00",1,"Kombinirano vozilo",14
"2025-03-29 12:00",1,"Težje tovorno vozilo",1
"2025-03-30 00:00",1,"Osebni avtomobil",148
"2025-03-30 00:00",1,"Kombinirano vozilo",4
"2025-03-30 00:00",1,"Težje tovorno vozilo",1
"2025-03-30 00:00",0,"Osebni avtomobil",88
"2025-03-30 00:00",0,"Kombinirano vozilo",5
"2025-03-30 12:00",0,"Osebni avtomobil",290
"2025-03-30 12:00",0,"Kombinirano vozilo",10
"2025-03-30 12:00",0,"Težje tovorno vozilo",5
"2025-03-30 12:00",1,"Osebni avtomobil",262
"2025-03-30 12:00",1,"Kombinirano vozilo",7
"2025-03-30 12:00",1,"Težje tovorno vozilo",2
"2025-03-31 00:00",1,"Osebni avtomobil",569
"2025-03-31 00:00",1,"Kombinirano vozilo",37
"2025-03-31 00:00",1,"Težje tovorno vozilo",9
"2025-03-31 00:00",1,"Tovorno vozilo s prikolico",1
"2025-03-31 00:00",0,"Osebni avtomobil",218
"2025-03-31 00:00",0,"Kombinirano vozilo",32
"2025-03-31 00:00",0,"Težje tovorno vozilo",20
"2025-03-31 00:00",0,"Tovorno vozilo s prikolico",1
"2025-03-31 12:00",0,"Osebni avtomobil","1,888"
"2025-03-31 12:00",0,"Kombinirano vozilo",112
"2025-03-31 12:00",0,"Težje tovorno vozilo",27
"2025-03-31 12:00",0,"Tovorno vozilo s prikolico",1
"2025-03-31 12:00",1,"Osebni avtomobil",880
"2025-03-31 12:00",1,"Kombinirano vozilo",69
"2025-03-31 12:00",1,"Težje tovorno vozilo",19
"2025-03-31 12:00",1,"Tovorno vozilo s prikolico",2
"2025-04-01 00:00",1,"Osebni avtomobil",552
"2025-04-01 00:00",1,"Kombinirano vozilo",31
"2025-04-01 00:00",1,"Težje tovorno vozilo",16
"2025-04-01 00:00",1,"Tovorno vozilo s prikolico",1
"2025-04-01 00:00",0,"Osebni avtomobil",177
"2025-04-01 00:00",0,"Kombinirano vozilo",31
"2025-04-01 00:00",0,"Težje tovorno vozilo",16
"2025-04-01 00:00",0,"Tovorno vozilo s prikolico",1
"2025-04-01 12:00",0,"Osebni avtomobil",570
"2025-04-01 12:00",0,"Kombinirano vozilo",46
"2025-04-01 12:00",0,"Težje tovorno vozilo",20
"2025-04-01 12:00",0,"Tovorno vozilo s prikolico",1
"2025-04-01 12:00",1,"Osebni avtomobil",344
"2025-04-01 12:00",1,"Kombinirano vozilo",25
"2025-04-01 12:00",1,"Težje tovorno vozilo",15
"2025-04-02 00:00",1,"Osebni avtomobil",528
"2025-04-02 00:00",1,"Kombinirano vozilo",28
"2025-04-02 00:00",1,"Težje tovorno vozilo",18
"2025-04-02 00:00",1,"Tovorno vozilo s prikolico",1
"2025-04-02 00:00",0,"Osebni avtomobil",180
"2025-04-02 00:00",0,"Kombinirano vozilo",27
"2025-04-02 00:00",0,"Težje tovorno vozilo",15
"2025-04-02 00:00",0,"Tovorno vozilo s prikolico",2
"2025-04-02 12:00",0,"Osebni avtomobil",622
"2025-04-02 12:00",0,"Kombinirano vozilo",47
"2025-04-02 12:00",0,"Težje tovorno vozilo",18
"2025-04-02 12:00",1,"Osebni avtomobil",403
"2025-04-02 12:00",1,"Kombinirano vozilo",30
"2025-04-02 12:00",1,"Težje tovorno vozilo",9
"2025-04-03 00:00",1,"Osebni avtomobil",548
"2025-04-03 00:00",1,"Kombinirano vozilo",36
"2025-04-03 00:00",1,"Težje tovorno vozilo",18
"2025-04-03 00:00",1,"Tovorno vozilo s prikolico",1
"2025-04-03 00:00",0,"Osebni avtomobil",213
"2025-04-03 00:00",0,"Kombinirano vozilo",29
"2025-04-03 00:00",0,"Težje tovorno vozilo",25
"2025-04-03 00:00",0,"Tovorno vozilo s prikolico",1
"2025-04-03 12:00",0,"Osebni avtomobil",648
"2025-04-03 12:00",0,"Kombinirano vozilo",42
"2025-04-03 12:00",0,"Težje tovorno vozilo",20
"2025-04-03 12:00",0,"Tovorno vozilo s prikolico",1
"2025-04-03 12:00",1,"Osebni avtomobil",396
"2025-04-03 12:00",1,"Kombinirano vozilo",30
"2025-04-03 12:00",1,"Težje tovorno vozilo",8
"2025-04-04 00:00",1,"Osebni avtomobil",565
"2025-04-04 00:00",1,"Kombinirano vozilo",34
"2025-04-04 00:00",1,"Težje tovorno vozilo",16
"2025-04-04 00:00",1,"Tovorno vozilo s prikolico",1
"2025-04-04 00:00",0,"Osebni avtomobil",249
"2025-04-04 00:00",0,"Kombinirano vozilo",32
"2025-04-04 00:00",0,"Težje tovorno vozilo",18
"2025-04-04 12:00",0,"Osebni avtomobil",741
"2025-04-04 12:00",0,"Kombinirano vozilo",60
"2025-04-04 12:00",0,"Težje tovorno vozilo",24
"2025-04-04 12:00",1,"Osebni avtomobil",518
"2025-04-04 12:00",1,"Kombinirano vozilo",42
"2025-04-04 12:00",1,"Težje tovorno vozilo",16
"2025-04-05 00:00",1,"Osebni avtomobil",322
"2025-04-05 00:00",1,"Kombinirano vozilo",21
"2025-04-05 00:00",1,"Težje tovorno vozilo",7
"2025-04-05 00:00",0,"Osebni avtomobil",194
"2025-04-05 00:00",0,"Kombinirano vozilo",18
"2025-04-05 00:00",0,"Težje tovorno vozilo",5
"2025-04-05 12:00",0,"Osebni avtomobil",495
"2025-04-05 12:00",0,"Kombinirano vozilo",13
"2025-04-05 12:00",0,"Težje tovorno vozilo",5
"2025-04-05 12:00",1,"Osebni avtomobil",383
"2025-04-05 12:00",1,"Kombinirano vozilo",15
"2025-04-05 12:00",1,"Težje tovorno vozilo",2
"2025-04-06 00:00",1,"Osebni avtomobil",174
"2025-04-06 00:00",1,"Kombinirano vozilo",12
"2025-04-06 00:00",1,"Težje tovorno vozilo",3
"2025-04-06 00:00",0,"Osebni avtomobil",127
"2025-04-06 00:00",0,"Kombinirano vozilo",6
"2025-04-06 00:00",0,"Težje tovorno vozilo",1
"2025-04-06 12:00",0,"Osebni avtomobil",397
"2025-04-06 12:00",0,"Kombinirano vozilo",19
"2025-04-06 12:00",0,"Težje tovorno vozilo",5
"2025-04-06 12:00",1,"Osebni avtomobil",315
"2025-04-06 12:00",1,"Kombinirano vozilo",13
"2025-04-06 12:00",1,"Težje tovorno vozilo",2
"2025-04-07 00:00",1,"Osebni avtomobil",516
"2025-04-07 00:00",1,"Kombinirano vozilo",39
"2025-04-07 00:00",1,"Težje tovorno vozilo",16
"2025-04-07 00:00",0,"Osebni avtomobil",177
"2025-04-07 00:00",0,"Kombinirano vozilo",30
"2025-04-07 00:00",0,"Težje tovorno vozilo",17
"2025-04-07 00:00",0,"Tovorno vozilo s prikolico",1
"2025-04-07 12:00",0,"Osebni avtomobil",559
"2025-04-07 12:00",0,"Kombinirano vozilo",47
"2025-04-07 12:00",0,"Težje tovorno vozilo",19
"2025-04-07 12:00",0,"Tovorno vozilo s prikolico",1
"2025-04-07 12:00",1,"Osebni avtomobil",326
"2025-04-07 12:00",1,"Kombinirano vozilo",29
"2025-04-07 12:00",1,"Težje tovorno vozilo",15
"2025-04-08 00:00",1,"Osebni avtomobil",520
"2025-04-08 00:00",1,"Kombinirano vozilo",44
"2025-04-08 00:00",1,"Težje tovorno vozilo",18
"2025-04-08 00:00",1,"Tovorno vozilo s prikolico",3
"2025-04-08 00:00",0,"Osebni avtomobil",161
"2025-04-08 00:00",0,"Kombinirano vozilo",34
"2025-04-08 00:00",0,"Težje tovorno vozilo",16
"2025-04-08 00:00",0,"Tovorno vozilo s prikolico",1
"2025-04-08 12:00",0,"Osebni avtomobil",610
"2025-04-08 12:00",0,"Kombinirano vozilo",44
"2025-04-08 12:00",0,"Težje tovorno vozilo",17
"2025-04-08 12:00",1,"Osebni avtomobil",365
"2025-04-08 12:00",1,"Kombinirano vozilo",24
"2025-04-08 12:00",1,"Težje tovorno vozilo",10
"2025-04-09 00:00",1,"Osebni avtomobil",513
"2025-04-09 00:00",1,"Kombinirano vozilo",33
"2025-04-09 00:00",1,"Težje tovorno vozilo",10
"2025-04-09 00:00",1,"Tovorno vozilo s prikolico",1
"2025-04-09 00:00",0,"Osebni avtomobil",182
"2025-04-09 00:00",0,"Kombinirano vozilo",24
"2025-04-09 00:00",0,"Težje tovorno vozilo",17
"2025-04-09 00:00",0,"Tovorno vozilo s prikolico",1
"2025-04-09 12:00",0,"Osebni avtomobil",678
"2025-04-09 12:00",0,"Kombinirano vozilo",38
"2025-04-09 12:00",0,"Težje tovorno vozilo",27
"2025-04-09 12:00",0,"Tovorno vozilo s prikolico",2
"2025-04-09 12:00",1,"Osebni avtomobil",460
"2025-04-09 12:00",1,"Kombinirano vozilo",30
"2025-04-09 12:00",1,"Težje tovorno vozilo",13
"2025-04-09 12:00",1,"Tovorno vozilo s prikolico",1
"2025-04-10 00:00",1,"Osebni avtomobil",550
"2025-04-10 00:00",1,"Kombinirano vozilo",35
"2025-04-10 00:00",1,"Težje tovorno vozilo",17
"2025-04-10 00:00",1,"Tovorno vozilo s prikolico",1
"2025-04-10 00:00",0,"Osebni avtomobil",164
"2025-04-10 00:00",0,"Kombinirano vozilo",36
"2025-04-10 00:00",0,"Težje tovorno vozilo",20
"2025-04-10 00:00",0,"Tovorno vozilo s prikolico",3
"2025-04-10 12:00",0,"Osebni avtomobil",668
"2025-04-10 12:00",0,"Kombinirano vozilo",35
"2025-04-10 12:00",0,"Težje tovorno vozilo",25
"2025-04-10 12:00",0,"Tovorno vozilo s prikolico",1
"2025-04-10 12:00",1,"Osebni avtomobil",404
"2025-04-10 12:00",1,"Kombinirano vozilo",34
"2025-04-10 12:00",1,"Težje tovorno vozilo",19
"2025-04-11 00:00",1,"Osebni avtomobil",542
"2025-04-11 00:00",1,"Kombinirano vozilo",44
"2025-04-11 00:00",1,"Težje tovorno vozilo",17
"2025-04-11 00:00",1,"Tovorno vozilo s prikolico",2
"2025-04-11 00:00",0,"Osebni avtomobil",195
"2025-04-11 00:00",0,"Kombinirano vozilo",26
"2025-04-11 00:00",0,"Težje tovorno vozilo",25
"2025-04-11 00:00",0,"Tovorno vozilo s prikolico",2
"2025-04-11 12:00",0,"Osebni avtomobil",680
"2025-04-11 12:00",0,"Kombinirano vozilo",31
"2025-04-11 12:00",0,"Težje tovorno vozilo",18
"2025-04-11 12:00",1,"Osebni avtomobil",439
"2025-04-11 12:00",1,"Kombinirano vozilo",22
"2025-04-11 12:00",1,"Težje tovorno vozilo",9
"2025-04-12 00:00",1,"Osebni avtomobil",356
"2025-04-12 00:00",1,"Kombinirano vozilo",33
"2025-04-12 00:00",1,"Težje tovorno vozilo",8
"2025-04-12 00:00",0,"Osebni avtomobil",231
"2025-04-12 00:00",0,"Kombinirano vozilo",35
"2025-04-12 00:00",0,"Težje tovorno vozilo",9
"2025-04-12 12:00",0,"Osebni avtomobil",519
"2025-04-12 12:00",0,"Kombinirano vozilo",30
"2025-04-12 12:00",0,"Težje tovorno vozilo",7
"2025-04-12 12:00",1,"Osebni avtomobil",417
"2025-04-12 12:00",1,"Kombinirano vozilo",16
"2025-04-12 12:00",1,"Težje tovorno vozilo",5
"2025-04-13 00:00",1,"Osebni avtomobil",200
"2025-04-13 00:00",1,"Kombinirano vozilo",6
"2025-04-13 00:00",1,"Težje tovorno vozilo",1
"2025-04-13 00:00",0,"Osebni avtomobil",150
"2025-04-13 00:00",0,"Kombinirano vozilo",10
"2025-04-13 00:00",0,"Težje tovorno vozilo",1
"2025-04-13 12:00",0,"Osebni avtomobil",391
"2025-04-13 12:00",0,"Kombinirano vozilo",20
"2025-04-13 12:00",0,"Težje tovorno vozilo",3
"2025-04-13 12:00",1,"Osebni avtomobil",314
"2025-04-13 12:00",1,"Kombinirano vozilo",7
"2025-04-14 00:00",1,"Osebni avtomobil",554
"2025-04-14 00:00",1,"Kombinirano vozilo",32
"2025-04-14 00:00",1,"Težje tovorno vozilo",22
"2025-04-14 00:00",1,"Tovorno vozilo s prikolico",1
"2025-04-14 00:00",0,"Osebni avtomobil",192
"2025-04-14 00:00",0,"Težje tovorno vozilo",26
"2025-04-14 00:00",0,"Kombinirano vozilo",24
"2025-04-14 00:00",0,"Tovorno vozilo s prikolico",1
"2025-04-14 12:00",0,"Osebni avtomobil",584
"2025-04-14 12:00",0,"Kombinirano vozilo",33
"2025-04-14 12:00",0,"Težje tovorno vozilo",20
"2025-04-14 12:00",1,"Osebni avtomobil",387
"2025-04-14 12:00",1,"Kombinirano vozilo",22
"2025-04-14 12:00",1,"Težje tovorno vozilo",15
"2025-04-15 00:00",1,"Osebni avtomobil",529
"2025-04-15 00:00",1,"Kombinirano vozilo",25
"2025-04-15 00:00",1,"Težje tovorno vozilo",10
"2025-04-15 00:00",0,"Osebni avtomobil",187
"2025-04-15 00:00",0,"Težje tovorno vozilo",19
"2025-04-15 00:00",0,"Kombinirano vozilo",7
"2025-04-15 12:00",0,"Osebni avtomobil",569
"2025-04-15 12:00",0,"Kombinirano vozilo",17
"2025-04-15 12:00",0,"Težje tovorno vozilo",15
"2025-04-15 12:00",0,"Tovorno vozilo s prikolico",1
"2025-04-15 12:00",1,"Osebni avtomobil",348
"2025-04-15 12:00",1,"Kombinirano vozilo",15
"2025-04-15 12:00",1,"Težje tovorno vozilo",9
"2025-04-16 00:00",1,"Osebni avtomobil",603
"2025-04-16 00:00",1,"Kombinirano vozilo",24
"2025-04-16 00:00",1,"Težje tovorno vozilo",17
"2025-04-16 00:00",1,"Tovorno vozilo s prikolico",1
"2025-04-16 00:00",0,"Osebni avtomobil",209
"2025-04-16 00:00",0,"Kombinirano vozilo",29
"2025-04-16 00:00",0,"Težje tovorno vozilo",16
"2025-04-16 00:00",0,"Tovorno vozilo s prikolico",1
"2025-04-16 12:00",0,"Osebni avtomobil",637
"2025-04-16 12:00",0,"Kombinirano vozilo",39
"2025-04-16 12:00",0,"Težje tovorno vozilo",16
"2025-04-16 12:00",1,"Osebni avtomobil",419
"2025-04-16 12:00",1,"Kombinirano vozilo",24
"2025-04-16 12:00",1,"Težje tovorno vozilo",12
"2025-04-17 00:00",1,"Osebni avtomobil",576
"2025-04-17 00:00",1,"Kombinirano vozilo",34
"2025-04-17 00:00",1,"Težje tovorno vozilo",11
"2025-04-17 00:00",1,"Tovorno vozilo s prikolico",1
"2025-04-17 00:00",0,"Osebni avtomobil",189
"2025-04-17 00:00",0,"Težje tovorno vozilo",23
"2025-04-17 00:00",0,"Kombinirano vozilo",22
"2025-04-17 12:00",0,"Osebni avtomobil",596
"2025-04-17 12:00",0,"Kombinirano vozilo",29
"2025-04-17 12:00",0,"Težje tovorno vozilo",18
"2025-04-17 12:00",0,"Tovorno vozilo s prikolico",1
"2025-04-17 12:00",1,"Osebni avtomobil",394
"2025-04-17 12:00",1,"Kombinirano vozilo",27
"2025-04-17 12:00",1,"Težje tovorno vozilo",12
"2025-04-18 00:00",1,"Osebni avtomobil",476
"2025-04-18 00:00",1,"Kombinirano vozilo",28
"2025-04-18 00:00",1,"Težje tovorno vozilo",13
"2025-04-18 00:00",1,"Tovorno vozilo s prikolico",1
"2025-04-18 00:00",0,"Osebni avtomobil",211
"2025-04-18 00:00",0,"Težje tovorno vozilo",17
"2025-04-18 00:00",0,"Kombinirano vozilo",12
"2025-04-18 12:00",0,"Osebni avtomobil",590
"2025-04-18 12:00",0,"Kombinirano vozilo",44
"2025-04-18 12:00",0,"Težje tovorno vozilo",17
"2025-04-18 12:00",1,"Osebni avtomobil",453
"2025-04-18 12:00",1,"Kombinirano vozilo",30
"2025-04-18 12:00",1,"Težje tovorno vozilo",13
"2025-04-19 00:00",1,"Osebni avtomobil",299
"2025-04-19 00:00",1,"Kombinirano vozilo",21
"2025-04-19 00:00",1,"Težje tovorno vozilo",3
"2025-04-19 00:00",0,"Osebni avtomobil",192
"2025-04-19 00:00",0,"Kombinirano vozilo",20
"2025-04-19 00:00",0,"Težje tovorno vozilo",4
"2025-04-19 12:00",0,"Osebni avtomobil",428
"2025-04-19 12:00",0,"Kombinirano vozilo",22
"2025-04-19 12:00",0,"Težje tovorno vozilo",6
"2025-04-19 12:00",1,"Osebni avtomobil",329
"2025-04-19 12:00",1,"Kombinirano vozilo",15
"2025-04-19 12:00",1,"Težje tovorno vozilo",3
"2025-04-20 00:00",1,"Osebni avtomobil",218
"2025-04-20 00:00",1,"Kombinirano vozilo",6
"2025-04-20 00:00",1,"Težje tovorno vozilo",1
"2025-04-20 00:00",0,"Osebni avtomobil",154
"2025-04-20 00:00",0,"Kombinirano vozilo",7
"2025-04-20 12:00",0,"Osebni avtomobil",418
"2025-04-20 12:00",0,"Kombinirano vozilo",18
"2025-04-20 12:00",0,"Težje tovorno vozilo",5
"2025-04-20 12:00",1,"Osebni avtomobil",365
"2025-04-20 12:00",1,"Kombinirano vozilo",6
"2025-04-20 12:00",1,"Težje tovorno vozilo",1
"2025-04-21 00:00",1,"Osebni avtomobil",231
"2025-04-21 00:00",1,"Kombinirano vozilo",9
"2025-04-21 00:00",1,"Težje tovorno vozilo",2
"2025-04-21 00:00",0,"Osebni avtomobil",151
"2025-04-21 00:00",0,"Kombinirano vozilo",5
"2025-04-21 00:00",0,"Težje tovorno vozilo",1
"2025-04-21 12:00",0,"Osebni avtomobil",388
"2025-04-21 12:00",0,"Kombinirano vozilo",22
"2025-04-21 12:00",0,"Težje tovorno vozilo",4
"2025-04-21 12:00",0,"Tovorno vozilo s prikolico",1
"2025-04-21 12:00",1,"Osebni avtomobil",345
"2025-04-21 12:00",1,"Kombinirano vozilo",13
"2025-04-21 12:00",1,"Težje tovorno vozilo",3
"2025-04-22 00:00",1,"Osebni avtomobil",568
"2025-04-22 00:00",1,"Kombinirano vozilo",39
"2025-04-22 00:00",1,"Težje tovorno vozilo",8
"2025-04-22 00:00",1,"Tovorno vozilo s prikolico",1
"2025-04-22 00:00",0,"Osebni avtomobil",218
"2025-04-22 00:00",0,"Težje tovorno vozilo",20
"2025-04-22 00:00",0,"Kombinirano vozilo",19
"2025-04-22 12:00",0,"Osebni avtomobil",658
"2025-04-22 12:00",0,"Kombinirano vozilo",36
"2025-04-22 12:00",0,"Težje tovorno vozilo",16
"2025-04-22 12:00",0,"Tovorno vozilo s prikolico",1
"2025-04-22 12:00",1,"Osebni avtomobil",408
"2025-04-22 12:00",1,"Kombinirano vozilo",25
"2025-04-22 12:00",1,"Težje tovorno vozilo",8
"2025-04-23 00:00",1,"Osebni avtomobil",584
"2025-04-23 00:00",1,"Kombinirano vozilo",25
"2025-04-23 00:00",1,"Težje tovorno vozilo",11
"2025-04-23 00:00",1,"Tovorno vozilo s prikolico",2
"2025-04-23 00:00",0,"Osebni avtomobil",192
"2025-04-23 00:00",0,"Kombinirano vozilo",32
"2025-04-23 00:00",0,"Težje tovorno vozilo",17
"2025-04-23 00:00",0,"Tovorno vozilo s prikolico",2
"2025-04-23 12:00",0,"Osebni avtomobil",611
"2025-04-23 12:00",0,"Kombinirano vozilo",39
"2025-04-23 12:00",0,"Težje tovorno vozilo",17
"2025-04-23 12:00",1,"Osebni avtomobil",375
"2025-04-23 12:00",1,"Kombinirano vozilo",23
"2025-04-23 12:00",1,"Težje tovorno vozilo",15
"2025-04-24 00:00",1,"Osebni avtomobil",575
"2025-04-24 00:00",1,"Kombinirano vozilo",47
"2025-04-24 00:00",1,"Težje tovorno vozilo",18
"2025-04-24 00:00",0,"Osebni avtomobil",201
"2025-04-24 00:00",0,"Kombinirano vozilo",32
"2025-04-24 00:00",0,"Težje tovorno vozilo",20
"2025-04-24 00:00",0,"Tovorno vozilo s prikolico",1
"2025-04-24 12:00",0,"Osebni avtomobil",670
"2025-04-24 12:00",0,"Kombinirano vozilo",30
"2025-04-24 12:00",0,"Težje tovorno vozilo",17
"2025-04-24 12:00",0,"Tovorno vozilo s prikolico",1
"2025-04-24 12:00",1,"Osebni avtomobil",384
"2025-04-24 12:00",1,"Kombinirano vozilo",25
"2025-04-24 12:00",1,"Težje tovorno vozilo",14
"2025-04-25 00:00",1,"Osebni avtomobil",460
"2025-04-25 00:00",1,"Kombinirano vozilo",28
"2025-04-25 00:00",1,"Težje tovorno vozilo",14
"2025-04-25 00:00",1,"Tovorno vozilo s prikolico",2
"2025-04-25 00:00",1,"Nerazpoznana vozila",1
"2025-04-25 00:00",0,"Osebni avtomobil",168
"2025-04-25 00:00",0,"Težje tovorno vozilo",13
"2025-04-25 00:00",0,"Kombinirano vozilo",10
"2025-04-25 00:00",0,"Tovorno vozilo s prikolico",1
"2025-04-25 12:00",0,"Osebni avtomobil",688
"2025-04-25 12:00",0,"Kombinirano vozilo",30
"2025-04-25 12:00",0,"Težje tovorno vozilo",17
"2025-04-25 12:00",1,"Osebni avtomobil",504
"2025-04-25 12:00",1,"Kombinirano vozilo",31
"2025-04-25 12:00",1,"Težje tovorno vozilo",15
"2025-04-26 00:00",1,"Osebni avtomobil",311
"2025-04-26 00:00",1,"Kombinirano vozilo",26
"2025-04-26 00:00",1,"Težje tovorno vozilo",4
"2025-04-26 00:00",0,"Osebni avtomobil",198
"2025-04-26 00:00",0,"Kombinirano vozilo",24
"2025-04-26 00:00",0,"Težje tovorno vozilo",5
"2025-04-26 12:00",0,"Osebni avtomobil",423
"2025-04-26 12:00",0,"Kombinirano vozilo",17
"2025-04-26 12:00",0,"Težje tovorno vozilo",7
"2025-04-26 12:00",1,"Osebni avtomobil",346
"2025-04-26 12:00",1,"Kombinirano vozilo",14
"2025-04-26 12:00",1,"Težje tovorno vozilo",4
"2025-04-27 00:00",1,"Osebni avtomobil",204
"2025-04-27 00:00",1,"Kombinirano vozilo",8
"2025-04-27 00:00",1,"Težje tovorno vozilo",3
"2025-04-27 00:00",0,"Osebni avtomobil",116
"2025-04-27 00:00",0,"Kombinirano vozilo",3
"2025-04-27 00:00",0,"Težje tovorno vozilo",2
"2025-04-27 12:00",0,"Osebni avtomobil",393
"2025-04-27 12:00",0,"Kombinirano vozilo",17
"2025-04-27 12:00",0,"Težje tovorno vozilo",8
"2025-04-27 12:00",1,"Osebni avtomobil",371
"2025-04-27 12:00",1,"Kombinirano vozilo",13
"2025-04-27 12:00",1,"Težje tovorno vozilo",2
"2025-04-28 00:00",1,"Osebni avtomobil",467
"2025-04-28 00:00",1,"Kombinirano vozilo",36
"2025-04-28 00:00",1,"Težje tovorno vozilo",7
"2025-04-28 00:00",1,"Tovorno vozilo s prikolico",1
"2025-04-28 00:00",0,"Osebni avtomobil",199
"2025-04-28 00:00",0,"Kombinirano vozilo",29
"2025-04-28 00:00",0,"Težje tovorno vozilo",10
"2025-04-28 00:00",0,"Tovorno vozilo s prikolico",1
"2025-04-28 12:00",0,"Osebni avtomobil",601
"2025-04-28 12:00",0,"Kombinirano vozilo",40
"2025-04-28 12:00",0,"Težje tovorno vozilo",15
"2025-04-28 12:00",1,"Osebni avtomobil",427
"2025-04-28 12:00",1,"Kombinirano vozilo",32
"2025-04-28 12:00",1,"Težje tovorno vozilo",8
"2025-04-29 00:00",1,"Osebni avtomobil",437
"2025-04-29 00:00",1,"Kombinirano vozilo",25
"2025-04-29 00:00",1,"Težje tovorno vozilo",6
"2025-04-29 00:00",0,"Osebni avtomobil",193
"2025-04-29 00:00",0,"Kombinirano vozilo",25
"2025-04-29 00:00",0,"Težje tovorno vozilo",12
"2025-04-29 00:00",0,"Tovorno vozilo s prikolico",1
"2025-04-29 12:00",0,"Osebni avtomobil",534
"2025-04-29 12:00",0,"Kombinirano vozilo",31
"2025-04-29 12:00",0,"Težje tovorno vozilo",20
"2025-04-29 12:00",1,"Osebni avtomobil",368
"2025-04-29 12:00",1,"Kombinirano vozilo",20
"2025-04-29 12:00",1,"Težje tovorno vozilo",10
"2025-04-30 00:00",1,"Osebni avtomobil",430
"2025-04-30 00:00",1,"Kombinirano vozilo",27
"2025-04-30 00:00",1,"Težje tovorno vozilo",15
"2025-04-30 00:00",1,"Tovorno vozilo s prikolico",1
"2025-04-30 00:00",0,"Osebni avtomobil",225
"2025-04-30 00:00",0,"Kombinirano vozilo",28
"2025-04-30 00:00",0,"Težje tovorno vozilo",21
"2025-04-30 12:00",0,"Osebni avtomobil",480
"2025-04-30 12:00",0,"Kombinirano vozilo",16
"2025-04-30 12:00",0,"Težje tovorno vozilo",11
"2025-04-30 12:00",1,"Osebni avtomobil",380
"2025-04-30 12:00",1,"Kombinirano vozilo",20
"2025-04-30 12:00",1,"Težje tovorno vozilo",3
"2025-05-01 00:00",1,"Osebni avtomobil",202
"2025-05-01 00:00",1,"Kombinirano vozilo",4
"2025-05-01 00:00",1,"Težje tovorno vozilo",3
"2025-05-01 00:00",0,"Osebni avtomobil",131
"2025-05-01 00:00",0,"Kombinirano vozilo",7
"2025-05-01 00:00",0,"Težje tovorno vozilo",3
"2025-05-01 12:00",0,"Osebni avtomobil",349
"2025-05-01 12:00",0,"Kombinirano vozilo",9
"2025-05-01 12:00",0,"Težje tovorno vozilo",5
"2025-05-01 12:00",1,"Osebni avtomobil",289
"2025-05-01 12:00",1,"Kombinirano vozilo",8
"2025-05-01 12:00",1,"Težje tovorno vozilo",1
"2025-05-02 00:00",1,"Osebni avtomobil",198
"2025-05-02 00:00",1,"Kombinirano vozilo",11
"2025-05-02 00:00",1,"Težje tovorno vozilo",3
"2025-05-02 00:00",0,"Osebni avtomobil",124
"2025-05-02 00:00",0,"Kombinirano vozilo",8
"2025-05-02 00:00",0,"Težje tovorno vozilo",6
"2025-05-02 12:00",0,"Osebni avtomobil",370
"2025-05-02 12:00",0,"Kombinirano vozilo",16
"2025-05-02 12:00",0,"Težje tovorno vozilo",10
"2025-05-02 12:00",1,"Osebni avtomobil",298
"2025-05-02 12:00",1,"Kombinirano vozilo",8
"2025-05-02 12:00",1,"Težje tovorno vozilo",1
"2025-05-03 00:00",1,"Osebni avtomobil",287
"2025-05-03 00:00",1,"Kombinirano vozilo",13
"2025-05-03 00:00",1,"Težje tovorno vozilo",3
"2025-05-03 00:00",0,"Osebni avtomobil",161
"2025-05-03 00:00",0,"Kombinirano vozilo",11
"2025-05-03 00:00",0,"Težje tovorno vozilo",6
"2025-05-03 12:00",0,"Osebni avtomobil",462
"2025-05-03 12:00",0,"Kombinirano vozilo",31
"2025-05-03 12:00",0,"Težje tovorno vozilo",7
"2025-05-03 12:00",1,"Osebni avtomobil",346
"2025-05-03 12:00",1,"Kombinirano vozilo",10
"2025-05-03 12:00",1,"Težje tovorno vozilo",2
"2025-05-04 00:00",1,"Osebni avtomobil",196
"2025-05-04 00:00",1,"Kombinirano vozilo",3
"2025-05-04 00:00",1,"Težje tovorno vozilo",2
"2025-05-04 00:00",0,"Osebni avtomobil",140
"2025-05-04 00:00",0,"Kombinirano vozilo",11
"2025-05-04 00:00",0,"Težje tovorno vozilo",1
"2025-05-04 12:00",0,"Osebni avtomobil",418
"2025-05-04 12:00",0,"Kombinirano vozilo",21
"2025-05-04 12:00",0,"Težje tovorno vozilo",8
"2025-05-04 12:00",1,"Osebni avtomobil",340
"2025-05-04 12:00",1,"Kombinirano vozilo",9
"2025-05-04 12:00",1,"Težje tovorno vozilo",1
"2025-05-05 00:00",1,"Osebni avtomobil",494
"2025-05-05 00:00",1,"Kombinirano vozilo",34
"2025-05-05 00:00",1,"Težje tovorno vozilo",18
"2025-05-05 00:00",1,"Tovorno vozilo s prikolico",3
"2025-05-05 00:00",1,"Nerazpoznana vozila",1
"2025-05-05 00:00",0,"Osebni avtomobil",136
"2025-05-05 00:00",0,"Kombinirano vozilo",12
"2025-05-05 00:00",0,"Težje tovorno vozilo",10
"2025-05-05 12:00",0,"Osebni avtomobil",435
"2025-05-05 12:00",0,"Težje tovorno vozilo",15
"2025-05-05 12:00",0,"Kombinirano vozilo",14
"2025-05-05 12:00",0,"Tovorno vozilo s prikolico",1
"2025-05-05 12:00",1,"Osebni avtomobil",402
"2025-05-05 12:00",1,"Kombinirano vozilo",23
"2025-05-05 12:00",1,"Težje tovorno vozilo",18
"2025-05-05 12:00",1,"Tovorno vozilo s prikolico",4
"2025-05-05 12:00",1,"Nerazpoznana vozila",1
"2025-05-06 00:00",1,"Osebni avtomobil",554
"2025-05-06 00:00",1,"Kombinirano vozilo",27
"2025-05-06 00:00",1,"Težje tovorno vozilo",18
"2025-05-06 00:00",1,"Tovorno vozilo s prikolico",1
"2025-05-06 00:00",0,"Osebni avtomobil",203
"2025-05-06 00:00",0,"Kombinirano vozilo",23
"2025-05-06 00:00",0,"Težje tovorno vozilo",15
"2025-05-06 00:00",0,"Tovorno vozilo s prikolico",1
"2025-05-06 12:00",0,"Osebni avtomobil",659
"2025-05-06 12:00",0,"Težje tovorno vozilo",26
"2025-05-06 12:00",0,"Kombinirano vozilo",22
"2025-05-06 12:00",1,"Osebni avtomobil",394
"2025-05-06 12:00",1,"Kombinirano vozilo",26
"2025-05-06 12:00",1,"Težje tovorno vozilo",13
"2025-05-07 00:00",1,"Osebni avtomobil",479
"2025-05-07 00:00",1,"Kombinirano vozilo",24
"2025-05-07 00:00",1,"Težje tovorno vozilo",17
"2025-05-07 00:00",0,"Osebni avtomobil",169
"2025-05-07 00:00",0,"Kombinirano vozilo",22
"2025-05-07 00:00",0,"Težje tovorno vozilo",20
"2025-05-07 12:00",0,"Osebni avtomobil",718
"2025-05-07 12:00",0,"Težje tovorno vozilo",28
"2025-05-07 12:00",0,"Kombinirano vozilo",26
"2025-05-07 12:00",0,"Tovorno vozilo s prikolico",1
"2025-05-07 12:00",1,"Osebni avtomobil",447
"2025-05-07 12:00",1,"Kombinirano vozilo",27
"2025-05-07 12:00",1,"Težje tovorno vozilo",17
"2025-05-08 00:00",1,"Osebni avtomobil",554
"2025-05-08 00:00",1,"Kombinirano vozilo",31
"2025-05-08 00:00",1,"Težje tovorno vozilo",18
"2025-05-08 00:00",1,"Tovorno vozilo s prikolico",2
"2025-05-08 00:00",0,"Osebni avtomobil",203
"2025-05-08 00:00",0,"Težje tovorno vozilo",23
"2025-05-08 00:00",0,"Kombinirano vozilo",13
"2025-05-08 00:00",0,"Tovorno vozilo s prikolico",2
"2025-05-08 12:00",0,"Osebni avtomobil",763
"2025-05-08 12:00",0,"Kombinirano vozilo",30
"2025-05-08 12:00",0,"Težje tovorno vozilo",20
"2025-05-08 12:00",1,"Osebni avtomobil",467
"2025-05-08 12:00",1,"Kombinirano vozilo",21
"2025-05-08 12:00",1,"Težje tovorno vozilo",19
"2025-05-08 12:00",1,"Tovorno vozilo s prikolico",2
"2025-05-09 00:00",1,"Osebni avtomobil",605
"2025-05-09 00:00",1,"Kombinirano vozilo",29
"2025-05-09 00:00",1,"Težje tovorno vozilo",18
"2025-05-09 00:00",1,"Tovorno vozilo s prikolico",1
"2025-05-09 00:00",0,"Osebni avtomobil",232
"2025-05-09 00:00",0,"Kombinirano vozilo",27
"2025-05-09 00:00",0,"Težje tovorno vozilo",19
"2025-05-09 12:00",0,"Osebni avtomobil",766
"2025-05-09 12:00",0,"Kombinirano vozilo",38
"2025-05-09 12:00",0,"Težje tovorno vozilo",23
"2025-05-09 12:00",0,"Tovorno vozilo s prikolico",1
"2025-05-09 12:00",1,"Osebni avtomobil",506
"2025-05-09 12:00",1,"Kombinirano vozilo",32
"2025-05-09 12:00",1,"Težje tovorno vozilo",7
"2025-05-09 12:00",1,"Tovorno vozilo s prikolico",2
"2025-05-10 00:00",1,"Osebni avtomobil",318
"2025-05-10 00:00",1,"Kombinirano vozilo",26
"2025-05-10 00:00",1,"Težje tovorno vozilo",2
"2025-05-10 00:00",0,"Osebni avtomobil",177
"2025-05-10 00:00",0,"Kombinirano vozilo",21
"2025-05-10 00:00",0,"Težje tovorno vozilo",2
"2025-05-10 12:00",0,"Osebni avtomobil",524
"2025-05-10 12:00",0,"Kombinirano vozilo",20
"2025-05-10 12:00",0,"Težje tovorno vozilo",8
"2025-05-10 12:00",1,"Osebni avtomobil",468
"2025-05-10 12:00",1,"Kombinirano vozilo",14
"2025-05-11 00:00",1,"Osebni avtomobil",233
"2025-05-11 00:00",1,"Težje tovorno vozilo",6
"2025-05-11 00:00",1,"Kombinirano vozilo",4
"2025-05-11 00:00",0,"Osebni avtomobil",187
"2025-05-11 00:00",0,"Kombinirano vozilo",10
"2025-05-11 00:00",0,"Težje tovorno vozilo",2
"2025-05-11 12:00",0,"Osebni avtomobil",471
"2025-05-11 12:00",0,"Kombinirano vozilo",28
"2025-05-11 12:00",0,"Težje tovorno vozilo",7
"2025-05-11 12:00",1,"Osebni avtomobil",416
"2025-05-11 12:00",1,"Kombinirano vozilo",12
"2025-05-11 12:00",1,"Težje tovorno vozilo",2
"2025-05-12 00:00",1,"Osebni avtomobil",568
"2025-05-12 00:00",1,"Kombinirano vozilo",41
"2025-05-12 00:00",1,"Težje tovorno vozilo",13
"2025-05-12 00:00",0,"Osebni avtomobil",209
"2025-05-12 00:00",0,"Kombinirano vozilo",31
"2025-05-12 00:00",0,"Težje tovorno vozilo",17
"2025-05-12 00:00",0,"Tovorno vozilo s prikolico",1
"2025-05-12 12:00",0,"Osebni avtomobil",665
"2025-05-12 12:00",0,"Kombinirano vozilo",36
"2025-05-12 12:00",0,"Težje tovorno vozilo",15
"2025-05-12 12:00",1,"Osebni avtomobil",400
"2025-05-12 12:00",1,"Kombinirano vozilo",34
"2025-05-12 12:00",1,"Težje tovorno vozilo",9
"2025-05-13 00:00",1,"Osebni avtomobil",570
"2025-05-13 00:00",1,"Kombinirano vozilo",20
"2025-05-13 00:00",1,"Težje tovorno vozilo",15
"2025-05-13 00:00",0,"Osebni avtomobil",195
"2025-05-13 00:00",0,"Težje tovorno vozilo",22
"2025-05-13 00:00",0,"Kombinirano vozilo",21
"2025-05-13 12:00",0,"Osebni avtomobil",762
"2025-05-13 12:00",0,"Kombinirano vozilo",35
"2025-05-13 12:00",0,"Težje tovorno vozilo",25
"2025-05-13 12:00",1,"Osebni avtomobil",442
"2025-05-13 12:00",1,"Kombinirano vozilo",18
"2025-05-13 12:00",1,"Težje tovorno vozilo",8
"2025-05-14 00:00",1,"Osebni avtomobil",566
"2025-05-14 00:00",1,"Kombinirano vozilo",22
"2025-05-14 00:00",1,"Težje tovorno vozilo",8
"2025-05-14 00:00",1,"Tovorno vozilo s prikolico",1
"2025-05-14 00:00",0,"Osebni avtomobil",199
"2025-05-14 00:00",0,"Kombinirano vozilo",23
"2025-05-14 00:00",0,"Težje tovorno vozilo",19
"2025-05-14 00:00",0,"Tovorno vozilo s prikolico",2
"2025-05-14 12:00",0,"Osebni avtomobil",786
"2025-05-14 12:00",0,"Kombinirano vozilo",36
"2025-05-14 12:00",0,"Težje tovorno vozilo",20
"2025-05-14 12:00",0,"Tovorno vozilo s prikolico",1
"2025-05-14 12:00",1,"Osebni avtomobil",500
"2025-05-14 12:00",1,"Kombinirano vozilo",16
"2025-05-14 12:00",1,"Težje tovorno vozilo",2
"2025-05-15 00:00",1,"Osebni avtomobil",606
"2025-05-15 00:00",1,"Kombinirano vozilo",25
"2025-05-15 00:00",1,"Težje tovorno vozilo",12
"2025-05-15 00:00",1,"Tovorno vozilo s prikolico",1
"2025-05-15 00:00",0,"Osebni avtomobil",262
"2025-05-15 00:00",0,"Kombinirano vozilo",28
"2025-05-15 00:00",0,"Težje tovorno vozilo",21
"2025-05-15 00:00",0,"Tovorno vozilo s prikolico",1
"2025-05-15 12:00",0,"Osebni avtomobil",709
"2025-05-15 12:00",0,"Kombinirano vozilo",30
"2025-05-15 12:00",0,"Težje tovorno vozilo",20
"2025-05-15 12:00",1,"Osebni avtomobil",459
"2025-05-15 12:00",1,"Kombinirano vozilo",22
"2025-05-15 12:00",1,"Težje tovorno vozilo",11
"2025-05-16 00:00",1,"Osebni avtomobil",542
"2025-05-16 00:00",1,"Kombinirano vozilo",31
"2025-05-16 00:00",1,"Težje tovorno vozilo",11
"2025-05-16 00:00",1,"Tovorno vozilo s prikolico",1
"2025-05-16 00:00",0,"Osebni avtomobil",191
"2025-05-16 00:00",0,"Težje tovorno vozilo",28
"2025-05-16 00:00",0,"Kombinirano vozilo",27
"2025-05-16 00:00",0,"Tovorno vozilo s prikolico",2
"2025-05-16 12:00",0,"Osebni avtomobil",739
"2025-05-16 12:00",0,"Kombinirano vozilo",35
"2025-05-16 12:00",0,"Težje tovorno vozilo",26
"2025-05-16 12:00",1,"Osebni avtomobil",507
"2025-05-16 12:00",1,"Kombinirano vozilo",27
"2025-05-16 12:00",1,"Težje tovorno vozilo",6
"2025-05-17 00:00",1,"Osebni avtomobil",365
"2025-05-17 00:00",1,"Kombinirano vozilo",18
"2025-05-17 00:00",1,"Težje tovorno vozilo",4
"2025-05-17 00:00",1,"Tovorno vozilo s prikolico",1
"2025-05-17 00:00",0,"Osebni avtomobil",198
"2025-05-17 00:00",0,"Kombinirano vozilo",23
"2025-05-17 00:00",0,"Težje tovorno vozilo",7
"2025-05-17 00:00",0,"Tovorno vozilo s prikolico",1
"2025-05-17 12:00",0,"Osebni avtomobil",540
"2025-05-17 12:00",0,"Kombinirano vozilo",19
"2025-05-17 12:00",0,"Težje tovorno vozilo",10
"2025-05-17 12:00",1,"Osebni avtomobil",441
"2025-05-17 12:00",1,"Kombinirano vozilo",8
"2025-05-17 12:00",1,"Težje tovorno vozilo",1
"2025-05-18 00:00",1,"Osebni avtomobil",219
"2025-05-18 00:00",1,"Kombinirano vozilo",3
"2025-05-18 00:00",1,"Težje tovorno vozilo",2
"2025-05-18 00:00",0,"Osebni avtomobil",163
"2025-05-18 00:00",0,"Kombinirano vozilo",6
"2025-05-18 00:00",0,"Težje tovorno vozilo",1
"2025-05-18 12:00",0,"Osebni avtomobil",429
"2025-05-18 12:00",0,"Kombinirano vozilo",13
"2025-05-18 12:00",0,"Težje tovorno vozilo",7
"2025-05-18 12:00",1,"Osebni avtomobil",382
"2025-05-18 12:00",1,"Kombinirano vozilo",6
"2025-05-18 12:00",1,"Težje tovorno vozilo",2
"2025-05-19 00:00",1,"Osebni avtomobil",579
"2025-05-19 00:00",1,"Kombinirano vozilo",29
"2025-05-19 00:00",1,"Težje tovorno vozilo",6
"2025-05-19 00:00",1,"Tovorno vozilo s prikolico",2
"2025-05-19 00:00",0,"Osebni avtomobil",218
"2025-05-19 00:00",0,"Kombinirano vozilo",31
"2025-05-19 00:00",0,"Težje tovorno vozilo",16
"2025-05-19 00:00",0,"Tovorno vozilo s prikolico",1
"2025-05-19 12:00",0,"Osebni avtomobil",757
"2025-05-19 12:00",0,"Kombinirano vozilo",31
"2025-05-19 12:00",0,"Težje tovorno vozilo",19
"2025-05-19 12:00",0,"Tovorno vozilo s prikolico",1
"2025-05-19 12:00",1,"Osebni avtomobil",469
"2025-05-19 12:00",1,"Kombinirano vozilo",21
"2025-05-19 12:00",1,"Težje tovorno vozilo",7
"2025-05-20 00:00",1,"Osebni avtomobil",560
"2025-05-20 00:00",1,"Kombinirano vozilo",23
"2025-05-20 00:00",1,"Težje tovorno vozilo",9
"2025-05-20 00:00",0,"Osebni avtomobil",209
"2025-05-20 00:00",0,"Kombinirano vozilo",21
"2025-05-20 00:00",0,"Težje tovorno vozilo",20
"2025-05-20 00:00",0,"Tovorno vozilo s prikolico",1
"2025-05-20 12:00",0,"Osebni avtomobil",748
"2025-05-20 12:00",0,"Kombinirano vozilo",26
"2025-05-20 12:00",0,"Težje tovorno vozilo",26
"2025-05-20 12:00",1,"Osebni avtomobil",473
"2025-05-20 12:00",1,"Kombinirano vozilo",23
"2025-05-20 12:00",1,"Težje tovorno vozilo",12
"2025-05-21 00:00",1,"Osebni avtomobil",581
"2025-05-21 00:00",1,"Kombinirano vozilo",31
"2025-05-21 00:00",1,"Težje tovorno vozilo",9
"2025-05-21 00:00",0,"Osebni avtomobil",203
"2025-05-21 00:00",0,"Kombinirano vozilo",28
"2025-05-21 00:00",0,"Težje tovorno vozilo",13
"2025-05-21 00:00",0,"Tovorno vozilo s prikolico",1
"2025-05-21 12:00",0,"Osebni avtomobil",706
"2025-05-21 12:00",0,"Kombinirano vozilo",32
"2025-05-21 12:00",0,"Težje tovorno vozilo",22
"2025-05-21 12:00",0,"Tovorno vozilo s prikolico",2
"2025-05-21 12:00",1,"Osebni avtomobil",463
"2025-05-21 12:00",1,"Kombinirano vozilo",26
"2025-05-21 12:00",1,"Težje tovorno vozilo",4
"2025-05-21 12:00",1,"Tovorno vozilo s prikolico",1
"2025-05-22 00:00",1,"Osebni avtomobil",558
"2025-05-22 00:00",1,"Kombinirano vozilo",22
"2025-05-22 00:00",1,"Težje tovorno vozilo",6
"2025-05-22 00:00",0,"Osebni avtomobil",194
"2025-05-22 00:00",0,"Kombinirano vozilo",22
"2025-05-22 00:00",0,"Težje tovorno vozilo",14
"2025-05-22 00:00",0,"Tovorno vozilo s prikolico",1
"2025-05-22 12:00",0,"Osebni avtomobil",603
"2025-05-22 12:00",0,"Težje tovorno vozilo",20
"2025-05-22 12:00",0,"Kombinirano vozilo",18
"2025-05-22 12:00",1,"Osebni avtomobil",462
"2025-05-22 12:00",1,"Kombinirano vozilo",22
"2025-05-22 12:00",1,"Težje tovorno vozilo",15
"2025-05-23 00:00",1,"Osebni avtomobil",524
"2025-05-23 00:00",1,"Kombinirano vozilo",31
"2025-05-23 00:00",1,"Težje tovorno vozilo",12
"2025-05-23 00:00",1,"Tovorno vozilo s prikolico",1
"2025-05-23 00:00",0,"Osebni avtomobil",195
"2025-05-23 00:00",0,"Kombinirano vozilo",24
"2025-05-23 00:00",0,"Težje tovorno vozilo",18
"2025-05-23 00:00",0,"Tovorno vozilo s prikolico",1
"2025-05-23 12:00",0,"Osebni avtomobil",725
"2025-05-23 12:00",0,"Kombinirano vozilo",27
"2025-05-23 12:00",0,"Težje tovorno vozilo",17
"2025-05-23 12:00",1,"Osebni avtomobil",439
"2025-05-23 12:00",1,"Kombinirano vozilo",17
"2025-05-23 12:00",1,"Težje tovorno vozilo",7
"2025-05-24 00:00",1,"Osebni avtomobil",338
"2025-05-24 00:00",1,"Kombinirano vozilo",13
"2025-05-24 00:00",1,"Težje tovorno vozilo",4
"2025-05-24 00:00",0,"Osebni avtomobil",194
"2025-05-24 00:00",0,"Kombinirano vozilo",19
"2025-05-24 00:00",0,"Težje tovorno vozilo",4
"2025-05-24 00:00",0,"Tovorno vozilo s prikolico",1
"2025-05-24 12:00",0,"Osebni avtomobil",475
"2025-05-24 12:00",0,"Kombinirano vozilo",18
"2025-05-24 12:00",0,"Težje tovorno vozilo",10
"2025-05-24 12:00",1,"Osebni avtomobil",440
"2025-05-24 12:00",1,"Kombinirano vozilo",12
"2025-05-24 12:00",1,"Težje tovorno vozilo",2
"2025-05-25 00:00",1,"Osebni avtomobil",225
"2025-05-25 00:00",1,"Kombinirano vozilo",5
"2025-05-25 00:00",1,"Težje tovorno vozilo",1
"2025-05-25 00:00",0,"Osebni avtomobil",148
"2025-05-25 00:00",0,"Kombinirano vozilo",3
"2025-05-25 00:00",0,"Težje tovorno vozilo",3
"2025-05-25 12:00",0,"Osebni avtomobil",462
"2025-05-25 12:00",0,"Kombinirano vozilo",14
"2025-05-25 12:00",0,"Težje tovorno vozilo",6
"2025-05-25 12:00",1,"Osebni avtomobil",368
"2025-05-25 12:00",1,"Kombinirano vozilo",3
"2025-05-25 12:00",1,"Težje tovorno vozilo",3
"2025-05-26 00:00",1,"Osebni avtomobil",572
"2025-05-26 00:00",1,"Kombinirano vozilo",26
"2025-05-26 00:00",1,"Težje tovorno vozilo",16
"2025-05-26 00:00",1,"Tovorno vozilo s prikolico",2
"2025-05-26 00:00",0,"Osebni avtomobil",199
"2025-05-26 00:00",0,"Kombinirano vozilo",24
"2025-05-26 00:00",0,"Težje tovorno vozilo",24
"2025-05-26 00:00",0,"Tovorno vozilo s prikolico",1
"2025-05-26 12:00",0,"Osebni avtomobil",582
"2025-05-26 12:00",0,"Kombinirano vozilo",25
"2025-05-26 12:00",0,"Težje tovorno vozilo",19
"2025-05-26 12:00",0,"Tovorno vozilo s prikolico",1
"2025-05-26 12:00",1,"Osebni avtomobil",406
"2025-05-26 12:00",1,"Kombinirano vozilo",20
"2025-05-26 12:00",1,"Težje tovorno vozilo",6
"2025-05-26 12:00",1,"Tovorno vozilo s prikolico",4
"2025-05-26 12:00",1,"Nerazpoznana vozila",1
"2025-05-27 00:00",1,"Osebni avtomobil",532
"2025-05-27 00:00",1,"Kombinirano vozilo",27
"2025-05-27 00:00",1,"Težje tovorno vozilo",13
"2025-05-27 00:00",0,"Osebni avtomobil",198
"2025-05-27 00:00",0,"Kombinirano vozilo",21
"2025-05-27 00:00",0,"Težje tovorno vozilo",17
"2025-05-27 00:00",0,"Tovorno vozilo s prikolico",1
"2025-05-27 12:00",0,"Osebni avtomobil",690
"2025-05-27 12:00",0,"Kombinirano vozilo",23
"2025-05-27 12:00",0,"Težje tovorno vozilo",21
"2025-05-27 12:00",1,"Osebni avtomobil",415
"2025-05-27 12:00",1,"Kombinirano vozilo",20
"2025-05-27 12:00",1,"Težje tovorno vozilo",11
"2025-05-28 00:00",1,"Osebni avtomobil",551
"2025-05-28 00:00",1,"Kombinirano vozilo",30
"2025-05-28 00:00",1,"Težje tovorno vozilo",5
"2025-05-28 00:00",1,"Tovorno vozilo s prikolico",1
"2025-05-28 00:00",0,"Osebni avtomobil",210
"2025-05-28 00:00",0,"Kombinirano vozilo",29
"2025-05-28 00:00",0,"Težje tovorno vozilo",18
"2025-05-28 12:00",0,"Osebni avtomobil",717
"2025-05-28 12:00",0,"Kombinirano vozilo",25
"2025-05-28 12:00",0,"Težje tovorno vozilo",20
"2025-05-28 12:00",1,"Osebni avtomobil",481
"2025-05-28 12:00",1,"Kombinirano vozilo",24
"2025-05-28 12:00",1,"Težje tovorno vozilo",7
"2025-05-28 12:00",1,"Tovorno vozilo s prikolico",1
"2025-05-29 00:00",1,"Osebni avtomobil",553
"2025-05-29 00:00",1,"Kombinirano vozilo",27
"2025-05-29 00:00",1,"Težje tovorno vozilo",10
"2025-05-29 00:00",1,"Tovorno vozilo s prikolico",1
"2025-05-29 00:00",0,"Osebni avtomobil",201
"2025-05-29 00:00",0,"Težje tovorno vozilo",20
"2025-05-29 00:00",0,"Kombinirano vozilo",18
"2025-05-29 00:00",0,"Tovorno vozilo s prikolico",1
"2025-05-29 12:00",0,"Osebni avtomobil",759
"2025-05-29 12:00",0,"Kombinirano vozilo",43
"2025-05-29 12:00",0,"Težje tovorno vozilo",21
"2025-05-29 12:00",0,"Tovorno vozilo s prikolico",1
"2025-05-29 12:00",1,"Osebni avtomobil",467
"2025-05-29 12:00",1,"Kombinirano vozilo",26
"2025-05-29 12:00",1,"Težje tovorno vozilo",12
"2025-05-30 00:00",1,"Osebni avtomobil",506
"2025-05-30 00:00",1,"Kombinirano vozilo",24
"2025-05-30 00:00",1,"Težje tovorno vozilo",9
"2025-05-30 00:00",1,"Tovorno vozilo s prikolico",1
"2025-05-30 00:00",0,"Osebni avtomobil",197
"2025-05-30 00:00",0,"Kombinirano vozilo",30
"2025-05-30 00:00",0,"Težje tovorno vozilo",15
"2025-05-30 12:00",0,"Osebni avtomobil",745
"2025-05-30 12:00",0,"Kombinirano vozilo",29
"2025-05-30 12:00",0,"Težje tovorno vozilo",17
"2025-05-30 12:00",0,"Tovorno vozilo s prikolico",1
"2025-05-30 12:00",1,"Osebni avtomobil",516
"2025-05-30 12:00",1,"Kombinirano vozilo",11
"2025-05-30 12:00",1,"Težje tovorno vozilo",10
"2025-05-31 00:00",1,"Osebni avtomobil",342
"2025-05-31 00:00",1,"Kombinirano vozilo",13
"2025-05-31 00:00",1,"Težje tovorno vozilo",6
"2025-05-31 00:00",0,"Osebni avtomobil",214
"2025-05-31 00:00",0,"Kombinirano vozilo",23
"2025-05-31 00:00",0,"Težje tovorno vozilo",10
"2025-05-31 12:00",0,"Osebni avtomobil",526
"2025-05-31 12:00",0,"Kombinirano vozilo",16
"2025-05-31 12:00",0,"Težje tovorno vozilo",5
"2025-05-31 12:00",1,"Osebni avtomobil",431
"2025-05-31 12:00",1,"Kombinirano vozilo",3
"2025-05-31 12:00",1,"Težje tovorno vozilo",2
"2025-06-01 00:00",1,"Osebni avtomobil",228
"2025-06-01 00:00",1,"Kombinirano vozilo",6
"2025-06-01 00:00",1,"Težje tovorno vozilo",1
"2025-06-01 00:00",0,"Osebni avtomobil",138
"2025-06-01 00:00",0,"Kombinirano vozilo",7
"2025-06-01 00:00",0,"Težje tovorno vozilo",2
"2025-06-01 12:00",0,"Osebni avtomobil",487
"2025-06-01 12:00",0,"Kombinirano vozilo",20
"2025-06-01 12:00",0,"Težje tovorno vozilo",10
"2025-06-01 12:00",1,"Osebni avtomobil",374
"2025-06-01 12:00",1,"Kombinirano vozilo",21
"2025-06-01 12:00",1,"Težje tovorno vozilo",5
"2025-06-02 00:00",1,"Osebni avtomobil",580
"2025-06-02 00:00",1,"Kombinirano vozilo",21
"2025-06-02 00:00",1,"Težje tovorno vozilo",14
"2025-06-02 00:00",1,"Tovorno vozilo s prikolico",2
"2025-06-02 00:00",0,"Osebni avtomobil",216
"2025-06-02 00:00",0,"Težje tovorno vozilo",25
"2025-06-02 00:00",0,"Kombinirano vozilo",19
"2025-06-02 00:00",0,"Tovorno vozilo s prikolico",2
"2025-06-02 12:00",0,"Osebni avtomobil",725
"2025-06-02 12:00",0,"Kombinirano vozilo",30
"2025-06-02 12:00",0,"Težje tovorno vozilo",21
"2025-06-02 12:00",1,"Osebni avtomobil",481
"2025-06-02 12:00",1,"Kombinirano vozilo",23
"2025-06-02 12:00",1,"Težje tovorno vozilo",8
"2025-06-03 00:00",1,"Osebni avtomobil",601
"2025-06-03 00:00",1,"Kombinirano vozilo",17
"2025-06-03 00:00",1,"Težje tovorno vozilo",9
"2025-06-03 00:00",1,"Tovorno vozilo s prikolico",1
"2025-06-03 00:00",0,"Osebni avtomobil",207
"2025-06-03 00:00",0,"Kombinirano vozilo",28
"2025-06-03 00:00",0,"Težje tovorno vozilo",21
"2025-06-03 12:00",0,"Osebni avtomobil",740
"2025-06-03 12:00",0,"Težje tovorno vozilo",25
"2025-06-03 12:00",0,"Kombinirano vozilo",24
"2025-06-03 12:00",1,"Osebni avtomobil",435
"2025-06-03 12:00",1,"Kombinirano vozilo",15
"2025-06-03 12:00",1,"Težje tovorno vozilo",14
"2025-06-04 00:00",1,"Osebni avtomobil",578
"2025-06-04 00:00",1,"Kombinirano vozilo",18
"2025-06-04 00:00",1,"Težje tovorno vozilo",16
"2025-06-04 00:00",0,"Osebni avtomobil",223
"2025-06-04 00:00",0,"Kombinirano vozilo",27
"2025-06-04 00:00",0,"Težje tovorno vozilo",20
"2025-06-04 00:00",0,"Tovorno vozilo s prikolico",3
"2025-06-04 12:00",0,"Osebni avtomobil",755
"2025-06-04 12:00",0,"Kombinirano vozilo",34
"2025-06-04 12:00",0,"Težje tovorno vozilo",22
"2025-06-04 12:00",1,"Osebni avtomobil",485
"2025-06-04 12:00",1,"Kombinirano vozilo",21
"2025-06-04 12:00",1,"Težje tovorno vozilo",9
"2025-06-05 00:00",1,"Osebni avtomobil",540
"2025-06-05 00:00",1,"Kombinirano vozilo",21
"2025-06-05 00:00",1,"Težje tovorno vozilo",11
"2025-06-05 00:00",1,"Tovorno vozilo s prikolico",1
"2025-06-05 00:00",0,"Osebni avtomobil",192
"2025-06-05 00:00",0,"Kombinirano vozilo",21
"2025-06-05 00:00",0,"Težje tovorno vozilo",20
"2025-06-05 00:00",0,"Tovorno vozilo s prikolico",3
"2025-06-05 12:00",0,"Osebni avtomobil",729
"2025-06-05 12:00",0,"Kombinirano vozilo",30
"2025-06-05 12:00",0,"Težje tovorno vozilo",21
"2025-06-05 12:00",1,"Osebni avtomobil",464
"2025-06-05 12:00",1,"Kombinirano vozilo",24
"2025-06-05 12:00",1,"Težje tovorno vozilo",10
"2025-06-06 00:00",1,"Osebni avtomobil",565
"2025-06-06 00:00",1,"Kombinirano vozilo",22
"2025-06-06 00:00",1,"Težje tovorno vozilo",8
"2025-06-06 00:00",1,"Tovorno vozilo s prikolico",1
"2025-06-06 00:00",0,"Osebni avtomobil",226
"2025-06-06 00:00",0,"Kombinirano vozilo",26
"2025-06-06 00:00",0,"Težje tovorno vozilo",20
"2025-06-06 00:00",0,"Tovorno vozilo s prikolico",1
"2025-06-06 12:00",0,"Osebni avtomobil",693
"2025-06-06 12:00",0,"Težje tovorno vozilo",21
"2025-06-06 12:00",0,"Kombinirano vozilo",19
"2025-06-06 12:00",1,"Osebni avtomobil",510
"2025-06-06 12:00",1,"Kombinirano vozilo",22
"2025-06-06 12:00",1,"Težje tovorno vozilo",9
"2025-06-07 00:00",1,"Osebni avtomobil",319
"2025-06-07 00:00",1,"Kombinirano vozilo",11
"2025-06-07 00:00",1,"Težje tovorno vozilo",5
"2025-06-07 00:00",0,"Osebni avtomobil",226
"2025-06-07 00:00",0,"Kombinirano vozilo",13
"2025-06-07 00:00",0,"Težje tovorno vozilo",3
"2025-06-07 00:00",0,"Tovorno vozilo s prikolico",1
"2025-06-07 12:00",0,"Osebni avtomobil",513
"2025-06-07 12:00",0,"Kombinirano vozilo",12
"2025-06-07 12:00",0,"Težje tovorno vozilo",6
"2025-06-07 12:00",1,"Osebni avtomobil",414
"2025-06-07 12:00",1,"Kombinirano vozilo",8
"2025-06-08 00:00",1,"Osebni avtomobil",208
"2025-06-08 00:00",1,"Težje tovorno vozilo",4
"2025-06-08 00:00",1,"Kombinirano vozilo",3
"2025-06-08 00:00",0,"Osebni avtomobil",155
"2025-06-08 00:00",0,"Kombinirano vozilo",5
"2025-06-08 00:00",0,"Težje tovorno vozilo",5
"2025-06-08 12:00",0,"Osebni avtomobil",386
"2025-06-08 12:00",0,"Kombinirano vozilo",16
"2025-06-08 12:00",0,"Težje tovorno vozilo",8
"2025-06-08 12:00",1,"Osebni avtomobil",320
"2025-06-08 12:00",1,"Kombinirano vozilo",8
"2025-06-08 12:00",1,"Težje tovorno vozilo",2
"2025-06-08 12:00",1,"Tovorno vozilo s prikolico",1
"2025-06-09 00:00",1,"Osebni avtomobil",565
"2025-06-09 00:00",1,"Kombinirano vozilo",24
"2025-06-09 00:00",1,"Težje tovorno vozilo",13
"2025-06-09 00:00",1,"Tovorno vozilo s prikolico",2
"2025-06-09 00:00",0,"Osebni avtomobil",192
"2025-06-09 00:00",0,"Težje tovorno vozilo",16
"2025-06-09 00:00",0,"Kombinirano vozilo",13
"2025-06-09 12:00",0,"Osebni avtomobil",685
"2025-06-09 12:00",0,"Kombinirano vozilo",28
"2025-06-09 12:00",0,"Težje tovorno vozilo",21
"2025-06-09 12:00",0,"Tovorno vozilo s prikolico",1
"2025-06-09 12:00",1,"Osebni avtomobil",435
"2025-06-09 12:00",1,"Kombinirano vozilo",18
"2025-06-09 12:00",1,"Težje tovorno vozilo",9
"2025-06-10 00:00",1,"Osebni avtomobil",554
"2025-06-10 00:00",1,"Kombinirano vozilo",25
"2025-06-10 00:00",1,"Težje tovorno vozilo",15
"2025-06-10 00:00",1,"Tovorno vozilo s prikolico",1
"2025-06-10 00:00",0,"Osebni avtomobil",201
"2025-06-10 00:00",0,"Kombinirano vozilo",28
"2025-06-10 00:00",0,"Težje tovorno vozilo",21
"2025-06-10 00:00",0,"Tovorno vozilo s prikolico",1
"2025-06-10 12:00",0,"Osebni avtomobil",746
"2025-06-10 12:00",0,"Kombinirano vozilo",28
"2025-06-10 12:00",0,"Težje tovorno vozilo",26
"2025-06-10 12:00",1,"Osebni avtomobil",454
"2025-06-10 12:00",1,"Kombinirano vozilo",24
"2025-06-10 12:00",1,"Težje tovorno vozilo",8
"2025-06-10 12:00",1,"Tovorno vozilo s prikolico",1
"2025-06-11 00:00",1,"Osebni avtomobil",597
"2025-06-11 00:00",1,"Kombinirano vozilo",18
"2025-06-11 00:00",1,"Težje tovorno vozilo",8
"2025-06-11 00:00",1,"Tovorno vozilo s prikolico",1
"2025-06-11 00:00",0,"Osebni avtomobil",217
"2025-06-11 00:00",0,"Kombinirano vozilo",17
"2025-06-11 00:00",0,"Težje tovorno vozilo",12
"2025-06-11 00:00",0,"Tovorno vozilo s prikolico",1
"2025-06-11 12:00",0,"Osebni avtomobil",714
"2025-06-11 12:00",0,"Kombinirano vozilo",31
"2025-06-11 12:00",0,"Težje tovorno vozilo",21
"2025-06-11 12:00",0,"Tovorno vozilo s prikolico",3
"2025-06-11 12:00",1,"Osebni avtomobil",493
"2025-06-11 12:00",1,"Kombinirano vozilo",20
"2025-06-11 12:00",1,"Težje tovorno vozilo",10
"2025-06-11 12:00",1,"Tovorno vozilo s prikolico",2
"2025-06-12 00:00",1,"Osebni avtomobil",550
"2025-06-12 00:00",1,"Kombinirano vozilo",24
"2025-06-12 00:00",1,"Težje tovorno vozilo",10
"2025-06-12 00:00",1,"Tovorno vozilo s prikolico",1
"2025-06-12 00:00",0,"Osebni avtomobil",222
"2025-06-12 00:00",0,"Kombinirano vozilo",22
"2025-06-12 00:00",0,"Težje tovorno vozilo",22
"2025-06-12 12:00",0,"Osebni avtomobil",834
"2025-06-12 12:00",0,"Kombinirano vozilo",25
"2025-06-12 12:00",0,"Težje tovorno vozilo",17
"2025-06-12 12:00",0,"Tovorno vozilo s prikolico",1
"2025-06-12 12:00",1,"Osebni avtomobil",525
"2025-06-12 12:00",1,"Kombinirano vozilo",19
"2025-06-12 12:00",1,"Težje tovorno vozilo",8
"2025-06-13 00:00",1,"Osebni avtomobil",530
"2025-06-13 00:00",1,"Kombinirano vozilo",30
"2025-06-13 00:00",1,"Težje tovorno vozilo",4
"2025-06-13 00:00",1,"Tovorno vozilo s prikolico",2
"2025-06-13 00:00",0,"Osebni avtomobil",219
"2025-06-13 00:00",0,"Kombinirano vozilo",25
"2025-06-13 00:00",0,"Težje tovorno vozilo",14
"2025-06-13 00:00",0,"Tovorno vozilo s prikolico",1
"2025-06-13 12:00",0,"Osebni avtomobil",712
"2025-06-13 12:00",0,"Kombinirano vozilo",17
"2025-06-13 12:00",0,"Težje tovorno vozilo",16
"2025-06-13 12:00",0,"Tovorno vozilo s prikolico",1
"2025-06-13 12:00",1,"Osebni avtomobil",479
"2025-06-13 12:00",1,"Kombinirano vozilo",16
"2025-06-13 12:00",1,"Težje tovorno vozilo",5
"2025-06-14 00:00",1,"Osebni avtomobil",344
"2025-06-14 00:00",1,"Kombinirano vozilo",14
"2025-06-14 00:00",1,"Težje tovorno vozilo",5
"2025-06-14 00:00",0,"Osebni avtomobil",211
"2025-06-14 00:00",0,"Kombinirano vozilo",17
"2025-06-14 00:00",0,"Težje tovorno vozilo",7
"2025-06-14 12:00",0,"Osebni avtomobil",521
"2025-06-14 12:00",0,"Kombinirano vozilo",16
"2025-06-14 12:00",0,"Težje tovorno vozilo",5
"2025-06-14 12:00",1,"Osebni avtomobil",438
"2025-06-14 12:00",1,"Kombinirano vozilo",12
"2025-06-14 12:00",1,"Težje tovorno vozilo",2
"2025-06-15 00:00",1,"Osebni avtomobil",240
"2025-06-15 00:00",1,"Težje tovorno vozilo",3
"2025-06-15 00:00",1,"Kombinirano vozilo",2
"2025-06-15 00:00",0,"Osebni avtomobil",166
"2025-06-15 00:00",0,"Kombinirano vozilo",4
"2025-06-15 00:00",0,"Težje tovorno vozilo",3
"2025-06-15 12:00",0,"Osebni avtomobil",252
"2025-06-15 12:00",0,"Kombinirano vozilo",4
"2025-06-15 12:00",0,"Težje tovorno vozilo",3
"2025-06-15 12:00",1,"Osebni avtomobil",209
"2025-06-15 12:00",1,"Kombinirano vozilo",4
"2025-06-16 00:00",1,"Osebni avtomobil",541
"2025-06-16 00:00",1,"Kombinirano vozilo",23
"2025-06-16 00:00",1,"Težje tovorno vozilo",12
"2025-06-16 00:00",1,"Tovorno vozilo s prikolico",2
"2025-06-16 00:00",0,"Osebni avtomobil",210
"2025-06-16 00:00",0,"Kombinirano vozilo",22
"2025-06-16 00:00",0,"Težje tovorno vozilo",16
"2025-06-16 00:00",0,"Tovorno vozilo s prikolico",2
"2025-06-16 12:00",0,"Osebni avtomobil",649
"2025-06-16 12:00",0,"Kombinirano vozilo",35
"2025-06-16 12:00",0,"Težje tovorno vozilo",16
"2025-06-16 12:00",0,"Tovorno vozilo s prikolico",2
"2025-06-16 12:00",1,"Osebni avtomobil",437
"2025-06-16 12:00",1,"Kombinirano vozilo",14
"2025-06-16 12:00",1,"Težje tovorno vozilo",7
"2025-06-16 12:00",1,"Tovorno vozilo s prikolico",1
"2025-06-17 00:00",1,"Osebni avtomobil",545
"2025-06-17 00:00",1,"Kombinirano vozilo",20
"2025-06-17 00:00",1,"Težje tovorno vozilo",4
"2025-06-17 00:00",1,"Tovorno vozilo s prikolico",1
"2025-06-17 00:00",0,"Osebni avtomobil",225
"2025-06-17 00:00",0,"Kombinirano vozilo",24
"2025-06-17 00:00",0,"Težje tovorno vozilo",16
"2025-06-17 00:00",0,"Tovorno vozilo s prikolico",1
"2025-06-17 12:00",0,"Osebni avtomobil",711
"2025-06-17 12:00",0,"Kombinirano vozilo",33
"2025-06-17 12:00",0,"Težje tovorno vozilo",21
"2025-06-17 12:00",0,"Tovorno vozilo s prikolico",2
"2025-06-17 12:00",1,"Osebni avtomobil",432
"2025-06-17 12:00",1,"Kombinirano vozilo",21
"2025-06-17 12:00",1,"Težje tovorno vozilo",8
"2025-06-18 00:00",1,"Osebni avtomobil",548
"2025-06-18 00:00",1,"Kombinirano vozilo",22
"2025-06-18 00:00",1,"Težje tovorno vozilo",8
"2025-06-18 00:00",1,"Tovorno vozilo s prikolico",1
"2025-06-18 00:00",0,"Osebni avtomobil",203
"2025-06-18 00:00",0,"Kombinirano vozilo",31
"2025-06-18 00:00",0,"Težje tovorno vozilo",17
"2025-06-18 00:00",0,"Tovorno vozilo s prikolico",3
"2025-06-18 12:00",0,"Osebni avtomobil",678
"2025-06-18 12:00",0,"Kombinirano vozilo",29
"2025-06-18 12:00",0,"Težje tovorno vozilo",23
"2025-06-18 12:00",1,"Osebni avtomobil",455
"2025-06-18 12:00",1,"Kombinirano vozilo",19
"2025-06-18 12:00",1,"Težje tovorno vozilo",7
"2025-06-18 12:00",1,"Tovorno vozilo s prikolico",1
"2025-06-19 00:00",1,"Osebni avtomobil",527
"2025-06-19 00:00",1,"Kombinirano vozilo",19
"2025-06-19 00:00",1,"Težje tovorno vozilo",7
"2025-06-19 00:00",0,"Osebni avtomobil",214
"2025-06-19 00:00",0,"Kombinirano vozilo",22
"2025-06-19 00:00",0,"Težje tovorno vozilo",12
"2025-06-19 00:00",0,"Tovorno vozilo s prikolico",1
"2025-06-19 12:00",0,"Osebni avtomobil",726
"2025-06-19 12:00",0,"Kombinirano vozilo",28
"2025-06-19 12:00",0,"Težje tovorno vozilo",20
"2025-06-19 12:00",1,"Osebni avtomobil",473
"2025-06-19 12:00",1,"Kombinirano vozilo",20
"2025-06-19 12:00",1,"Težje tovorno vozilo",9
"2025-06-20 00:00",1,"Osebni avtomobil",515
"2025-06-20 00:00",1,"Kombinirano vozilo",30
"2025-06-20 00:00",1,"Težje tovorno vozilo",3
"2025-06-20 00:00",0,"Osebni avtomobil",204
"2025-06-20 00:00",0,"Kombinirano vozilo",44
"2025-06-20 00:00",0,"Težje tovorno vozilo",19
"2025-06-20 00:00",0,"Tovorno vozilo s prikolico",1
"2025-06-20 12:00",0,"Osebni avtomobil",680
"2025-06-20 12:00",0,"Kombinirano vozilo",36
"2025-06-20 12:00",0,"Težje tovorno vozilo",18
"2025-06-20 12:00",1,"Osebni avtomobil",468
"2025-06-20 12:00",1,"Kombinirano vozilo",23
"2025-06-20 12:00",1,"Težje tovorno vozilo",10
"2025-06-21 00:00",1,"Osebni avtomobil",350
"2025-06-21 00:00",1,"Kombinirano vozilo",12
"2025-06-21 00:00",1,"Težje tovorno vozilo",9
"2025-06-21 00:00",0,"Osebni avtomobil",219
"2025-06-21 00:00",0,"Kombinirano vozilo",17
"2025-06-21 00:00",0,"Težje tovorno vozilo",4
"2025-06-21 12:00",0,"Osebni avtomobil",539
"2025-06-21 12:00",0,"Kombinirano vozilo",23
"2025-06-21 12:00",0,"Težje tovorno vozilo",7
"2025-06-21 12:00",1,"Osebni avtomobil",432
"2025-06-21 12:00",1,"Kombinirano vozilo",5
"2025-06-21 12:00",1,"Težje tovorno vozilo",3
"2025-06-22 00:00",1,"Osebni avtomobil",220
"2025-06-22 00:00",1,"Kombinirano vozilo",3
"2025-06-22 00:00",0,"Osebni avtomobil",178
"2025-06-22 00:00",0,"Kombinirano vozilo",8
"2025-06-22 00:00",0,"Težje tovorno vozilo",1
"2025-06-22 12:00",0,"Osebni avtomobil",432
"2025-06-22 12:00",0,"Kombinirano vozilo",9
"2025-06-22 12:00",0,"Težje tovorno vozilo",6
"2025-06-22 12:00",1,"Osebni avtomobil",353
"2025-06-22 12:00",1,"Kombinirano vozilo",6
"2025-06-22 12:00",1,"Težje tovorno vozilo",1
"2025-06-23 00:00",1,"Osebni avtomobil",546
"2025-06-23 00:00",1,"Kombinirano vozilo",22
"2025-06-23 00:00",1,"Težje tovorno vozilo",12
"2025-06-23 00:00",1,"Tovorno vozilo s prikolico",1
"2025-06-23 00:00",0,"Osebni avtomobil",211
"2025-06-23 00:00",0,"Težje tovorno vozilo",22
"2025-06-23 00:00",0,"Kombinirano vozilo",20
"2025-06-23 12:00",0,"Osebni avtomobil",676
"2025-06-23 12:00",0,"Kombinirano vozilo",25
"2025-06-23 12:00",0,"Težje tovorno vozilo",25
"2025-06-23 12:00",0,"Tovorno vozilo s prikolico",1
"2025-06-23 12:00",1,"Osebni avtomobil",448
"2025-06-23 12:00",1,"Težje tovorno vozilo",12
"2025-06-23 12:00",1,"Kombinirano vozilo",11
"2025-06-23 12:00",1,"Tovorno vozilo s prikolico",1
"2025-06-24 00:00",1,"Osebni avtomobil",489
"2025-06-24 00:00",1,"Kombinirano vozilo",28
"2025-06-24 00:00",1,"Težje tovorno vozilo",5
"2025-06-24 00:00",1,"Tovorno vozilo s prikolico",1
"2025-06-24 00:00",0,"Osebni avtomobil",221
"2025-06-24 00:00",0,"Kombinirano vozilo",27
"2025-06-24 00:00",0,"Težje tovorno vozilo",19
"2025-06-24 12:00",0,"Osebni avtomobil",664
"2025-06-24 12:00",0,"Kombinirano vozilo",27
"2025-06-24 12:00",0,"Težje tovorno vozilo",21
"2025-06-24 12:00",1,"Osebni avtomobil",478
"2025-06-24 12:00",1,"Kombinirano vozilo",16
"2025-06-24 12:00",1,"Težje tovorno vozilo",9
"2025-06-25 00:00",1,"Osebni avtomobil",243
"2025-06-25 00:00",1,"Kombinirano vozilo",6
"2025-06-25 00:00",1,"Težje tovorno vozilo",3
"2025-06-25 00:00",0,"Osebni avtomobil",158
"2025-06-25 00:00",0,"Kombinirano vozilo",6
"2025-06-25 00:00",0,"Težje tovorno vozilo",2
"2025-06-25 12:00",0,"Osebni avtomobil",398
"2025-06-25 12:00",0,"Kombinirano vozilo",10
"2025-06-25 12:00",0,"Težje tovorno vozilo",5
"2025-06-25 12:00",1,"Osebni avtomobil",301
"2025-06-25 12:00",1,"Težje tovorno vozilo",3
"2025-06-25 12:00",1,"Kombinirano vozilo",2
"2025-06-26 00:00",1,"Osebni avtomobil",480
"2025-06-26 00:00",1,"Kombinirano vozilo",27
"2025-06-26 00:00",1,"Težje tovorno vozilo",8
"2025-06-26 00:00",1,"Tovorno vozilo s prikolico",1
"2025-06-26 00:00",0,"Osebni avtomobil",198
"2025-06-26 00:00",0,"Kombinirano vozilo",34
"2025-06-26 00:00",0,"Težje tovorno vozilo",14
"2025-06-26 00:00",0,"Tovorno vozilo s prikolico",1
"2025-06-26 12:00",0,"Osebni avtomobil",585
"2025-06-26 12:00",0,"Kombinirano vozilo",30
"2025-06-26 12:00",0,"Težje tovorno vozilo",15
"2025-06-26 12:00",1,"Osebni avtomobil",400
"2025-06-26 12:00",1,"Kombinirano vozilo",17
"2025-06-26 12:00",1,"Težje tovorno vozilo",6
"2025-06-27 00:00",1,"Osebni avtomobil",533
"2025-06-27 00:00",1,"Kombinirano vozilo",18
"2025-06-27 00:00",1,"Težje tovorno vozilo",18
"2025-06-27 00:00",0,"Osebni avtomobil",173
"2025-06-27 00:00",0,"Kombinirano vozilo",28
"2025-06-27 00:00",0,"Težje tovorno vozilo",14
"2025-06-27 00:00",0,"Tovorno vozilo s prikolico",1
"2025-06-27 12:00",0,"Osebni avtomobil",576
"2025-06-27 12:00",0,"Kombinirano vozilo",23
"2025-06-27 12:00",0,"Težje tovorno vozilo",16
"2025-06-27 12:00",1,"Osebni avtomobil",391
"2025-06-27 12:00",1,"Kombinirano vozilo",12
"2025-06-27 12:00",1,"Težje tovorno vozilo",8
"2025-06-27 12:00",1,"Tovorno vozilo s prikolico",1
"2025-06-28 00:00",1,"Osebni avtomobil",295
"2025-06-28 00:00",1,"Kombinirano vozilo",17
"2025-06-28 00:00",1,"Težje tovorno vozilo",1
"2025-06-28 00:00",0,"Osebni avtomobil",193
"2025-06-28 00:00",0,"Kombinirano vozilo",13
"2025-06-28 00:00",0,"Težje tovorno vozilo",8
"2025-06-28 12:00",0,"Osebni avtomobil",455
"2025-06-28 12:00",0,"Kombinirano vozilo",10
"2025-06-28 12:00",0,"Težje tovorno vozilo",5
"2025-06-28 12:00",1,"Osebni avtomobil",343
"2025-06-28 12:00",1,"Težje tovorno vozilo",3
"2025-06-28 12:00",1,"Kombinirano vozilo",2
"2025-06-29 00:00",1,"Osebni avtomobil",193
"2025-06-29 00:00",1,"Kombinirano vozilo",2
"2025-06-29 00:00",0,"Osebni avtomobil",149
"2025-06-29 00:00",0,"Kombinirano vozilo",3
"2025-06-29 12:00",0,"Osebni avtomobil",378
"2025-06-29 12:00",0,"Kombinirano vozilo",13
"2025-06-29 12:00",0,"Težje tovorno vozilo",8
"2025-06-29 12:00",1,"Osebni avtomobil",339
"2025-06-29 12:00",1,"Kombinirano vozilo",1
"2025-06-29 12:00",1,"Težje tovorno vozilo",1
"2025-06-30 00:00",1,"Osebni avtomobil",513
"2025-06-30 00:00",1,"Kombinirano vozilo",20
"2025-06-30 00:00",1,"Težje tovorno vozilo",10
"2025-06-30 00:00",1,"Tovorno vozilo s prikolico",1
"2025-06-30 00:00",0,"Osebni avtomobil",218
"2025-06-30 00:00",0,"Kombinirano vozilo",18
"2025-06-30 00:00",0,"Težje tovorno vozilo",15
"2025-06-30 00:00",0,"Tovorno vozilo s prikolico",1
"2025-06-30 12:00",0,"Osebni avtomobil",643
"2025-06-30 12:00",0,"Kombinirano vozilo",22
"2025-06-30 12:00",0,"Težje tovorno vozilo",14
"2025-06-30 12:00",1,"Osebni avtomobil",394
"2025-06-30 12:00",1,"Kombinirano vozilo",20
"2025-06-30 12:00",1,"Težje tovorno vozilo",4
"2025-07-01 00:00",1,"Osebni avtomobil",498
"2025-07-01 00:00",1,"Kombinirano vozilo",21
"2025-07-01 00:00",1,"Težje tovorno vozilo",10
"2025-07-01 00:00",1,"Tovorno vozilo s prikolico",1
"2025-07-01 00:00",0,"Osebni avtomobil",173
"2025-07-01 00:00",0,"Kombinirano vozilo",28
"2025-07-01 00:00",0,"Težje tovorno vozilo",16
"2025-07-01 12:00",0,"Osebni avtomobil",660
"2025-07-01 12:00",0,"Kombinirano vozilo",31
"2025-07-01 12:00",0,"Težje tovorno vozilo",15
"2025-07-01 12:00",0,"Tovorno vozilo s prikolico",2
"2025-07-01 12:00",1,"Osebni avtomobil",415
"2025-07-01 12:00",1,"Kombinirano vozilo",29
"2025-07-01 12:00",1,"Težje tovorno vozilo",4
"2025-07-01 12:00",1,"Tovorno vozilo s prikolico",1
"2025-07-02 00:00",1,"Osebni avtomobil",516
"2025-07-02 00:00",1,"Kombinirano vozilo",22
"2025-07-02 00:00",1,"Težje tovorno vozilo",13
"2025-07-02 00:00",1,"Tovorno vozilo s prikolico",1
"2025-07-02 00:00",0,"Osebni avtomobil",212
"2025-07-02 00:00",0,"Kombinirano vozilo",25
"2025-07-02 00:00",0,"Težje tovorno vozilo",16
"2025-07-02 00:00",0,"Tovorno vozilo s prikolico",1
"2025-07-02 12:00",0,"Osebni avtomobil",685
"2025-07-02 12:00",0,"Kombinirano vozilo",35
"2025-07-02 12:00",0,"Težje tovorno vozilo",17
"2025-07-02 12:00",1,"Osebni avtomobil",447
"2025-07-02 12:00",1,"Kombinirano vozilo",22
"2025-07-02 12:00",1,"Težje tovorno vozilo",2
"2025-07-03 00:00",1,"Osebni avtomobil",496
"2025-07-03 00:00",1,"Kombinirano vozilo",20
"2025-07-03 00:00",1,"Težje tovorno vozilo",11
"2025-07-03 00:00",1,"Tovorno vozilo s prikolico",1
"2025-07-03 00:00",0,"Osebni avtomobil",200
"2025-07-03 00:00",0,"Kombinirano vozilo",24
"2025-07-03 00:00",0,"Težje tovorno vozilo",11
"2025-07-03 00:00",0,"Tovorno vozilo s prikolico",1
"2025-07-03 12:00",0,"Osebni avtomobil",693
"2025-07-03 12:00",0,"Kombinirano vozilo",28
"2025-07-03 12:00",0,"Težje tovorno vozilo",17
"2025-07-03 12:00",1,"Osebni avtomobil",412
"2025-07-03 12:00",1,"Kombinirano vozilo",25
"2025-07-03 12:00",1,"Težje tovorno vozilo",8
"2025-07-04 00:00",1,"Osebni avtomobil",504
"2025-07-04 00:00",1,"Kombinirano vozilo",22
"2025-07-04 00:00",1,"Težje tovorno vozilo",9
"2025-07-04 00:00",1,"Tovorno vozilo s prikolico",1
"2025-07-04 00:00",0,"Osebni avtomobil",224
"2025-07-04 00:00",0,"Kombinirano vozilo",26
"2025-07-04 00:00",0,"Težje tovorno vozilo",15
"2025-07-04 00:00",0,"Tovorno vozilo s prikolico",1
"2025-07-04 12:00",0,"Osebni avtomobil",570
"2025-07-04 12:00",0,"Kombinirano vozilo",30
"2025-07-04 12:00",0,"Težje tovorno vozilo",12
"2025-07-04 12:00",1,"Osebni avtomobil",375
"2025-07-04 12:00",1,"Kombinirano vozilo",30
"2025-07-04 12:00",1,"Težje tovorno vozilo",4
"2025-07-04 12:00",1,"Tovorno vozilo s prikolico",1
"2025-07-05 00:00",1,"Osebni avtomobil",298
"2025-07-05 00:00",1,"Kombinirano vozilo",8
"2025-07-05 00:00",1,"Težje tovorno vozilo",6
"2025-07-05 00:00",0,"Osebni avtomobil",187
"2025-07-05 00:00",0,"Kombinirano vozilo",11
"2025-07-05 00:00",0,"Težje tovorno vozilo",4
"2025-07-05 12:00",0,"Osebni avtomobil",454
"2025-07-05 12:00",0,"Kombinirano vozilo",12
"2025-07-05 12:00",0,"Težje tovorno vozilo",4
"2025-07-05 12:00",1,"Osebni avtomobil",391
"2025-07-05 12:00",1,"Kombinirano vozilo",4
"2025-07-05 12:00",1,"Težje tovorno vozilo",1
"2025-07-06 00:00",1,"Osebni avtomobil",208
"2025-07-06 00:00",1,"Kombinirano vozilo",5
"2025-07-06 00:00",1,"Težje tovorno vozilo",3
"2025-07-06 00:00",0,"Osebni avtomobil",171
"2025-07-06 00:00",0,"Kombinirano vozilo",8
"2025-07-06 00:00",0,"Težje tovorno vozilo",3
"2025-07-06 12:00",0,"Osebni avtomobil",391
"2025-07-06 12:00",0,"Kombinirano vozilo",14
"2025-07-06 12:00",0,"Težje tovorno vozilo",6
"2025-07-06 12:00",1,"Osebni avtomobil",314
"2025-07-06 12:00",1,"Kombinirano vozilo",3
"2025-07-06 12:00",1,"Težje tovorno vozilo",1
"2025-07-07 00:00",1,"Osebni avtomobil",425
"2025-07-07 00:00",1,"Kombinirano vozilo",24
"2025-07-07 00:00",1,"Težje tovorno vozilo",10
"2025-07-07 00:00",1,"Tovorno vozilo s prikolico",3
"2025-07-07 00:00",0,"Osebni avtomobil",160
"2025-07-07 00:00",0,"Kombinirano vozilo",13
"2025-07-07 00:00",0,"Težje tovorno vozilo",12
"2025-07-07 12:00",0,"Osebni avtomobil",586
"2025-07-07 12:00",0,"Kombinirano vozilo",31
"2025-07-07 12:00",0,"Težje tovorno vozilo",18
"2025-07-07 12:00",1,"Osebni avtomobil",393
"2025-07-07 12:00",1,"Kombinirano vozilo",13
"2025-07-07 12:00",1,"Težje tovorno vozilo",2
"2025-07-07 12:00",1,"Tovorno vozilo s prikolico",1
"2025-07-08 00:00",1,"Osebni avtomobil",418
"2025-07-08 00:00",1,"Kombinirano vozilo",33
"2025-07-08 00:00",1,"Težje tovorno vozilo",11
"2025-07-08 00:00",1,"Tovorno vozilo s prikolico",1
"2025-07-08 00:00",0,"Osebni avtomobil",119
"2025-07-08 00:00",0,"Kombinirano vozilo",10
"2025-07-08 00:00",0,"Težje tovorno vozilo",8
"2025-07-08 12:00",0,"Osebni avtomobil",588
"2025-07-08 12:00",0,"Kombinirano vozilo",23
"2025-07-08 12:00",0,"Težje tovorno vozilo",17
"2025-07-08 12:00",0,"Tovorno vozilo s prikolico",1
"2025-07-08 12:00",1,"Osebni avtomobil",361
"2025-07-08 12:00",1,"Kombinirano vozilo",14
"2025-07-08 12:00",1,"Težje tovorno vozilo",8
"2025-07-09 00:00",1,"Osebni avtomobil",516
"2025-07-09 00:00",1,"Kombinirano vozilo",23
"2025-07-09 00:00",1,"Težje tovorno vozilo",15
"2025-07-09 00:00",0,"Osebni avtomobil",186
"2025-07-09 00:00",0,"Kombinirano vozilo",32
"2025-07-09 00:00",0,"Težje tovorno vozilo",15
"2025-07-09 00:00",0,"Tovorno vozilo s prikolico",1
"2025-07-09 12:00",0,"Osebni avtomobil",699
"2025-07-09 12:00",0,"Kombinirano vozilo",32
"2025-07-09 12:00",0,"Težje tovorno vozilo",18
"2025-07-09 12:00",1,"Osebni avtomobil",436
"2025-07-09 12:00",1,"Kombinirano vozilo",15
"2025-07-09 12:00",1,"Težje tovorno vozilo",5
"2025-07-10 00:00",1,"Osebni avtomobil",489
"2025-07-10 00:00",1,"Kombinirano vozilo",30
"2025-07-10 00:00",1,"Težje tovorno vozilo",5
"2025-07-10 00:00",1,"Tovorno vozilo s prikolico",3
"2025-07-10 00:00",0,"Osebni avtomobil",180
"2025-07-10 00:00",0,"Kombinirano vozilo",25
"2025-07-10 00:00",0,"Težje tovorno vozilo",14
"2025-07-10 00:00",0,"Tovorno vozilo s prikolico",5
"2025-07-10 12:00",0,"Osebni avtomobil",653
"2025-07-10 12:00",0,"Kombinirano vozilo",32
"2025-07-10 12:00",0,"Težje tovorno vozilo",18
"2025-07-10 12:00",0,"Tovorno vozilo s prikolico",1
"2025-07-10 12:00",1,"Osebni avtomobil",405
"2025-07-10 12:00",1,"Kombinirano vozilo",19
"2025-07-10 12:00",1,"Težje tovorno vozilo",4
"2025-07-11 00:00",1,"Osebni avtomobil",462
"2025-07-11 00:00",1,"Kombinirano vozilo",18
"2025-07-11 00:00",1,"Težje tovorno vozilo",9
"2025-07-11 00:00",0,"Osebni avtomobil",185
"2025-07-11 00:00",0,"Kombinirano vozilo",19
"2025-07-11 00:00",0,"Težje tovorno vozilo",12
"2025-07-11 00:00",0,"Tovorno vozilo s prikolico",1
"2025-07-11 12:00",0,"Osebni avtomobil",625
"2025-07-11 12:00",0,"Kombinirano vozilo",23
"2025-07-11 12:00",0,"Težje tovorno vozilo",16
"2025-07-11 12:00",1,"Osebni avtomobil",406
"2025-07-11 12:00",1,"Kombinirano vozilo",15
"2025-07-11 12:00",1,"Težje tovorno vozilo",11
"2025-07-12 00:00",1,"Osebni avtomobil",298
"2025-07-12 00:00",1,"Kombinirano vozilo",19
"2025-07-12 00:00",1,"Težje tovorno vozilo",4
"2025-07-12 00:00",0,"Osebni avtomobil",175
"2025-07-12 00:00",0,"Kombinirano vozilo",14
"2025-07-12 00:00",0,"Težje tovorno vozilo",6
"2025-07-12 12:00",0,"Osebni avtomobil",412
"2025-07-12 12:00",0,"Kombinirano vozilo",9
"2025-07-12 12:00",0,"Težje tovorno vozilo",6
"2025-07-12 12:00",1,"Osebni avtomobil",331
"2025-07-12 12:00",1,"Kombinirano vozilo",7
"2025-07-13 00:00",1,"Osebni avtomobil",176
"2025-07-13 00:00",1,"Kombinirano vozilo",2
"2025-07-13 00:00",0,"Osebni avtomobil",136
"2025-07-13 00:00",0,"Kombinirano vozilo",6
"2025-07-13 12:00",0,"Osebni avtomobil",367
"2025-07-13 12:00",0,"Kombinirano vozilo",5
"2025-07-13 12:00",0,"Težje tovorno vozilo",4
"2025-07-13 12:00",1,"Osebni avtomobil",309
"2025-07-13 12:00",1,"Kombinirano vozilo",3
"2025-07-14 00:00",1,"Osebni avtomobil",492
"2025-07-14 00:00",1,"Kombinirano vozilo",24
"2025-07-14 00:00",1,"Težje tovorno vozilo",10
"2025-07-14 00:00",0,"Osebni avtomobil",194
"2025-07-14 00:00",0,"Kombinirano vozilo",26
"2025-07-14 00:00",0,"Težje tovorno vozilo",14
"2025-07-14 00:00",0,"Tovorno vozilo s prikolico",1
"2025-07-14 12:00",0,"Osebni avtomobil",626
"2025-07-14 12:00",0,"Kombinirano vozilo",25
"2025-07-14 12:00",0,"Težje tovorno vozilo",17
"2025-07-14 12:00",0,"Tovorno vozilo s prikolico",1
"2025-07-14 12:00",1,"Osebni avtomobil",378
"2025-07-14 12:00",1,"Kombinirano vozilo",13
"2025-07-14 12:00",1,"Težje tovorno vozilo",10
"2025-07-14 12:00",1,"Tovorno vozilo s prikolico",1
"2025-07-15 00:00",1,"Osebni avtomobil",481
"2025-07-15 00:00",1,"Kombinirano vozilo",16
"2025-07-15 00:00",1,"Težje tovorno vozilo",13
"2025-07-15 00:00",1,"Tovorno vozilo s prikolico",1
"2025-07-15 00:00",0,"Osebni avtomobil",175
"2025-07-15 00:00",0,"Kombinirano vozilo",15
"2025-07-15 00:00",0,"Težje tovorno vozilo",14
"2025-07-15 00:00",0,"Tovorno vozilo s prikolico",1
"2025-07-15 12:00",0,"Osebni avtomobil",640
"2025-07-15 12:00",0,"Kombinirano vozilo",22
"2025-07-15 12:00",0,"Težje tovorno vozilo",19
"2025-07-15 12:00",0,"Tovorno vozilo s prikolico",1
"2025-07-15 12:00",1,"Osebni avtomobil",409
"2025-07-15 12:00",1,"Kombinirano vozilo",21
"2025-07-15 12:00",1,"Težje tovorno vozilo",7
"2025-07-16 00:00",1,"Osebni avtomobil",456
"2025-07-16 00:00",1,"Kombinirano vozilo",19
"2025-07-16 00:00",1,"Težje tovorno vozilo",13
"2025-07-16 00:00",1,"Tovorno vozilo s prikolico",1
"2025-07-16 00:00",0,"Osebni avtomobil",184
"2025-07-16 00:00",0,"Težje tovorno vozilo",15
"2025-07-16 00:00",0,"Kombinirano vozilo",9
"2025-07-16 12:00",0,"Osebni avtomobil",617
"2025-07-16 12:00",0,"Kombinirano vozilo",19
"2025-07-16 12:00",0,"Težje tovorno vozilo",15
"2025-07-16 12:00",0,"Tovorno vozilo s prikolico",1
"2025-07-16 12:00",1,"Osebni avtomobil",375
"2025-07-16 12:00",1,"Težje tovorno vozilo",13
"2025-07-16 12:00",1,"Kombinirano vozilo",10
"2025-07-17 00:00",1,"Osebni avtomobil",498
"2025-07-17 00:00",1,"Kombinirano vozilo",20
"2025-07-17 00:00",1,"Težje tovorno vozilo",8
"2025-07-17 00:00",1,"Tovorno vozilo s prikolico",1
"2025-07-17 00:00",0,"Osebni avtomobil",201
"2025-07-17 00:00",0,"Kombinirano vozilo",25
"2025-07-17 00:00",0,"Težje tovorno vozilo",19
"2025-07-17 12:00",0,"Osebni avtomobil",645
"2025-07-17 12:00",0,"Kombinirano vozilo",37
"2025-07-17 12:00",0,"Težje tovorno vozilo",15
"2025-07-17 12:00",0,"Tovorno vozilo s prikolico",1
"2025-07-17 12:00",1,"Osebni avtomobil",433
"2025-07-17 12:00",1,"Kombinirano vozilo",14
"2025-07-17 12:00",1,"Težje tovorno vozilo",3
"2025-07-18 00:00",1,"Osebni avtomobil",484
"2025-07-18 00:00",1,"Kombinirano vozilo",21
"2025-07-18 00:00",1,"Težje tovorno vozilo",9
"2025-07-18 00:00",1,"Tovorno vozilo s prikolico",1
"2025-07-18 00:00",0,"Osebni avtomobil",189
"2025-07-18 00:00",0,"Kombinirano vozilo",25
"2025-07-18 00:00",0,"Težje tovorno vozilo",15
"2025-07-18 12:00",0,"Osebni avtomobil",622
"2025-07-18 12:00",0,"Kombinirano vozilo",36
"2025-07-18 12:00",0,"Težje tovorno vozilo",11
"2025-07-18 12:00",1,"Osebni avtomobil",437
"2025-07-18 12:00",1,"Kombinirano vozilo",20
"2025-07-18 12:00",1,"Težje tovorno vozilo",6
"2025-07-19 00:00",1,"Osebni avtomobil",286
"2025-07-19 00:00",1,"Kombinirano vozilo",9
"2025-07-19 00:00",1,"Težje tovorno vozilo",3
"2025-07-19 00:00",0,"Osebni avtomobil",205
"2025-07-19 00:00",0,"Kombinirano vozilo",15
"2025-07-19 00:00",0,"Težje tovorno vozilo",3
"2025-07-19 12:00",0,"Osebni avtomobil",451
"2025-07-19 12:00",0,"Težje tovorno vozilo",15
"2025-07-19 12:00",0,"Kombinirano vozilo",13
"2025-07-19 12:00",1,"Osebni avtomobil",365
"2025-07-19 12:00",1,"Težje tovorno vozilo",9
"2025-07-19 12:00",1,"Kombinirano vozilo",7
"2025-07-20 00:00",1,"Osebni avtomobil",205
"2025-07-20 00:00",1,"Kombinirano vozilo",5
"2025-07-20 00:00",1,"Težje tovorno vozilo",1
"2025-07-20 00:00",0,"Osebni avtomobil",153
"2025-07-20 00:00",0,"Kombinirano vozilo",7
"2025-07-20 00:00",0,"Težje tovorno vozilo",2
"2025-07-20 12:00",0,"Osebni avtomobil",428
"2025-07-20 12:00",0,"Kombinirano vozilo",14
"2025-07-20 12:00",0,"Težje tovorno vozilo",9
"2025-07-20 12:00",1,"Osebni avtomobil",369
"2025-07-20 12:00",1,"Kombinirano vozilo",5
"2025-07-20 12:00",1,"Težje tovorno vozilo",2
"2025-07-21 00:00",1,"Osebni avtomobil",462
"2025-07-21 00:00",1,"Kombinirano vozilo",17
"2025-07-21 00:00",1,"Težje tovorno vozilo",9
"2025-07-21 00:00",1,"Tovorno vozilo s prikolico",1
"2025-07-21 00:00",0,"Osebni avtomobil",192
"2025-07-21 00:00",0,"Kombinirano vozilo",27
"2025-07-21 00:00",0,"Težje tovorno vozilo",16
"2025-07-21 00:00",0,"Tovorno vozilo s prikolico",2
"2025-07-21 12:00",0,"Osebni avtomobil",536
"2025-07-21 12:00",0,"Kombinirano vozilo",22
"2025-07-21 12:00",0,"Težje tovorno vozilo",14
"2025-07-21 12:00",1,"Osebni avtomobil",341
"2025-07-21 12:00",1,"Kombinirano vozilo",27
"2025-07-21 12:00",1,"Težje tovorno vozilo",9
"2025-07-21 12:00",1,"Nerazpoznana vozila",1
"2025-07-21 12:00",1,"Tovorno vozilo s prikolico",1
"2025-07-22 00:00",1,"Osebni avtomobil",477
"2025-07-22 00:00",1,"Kombinirano vozilo",15
"2025-07-22 00:00",1,"Težje tovorno vozilo",8
"2025-07-22 00:00",1,"Tovorno vozilo s prikolico",1
"2025-07-22 00:00",0,"Osebni avtomobil",183
"2025-07-22 00:00",0,"Kombinirano vozilo",21
"2025-07-22 00:00",0,"Težje tovorno vozilo",11
"2025-07-22 12:00",0,"Osebni avtomobil",639
"2025-07-22 12:00",0,"Kombinirano vozilo",31
"2025-07-22 12:00",0,"Težje tovorno vozilo",18
"2025-07-22 12:00",0,"Tovorno vozilo s prikolico",1
"2025-07-22 12:00",1,"Osebni avtomobil",431
"2025-07-22 12:00",1,"Kombinirano vozilo",25
"2025-07-22 12:00",1,"Težje tovorno vozilo",4
"2025-07-23 00:00",1,"Osebni avtomobil",493
"2025-07-23 00:00",1,"Kombinirano vozilo",35
"2025-07-23 00:00",1,"Težje tovorno vozilo",9
"2025-07-23 00:00",1,"Tovorno vozilo s prikolico",1
"2025-07-23 00:00",0,"Osebni avtomobil",202
"2025-07-23 00:00",0,"Kombinirano vozilo",34
"2025-07-23 00:00",0,"Težje tovorno vozilo",18
"2025-07-23 00:00",0,"Tovorno vozilo s prikolico",1
"2025-07-23 12:00",0,"Osebni avtomobil",651
"2025-07-23 12:00",0,"Kombinirano vozilo",44
"2025-07-23 12:00",0,"Težje tovorno vozilo",15
"2025-07-23 12:00",1,"Osebni avtomobil",407
"2025-07-23 12:00",1,"Kombinirano vozilo",22
"2025-07-23 12:00",1,"Težje tovorno vozilo",7
"2025-07-24 00:00",1,"Osebni avtomobil",493
"2025-07-24 00:00",1,"Kombinirano vozilo",16
"2025-07-24 00:00",1,"Težje tovorno vozilo",11
"2025-07-24 00:00",1,"Tovorno vozilo s prikolico",1
"2025-07-24 00:00",0,"Osebni avtomobil",219
"2025-07-24 00:00",0,"Kombinirano vozilo",25
"2025-07-24 00:00",0,"Težje tovorno vozilo",18
"2025-07-24 00:00",0,"Tovorno vozilo s prikolico",2
"2025-07-24 12:00",0,"Osebni avtomobil",576
"2025-07-24 12:00",0,"Kombinirano vozilo",25
"2025-07-24 12:00",0,"Težje tovorno vozilo",17
"2025-07-24 12:00",0,"Tovorno vozilo s prikolico",1
"2025-07-24 12:00",1,"Osebni avtomobil",371
"2025-07-24 12:00",1,"Kombinirano vozilo",20
"2025-07-24 12:00",1,"Težje tovorno vozilo",10
"2025-07-24 12:00",1,"Tovorno vozilo s prikolico",1
"2025-07-25 00:00",1,"Osebni avtomobil",456
"2025-07-25 00:00",1,"Kombinirano vozilo",24
"2025-07-25 00:00",1,"Težje tovorno vozilo",6
"2025-07-25 00:00",1,"Tovorno vozilo s prikolico",2
"2025-07-25 00:00",0,"Osebni avtomobil",208
"2025-07-25 00:00",0,"Kombinirano vozilo",22
"2025-07-25 00:00",0,"Težje tovorno vozilo",10
"2025-07-25 00:00",0,"Tovorno vozilo s prikolico",3
"2025-07-25 12:00",0,"Osebni avtomobil",608
"2025-07-25 12:00",0,"Kombinirano vozilo",23
"2025-07-25 12:00",0,"Težje tovorno vozilo",13
"2025-07-25 12:00",0,"Tovorno vozilo s prikolico",1
"2025-07-25 12:00",1,"Osebni avtomobil",424
"2025-07-25 12:00",1,"Kombinirano vozilo",20
"2025-07-25 12:00",1,"Težje tovorno vozilo",1
"2025-07-25 12:00",1,"Tovorno vozilo s prikolico",1
"2025-07-26 00:00",1,"Osebni avtomobil",206
"2025-07-26 00:00",1,"Kombinirano vozilo",10
"2025-07-26 00:00",1,"Težje tovorno vozilo",5
"2025-07-26 00:00",1,"Tovorno vozilo s prikolico",1
"2025-07-26 00:00",0,"Osebni avtomobil",114
"2025-07-26 00:00",0,"Kombinirano vozilo",3
"2025-07-26 00:00",0,"Težje tovorno vozilo",3
"2025-07-26 12:00",0,"Osebni avtomobil",380
"2025-07-26 12:00",0,"Kombinirano vozilo",5
"2025-07-26 12:00",0,"Težje tovorno vozilo",4
"2025-07-26 12:00",1,"Osebni avtomobil",342
"2025-07-26 12:00",1,"Kombinirano vozilo",3
"2025-07-27 00:00",1,"Osebni avtomobil",168
"2025-07-27 00:00",1,"Kombinirano vozilo",7
"2025-07-27 00:00",1,"Težje tovorno vozilo",2
"2025-07-27 00:00",0,"Osebni avtomobil",109
"2025-07-27 00:00",0,"Kombinirano vozilo",4
"2025-07-27 00:00",0,"Težje tovorno vozilo",2
"2025-07-27 12:00",0,"Osebni avtomobil",378
"2025-07-27 12:00",0,"Težje tovorno vozilo",6
"2025-07-27 12:00",0,"Kombinirano vozilo",3
"2025-07-27 12:00",1,"Osebni avtomobil",339
"2025-07-27 12:00",1,"Kombinirano vozilo",3
"2025-07-28 00:00",1,"Osebni avtomobil",446
"2025-07-28 00:00",1,"Kombinirano vozilo",16
"2025-07-28 00:00",1,"Težje tovorno vozilo",2
"2025-07-28 00:00",0,"Osebni avtomobil",200
"2025-07-28 00:00",0,"Kombinirano vozilo",14
"2025-07-28 00:00",0,"Težje tovorno vozilo",10
"2025-07-28 12:00",0,"Osebni avtomobil",565
"2025-07-28 12:00",0,"Kombinirano vozilo",17
"2025-07-28 12:00",0,"Težje tovorno vozilo",12
"2025-07-28 12:00",1,"Osebni avtomobil",386
"2025-07-28 12:00",1,"Kombinirano vozilo",14
"2025-07-28 12:00",1,"Težje tovorno vozilo",3
"2025-07-29 00:00",1,"Osebni avtomobil",464
"2025-07-29 00:00",1,"Kombinirano vozilo",14
"2025-07-29 00:00",1,"Težje tovorno vozilo",2
"2025-07-29 00:00",0,"Osebni avtomobil",186
"2025-07-29 00:00",0,"Kombinirano vozilo",11
"2025-07-29 00:00",0,"Težje tovorno vozilo",9
"2025-07-29 12:00",0,"Osebni avtomobil",598
"2025-07-29 12:00",0,"Kombinirano vozilo",16
"2025-07-29 12:00",0,"Težje tovorno vozilo",10
"2025-07-29 12:00",1,"Osebni avtomobil",380
"2025-07-29 12:00",1,"Kombinirano vozilo",14
"2025-07-29 12:00",1,"Težje tovorno vozilo",3
"2025-07-30 00:00",1,"Osebni avtomobil",454
"2025-07-30 00:00",1,"Kombinirano vozilo",14
"2025-07-30 00:00",1,"Težje tovorno vozilo",4
"2025-07-30 00:00",1,"Tovorno vozilo s prikolico",1
"2025-07-30 00:00",0,"Osebni avtomobil",161
"2025-07-30 00:00",0,"Kombinirano vozilo",19
"2025-07-30 00:00",0,"Težje tovorno vozilo",11
"2025-07-30 12:00",0,"Osebni avtomobil",681
"2025-07-30 12:00",0,"Kombinirano vozilo",15
"2025-07-30 12:00",0,"Težje tovorno vozilo",12
"2025-07-30 12:00",0,"Tovorno vozilo s prikolico",1
"2025-07-30 12:00",1,"Osebni avtomobil",477
"2025-07-30 12:00",1,"Kombinirano vozilo",10
"2025-07-30 12:00",1,"Težje tovorno vozilo",3
"2025-07-30 12:00",1,"Tovorno vozilo s prikolico",1
"2025-07-31 00:00",1,"Osebni avtomobil",507
"2025-07-31 00:00",1,"Kombinirano vozilo",19
"2025-07-31 00:00",1,"Težje tovorno vozilo",5
"2025-07-31 00:00",0,"Osebni avtomobil",182
"2025-07-31 00:00",0,"Kombinirano vozilo",17
"2025-07-31 00:00",0,"Težje tovorno vozilo",14
"2025-07-31 12:00",0,"Osebni avtomobil",599
"2025-07-31 12:00",0,"Težje tovorno vozilo",17
"2025-07-31 12:00",0,"Kombinirano vozilo",12
"2025-07-31 12:00",1,"Osebni avtomobil",370
"2025-07-31 12:00",1,"Kombinirano vozilo",11
"2025-07-31 12:00",1,"Težje tovorno vozilo",6
"2025-08-01 00:00",1,"Osebni avtomobil",454
"2025-08-01 00:00",1,"Kombinirano vozilo",17
"2025-08-01 00:00",1,"Težje tovorno vozilo",4
"2025-08-01 00:00",0,"Osebni avtomobil",200
"2025-08-01 00:00",0,"Kombinirano vozilo",20
"2025-08-01 00:00",0,"Težje tovorno vozilo",11
"2025-08-01 12:00",0,"Osebni avtomobil",525
"2025-08-01 12:00",0,"Težje tovorno vozilo",17
"2025-08-01 12:00",0,"Kombinirano vozilo",14
"2025-08-01 12:00",1,"Osebni avtomobil",376
"2025-08-01 12:00",1,"Kombinirano vozilo",14
"2025-08-01 12:00",1,"Težje tovorno vozilo",4
"2025-08-01 12:00",1,"Tovorno vozilo s prikolico",3
"2025-08-01 12:00",1,"Nerazpoznana vozila",1
"2025-08-02 00:00",1,"Osebni avtomobil",238
"2025-08-02 00:00",1,"Kombinirano vozilo",5
"2025-08-02 00:00",1,"Težje tovorno vozilo",2
"2025-08-02 00:00",0,"Osebni avtomobil",153
"2025-08-02 00:00",0,"Težje tovorno vozilo",6
"2025-08-02 00:00",0,"Kombinirano vozilo",3
"2025-08-02 12:00",0,"Osebni avtomobil",397
"2025-08-02 12:00",0,"Kombinirano vozilo",6
"2025-08-02 12:00",0,"Težje tovorno vozilo",4
"2025-08-02 12:00",1,"Osebni avtomobil",329
"2025-08-02 12:00",1,"Kombinirano vozilo",8
"2025-08-02 12:00",1,"Težje tovorno vozilo",3
"2025-08-02 12:00",1,"Tovorno vozilo s prikolico",1
"2025-08-03 00:00",1,"Osebni avtomobil",149
"2025-08-03 00:00",1,"Kombinirano vozilo",3
"2025-08-03 00:00",1,"Težje tovorno vozilo",1
"2025-08-03 00:00",0,"Osebni avtomobil",114
"2025-08-03 00:00",0,"Težje tovorno vozilo",2
"2025-08-03 12:00",0,"Osebni avtomobil",385
"2025-08-03 12:00",0,"Kombinirano vozilo",6
"2025-08-03 12:00",0,"Težje tovorno vozilo",6
"2025-08-03 12:00",1,"Osebni avtomobil",340
"2025-08-03 12:00",1,"Kombinirano vozilo",2
"2025-08-04 00:00",1,"Osebni avtomobil",469
"2025-08-04 00:00",1,"Kombinirano vozilo",19
"2025-08-04 00:00",1,"Težje tovorno vozilo",8
"2025-08-04 00:00",0,"Osebni avtomobil",214
"2025-08-04 00:00",0,"Kombinirano vozilo",20
"2025-08-04 00:00",0,"Težje tovorno vozilo",9
"2025-08-04 12:00",0,"Osebni avtomobil",602
"2025-08-04 12:00",0,"Kombinirano vozilo",10
"2025-08-04 12:00",0,"Težje tovorno vozilo",10
"2025-08-04 12:00",1,"Osebni avtomobil",367
"2025-08-04 12:00",1,"Kombinirano vozilo",10
"2025-08-04 12:00",1,"Težje tovorno vozilo",1
"2025-08-05 00:00",1,"Osebni avtomobil",480
"2025-08-05 00:00",1,"Kombinirano vozilo",14
"2025-08-05 00:00",1,"Težje tovorno vozilo",7
"2025-08-05 00:00",0,"Osebni avtomobil",200
"2025-08-05 00:00",0,"Kombinirano vozilo",15
"2025-08-05 00:00",0,"Težje tovorno vozilo",6
"2025-08-05 12:00",0,"Osebni avtomobil",626
"2025-08-05 12:00",0,"Kombinirano vozilo",18
"2025-08-05 12:00",0,"Težje tovorno vozilo",14
"2025-08-05 12:00",1,"Osebni avtomobil",415
"2025-08-05 12:00",1,"Kombinirano vozilo",10
"2025-08-05 12:00",1,"Težje tovorno vozilo",2
"2025-08-06 00:00",1,"Osebni avtomobil",434
"2025-08-06 00:00",1,"Kombinirano vozilo",18
"2025-08-06 00:00",1,"Težje tovorno vozilo",12
"2025-08-06 00:00",0,"Osebni avtomobil",185
"2025-08-06 00:00",0,"Težje tovorno vozilo",15
"2025-08-06 00:00",0,"Kombinirano vozilo",12
"2025-08-06 12:00",0,"Osebni avtomobil",591
"2025-08-06 12:00",0,"Kombinirano vozilo",14
"2025-08-06 12:00",0,"Težje tovorno vozilo",13
"2025-08-06 12:00",1,"Osebni avtomobil",385
"2025-08-06 12:00",1,"Kombinirano vozilo",10
"2025-08-06 12:00",1,"Težje tovorno vozilo",6
"2025-08-07 00:00",1,"Osebni avtomobil",469
"2025-08-07 00:00",1,"Kombinirano vozilo",21
"2025-08-07 00:00",1,"Težje tovorno vozilo",12
"2025-08-07 00:00",0,"Osebni avtomobil",201
"2025-08-07 00:00",0,"Kombinirano vozilo",14
"2025-08-07 00:00",0,"Težje tovorno vozilo",9
"2025-08-07 12:00",0,"Osebni avtomobil",657
"2025-08-07 12:00",0,"Kombinirano vozilo",21
"2025-08-07 12:00",0,"Težje tovorno vozilo",14
"2025-08-07 12:00",1,"Osebni avtomobil",466
"2025-08-07 12:00",1,"Kombinirano vozilo",12
"2025-08-07 12:00",1,"Težje tovorno vozilo",3
"2025-08-08 00:00",1,"Osebni avtomobil",475
"2025-08-08 00:00",1,"Kombinirano vozilo",16
"2025-08-08 00:00",1,"Težje tovorno vozilo",6
"2025-08-08 00:00",0,"Osebni avtomobil",212
"2025-08-08 00:00",0,"Kombinirano vozilo",16
"2025-08-08 00:00",0,"Težje tovorno vozilo",12
"2025-08-08 12:00",0,"Osebni avtomobil",633
"2025-08-08 12:00",0,"Kombinirano vozilo",16
"2025-08-08 12:00",0,"Težje tovorno vozilo",16
"2025-08-08 12:00",1,"Osebni avtomobil",415
"2025-08-08 12:00",1,"Kombinirano vozilo",11
"2025-08-08 12:00",1,"Težje tovorno vozilo",6
"2025-08-09 00:00",1,"Osebni avtomobil",253
"2025-08-09 00:00",1,"Kombinirano vozilo",6
"2025-08-09 00:00",1,"Težje tovorno vozilo",1
"2025-08-09 00:00",0,"Osebni avtomobil",139
"2025-08-09 00:00",0,"Kombinirano vozilo",9
"2025-08-09 00:00",0,"Težje tovorno vozilo",3
"2025-08-09 12:00",0,"Osebni avtomobil",322
"2025-08-09 12:00",0,"Kombinirano vozilo",12
"2025-08-09 12:00",0,"Težje tovorno vozilo",4
"2025-08-09 12:00",1,"Osebni avtomobil",215
"2025-08-09 12:00",1,"Kombinirano vozilo",2
"2025-08-10 00:00",1,"Osebni avtomobil",197
"2025-08-10 00:00",1,"Kombinirano vozilo",2
"2025-08-10 00:00",0,"Osebni avtomobil",134
"2025-08-10 00:00",0,"Kombinirano vozilo",4
"2025-08-10 00:00",0,"Težje tovorno vozilo",2
"2025-08-10 12:00",0,"Osebni avtomobil",404
"2025-08-10 12:00",0,"Kombinirano vozilo",10
"2025-08-10 12:00",0,"Težje tovorno vozilo",9
"2025-08-10 12:00",1,"Osebni avtomobil",326
"2025-08-10 12:00",1,"Kombinirano vozilo",5
"2025-08-10 12:00",1,"Težje tovorno vozilo",1
"2025-08-11 00:00",1,"Osebni avtomobil",520
"2025-08-11 00:00",1,"Kombinirano vozilo",23
"2025-08-11 00:00",1,"Težje tovorno vozilo",5
"2025-08-11 00:00",0,"Osebni avtomobil",212
"2025-08-11 00:00",0,"Kombinirano vozilo",24
"2025-08-11 00:00",0,"Težje tovorno vozilo",13
"2025-08-11 12:00",0,"Osebni avtomobil",684
"2025-08-11 12:00",0,"Kombinirano vozilo",24
"2025-08-11 12:00",0,"Težje tovorno vozilo",13
"2025-08-11 12:00",1,"Osebni avtomobil",420
"2025-08-11 12:00",1,"Kombinirano vozilo",16
"2025-08-11 12:00",1,"Težje tovorno vozilo",3
"2025-08-12 00:00",1,"Osebni avtomobil",511
"2025-08-12 00:00",1,"Kombinirano vozilo",17
"2025-08-12 00:00",1,"Težje tovorno vozilo",4
"2025-08-12 00:00",0,"Osebni avtomobil",210
"2025-08-12 00:00",0,"Kombinirano vozilo",17
"2025-08-12 00:00",0,"Težje tovorno vozilo",13
"2025-08-12 12:00",0,"Osebni avtomobil",726
"2025-08-12 12:00",0,"Kombinirano vozilo",18
"2025-08-12 12:00",0,"Težje tovorno vozilo",16
"2025-08-12 12:00",1,"Osebni avtomobil",441
"2025-08-12 12:00",1,"Kombinirano vozilo",12
"2025-08-12 12:00",1,"Težje tovorno vozilo",7
"2025-08-13 00:00",1,"Osebni avtomobil",507
"2025-08-13 00:00",1,"Kombinirano vozilo",16
"2025-08-13 00:00",1,"Težje tovorno vozilo",7
"2025-08-13 00:00",0,"Osebni avtomobil",206
"2025-08-13 00:00",0,"Kombinirano vozilo",25
"2025-08-13 00:00",0,"Težje tovorno vozilo",10
"2025-08-13 00:00",0,"Tovorno vozilo s prikolico",1
"2025-08-13 12:00",0,"Osebni avtomobil",706
"2025-08-13 12:00",0,"Kombinirano vozilo",17
"2025-08-13 12:00",0,"Težje tovorno vozilo",10
"2025-08-13 12:00",1,"Osebni avtomobil",450
"2025-08-13 12:00",1,"Kombinirano vozilo",13
"2025-08-13 12:00",1,"Težje tovorno vozilo",3
"2025-08-14 00:00",1,"Osebni avtomobil",532
"2025-08-14 00:00",1,"Kombinirano vozilo",14
"2025-08-14 00:00",1,"Težje tovorno vozilo",2
"2025-08-14 00:00",0,"Osebni avtomobil",258
"2025-08-14 00:00",0,"Kombinirano vozilo",21
"2025-08-14 00:00",0,"Težje tovorno vozilo",15
"2025-08-14 12:00",0,"Osebni avtomobil",643
"2025-08-14 12:00",0,"Kombinirano vozilo",20
"2025-08-14 12:00",0,"Težje tovorno vozilo",13
"2025-08-14 12:00",1,"Osebni avtomobil",461
"2025-08-14 12:00",1,"Kombinirano vozilo",15
"2025-08-14 12:00",1,"Težje tovorno vozilo",1
"2025-08-15 00:00",1,"Osebni avtomobil",251
"2025-08-15 00:00",1,"Kombinirano vozilo",8
"2025-08-15 00:00",0,"Osebni avtomobil",172
"2025-08-15 00:00",0,"Kombinirano vozilo",7
"2025-08-15 12:00",0,"Osebni avtomobil",422
"2025-08-15 12:00",0,"Kombinirano vozilo",14
"2025-08-15 12:00",0,"Težje tovorno vozilo",5
"2025-08-15 12:00",1,"Osebni avtomobil",356
"2025-08-15 12:00",1,"Kombinirano vozilo",2
"2025-08-16 00:00",1,"Osebni avtomobil",306
"2025-08-16 00:00",1,"Kombinirano vozilo",11
"2025-08-16 00:00",1,"Težje tovorno vozilo",1
"2025-08-16 00:00",0,"Osebni avtomobil",187
"2025-08-16 00:00",0,"Kombinirano vozilo",10
"2025-08-16 00:00",0,"Težje tovorno vozilo",2
"2025-08-16 12:00",0,"Osebni avtomobil",390
"2025-08-16 12:00",0,"Kombinirano vozilo",13
"2025-08-16 12:00",0,"Težje tovorno vozilo",6
"2025-08-16 12:00",1,"Osebni avtomobil",318
"2025-08-16 12:00",1,"Kombinirano vozilo",7
"2025-08-16 12:00",1,"Težje tovorno vozilo",2
"2025-08-16 12:00",1,"Nerazpoznana vozila",1
"2025-08-17 00:00",1,"Osebni avtomobil",189
"2025-08-17 00:00",1,"Kombinirano vozilo",3
"2025-08-17 00:00",1,"Težje tovorno vozilo",2
"2025-08-17 00:00",0,"Osebni avtomobil",161
"2025-08-17 00:00",0,"Kombinirano vozilo",5
"2025-08-17 00:00",0,"Težje tovorno vozilo",2
"2025-08-17 12:00",0,"Osebni avtomobil",378
"2025-08-17 12:00",0,"Kombinirano vozilo",7
"2025-08-17 12:00",0,"Težje tovorno vozilo",7
"2025-08-17 12:00",1,"Osebni avtomobil",322
"2025-08-17 12:00",1,"Kombinirano vozilo",3
"2025-08-18 00:00",1,"Osebni avtomobil",512
"2025-08-18 00:00",1,"Kombinirano vozilo",18
"2025-08-18 00:00",1,"Težje tovorno vozilo",2
"2025-08-18 00:00",0,"Osebni avtomobil",207
"2025-08-18 00:00",0,"Kombinirano vozilo",18
"2025-08-18 00:00",0,"Težje tovorno vozilo",11
"2025-08-18 12:00",0,"Osebni avtomobil",668
"2025-08-18 12:00",0,"Kombinirano vozilo",28
"2025-08-18 12:00",0,"Težje tovorno vozilo",15
"2025-08-18 12:00",1,"Osebni avtomobil",393
"2025-08-18 12:00",1,"Kombinirano vozilo",8
"2025-08-18 12:00",1,"Težje tovorno vozilo",4
"2025-08-19 00:00",1,"Osebni avtomobil",515
"2025-08-19 00:00",1,"Kombinirano vozilo",17
"2025-08-19 00:00",1,"Težje tovorno vozilo",1
"2025-08-19 00:00",0,"Osebni avtomobil",204
"2025-08-19 00:00",0,"Kombinirano vozilo",18
"2025-08-19 00:00",0,"Težje tovorno vozilo",9
"2025-08-19 00:00",0,"Tovorno vozilo s prikolico",1
"2025-08-19 12:00",0,"Osebni avtomobil",688
"2025-08-19 12:00",0,"Kombinirano vozilo",15
"2025-08-19 12:00",0,"Težje tovorno vozilo",14
"2025-08-19 12:00",0,"Tovorno vozilo s prikolico",2
"2025-08-19 12:00",1,"Osebni avtomobil",406
"2025-08-19 12:00",1,"Kombinirano vozilo",12
"2025-08-19 12:00",1,"Težje tovorno vozilo",6
"2025-08-20 00:00",1,"Osebni avtomobil",526
"2025-08-20 00:00",1,"Kombinirano vozilo",17
"2025-08-20 00:00",1,"Težje tovorno vozilo",3
"2025-08-20 00:00",0,"Osebni avtomobil",197
"2025-08-20 00:00",0,"Kombinirano vozilo",14
"2025-08-20 00:00",0,"Težje tovorno vozilo",9
"2025-08-20 00:00",0,"Tovorno vozilo s prikolico",1
"2025-08-20 12:00",0,"Osebni avtomobil",675
"2025-08-20 12:00",0,"Kombinirano vozilo",25
"2025-08-20 12:00",0,"Težje tovorno vozilo",11
"2025-08-20 12:00",1,"Osebni avtomobil",396
"2025-08-20 12:00",1,"Kombinirano vozilo",18
"2025-08-20 12:00",1,"Težje tovorno vozilo",4
"2025-08-21 00:00",1,"Osebni avtomobil",494
"2025-08-21 00:00",1,"Kombinirano vozilo",18
"2025-08-21 00:00",1,"Težje tovorno vozilo",3
"2025-08-21 00:00",0,"Osebni avtomobil",199
"2025-08-21 00:00",0,"Težje tovorno vozilo",10
"2025-08-21 00:00",0,"Kombinirano vozilo",9
"2025-08-21 12:00",0,"Osebni avtomobil",605
"2025-08-21 12:00",0,"Kombinirano vozilo",10
"2025-08-21 12:00",0,"Težje tovorno vozilo",10
"2025-08-21 12:00",1,"Osebni avtomobil",387
"2025-08-21 12:00",1,"Kombinirano vozilo",12
"2025-08-21 12:00",1,"Težje tovorno vozilo",2
"2025-08-22 00:00",1,"Osebni avtomobil",489
"2025-08-22 00:00",1,"Kombinirano vozilo",15
"2025-08-22 00:00",1,"Težje tovorno vozilo",5
"2025-08-22 00:00",0,"Osebni avtomobil",190
"2025-08-22 00:00",0,"Kombinirano vozilo",16
"2025-08-22 00:00",0,"Težje tovorno vozilo",11
"2025-08-22 00:00",0,"Tovorno vozilo s prikolico",1
"2025-08-22 12:00",0,"Osebni avtomobil",670
"2025-08-22 12:00",0,"Kombinirano vozilo",17
"2025-08-22 12:00",0,"Težje tovorno vozilo",12
"2025-08-22 12:00",1,"Osebni avtomobil",446
"2025-08-22 12:00",1,"Kombinirano vozilo",8
"2025-08-22 12:00",1,"Težje tovorno vozilo",6
"2025-08-23 00:00",1,"Osebni avtomobil",329
"2025-08-23 00:00",1,"Kombinirano vozilo",14
"2025-08-23 00:00",0,"Osebni avtomobil",197
"2025-08-23 00:00",0,"Težje tovorno vozilo",6
"2025-08-23 00:00",0,"Kombinirano vozilo",5
"2025-08-23 12:00",0,"Osebni avtomobil",488
"2025-08-23 12:00",0,"Kombinirano vozilo",12
"2025-08-23 12:00",0,"Težje tovorno vozilo",7
"2025-08-23 12:00",1,"Osebni avtomobil",413
"2025-08-23 12:00",1,"Kombinirano vozilo",7
"2025-08-23 12:00",1,"Težje tovorno vozilo",2
"2025-08-24 00:00",1,"Osebni avtomobil",225
"2025-08-24 00:00",1,"Kombinirano vozilo",1
"2025-08-24 00:00",0,"Osebni avtomobil",167
"2025-08-24 00:00",0,"Kombinirano vozilo",6
"2025-08-24 12:00",0,"Osebni avtomobil",425
"2025-08-24 12:00",0,"Kombinirano vozilo",10
"2025-08-24 12:00",0,"Težje tovorno vozilo",5
"2025-08-24 12:00",1,"Osebni avtomobil",329
"2025-08-24 12:00",1,"Kombinirano vozilo",3
"2025-08-25 00:00",1,"Osebni avtomobil",552
"2025-08-25 00:00",1,"Kombinirano vozilo",17
"2025-08-25 00:00",1,"Težje tovorno vozilo",6
"2025-08-25 00:00",0,"Osebni avtomobil",186
"2025-08-25 00:00",0,"Kombinirano vozilo",20
"2025-08-25 00:00",0,"Težje tovorno vozilo",11
"2025-08-25 12:00",0,"Osebni avtomobil",738
"2025-08-25 12:00",0,"Težje tovorno vozilo",17
"2025-08-25 12:00",0,"Kombinirano vozilo",12
"2025-08-25 12:00",1,"Osebni avtomobil",401
"2025-08-25 12:00",1,"Kombinirano vozilo",11
"2025-08-25 12:00",1,"Težje tovorno vozilo",4
"2025-08-26 00:00",1,"Osebni avtomobil",513
"2025-08-26 00:00",1,"Kombinirano vozilo",16
"2025-08-26 00:00",1,"Težje tovorno vozilo",7
"2025-08-26 00:00",0,"Osebni avtomobil",181
"2025-08-26 00:00",0,"Težje tovorno vozilo",13
"2025-08-26 00:00",0,"Kombinirano vozilo",9
"2025-08-26 00:00",0,"Tovorno vozilo s prikolico",2
"2025-08-26 12:00",0,"Osebni avtomobil",727
"2025-08-26 12:00",0,"Težje tovorno vozilo",23
"2025-08-26 12:00",0,"Kombinirano vozilo",15
"2025-08-26 12:00",0,"Tovorno vozilo s prikolico",1
"2025-08-26 12:00",1,"Osebni avtomobil",453
"2025-08-26 12:00",1,"Kombinirano vozilo",14
"2025-08-26 12:00",1,"Težje tovorno vozilo",7
"2025-08-27 00:00",1,"Osebni avtomobil",535
"2025-08-27 00:00",1,"Kombinirano vozilo",19
"2025-08-27 00:00",1,"Težje tovorno vozilo",1
"2025-08-27 00:00",0,"Osebni avtomobil",213
"2025-08-27 00:00",0,"Težje tovorno vozilo",13
"2025-08-27 00:00",0,"Kombinirano vozilo",11
"2025-08-27 00:00",0,"Tovorno vozilo s prikolico",1
"2025-08-27 12:00",0,"Osebni avtomobil",666
"2025-08-27 12:00",0,"Težje tovorno vozilo",16
"2025-08-27 12:00",0,"Kombinirano vozilo",13
"2025-08-27 12:00",1,"Osebni avtomobil",420
"2025-08-27 12:00",1,"Kombinirano vozilo",17
"2025-08-27 12:00",1,"Težje tovorno vozilo",5
"2025-08-28 00:00",1,"Osebni avtomobil",513
"2025-08-28 00:00",1,"Kombinirano vozilo",22
"2025-08-28 00:00",1,"Težje tovorno vozilo",5
"2025-08-28 00:00",0,"Osebni avtomobil",200
"2025-08-28 00:00",0,"Težje tovorno vozilo",16
"2025-08-28 00:00",0,"Kombinirano vozilo",11
"2025-08-28 12:00",0,"Osebni avtomobil",710
"2025-08-28 12:00",0,"Težje tovorno vozilo",17
"2025-08-28 12:00",0,"Kombinirano vozilo",15
"2025-08-28 12:00",1,"Osebni avtomobil",401
"2025-08-28 12:00",1,"Kombinirano vozilo",15
"2025-08-28 12:00",1,"Težje tovorno vozilo",1
"2025-08-29 00:00",1,"Osebni avtomobil",523
"2025-08-29 00:00",1,"Kombinirano vozilo",15
"2025-08-29 00:00",1,"Težje tovorno vozilo",7
"2025-08-29 00:00",0,"Osebni avtomobil",188
"2025-08-29 00:00",0,"Kombinirano vozilo",15
"2025-08-29 00:00",0,"Težje tovorno vozilo",10
"2025-08-29 12:00",0,"Osebni avtomobil",648
"2025-08-29 12:00",0,"Kombinirano vozilo",16
"2025-08-29 12:00",0,"Težje tovorno vozilo",16
"2025-08-29 12:00",1,"Osebni avtomobil",475
"2025-08-29 12:00",1,"Kombinirano vozilo",14
"2025-08-29 12:00",1,"Težje tovorno vozilo",2
"2025-08-29 12:00",1,"Tovorno vozilo s prikolico",2
"2025-08-30 00:00",1,"Osebni avtomobil",280
"2025-08-30 00:00",1,"Kombinirano vozilo",8
"2025-08-30 00:00",1,"Težje tovorno vozilo",5
"2025-08-30 00:00",0,"Osebni avtomobil",182
"2025-08-30 00:00",0,"Kombinirano vozilo",10
"2025-08-30 00:00",0,"Težje tovorno vozilo",5
"2025-08-30 12:00",0,"Osebni avtomobil",443
"2025-08-30 12:00",0,"Kombinirano vozilo",5
"2025-08-30 12:00",0,"Težje tovorno vozilo",3
"2025-08-30 12:00",1,"Osebni avtomobil",336
"2025-08-30 12:00",1,"Kombinirano vozilo",6
"2025-08-30 12:00",1,"Težje tovorno vozilo",1
"2025-08-31 00:00",1,"Osebni avtomobil",249
"2025-08-31 00:00",1,"Kombinirano vozilo",1
"2025-08-31 00:00",0,"Osebni avtomobil",166
"2025-08-31 00:00",0,"Kombinirano vozilo",5
"2025-08-31 12:00",0,"Osebni avtomobil",500
"2025-08-31 12:00",0,"Težje tovorno vozilo",6
"2025-08-31 12:00",0,"Kombinirano vozilo",5
"2025-08-31 12:00",1,"Osebni avtomobil",400
"2025-08-31 12:00",1,"Kombinirano vozilo",6
"2025-09-01 00:00",1,"Osebni avtomobil",545
"2025-09-01 00:00",1,"Kombinirano vozilo",18
"2025-09-01 00:00",1,"Težje tovorno vozilo",5
"2025-09-01 00:00",0,"Osebni avtomobil",212
"2025-09-01 00:00",0,"Kombinirano vozilo",15
"2025-09-01 00:00",0,"Težje tovorno vozilo",14
"2025-09-01 12:00",0,"Osebni avtomobil",703
"2025-09-01 12:00",0,"Težje tovorno vozilo",18
"2025-09-01 12:00",0,"Kombinirano vozilo",11
"2025-09-01 12:00",0,"Tovorno vozilo s prikolico",1
"2025-09-01 12:00",1,"Osebni avtomobil",463
"2025-09-01 12:00",1,"Kombinirano vozilo",15
"2025-09-01 12:00",1,"Težje tovorno vozilo",4
"2025-09-02 00:00",1,"Osebni avtomobil",483
"2025-09-02 00:00",1,"Kombinirano vozilo",22
"2025-09-02 00:00",1,"Težje tovorno vozilo",7
"2025-09-02 00:00",1,"Tovorno vozilo s prikolico",1
"2025-09-02 00:00",0,"Osebni avtomobil",215
"2025-09-02 00:00",0,"Kombinirano vozilo",18
"2025-09-02 00:00",0,"Težje tovorno vozilo",13
"2025-09-02 00:00",0,"Tovorno vozilo s prikolico",3
"2025-09-02 12:00",0,"Osebni avtomobil",696
"2025-09-02 12:00",0,"Težje tovorno vozilo",19
"2025-09-02 12:00",0,"Kombinirano vozilo",11
"2025-09-02 12:00",1,"Osebni avtomobil",436
"2025-09-02 12:00",1,"Kombinirano vozilo",26
"2025-09-02 12:00",1,"Težje tovorno vozilo",5
"2025-09-03 00:00",1,"Osebni avtomobil",563
"2025-09-03 00:00",1,"Kombinirano vozilo",16
"2025-09-03 00:00",1,"Težje tovorno vozilo",10
"2025-09-03 00:00",0,"Osebni avtomobil",186
"2025-09-03 00:00",0,"Težje tovorno vozilo",19
"2025-09-03 00:00",0,"Kombinirano vozilo",18
"2025-09-03 12:00",0,"Osebni avtomobil",763
"2025-09-03 12:00",0,"Težje tovorno vozilo",21
"2025-09-03 12:00",0,"Kombinirano vozilo",15
"2025-09-03 12:00",0,"Tovorno vozilo s prikolico",1
"2025-09-03 12:00",1,"Osebni avtomobil",500
"2025-09-03 12:00",1,"Kombinirano vozilo",19
"2025-09-03 12:00",1,"Težje tovorno vozilo",4
"2025-09-04 00:00",1,"Osebni avtomobil",578
"2025-09-04 00:00",1,"Kombinirano vozilo",22
"2025-09-04 00:00",1,"Težje tovorno vozilo",5
"2025-09-04 00:00",0,"Osebni avtomobil",223
"2025-09-04 00:00",0,"Kombinirano vozilo",20
"2025-09-04 00:00",0,"Težje tovorno vozilo",15
"2025-09-04 12:00",0,"Osebni avtomobil",785
"2025-09-04 12:00",0,"Težje tovorno vozilo",21
"2025-09-04 12:00",0,"Kombinirano vozilo",14
"2025-09-04 12:00",1,"Osebni avtomobil",487
"2025-09-04 12:00",1,"Kombinirano vozilo",14
"2025-09-04 12:00",1,"Težje tovorno vozilo",6
"2025-09-05 00:00",1,"Osebni avtomobil",565
"2025-09-05 00:00",1,"Kombinirano vozilo",17
"2025-09-05 00:00",1,"Težje tovorno vozilo",3
"2025-09-05 00:00",0,"Osebni avtomobil",234
"2025-09-05 00:00",0,"Kombinirano vozilo",14
"2025-09-05 00:00",0,"Težje tovorno vozilo",14
"2025-09-05 12:00",0,"Osebni avtomobil",734
"2025-09-05 12:00",0,"Težje tovorno vozilo",18
"2025-09-05 12:00",0,"Kombinirano vozilo",15
"2025-09-05 12:00",0,"Tovorno vozilo s prikolico",2
"2025-09-05 12:00",1,"Osebni avtomobil",490
"2025-09-05 12:00",1,"Kombinirano vozilo",7
"2025-09-05 12:00",1,"Težje tovorno vozilo",4
"2025-09-05 12:00",1,"Tovorno vozilo s prikolico",1
"2025-09-06 00:00",1,"Osebni avtomobil",331
"2025-09-06 00:00",1,"Kombinirano vozilo",8
"2025-09-06 00:00",1,"Težje tovorno vozilo",5
"2025-09-06 00:00",0,"Osebni avtomobil",181
"2025-09-06 00:00",0,"Kombinirano vozilo",20
"2025-09-06 00:00",0,"Težje tovorno vozilo",9
"2025-09-06 00:00",0,"Tovorno vozilo s prikolico",2
"2025-09-06 12:00",0,"Osebni avtomobil",512
"2025-09-06 12:00",0,"Kombinirano vozilo",15
"2025-09-06 12:00",0,"Težje tovorno vozilo",10
"2025-09-06 12:00",0,"Tovorno vozilo s prikolico",3
"2025-09-06 12:00",1,"Osebni avtomobil",379
"2025-09-06 12:00",1,"Kombinirano vozilo",7
"2025-09-06 12:00",1,"Težje tovorno vozilo",4
"2025-09-06 12:00",1,"Tovorno vozilo s prikolico",2
"2025-09-07 00:00",1,"Osebni avtomobil",201
"2025-09-07 00:00",1,"Kombinirano vozilo",1
"2025-09-07 00:00",0,"Osebni avtomobil",163
"2025-09-07 00:00",0,"Težje tovorno vozilo",1
"2025-09-07 12:00",0,"Osebni avtomobil",467
"2025-09-07 12:00",0,"Kombinirano vozilo",7
"2025-09-07 12:00",0,"Težje tovorno vozilo",5
"2025-09-07 12:00",1,"Osebni avtomobil",404
"2025-09-07 12:00",1,"Kombinirano vozilo",1
"2025-09-08 00:00",1,"Osebni avtomobil",558
"2025-09-08 00:00",1,"Kombinirano vozilo",13
"2025-09-08 00:00",1,"Težje tovorno vozilo",6
"2025-09-08 00:00",0,"Osebni avtomobil",232
"2025-09-08 00:00",0,"Kombinirano vozilo",18
"2025-09-08 00:00",0,"Težje tovorno vozilo",13
"2025-09-08 12:00",0,"Osebni avtomobil",716
"2025-09-08 12:00",0,"Kombinirano vozilo",16
"2025-09-08 12:00",0,"Težje tovorno vozilo",15
"2025-09-08 12:00",1,"Osebni avtomobil",437
"2025-09-08 12:00",1,"Kombinirano vozilo",15
"2025-09-08 12:00",1,"Težje tovorno vozilo",2
"2025-09-09 00:00",1,"Osebni avtomobil",554
"2025-09-09 00:00",1,"Kombinirano vozilo",20
"2025-09-09 00:00",1,"Težje tovorno vozilo",9
"2025-09-09 00:00",0,"Osebni avtomobil",200
"2025-09-09 00:00",0,"Kombinirano vozilo",18
"2025-09-09 00:00",0,"Težje tovorno vozilo",18
"2025-09-09 12:00",0,"Osebni avtomobil",700
"2025-09-09 12:00",0,"Težje tovorno vozilo",21
"2025-09-09 12:00",0,"Kombinirano vozilo",19
"2025-09-09 12:00",1,"Osebni avtomobil",421
"2025-09-09 12:00",1,"Kombinirano vozilo",19
"2025-09-09 12:00",1,"Težje tovorno vozilo",6
"2025-09-10 00:00",1,"Osebni avtomobil",475
"2025-09-10 00:00",1,"Kombinirano vozilo",21
"2025-09-10 00:00",1,"Težje tovorno vozilo",9
"2025-09-10 00:00",1,"Tovorno vozilo s prikolico",1
"2025-09-10 00:00",0,"Osebni avtomobil",102
"2025-09-10 00:00",0,"Težje tovorno vozilo",5
"2025-09-10 00:00",0,"Kombinirano vozilo",2
"2025-09-10 00:00",0,"Tovorno vozilo s prikolico",1
"2025-09-10 12:00",0,"Osebni avtomobil",585
"2025-09-10 12:00",0,"Težje tovorno vozilo",13
"2025-09-10 12:00",0,"Kombinirano vozilo",2
"2025-09-10 12:00",1,"Osebni avtomobil",362
"2025-09-10 12:00",1,"Kombinirano vozilo",9
"2025-09-10 12:00",1,"Težje tovorno vozilo",4
"2025-09-11 00:00",1,"Osebni avtomobil",564
"2025-09-11 00:00",1,"Kombinirano vozilo",19
"2025-09-11 00:00",1,"Težje tovorno vozilo",4
"2025-09-11 00:00",0,"Osebni avtomobil",208
"2025-09-11 00:00",0,"Kombinirano vozilo",15
"2025-09-11 00:00",0,"Težje tovorno vozilo",14
"2025-09-11 00:00",0,"Tovorno vozilo s prikolico",2
"2025-09-11 12:00",0,"Osebni avtomobil",687
"2025-09-11 12:00",0,"Težje tovorno vozilo",18
"2025-09-11 12:00",0,"Kombinirano vozilo",9
"2025-09-11 12:00",0,"Tovorno vozilo s prikolico",1
"2025-09-11 12:00",1,"Osebni avtomobil",429
"2025-09-11 12:00",1,"Kombinirano vozilo",12
"2025-09-11 12:00",1,"Težje tovorno vozilo",3
"2025-09-12 00:00",1,"Osebni avtomobil",539
"2025-09-12 00:00",1,"Kombinirano vozilo",21
"2025-09-12 00:00",1,"Težje tovorno vozilo",5
"2025-09-12 00:00",1,"Tovorno vozilo s prikolico",1
"2025-09-12 00:00",0,"Osebni avtomobil",211
"2025-09-12 00:00",0,"Kombinirano vozilo",25
"2025-09-12 00:00",0,"Težje tovorno vozilo",12
"2025-09-12 00:00",0,"Tovorno vozilo s prikolico",1
"2025-09-12 12:00",0,"Osebni avtomobil",695
"2025-09-12 12:00",0,"Težje tovorno vozilo",17
"2025-09-12 12:00",0,"Kombinirano vozilo",10
"2025-09-12 12:00",1,"Osebni avtomobil",504
"2025-09-12 12:00",1,"Kombinirano vozilo",17
"2025-09-12 12:00",1,"Težje tovorno vozilo",2
"2025-09-13 00:00",1,"Osebni avtomobil",347
"2025-09-13 00:00",1,"Kombinirano vozilo",12
"2025-09-13 00:00",1,"Težje tovorno vozilo",2
"2025-09-13 00:00",0,"Osebni avtomobil",200
"2025-09-13 00:00",0,"Kombinirano vozilo",11
"2025-09-13 00:00",0,"Težje tovorno vozilo",5
"2025-09-13 12:00",0,"Osebni avtomobil",518
"2025-09-13 12:00",0,"Kombinirano vozilo",9
"2025-09-13 12:00",0,"Težje tovorno vozilo",7
"2025-09-13 12:00",1,"Osebni avtomobil",396
"2025-09-13 12:00",1,"Kombinirano vozilo",7
"2025-09-14 00:00",1,"Osebni avtomobil",192
"2025-09-14 00:00",1,"Kombinirano vozilo",3
"2025-09-14 00:00",1,"Težje tovorno vozilo",1
"2025-09-14 00:00",0,"Osebni avtomobil",149
"2025-09-14 00:00",0,"Kombinirano vozilo",3
"2025-09-14 00:00",0,"Težje tovorno vozilo",1
"2025-09-14 12:00",0,"Osebni avtomobil",414
"2025-09-14 12:00",0,"Težje tovorno vozilo",7
"2025-09-14 12:00",0,"Kombinirano vozilo",6
"2025-09-14 12:00",1,"Osebni avtomobil",368
"2025-09-14 12:00",1,"Kombinirano vozilo",2
"2025-09-14 12:00",1,"Težje tovorno vozilo",1
"2025-09-15 00:00",1,"Osebni avtomobil",552
"2025-09-15 00:00",1,"Kombinirano vozilo",17
"2025-09-15 00:00",1,"Težje tovorno vozilo",3
"2025-09-15 00:00",1,"Tovorno vozilo s prikolico",1
"2025-09-15 00:00",0,"Osebni avtomobil",203
"2025-09-15 00:00",0,"Kombinirano vozilo",14
"2025-09-15 00:00",0,"Težje tovorno vozilo",14
"2025-09-15 00:00",0,"Tovorno vozilo s prikolico",1
"2025-09-15 12:00",0,"Osebni avtomobil",725
"2025-09-15 12:00",0,"Kombinirano vozilo",19
"2025-09-15 12:00",0,"Težje tovorno vozilo",16
"2025-09-15 12:00",1,"Osebni avtomobil",488
"2025-09-15 12:00",1,"Kombinirano vozilo",16
"2025-09-15 12:00",1,"Težje tovorno vozilo",4
"2025-09-16 00:00",1,"Osebni avtomobil",556
"2025-09-16 00:00",1,"Kombinirano vozilo",18
"2025-09-16 00:00",1,"Težje tovorno vozilo",1
"2025-09-16 00:00",0,"Osebni avtomobil",189
"2025-09-16 00:00",0,"Kombinirano vozilo",15
"2025-09-16 00:00",0,"Težje tovorno vozilo",14
"2025-09-16 12:00",0,"Osebni avtomobil",597
"2025-09-16 12:00",0,"Težje tovorno vozilo",17
"2025-09-16 12:00",0,"Kombinirano vozilo",7
"2025-09-16 12:00",1,"Osebni avtomobil",413
"2025-09-16 12:00",1,"Kombinirano vozilo",20
"2025-09-16 12:00",1,"Težje tovorno vozilo",9
"2025-09-17 00:00",1,"Osebni avtomobil",539
"2025-09-17 00:00",1,"Kombinirano vozilo",13
"2025-09-17 00:00",1,"Težje tovorno vozilo",3
"2025-09-17 00:00",0,"Osebni avtomobil",198
"2025-09-17 00:00",0,"Težje tovorno vozilo",16
"2025-09-17 00:00",0,"Kombinirano vozilo",9
"2025-09-17 12:00",0,"Osebni avtomobil",743
"2025-09-17 12:00",0,"Težje tovorno vozilo",21
"2025-09-17 12:00",0,"Kombinirano vozilo",15
"2025-09-17 12:00",1,"Osebni avtomobil",462
"2025-09-17 12:00",1,"Kombinirano vozilo",8
"2025-09-17 12:00",1,"Težje tovorno vozilo",5
"2025-09-18 00:00",1,"Osebni avtomobil",576
"2025-09-18 00:00",1,"Kombinirano vozilo",19
"2025-09-18 00:00",1,"Težje tovorno vozilo",3
"2025-09-18 00:00",1,"Tovorno vozilo s prikolico",1
"2025-09-18 00:00",0,"Osebni avtomobil",213
"2025-09-18 00:00",0,"Kombinirano vozilo",16
"2025-09-18 00:00",0,"Težje tovorno vozilo",8
"2025-09-18 12:00",0,"Osebni avtomobil",701
"2025-09-18 12:00",0,"Kombinirano vozilo",26
"2025-09-18 12:00",0,"Težje tovorno vozilo",18
"2025-09-18 12:00",0,"Tovorno vozilo s prikolico",1
"2025-09-18 12:00",1,"Osebni avtomobil",452
"2025-09-18 12:00",1,"Kombinirano vozilo",18
"2025-09-18 12:00",1,"Težje tovorno vozilo",4
"2025-09-18 12:00",1,"Tovorno vozilo s prikolico",1
"2025-09-19 00:00",1,"Osebni avtomobil",551
"2025-09-19 00:00",1,"Kombinirano vozilo",17
"2025-09-19 00:00",1,"Težje tovorno vozilo",4
"2025-09-19 00:00",0,"Osebni avtomobil",220
"2025-09-19 00:00",0,"Kombinirano vozilo",18
"2025-09-19 00:00",0,"Težje tovorno vozilo",18
"2025-09-19 00:00",0,"Tovorno vozilo s prikolico",1
"2025-09-19 12:00",0,"Osebni avtomobil",758
"2025-09-19 12:00",0,"Težje tovorno vozilo",17
"2025-09-19 12:00",0,"Kombinirano vozilo",14
"2025-09-19 12:00",1,"Osebni avtomobil",492
"2025-09-19 12:00",1,"Kombinirano vozilo",15
"2025-09-19 12:00",1,"Težje tovorno vozilo",7
"2025-09-20 00:00",1,"Osebni avtomobil",369
"2025-09-20 00:00",1,"Kombinirano vozilo",10
"2025-09-20 00:00",1,"Težje tovorno vozilo",1
"2025-09-20 00:00",0,"Osebni avtomobil",219
"2025-09-20 00:00",0,"Kombinirano vozilo",10
"2025-09-20 00:00",0,"Težje tovorno vozilo",7
"2025-09-20 12:00",0,"Osebni avtomobil",523
"2025-09-20 12:00",0,"Kombinirano vozilo",13
"2025-09-20 12:00",0,"Težje tovorno vozilo",7
"2025-09-20 12:00",1,"Osebni avtomobil",380
"2025-09-20 12:00",1,"Kombinirano vozilo",8
"2025-09-20 12:00",1,"Težje tovorno vozilo",2
"2025-09-21 00:00",1,"Osebni avtomobil",248
"2025-09-21 00:00",1,"Kombinirano vozilo",2
"2025-09-21 00:00",1,"Težje tovorno vozilo",1
"2025-09-21 00:00",0,"Osebni avtomobil",180
"2025-09-21 00:00",0,"Kombinirano vozilo",7
"2025-09-21 00:00",0,"Težje tovorno vozilo",3
"2025-09-21 12:00",0,"Osebni avtomobil",452
"2025-09-21 12:00",0,"Kombinirano vozilo",23
"2025-09-21 12:00",0,"Težje tovorno vozilo",16
"2025-09-21 12:00",1,"Osebni avtomobil",339
"2025-09-21 12:00",1,"Kombinirano vozilo",19
"2025-09-21 12:00",1,"Težje tovorno vozilo",6
"2025-09-22 00:00",1,"Osebni avtomobil",571
"2025-09-22 00:00",1,"Kombinirano vozilo",18
"2025-09-22 00:00",1,"Težje tovorno vozilo",3
"2025-09-22 00:00",0,"Osebni avtomobil",204
"2025-09-22 00:00",0,"Kombinirano vozilo",30
"2025-09-22 00:00",0,"Težje tovorno vozilo",10
"2025-09-22 12:00",0,"Osebni avtomobil",766
"2025-09-22 12:00",0,"Kombinirano vozilo",22
"2025-09-22 12:00",0,"Težje tovorno vozilo",19
"2025-09-22 12:00",1,"Osebni avtomobil",456
"2025-09-22 12:00",1,"Kombinirano vozilo",24
"2025-09-22 12:00",1,"Težje tovorno vozilo",5
"2025-09-23 00:00",1,"Osebni avtomobil",564
"2025-09-23 00:00",1,"Kombinirano vozilo",16
"2025-09-23 00:00",1,"Težje tovorno vozilo",2
"2025-09-23 00:00",0,"Osebni avtomobil",205
"2025-09-23 00:00",0,"Kombinirano vozilo",13
"2025-09-23 00:00",0,"Težje tovorno vozilo",11
"2025-09-23 00:00",0,"Tovorno vozilo s prikolico",2
"2025-09-23 12:00",0,"Osebni avtomobil",569
"2025-09-23 12:00",0,"Kombinirano vozilo",19
"2025-09-23 12:00",0,"Težje tovorno vozilo",16
"2025-09-23 12:00",1,"Osebni avtomobil",434
"2025-09-23 12:00",1,"Kombinirano vozilo",17
"2025-09-23 12:00",1,"Težje tovorno vozilo",9
"2025-09-23 12:00",1,"Nerazpoznana vozila",2
"2025-09-24 00:00",1,"Osebni avtomobil",558
"2025-09-24 00:00",1,"Kombinirano vozilo",28
"2025-09-24 00:00",1,"Težje tovorno vozilo",4
"2025-09-24 00:00",1,"Tovorno vozilo s prikolico",1
"2025-09-24 00:00",0,"Osebni avtomobil",198
"2025-09-24 00:00",0,"Kombinirano vozilo",15
"2025-09-24 00:00",0,"Težje tovorno vozilo",12
"2025-09-24 12:00",0,"Osebni avtomobil",672
"2025-09-24 12:00",0,"Težje tovorno vozilo",15
"2025-09-24 12:00",0,"Kombinirano vozilo",12
"2025-09-24 12:00",0,"Tovorno vozilo s prikolico",1
"2025-09-24 12:00",1,"Osebni avtomobil",399
"2025-09-24 12:00",1,"Kombinirano vozilo",15
"2025-09-24 12:00",1,"Težje tovorno vozilo",8
"2025-09-24 12:00",1,"Tovorno vozilo s prikolico",1
"2025-09-25 00:00",1,"Osebni avtomobil",581
"2025-09-25 00:00",1,"Kombinirano vozilo",20
"2025-09-25 00:00",1,"Težje tovorno vozilo",4
"2025-09-25 00:00",0,"Osebni avtomobil",221
"2025-09-25 00:00",0,"Težje tovorno vozilo",16
"2025-09-25 00:00",0,"Kombinirano vozilo",15
"2025-09-25 00:00",0,"Tovorno vozilo s prikolico",1
"2025-09-25 12:00",0,"Osebni avtomobil",751
"2025-09-25 12:00",0,"Težje tovorno vozilo",17
"2025-09-25 12:00",0,"Kombinirano vozilo",16
"2025-09-25 12:00",1,"Osebni avtomobil",499
"2025-09-25 12:00",1,"Kombinirano vozilo",13
"2025-09-25 12:00",1,"Težje tovorno vozilo",4
"2025-09-26 00:00",1,"Osebni avtomobil",541
"2025-09-26 00:00",1,"Kombinirano vozilo",22
"2025-09-26 00:00",1,"Težje tovorno vozilo",7
"2025-09-26 00:00",0,"Osebni avtomobil",226
"2025-09-26 00:00",0,"Težje tovorno vozilo",19
"2025-09-26 00:00",0,"Kombinirano vozilo",16
"2025-09-26 12:00",0,"Osebni avtomobil",735
"2025-09-26 12:00",0,"Težje tovorno vozilo",18
"2025-09-26 12:00",0,"Kombinirano vozilo",8
"2025-09-26 12:00",1,"Osebni avtomobil",505
"2025-09-26 12:00",1,"Kombinirano vozilo",16
"2025-09-26 12:00",1,"Težje tovorno vozilo",6
"2025-09-26 12:00",1,"Tovorno vozilo s prikolico",1
"2025-09-27 00:00",1,"Osebni avtomobil",326
"2025-09-27 00:00",1,"Kombinirano vozilo",9
"2025-09-27 00:00",0,"Osebni avtomobil",219
"2025-09-27 00:00",0,"Kombinirano vozilo",6
"2025-09-27 00:00",0,"Težje tovorno vozilo",4
"2025-09-27 12:00",0,"Osebni avtomobil",504
"2025-09-27 12:00",0,"Kombinirano vozilo",10
"2025-09-27 12:00",0,"Težje tovorno vozilo",6
"2025-09-27 12:00",1,"Osebni avtomobil",440
"2025-09-27 12:00",1,"Kombinirano vozilo",7
"2025-09-27 12:00",1,"Težje tovorno vozilo",1
"2025-09-28 00:00",1,"Osebni avtomobil",198
"2025-09-28 00:00",1,"Kombinirano vozilo",5
"2025-09-28 00:00",0,"Osebni avtomobil",147
"2025-09-28 00:00",0,"Kombinirano vozilo",2
"2025-09-28 00:00",0,"Težje tovorno vozilo",2
"2025-09-28 12:00",0,"Osebni avtomobil",468
"2025-09-28 12:00",0,"Kombinirano vozilo",8
"2025-09-28 12:00",0,"Težje tovorno vozilo",8
"2025-09-28 12:00",1,"Osebni avtomobil",406
"2025-09-28 12:00",1,"Kombinirano vozilo",2
"2025-09-29 00:00",1,"Osebni avtomobil",563
"2025-09-29 00:00",1,"Kombinirano vozilo",20
"2025-09-29 00:00",1,"Težje tovorno vozilo",5
"2025-09-29 00:00",0,"Osebni avtomobil",218
"2025-09-29 00:00",0,"Kombinirano vozilo",17
"2025-09-29 00:00",0,"Težje tovorno vozilo",12
"2025-09-29 12:00",0,"Osebni avtomobil",747
"2025-09-29 12:00",0,"Kombinirano vozilo",27
"2025-09-29 12:00",0,"Težje tovorno vozilo",23
"2025-09-29 12:00",0,"Tovorno vozilo s prikolico",1
"2025-09-29 12:00",1,"Osebni avtomobil",434
"2025-09-29 12:00",1,"Kombinirano vozilo",21
"2025-09-29 12:00",1,"Težje tovorno vozilo",5
"2025-09-30 00:00",1,"Osebni avtomobil",590
"2025-09-30 00:00",1,"Kombinirano vozilo",15
"2025-09-30 00:00",1,"Težje tovorno vozilo",1
"2025-09-30 00:00",1,"Tovorno vozilo s prikolico",1
"2025-09-30 00:00",0,"Osebni avtomobil",213
"2025-09-30 00:00",0,"Kombinirano vozilo",20
"2025-09-30 00:00",0,"Težje tovorno vozilo",13
"2025-09-30 12:00",0,"Osebni avtomobil",777
"2025-09-30 12:00",0,"Kombinirano vozilo",24
"2025-09-30 12:00",0,"Težje tovorno vozilo",15
"2025-09-30 12:00",0,"Tovorno vozilo s prikolico",1
"2025-09-30 12:00",1,"Osebni avtomobil",487
"2025-09-30 12:00",1,"Kombinirano vozilo",17
"2025-09-30 12:00",1,"Težje tovorno vozilo",3
"2025-09-30 12:00",1,"Tovorno vozilo s prikolico",1
"2025-10-01 00:00",1,"Osebni avtomobil",595
"2025-10-01 00:00",1,"Kombinirano vozilo",21
"2025-10-01 00:00",1,"Težje tovorno vozilo",7
"2025-10-01 00:00",0,"Osebni avtomobil",209
"2025-10-01 00:00",0,"Težje tovorno vozilo",20
"2025-10-01 00:00",0,"Kombinirano vozilo",14
"2025-10-01 00:00",0,"Tovorno vozilo s prikolico",1
"2025-10-01 12:00",0,"Osebni avtomobil",767
"2025-10-01 12:00",0,"Kombinirano vozilo",17
"2025-10-01 12:00",0,"Težje tovorno vozilo",15
"2025-10-01 12:00",1,"Osebni avtomobil",525
"2025-10-01 12:00",1,"Kombinirano vozilo",9
"2025-10-01 12:00",1,"Težje tovorno vozilo",4
"2025-10-02 00:00",1,"Osebni avtomobil",562
"2025-10-02 00:00",1,"Kombinirano vozilo",21
"2025-10-02 00:00",1,"Težje tovorno vozilo",8
"2025-10-02 00:00",0,"Osebni avtomobil",243
"2025-10-02 00:00",0,"Kombinirano vozilo",18
"2025-10-02 00:00",0,"Težje tovorno vozilo",17
"2025-10-02 12:00",0,"Osebni avtomobil",799
"2025-10-02 12:00",0,"Kombinirano vozilo",26
"2025-10-02 12:00",0,"Težje tovorno vozilo",24
"2025-10-02 12:00",1,"Osebni avtomobil",494
"2025-10-02 12:00",1,"Kombinirano vozilo",16
"2025-10-02 12:00",1,"Težje tovorno vozilo",9
"2025-10-03 00:00",1,"Osebni avtomobil",577
"2025-10-03 00:00",1,"Kombinirano vozilo",16
"2025-10-03 00:00",1,"Težje tovorno vozilo",3
"2025-10-03 00:00",1,"Tovorno vozilo s prikolico",1
"2025-10-03 00:00",0,"Osebni avtomobil",226
"2025-10-03 00:00",0,"Težje tovorno vozilo",18
"2025-10-03 00:00",0,"Kombinirano vozilo",17
"2025-10-03 00:00",0,"Tovorno vozilo s prikolico",1
"2025-10-03 12:00",0,"Osebni avtomobil",770
"2025-10-03 12:00",0,"Težje tovorno vozilo",27
"2025-10-03 12:00",0,"Kombinirano vozilo",24
"2025-10-03 12:00",1,"Osebni avtomobil",520
"2025-10-03 12:00",1,"Kombinirano vozilo",19
"2025-10-03 12:00",1,"Težje tovorno vozilo",16
"2025-10-04 00:00",1,"Osebni avtomobil",371
"2025-10-04 00:00",1,"Kombinirano vozilo",12
"2025-10-04 00:00",1,"Težje tovorno vozilo",5
"2025-10-04 00:00",0,"Osebni avtomobil",225
"2025-10-04 00:00",0,"Kombinirano vozilo",9
"2025-10-04 00:00",0,"Težje tovorno vozilo",7
"2025-10-04 12:00",0,"Osebni avtomobil",674
"2025-10-04 12:00",0,"Težje tovorno vozilo",19
"2025-10-04 12:00",0,"Kombinirano vozilo",9
"2025-10-04 12:00",1,"Osebni avtomobil",465
"2025-10-04 12:00",1,"Težje tovorno vozilo",10
"2025-10-04 12:00",1,"Kombinirano vozilo",8
"2025-10-05 00:00",1,"Osebni avtomobil",271
"2025-10-05 00:00",1,"Težje tovorno vozilo",25
"2025-10-05 00:00",1,"Kombinirano vozilo",23
"2025-10-05 00:00",1,"Tovorno vozilo s prikolico",5
"2025-10-05 00:00",0,"Osebni avtomobil",53
"2025-10-05 00:00",0,"Težje tovorno vozilo",2
"2025-10-05 12:00",0,"Osebni avtomobil",341
"2025-10-05 12:00",0,"Težje tovorno vozilo",6
"2025-10-05 12:00",0,"Kombinirano vozilo",2
"2025-10-05 12:00",1,"Osebni avtomobil",316
"2025-10-05 12:00",1,"Kombinirano vozilo",6
"2025-10-05 12:00",1,"Težje tovorno vozilo",1
"2025-10-06 00:00",1,"Osebni avtomobil",624
"2025-10-06 00:00",1,"Kombinirano vozilo",32
"2025-10-06 00:00",1,"Težje tovorno vozilo",9
"2025-10-06 00:00",0,"Osebni avtomobil",285
"2025-10-06 00:00",0,"Kombinirano vozilo",23
"2025-10-06 00:00",0,"Težje tovorno vozilo",20
"2025-10-06 12:00",0,"Osebni avtomobil","1,545"
"2025-10-06 12:00",0,"Kombinirano vozilo",33
"2025-10-06 12:00",0,"Težje tovorno vozilo",19
"2025-10-06 12:00",0,"Tovorno vozilo s prikolico",1
"2025-10-06 12:00",1,"Osebni avtomobil",704
"2025-10-06 12:00",1,"Kombinirano vozilo",32
"2025-10-06 12:00",1,"Težje tovorno vozilo",5
"2025-10-07 00:00",1,"Osebni avtomobil","1,116"
"2025-10-07 00:00",1,"Kombinirano vozilo",30
"2025-10-07 00:00",1,"Težje tovorno vozilo",2
"2025-10-07 00:00",0,"Osebni avtomobil",389
"2025-10-07 00:00",0,"Kombinirano vozilo",27
"2025-10-07 00:00",0,"Težje tovorno vozilo",12
"2025-10-07 00:00",0,"Tovorno vozilo s prikolico",1
"2025-10-07 12:00",0,"Osebni avtomobil","1,540"
"2025-10-07 12:00",0,"Kombinirano vozilo",35
"2025-10-07 12:00",0,"Težje tovorno vozilo",20
"2025-10-07 12:00",0,"Tovorno vozilo s prikolico",1
"2025-10-07 12:00",1,"Osebni avtomobil",764
"2025-10-07 12:00",1,"Kombinirano vozilo",19
"2025-10-07 12:00",1,"Težje tovorno vozilo",7
"2025-10-07 12:00",1,"Tovorno vozilo s prikolico",1
"2025-10-08 00:00",1,"Osebni avtomobil",883
"2025-10-08 00:00",1,"Kombinirano vozilo",28
"2025-10-08 00:00",1,"Težje tovorno vozilo",7
"2025-10-08 00:00",1,"Tovorno vozilo s prikolico",1
"2025-10-08 00:00",0,"Osebni avtomobil",347
"2025-10-08 00:00",0,"Kombinirano vozilo",28
"2025-10-08 00:00",0,"Težje tovorno vozilo",18
"2025-10-08 12:00",0,"Osebni avtomobil",904
"2025-10-08 12:00",0,"Kombinirano vozilo",26
"2025-10-08 12:00",0,"Težje tovorno vozilo",25
"2025-10-08 12:00",0,"Tovorno vozilo s prikolico",1
"2025-10-08 12:00",1,"Osebni avtomobil",555
"2025-10-08 12:00",1,"Kombinirano vozilo",17
"2025-10-08 12:00",1,"Težje tovorno vozilo",7
"2025-10-09 00:00",1,"Osebni avtomobil",626
"2025-10-09 00:00",1,"Kombinirano vozilo",21
"2025-10-09 00:00",1,"Težje tovorno vozilo",3
"2025-10-09 00:00",0,"Osebni avtomobil",251
"2025-10-09 00:00",0,"Kombinirano vozilo",22
"2025-10-09 00:00",0,"Težje tovorno vozilo",16
"2025-10-09 00:00",0,"Tovorno vozilo s prikolico",1
"2025-10-09 12:00",0,"Osebni avtomobil",693
"2025-10-09 12:00",0,"Kombinirano vozilo",23
"2025-10-09 12:00",0,"Težje tovorno vozilo",21
"2025-10-09 12:00",1,"Osebni avtomobil",468
"2025-10-09 12:00",1,"Kombinirano vozilo",29
"2025-10-09 12:00",1,"Težje tovorno vozilo",4
"2025-10-10 00:00",1,"Osebni avtomobil",564
"2025-10-10 00:00",1,"Kombinirano vozilo",26
"2025-10-10 00:00",1,"Težje tovorno vozilo",5
"2025-10-10 00:00",0,"Osebni avtomobil",223
"2025-10-10 00:00",0,"Težje tovorno vozilo",17
"2025-10-10 00:00",0,"Kombinirano vozilo",16
"2025-10-10 12:00",0,"Osebni avtomobil",775
"2025-10-10 12:00",0,"Kombinirano vozilo",30
"2025-10-10 12:00",0,"Težje tovorno vozilo",20
"2025-10-10 12:00",1,"Osebni avtomobil",502
"2025-10-10 12:00",1,"Kombinirano vozilo",17
"2025-10-10 12:00",1,"Težje tovorno vozilo",8
"2025-10-11 00:00",1,"Osebni avtomobil",334
"2025-10-11 00:00",1,"Kombinirano vozilo",9
"2025-10-11 00:00",1,"Težje tovorno vozilo",3
"2025-10-11 00:00",0,"Osebni avtomobil",202
"2025-10-11 00:00",0,"Kombinirano vozilo",15
"2025-10-11 00:00",0,"Težje tovorno vozilo",7
"2025-10-11 12:00",0,"Osebni avtomobil",565
"2025-10-11 12:00",0,"Kombinirano vozilo",14
"2025-10-11 12:00",0,"Težje tovorno vozilo",12
"2025-10-11 12:00",1,"Osebni avtomobil",410
"2025-10-11 12:00",1,"Težje tovorno vozilo",11
"2025-10-11 12:00",1,"Kombinirano vozilo",7
"2025-10-12 00:00",1,"Osebni avtomobil",222
"2025-10-12 00:00",1,"Kombinirano vozilo",2
"2025-10-12 00:00",1,"Težje tovorno vozilo",1
"2025-10-12 00:00",0,"Osebni avtomobil",131
"2025-10-12 00:00",0,"Kombinirano vozilo",4
"2025-10-12 00:00",0,"Težje tovorno vozilo",2
"2025-10-12 12:00",0,"Osebni avtomobil",479
"2025-10-12 12:00",0,"Kombinirano vozilo",16
"2025-10-12 12:00",0,"Težje tovorno vozilo",7
"2025-10-12 12:00",1,"Osebni avtomobil",415
"2025-10-12 12:00",1,"Kombinirano vozilo",8
"2025-10-12 12:00",1,"Težje tovorno vozilo",2
"2025-10-13 00:00",1,"Osebni avtomobil",555
"2025-10-13 00:00",1,"Kombinirano vozilo",18
"2025-10-13 00:00",1,"Težje tovorno vozilo",9
"2025-10-13 00:00",1,"Tovorno vozilo s prikolico",1
"2025-10-13 00:00",0,"Osebni avtomobil",221
"2025-10-13 00:00",0,"Težje tovorno vozilo",20
"2025-10-13 00:00",0,"Kombinirano vozilo",10
"2025-10-13 00:00",0,"Tovorno vozilo s prikolico",1
"2025-10-13 12:00",0,"Osebni avtomobil",725
"2025-10-13 12:00",0,"Kombinirano vozilo",32
"2025-10-13 12:00",0,"Težje tovorno vozilo",24
"2025-10-13 12:00",1,"Osebni avtomobil",463
"2025-10-13 12:00",1,"Kombinirano vozilo",12
"2025-10-13 12:00",1,"Težje tovorno vozilo",7
"2025-10-14 00:00",1,"Osebni avtomobil",473
"2025-10-14 00:00",1,"Kombinirano vozilo",21
"2025-10-14 00:00",1,"Težje tovorno vozilo",6
"2025-10-14 00:00",0,"Osebni avtomobil",176
"2025-10-14 00:00",0,"Težje tovorno vozilo",18
"2025-10-14 00:00",0,"Kombinirano vozilo",9
"2025-10-14 12:00",0,"Osebni avtomobil",745
"2025-10-14 12:00",0,"Kombinirano vozilo",25
"2025-10-14 12:00",0,"Težje tovorno vozilo",24
"2025-10-14 12:00",1,"Osebni avtomobil",441
"2025-10-14 12:00",1,"Kombinirano vozilo",22
"2025-10-14 12:00",1,"Težje tovorno vozilo",6
"2025-10-15 00:00",1,"Osebni avtomobil",586
"2025-10-15 00:00",1,"Kombinirano vozilo",28
"2025-10-15 00:00",1,"Težje tovorno vozilo",3
"2025-10-15 00:00",1,"Tovorno vozilo s prikolico",1
"2025-10-15 00:00",0,"Osebni avtomobil",228
"2025-10-15 00:00",0,"Kombinirano vozilo",25
"2025-10-15 00:00",0,"Težje tovorno vozilo",16
"2025-10-15 12:00",0,"Osebni avtomobil",670
"2025-10-15 12:00",0,"Težje tovorno vozilo",20
"2025-10-15 12:00",0,"Kombinirano vozilo",15
"2025-10-15 12:00",1,"Osebni avtomobil",427
"2025-10-15 12:00",1,"Kombinirano vozilo",18
"2025-10-15 12:00",1,"Težje tovorno vozilo",4
"2025-10-16 00:00",1,"Osebni avtomobil",539
"2025-10-16 00:00",1,"Kombinirano vozilo",25
"2025-10-16 00:00",1,"Težje tovorno vozilo",8
"2025-10-16 00:00",0,"Osebni avtomobil",190
"2025-10-16 00:00",0,"Kombinirano vozilo",26
"2025-10-16 00:00",0,"Težje tovorno vozilo",15
"2025-10-16 00:00",0,"Tovorno vozilo s prikolico",1
"2025-10-16 12:00",0,"Osebni avtomobil",758
"2025-10-16 12:00",0,"Kombinirano vozilo",22
"2025-10-16 12:00",0,"Težje tovorno vozilo",20
"2025-10-16 12:00",0,"Tovorno vozilo s prikolico",1
"2025-10-16 12:00",1,"Osebni avtomobil",514
"2025-10-16 12:00",1,"Kombinirano vozilo",24
"2025-10-16 12:00",1,"Težje tovorno vozilo",8
"2025-10-17 00:00",1,"Osebni avtomobil",544
"2025-10-17 00:00",1,"Kombinirano vozilo",18
"2025-10-17 00:00",1,"Težje tovorno vozilo",8
"2025-10-17 00:00",0,"Osebni avtomobil",198
"2025-10-17 00:00",0,"Kombinirano vozilo",21
"2025-10-17 00:00",0,"Težje tovorno vozilo",16
"2025-10-17 00:00",0,"Tovorno vozilo s prikolico",1
"2025-10-17 12:00",0,"Osebni avtomobil",799
"2025-10-17 12:00",0,"Kombinirano vozilo",21
"2025-10-17 12:00",0,"Težje tovorno vozilo",19
"2025-10-17 12:00",1,"Osebni avtomobil",514
"2025-10-17 12:00",1,"Kombinirano vozilo",18
"2025-10-17 12:00",1,"Težje tovorno vozilo",7
"2025-10-17 12:00",1,"Tovorno vozilo s prikolico",1
"2025-10-18 00:00",1,"Osebni avtomobil",373
"2025-10-18 00:00",1,"Kombinirano vozilo",11
"2025-10-18 00:00",1,"Težje tovorno vozilo",2
"2025-10-18 00:00",0,"Osebni avtomobil",198
"2025-10-18 00:00",0,"Kombinirano vozilo",12
"2025-10-18 00:00",0,"Težje tovorno vozilo",4
"2025-10-18 12:00",0,"Osebni avtomobil",576
"2025-10-18 12:00",0,"Kombinirano vozilo",6
"2025-10-18 12:00",0,"Težje tovorno vozilo",5
"2025-10-18 12:00",1,"Osebni avtomobil",441
"2025-10-18 12:00",1,"Kombinirano vozilo",6
"2025-10-18 12:00",1,"Težje tovorno vozilo",1
"2025-10-19 00:00",1,"Osebni avtomobil",245
"2025-10-19 00:00",1,"Kombinirano vozilo",1
"2025-10-19 00:00",0,"Osebni avtomobil",163
"2025-10-19 00:00",0,"Kombinirano vozilo",2
"2025-10-19 12:00",0,"Osebni avtomobil",425
"2025-10-19 12:00",0,"Kombinirano vozilo",12
"2025-10-19 12:00",0,"Težje tovorno vozilo",7
"2025-10-19 12:00",1,"Osebni avtomobil",343
"2025-10-19 12:00",1,"Kombinirano vozilo",5
"2025-10-20 00:00",1,"Osebni avtomobil",573
"2025-10-20 00:00",1,"Kombinirano vozilo",22
"2025-10-20 00:00",1,"Težje tovorno vozilo",5
"2025-10-20 00:00",0,"Osebni avtomobil",197
"2025-10-20 00:00",0,"Kombinirano vozilo",20
"2025-10-20 00:00",0,"Težje tovorno vozilo",16
"2025-10-20 12:00",0,"Osebni avtomobil",751
"2025-10-20 12:00",0,"Težje tovorno vozilo",17
"2025-10-20 12:00",0,"Kombinirano vozilo",14
"2025-10-20 12:00",1,"Osebni avtomobil",424
"2025-10-20 12:00",1,"Kombinirano vozilo",19
"2025-10-20 12:00",1,"Težje tovorno vozilo",3
"2025-10-21 00:00",1,"Osebni avtomobil",579
"2025-10-21 00:00",1,"Kombinirano vozilo",19
"2025-10-21 00:00",1,"Težje tovorno vozilo",5
"2025-10-21 00:00",0,"Osebni avtomobil",191
"2025-10-21 00:00",0,"Težje tovorno vozilo",12
"2025-10-21 00:00",0,"Kombinirano vozilo",7
"2025-10-21 00:00",0,"Tovorno vozilo s prikolico",2
"2025-10-21 12:00",0,"Osebni avtomobil",631
"2025-10-21 12:00",0,"Težje tovorno vozilo",17
"2025-10-21 12:00",0,"Kombinirano vozilo",11
"2025-10-21 12:00",1,"Osebni avtomobil",443
"2025-10-21 12:00",1,"Kombinirano vozilo",19
"2025-10-21 12:00",1,"Težje tovorno vozilo",6
"2025-10-22 00:00",1,"Osebni avtomobil",579
"2025-10-22 00:00",1,"Kombinirano vozilo",24
"2025-10-22 00:00",1,"Težje tovorno vozilo",4
"2025-10-22 00:00",1,"Tovorno vozilo s prikolico",1
"2025-10-22 00:00",0,"Osebni avtomobil",195
"2025-10-22 00:00",0,"Težje tovorno vozilo",18
"2025-10-22 00:00",0,"Kombinirano vozilo",15
"2025-10-22 00:00",0,"Tovorno vozilo s prikolico",2
"2025-10-22 12:00",0,"Osebni avtomobil",795
"2025-10-22 12:00",0,"Težje tovorno vozilo",17
"2025-10-22 12:00",0,"Kombinirano vozilo",11
"2025-10-22 12:00",1,"Osebni avtomobil",463
"2025-10-22 12:00",1,"Kombinirano vozilo",20
"2025-10-22 12:00",1,"Težje tovorno vozilo",3
"2025-10-23 00:00",1,"Osebni avtomobil",597
"2025-10-23 00:00",1,"Kombinirano vozilo",17
"2025-10-23 00:00",1,"Težje tovorno vozilo",5
"2025-10-23 00:00",1,"Tovorno vozilo s prikolico",1
"2025-10-23 00:00",0,"Osebni avtomobil",213
"2025-10-23 00:00",0,"Težje tovorno vozilo",19
"2025-10-23 00:00",0,"Kombinirano vozilo",12
"2025-10-23 00:00",0,"Tovorno vozilo s prikolico",1
"2025-10-23 12:00",0,"Osebni avtomobil",521
"2025-10-23 12:00",0,"Težje tovorno vozilo",10
"2025-10-23 12:00",0,"Kombinirano vozilo",9
"2025-10-23 12:00",0,"Tovorno vozilo s prikolico",1
"2025-10-23 12:00",1,"Osebni avtomobil",476
"2025-10-23 12:00",1,"Kombinirano vozilo",32
"2025-10-23 12:00",1,"Težje tovorno vozilo",25
"2025-10-23 12:00",1,"Tovorno vozilo s prikolico",8
"2025-10-24 00:00",1,"Osebni avtomobil",570
"2025-10-24 00:00",1,"Kombinirano vozilo",25
"2025-10-24 00:00",1,"Težje tovorno vozilo",4
"2025-10-24 00:00",0,"Osebni avtomobil",190
"2025-10-24 00:00",0,"Kombinirano vozilo",12
"2025-10-24 00:00",0,"Težje tovorno vozilo",11
"2025-10-24 00:00",0,"Tovorno vozilo s prikolico",1
"2025-10-24 12:00",0,"Osebni avtomobil",807
"2025-10-24 12:00",0,"Težje tovorno vozilo",19
"2025-10-24 12:00",0,"Kombinirano vozilo",14
"2025-10-24 12:00",1,"Osebni avtomobil",531
"2025-10-24 12:00",1,"Kombinirano vozilo",15
"2025-10-24 12:00",1,"Težje tovorno vozilo",13
"2025-10-25 00:00",1,"Osebni avtomobil",358
"2025-10-25 00:00",1,"Kombinirano vozilo",6
"2025-10-25 00:00",1,"Težje tovorno vozilo",2
"2025-10-25 00:00",0,"Osebni avtomobil",189
"2025-10-25 00:00",0,"Kombinirano vozilo",10
"2025-10-25 00:00",0,"Težje tovorno vozilo",5
"2025-10-25 12:00",0,"Osebni avtomobil",497
"2025-10-25 12:00",0,"Kombinirano vozilo",9
"2025-10-25 12:00",0,"Težje tovorno vozilo",6
"2025-10-25 12:00",1,"Osebni avtomobil",422
"2025-10-25 12:00",1,"Kombinirano vozilo",6
"2025-10-25 12:00",1,"Težje tovorno vozilo",2
"2025-10-26 00:00",1,"Osebni avtomobil",209
"2025-10-26 00:00",1,"Kombinirano vozilo",5
"2025-10-26 00:00",0,"Osebni avtomobil",158
"2025-10-26 00:00",0,"Težje tovorno vozilo",1
"2025-10-26 12:00",0,"Osebni avtomobil",345
"2025-10-26 12:00",0,"Kombinirano vozilo",7
"2025-10-26 12:00",0,"Težje tovorno vozilo",4
"2025-10-26 12:00",1,"Osebni avtomobil",337
"2025-10-26 12:00",1,"Kombinirano vozilo",11
"2025-10-26 12:00",1,"Tovorno vozilo s prikolico",2
"2025-10-26 12:00",1,"Težje tovorno vozilo",1
"2025-10-27 00:00",1,"Osebni avtomobil",524
"2025-10-27 00:00",1,"Kombinirano vozilo",21
"2025-10-27 00:00",1,"Težje tovorno vozilo",5
"2025-10-27 00:00",0,"Osebni avtomobil",211
"2025-10-27 00:00",0,"Kombinirano vozilo",22
"2025-10-27 00:00",0,"Težje tovorno vozilo",17
"2025-10-27 00:00",0,"Tovorno vozilo s prikolico",1
"2025-10-27 12:00",0,"Osebni avtomobil",659
"2025-10-27 12:00",0,"Kombinirano vozilo",21
"2025-10-27 12:00",0,"Težje tovorno vozilo",21
"2025-10-27 12:00",1,"Osebni avtomobil",431
"2025-10-27 12:00",1,"Kombinirano vozilo",16
"2025-10-27 12:00",1,"Težje tovorno vozilo",5
"2025-10-28 00:00",1,"Osebni avtomobil",520
"2025-10-28 00:00",1,"Kombinirano vozilo",17
"2025-10-28 00:00",1,"Težje tovorno vozilo",4
"2025-10-28 00:00",1,"Tovorno vozilo s prikolico",1
"2025-10-28 00:00",0,"Osebni avtomobil",193
"2025-10-28 00:00",0,"Težje tovorno vozilo",14
"2025-10-28 00:00",0,"Kombinirano vozilo",11
"2025-10-28 12:00",0,"Osebni avtomobil",660
"2025-10-28 12:00",0,"Težje tovorno vozilo",20
"2025-10-28 12:00",0,"Kombinirano vozilo",18
"2025-10-28 12:00",1,"Osebni avtomobil",417
"2025-10-28 12:00",1,"Kombinirano vozilo",19
"2025-10-28 12:00",1,"Težje tovorno vozilo",7
"2025-10-29 00:00",1,"Osebni avtomobil",511
"2025-10-29 00:00",1,"Kombinirano vozilo",19
"2025-10-29 00:00",1,"Težje tovorno vozilo",7
"2025-10-29 00:00",0,"Osebni avtomobil",224
"2025-10-29 00:00",0,"Težje tovorno vozilo",15
"2025-10-29 00:00",0,"Kombinirano vozilo",10
"2025-10-29 12:00",0,"Osebni avtomobil",689
"2025-10-29 12:00",0,"Težje tovorno vozilo",22
"2025-10-29 12:00",0,"Kombinirano vozilo",14
"2025-10-29 12:00",1,"Osebni avtomobil",457
"2025-10-29 12:00",1,"Kombinirano vozilo",9
"2025-10-29 12:00",1,"Težje tovorno vozilo",8
"2025-10-29 12:00",1,"Tovorno vozilo s prikolico",1
"2025-10-30 00:00",1,"Osebni avtomobil",493
"2025-10-30 00:00",1,"Kombinirano vozilo",19
"2025-10-30 00:00",1,"Težje tovorno vozilo",7
"2025-10-30 00:00",0,"Osebni avtomobil",227
"2025-10-30 00:00",0,"Kombinirano vozilo",13
"2025-10-30 00:00",0,"Težje tovorno vozilo",10
"2025-10-30 12:00",0,"Osebni avtomobil",685
"2025-10-30 12:00",0,"Težje tovorno vozilo",18
"2025-10-30 12:00",0,"Kombinirano vozilo",13
"2025-10-30 12:00",1,"Osebni avtomobil",456
"2025-10-30 12:00",1,"Kombinirano vozilo",14
"2025-10-30 12:00",1,"Težje tovorno vozilo",4
"2025-10-31 00:00",1,"Osebni avtomobil",269
"2025-10-31 00:00",1,"Kombinirano vozilo",3
"2025-10-31 00:00",0,"Osebni avtomobil",197
"2025-10-31 00:00",0,"Kombinirano vozilo",3
"2025-10-31 00:00",0,"Težje tovorno vozilo",1
"2025-10-31 12:00",0,"Osebni avtomobil",481
"2025-10-31 12:00",0,"Kombinirano vozilo",6
"2025-10-31 12:00",0,"Težje tovorno vozilo",6
"2025-10-31 12:00",1,"Osebni avtomobil",415
"2025-10-31 12:00",1,"Kombinirano vozilo",3
"2025-11-01 00:00",1,"Osebni avtomobil",189
"2025-11-01 00:00",1,"Kombinirano vozilo",1
"2025-11-01 00:00",0,"Osebni avtomobil",171
"2025-11-01 00:00",0,"Kombinirano vozilo",3
"2025-11-01 12:00",0,"Osebni avtomobil",456
"2025-11-01 12:00",0,"Kombinirano vozilo",6
"2025-11-01 12:00",0,"Težje tovorno vozilo",5
"2025-11-01 12:00",1,"Osebni avtomobil",451
"2025-11-01 12:00",1,"Kombinirano vozilo",3
"2025-11-02 00:00",1,"Osebni avtomobil",162
"2025-11-02 00:00",1,"Težje tovorno vozilo",2
"2025-11-02 00:00",1,"Kombinirano vozilo",1
"2025-11-02 00:00",0,"Osebni avtomobil",135
"2025-11-02 00:00",0,"Kombinirano vozilo",3
"2025-11-02 12:00",1,"Osebni avtomobil",402
"2025-11-02 12:00",1,"Kombinirano vozilo",9
"2025-11-02 12:00",1,"Težje tovorno vozilo",6
"2025-11-02 12:00",1,"Tovorno vozilo s prikolico",2
"2025-11-02 12:00",0,"Osebni avtomobil",325
"2025-11-02 12:00",0,"Kombinirano vozilo",9
"2025-11-02 12:00",0,"Težje tovorno vozilo",7
"2025-11-03 00:00",1,"Osebni avtomobil",697
"2025-11-03 00:00",1,"Kombinirano vozilo",32
"2025-11-03 00:00",1,"Težje tovorno vozilo",10
"2025-11-03 00:00",1,"Tovorno vozilo s prikolico",3
"2025-11-03 00:00",0,"Osebni avtomobil",216
"2025-11-03 00:00",0,"Težje tovorno vozilo",18
"2025-11-03 00:00",0,"Kombinirano vozilo",12
"2025-11-03 00:00",0,"Tovorno vozilo s prikolico",1
"2025-11-03 12:00",0,"Osebni avtomobil",726
"2025-11-03 12:00",0,"Težje tovorno vozilo",17
"2025-11-03 12:00",0,"Kombinirano vozilo",11
"2025-11-03 12:00",1,"Osebni avtomobil",421
"2025-11-03 12:00",1,"Kombinirano vozilo",14
"2025-11-03 12:00",1,"Težje tovorno vozilo",4
"2025-11-04 00:00",1,"Osebni avtomobil",597
"2025-11-04 00:00",1,"Kombinirano vozilo",21
"2025-11-04 00:00",1,"Težje tovorno vozilo",4
"2025-11-04 00:00",0,"Osebni avtomobil",222
"2025-11-04 00:00",0,"Težje tovorno vozilo",17
"2025-11-04 00:00",0,"Kombinirano vozilo",9
"2025-11-04 12:00",0,"Osebni avtomobil",737
"2025-11-04 12:00",0,"Težje tovorno vozilo",17
"2025-11-04 12:00",0,"Kombinirano vozilo",16
"2025-11-04 12:00",0,"Tovorno vozilo s prikolico",1
"2025-11-04 12:00",1,"Osebni avtomobil",432
"2025-11-04 12:00",1,"Kombinirano vozilo",14
"2025-11-04 12:00",1,"Težje tovorno vozilo",5
"2025-11-05 00:00",1,"Osebni avtomobil",606
"2025-11-05 00:00",1,"Kombinirano vozilo",20
"2025-11-05 00:00",1,"Težje tovorno vozilo",3
"2025-11-05 00:00",0,"Osebni avtomobil",215
"2025-11-05 00:00",0,"Težje tovorno vozilo",15
"2025-11-05 00:00",0,"Kombinirano vozilo",14
"2025-11-05 12:00",0,"Osebni avtomobil",809
"2025-11-05 12:00",0,"Težje tovorno vozilo",15
"2025-11-05 12:00",0,"Kombinirano vozilo",11
"2025-11-05 12:00",1,"Osebni avtomobil",448
"2025-11-05 12:00",1,"Kombinirano vozilo",13
"2025-11-05 12:00",1,"Težje tovorno vozilo",2
"2025-11-06 00:00",1,"Osebni avtomobil",596
"2025-11-06 00:00",1,"Kombinirano vozilo",24
"2025-11-06 00:00",1,"Težje tovorno vozilo",5
"2025-11-06 00:00",0,"Osebni avtomobil",236
"2025-11-06 00:00",0,"Težje tovorno vozilo",15
"2025-11-06 00:00",0,"Kombinirano vozilo",14
"2025-11-06 00:00",0,"Tovorno vozilo s prikolico",1
"2025-11-06 12:00",0,"Osebni avtomobil",783
"2025-11-06 12:00",0,"Kombinirano vozilo",23
"2025-11-06 12:00",0,"Težje tovorno vozilo",19
"2025-11-06 12:00",1,"Osebni avtomobil",484
"2025-11-06 12:00",1,"Kombinirano vozilo",22
"2025-11-06 12:00",1,"Težje tovorno vozilo",5
"2025-11-07 00:00",1,"Osebni avtomobil",597
"2025-11-07 00:00",1,"Kombinirano vozilo",27
"2025-11-07 00:00",1,"Težje tovorno vozilo",7
"2025-11-07 00:00",0,"Osebni avtomobil",206
"2025-11-07 00:00",0,"Kombinirano vozilo",19
"2025-11-07 00:00",0,"Težje tovorno vozilo",15
"2025-11-07 12:00",0,"Osebni avtomobil",758
"2025-11-07 12:00",0,"Kombinirano vozilo",23
"2025-11-07 12:00",0,"Težje tovorno vozilo",19
"2025-11-07 12:00",1,"Osebni avtomobil",479
"2025-11-07 12:00",1,"Kombinirano vozilo",22
"2025-11-07 12:00",1,"Težje tovorno vozilo",4
"2025-11-08 00:00",1,"Osebni avtomobil",345
"2025-11-08 00:00",1,"Kombinirano vozilo",9
"2025-11-08 00:00",1,"Težje tovorno vozilo",3
"2025-11-08 00:00",0,"Osebni avtomobil",219
"2025-11-08 00:00",0,"Težje tovorno vozilo",5
"2025-11-08 00:00",0,"Kombinirano vozilo",3
"2025-11-08 12:00",0,"Osebni avtomobil",482
"2025-11-08 12:00",0,"Kombinirano vozilo",10
"2025-11-08 12:00",0,"Težje tovorno vozilo",7
"2025-11-08 12:00",1,"Osebni avtomobil",389
"2025-11-08 12:00",1,"Kombinirano vozilo",3
"2025-11-08 12:00",1,"Težje tovorno vozilo",2
"2025-11-09 00:00",1,"Osebni avtomobil",208
"2025-11-09 00:00",1,"Kombinirano vozilo",5
"2025-11-09 00:00",1,"Težje tovorno vozilo",1
"2025-11-09 00:00",0,"Osebni avtomobil",164
"2025-11-09 00:00",0,"Kombinirano vozilo",5
"2025-11-09 12:00",0,"Osebni avtomobil",408
"2025-11-09 12:00",0,"Težje tovorno vozilo",6
"2025-11-09 12:00",0,"Kombinirano vozilo",4
"2025-11-09 12:00",1,"Osebni avtomobil",358
"2025-11-09 12:00",1,"Kombinirano vozilo",1
"2025-11-10 00:00",1,"Osebni avtomobil",551
"2025-11-10 00:00",1,"Kombinirano vozilo",19
"2025-11-10 00:00",1,"Težje tovorno vozilo",8
"2025-11-10 00:00",0,"Osebni avtomobil",210
"2025-11-10 00:00",0,"Kombinirano vozilo",17
"2025-11-10 00:00",0,"Težje tovorno vozilo",13
"2025-11-10 12:00",0,"Osebni avtomobil",731
"2025-11-10 12:00",0,"Težje tovorno vozilo",22
"2025-11-10 12:00",0,"Kombinirano vozilo",15
"2025-11-10 12:00",0,"Tovorno vozilo s prikolico",1
"2025-11-10 12:00",1,"Osebni avtomobil",447
"2025-11-10 12:00",1,"Kombinirano vozilo",15
"2025-11-10 12:00",1,"Težje tovorno vozilo",7
"2025-11-11 00:00",1,"Osebni avtomobil",553
"2025-11-11 00:00",1,"Kombinirano vozilo",21
"2025-11-11 00:00",1,"Težje tovorno vozilo",5
"2025-11-11 00:00",0,"Osebni avtomobil",201
"2025-11-11 00:00",0,"Kombinirano vozilo",17
"2025-11-11 00:00",0,"Težje tovorno vozilo",15
"2025-11-11 12:00",0,"Osebni avtomobil",735
"2025-11-11 12:00",0,"Kombinirano vozilo",19
"2025-11-11 12:00",0,"Težje tovorno vozilo",17
"2025-11-11 12:00",0,"Tovorno vozilo s prikolico",1
"2025-11-11 12:00",1,"Osebni avtomobil",423
"2025-11-11 12:00",1,"Kombinirano vozilo",17
"2025-11-11 12:00",1,"Težje tovorno vozilo",9
"2025-11-12 00:00",1,"Osebni avtomobil",582
"2025-11-12 00:00",1,"Kombinirano vozilo",18
"2025-11-12 00:00",1,"Težje tovorno vozilo",1
"2025-11-12 00:00",0,"Osebni avtomobil",193
"2025-11-12 00:00",0,"Kombinirano vozilo",25
"2025-11-12 00:00",0,"Težje tovorno vozilo",13
"2025-11-12 00:00",0,"Tovorno vozilo s prikolico",1
"2025-11-12 12:00",0,"Osebni avtomobil",810
"2025-11-12 12:00",0,"Kombinirano vozilo",26
"2025-11-12 12:00",0,"Težje tovorno vozilo",20
"2025-11-12 12:00",0,"Tovorno vozilo s prikolico",1
"2025-11-12 12:00",1,"Osebni avtomobil",466
"2025-11-12 12:00",1,"Kombinirano vozilo",15
"2025-11-12 12:00",1,"Težje tovorno vozilo",10
"2025-11-12 12:00",1,"Tovorno vozilo s prikolico",1
"2025-11-13 00:00",1,"Osebni avtomobil",568
"2025-11-13 00:00",1,"Kombinirano vozilo",14
"2025-11-13 00:00",1,"Težje tovorno vozilo",6
"2025-11-13 00:00",0,"Osebni avtomobil",212
"2025-11-13 00:00",0,"Težje tovorno vozilo",17
"2025-11-13 00:00",0,"Kombinirano vozilo",14
"2025-11-13 00:00",0,"Tovorno vozilo s prikolico",1
"2025-11-13 12:00",0,"Osebni avtomobil",760
"2025-11-13 12:00",0,"Težje tovorno vozilo",23
"2025-11-13 12:00",0,"Kombinirano vozilo",20
"2025-11-13 12:00",1,"Osebni avtomobil",475
"2025-11-13 12:00",1,"Kombinirano vozilo",22
"2025-11-13 12:00",1,"Težje tovorno vozilo",7
"2025-11-14 00:00",1,"Osebni avtomobil",598
"2025-11-14 00:00",1,"Kombinirano vozilo",19
"2025-11-14 00:00",1,"Težje tovorno vozilo",5
"2025-11-14 00:00",0,"Osebni avtomobil",221
"2025-11-14 00:00",0,"Kombinirano vozilo",25
"2025-11-14 00:00",0,"Težje tovorno vozilo",20
"2025-11-14 12:00",0,"Osebni avtomobil",757
"2025-11-14 12:00",0,"Kombinirano vozilo",16
"2025-11-14 12:00",0,"Težje tovorno vozilo",15
"2025-11-14 12:00",1,"Osebni avtomobil",452
"2025-11-14 12:00",1,"Kombinirano vozilo",13
"2025-11-14 12:00",1,"Težje tovorno vozilo",5
"2025-11-14 12:00",1,"Tovorno vozilo s prikolico",1
"2025-11-15 00:00",1,"Osebni avtomobil",337
"2025-11-15 00:00",1,"Kombinirano vozilo",16
"2025-11-15 00:00",1,"Težje tovorno vozilo",3
"2025-11-15 00:00",0,"Osebni avtomobil",211
"2025-11-15 00:00",0,"Težje tovorno vozilo",8
"2025-11-15 00:00",0,"Kombinirano vozilo",7
"2025-11-15 12:00",0,"Osebni avtomobil",494
"2025-11-15 12:00",0,"Kombinirano vozilo",6
"2025-11-15 12:00",0,"Težje tovorno vozilo",6
"2025-11-15 12:00",1,"Osebni avtomobil",413
"2025-11-15 12:00",1,"Kombinirano vozilo",6
"2025-11-16 00:00",1,"Osebni avtomobil",185
"2025-11-16 00:00",1,"Kombinirano vozilo",2
"2025-11-16 00:00",0,"Osebni avtomobil",142
"2025-11-16 00:00",0,"Kombinirano vozilo",5
"2025-11-16 12:00",1,"Osebni avtomobil",370
"2025-11-16 12:00",1,"Kombinirano vozilo",7
"2025-11-16 12:00",1,"Težje tovorno vozilo",3
"2025-11-16 12:00",0,"Osebni avtomobil",342
"2025-11-16 12:00",0,"Kombinirano vozilo",8
"2025-11-16 12:00",0,"Težje tovorno vozilo",2
"2025-11-17 00:00",1,"Osebni avtomobil",585
"2025-11-17 00:00",1,"Kombinirano vozilo",29
"2025-11-17 00:00",1,"Težje tovorno vozilo",8
"2025-11-17 00:00",1,"Nerazpoznana vozila",1
"2025-11-17 00:00",1,"Tovorno vozilo s prikolico",1
"2025-11-17 00:00",0,"Osebni avtomobil",168
"2025-11-17 00:00",0,"Kombinirano vozilo",12
"2025-11-17 00:00",0,"Težje tovorno vozilo",10
"2025-11-17 12:00",0,"Osebni avtomobil",602
"2025-11-17 12:00",0,"Kombinirano vozilo",17
"2025-11-17 12:00",0,"Težje tovorno vozilo",14
"2025-11-17 12:00",1,"Osebni avtomobil",481
"2025-11-17 12:00",1,"Kombinirano vozilo",24
"2025-11-17 12:00",1,"Težje tovorno vozilo",9
"2025-11-17 12:00",1,"Tovorno vozilo s prikolico",1
"2025-11-18 00:00",1,"Osebni avtomobil",607
"2025-11-18 00:00",1,"Kombinirano vozilo",26
"2025-11-18 00:00",1,"Težje tovorno vozilo",7
"2025-11-18 00:00",1,"Tovorno vozilo s prikolico",4
"2025-11-18 00:00",0,"Osebni avtomobil",207
"2025-11-18 00:00",0,"Težje tovorno vozilo",15
"2025-11-18 00:00",0,"Kombinirano vozilo",14
"2025-11-18 00:00",0,"Tovorno vozilo s prikolico",2
"2025-11-18 12:00",0,"Osebni avtomobil",750
"2025-11-18 12:00",0,"Težje tovorno vozilo",17
"2025-11-18 12:00",0,"Kombinirano vozilo",12
"2025-11-18 12:00",0,"Tovorno vozilo s prikolico",1
"2025-11-18 12:00",1,"Osebni avtomobil",426
"2025-11-18 12:00",1,"Kombinirano vozilo",18
"2025-11-18 12:00",1,"Težje tovorno vozilo",5
"2025-11-19 00:00",1,"Osebni avtomobil",582
"2025-11-19 00:00",1,"Kombinirano vozilo",19
"2025-11-19 00:00",1,"Težje tovorno vozilo",5
"2025-11-19 00:00",0,"Osebni avtomobil",224
"2025-11-19 00:00",0,"Težje tovorno vozilo",18
"2025-11-19 00:00",0,"Kombinirano vozilo",16
"2025-11-19 12:00",0,"Osebni avtomobil",730
"2025-11-19 12:00",0,"Kombinirano vozilo",16
"2025-11-19 12:00",0,"Težje tovorno vozilo",15
"2025-11-19 12:00",1,"Osebni avtomobil",441
"2025-11-19 12:00",1,"Kombinirano vozilo",15
"2025-11-19 12:00",1,"Težje tovorno vozilo",7
"2025-11-20 00:00",1,"Osebni avtomobil",512
"2025-11-20 00:00",1,"Kombinirano vozilo",33
"2025-11-20 00:00",1,"Težje tovorno vozilo",12
"2025-11-20 00:00",1,"Tovorno vozilo s prikolico",1
"2025-11-20 00:00",0,"Osebni avtomobil",193
"2025-11-20 00:00",0,"Težje tovorno vozilo",10
"2025-11-20 00:00",0,"Kombinirano vozilo",9
"2025-11-20 00:00",0,"Tovorno vozilo s prikolico",3
"2025-11-20 12:00",0,"Osebni avtomobil",721
"2025-11-20 12:00",0,"Kombinirano vozilo",16
"2025-11-20 12:00",0,"Težje tovorno vozilo",15
"2025-11-20 12:00",1,"Osebni avtomobil",452
"2025-11-20 12:00",1,"Kombinirano vozilo",18
"2025-11-20 12:00",1,"Težje tovorno vozilo",5
"2025-11-20 12:00",1,"Tovorno vozilo s prikolico",1
"2025-11-21 00:00",1,"Osebni avtomobil",505
"2025-11-21 00:00",1,"Kombinirano vozilo",27
"2025-11-21 00:00",1,"Težje tovorno vozilo",3
"2025-11-21 00:00",0,"Osebni avtomobil",213
"2025-11-21 00:00",0,"Težje tovorno vozilo",14
"2025-11-21 00:00",0,"Kombinirano vozilo",10
"2025-11-21 00:00",0,"Tovorno vozilo s prikolico",1
"2025-11-21 12:00",0,"Osebni avtomobil",656
"2025-11-21 12:00",0,"Težje tovorno vozilo",19
"2025-11-21 12:00",0,"Kombinirano vozilo",12
"2025-11-21 12:00",1,"Osebni avtomobil",422
"2025-11-21 12:00",1,"Kombinirano vozilo",11
"2025-11-21 12:00",1,"Težje tovorno vozilo",5
"2025-11-22 00:00",1,"Osebni avtomobil",291
"2025-11-22 00:00",1,"Kombinirano vozilo",4
"2025-11-22 00:00",0,"Osebni avtomobil",191
"2025-11-22 00:00",0,"Kombinirano vozilo",3
"2025-11-22 12:00",0,"Osebni avtomobil",426
"2025-11-22 12:00",0,"Kombinirano vozilo",7
"2025-11-22 12:00",0,"Težje tovorno vozilo",5
"2025-11-22 12:00",1,"Osebni avtomobil",359
"2025-11-22 12:00",1,"Kombinirano vozilo",3
"2025-11-22 12:00",1,"Težje tovorno vozilo",1
"2025-11-23 00:00",1,"Osebni avtomobil",180
"2025-11-23 00:00",1,"Kombinirano vozilo",5
"2025-11-23 00:00",0,"Osebni avtomobil",121
"2025-11-23 00:00",0,"Kombinirano vozilo",4
"2025-11-23 00:00",0,"Težje tovorno vozilo",1
"2025-11-23 12:00",0,"Osebni avtomobil",388
"2025-11-23 12:00",0,"Kombinirano vozilo",13
"2025-11-23 12:00",0,"Težje tovorno vozilo",5
"2025-11-23 12:00",1,"Osebni avtomobil",344
"2025-11-23 12:00",1,"Kombinirano vozilo",7
"2025-11-24 00:00",1,"Osebni avtomobil",516
"2025-11-24 00:00",1,"Kombinirano vozilo",24
"2025-11-24 00:00",1,"Težje tovorno vozilo",3
"2025-11-24 00:00",0,"Osebni avtomobil",195
"2025-11-24 00:00",0,"Težje tovorno vozilo",18
"2025-11-24 00:00",0,"Kombinirano vozilo",13
"2025-11-24 00:00",0,"Tovorno vozilo s prikolico",1
"2025-11-24 12:00",0,"Osebni avtomobil",669
"2025-11-24 12:00",0,"Težje tovorno vozilo",16
"2025-11-24 12:00",0,"Kombinirano vozilo",4
"2025-11-24 12:00",1,"Osebni avtomobil",405
"2025-11-24 12:00",1,"Kombinirano vozilo",12
"2025-11-24 12:00",1,"Težje tovorno vozilo",7
"2025-11-24 12:00",1,"Tovorno vozilo s prikolico",1
"2025-11-25 00:00",1,"Osebni avtomobil",555
"2025-11-25 00:00",1,"Kombinirano vozilo",19
"2025-11-25 00:00",1,"Težje tovorno vozilo",5
"2025-11-25 00:00",1,"Tovorno vozilo s prikolico",2
"2025-11-25 00:00",0,"Osebni avtomobil",158
"2025-11-25 00:00",0,"Težje tovorno vozilo",11
"2025-11-25 00:00",0,"Kombinirano vozilo",5
"2025-11-25 00:00",0,"Tovorno vozilo s prikolico",1
"2025-11-25 12:00",0,"Osebni avtomobil",661
"2025-11-25 12:00",0,"Težje tovorno vozilo",11
"2025-11-25 12:00",0,"Kombinirano vozilo",9
"2025-11-25 12:00",1,"Osebni avtomobil",384
"2025-11-25 12:00",1,"Kombinirano vozilo",12
"2025-11-25 12:00",1,"Težje tovorno vozilo",6
"2025-11-25 12:00",1,"Tovorno vozilo s prikolico",1
"2025-11-26 00:00",1,"Osebni avtomobil",558
"2025-11-26 00:00",1,"Kombinirano vozilo",27
"2025-11-26 00:00",1,"Težje tovorno vozilo",6
"2025-11-26 00:00",0,"Osebni avtomobil",206
"2025-11-26 00:00",0,"Kombinirano vozilo",20
"2025-11-26 00:00",0,"Težje tovorno vozilo",16
"2025-11-26 12:00",0,"Osebni avtomobil",738
"2025-11-26 12:00",0,"Težje tovorno vozilo",18
"2025-11-26 12:00",0,"Kombinirano vozilo",16
"2025-11-26 12:00",1,"Osebni avtomobil",404
"2025-11-26 12:00",1,"Kombinirano vozilo",9
"2025-11-26 12:00",1,"Težje tovorno vozilo",7
"2025-11-27 00:00",1,"Osebni avtomobil",566
"2025-11-27 00:00",1,"Kombinirano vozilo",25
"2025-11-27 00:00",1,"Težje tovorno vozilo",5
"2025-11-27 00:00",0,"Osebni avtomobil",203
"2025-11-27 00:00",0,"Kombinirano vozilo",17
"2025-11-27 00:00",0,"Težje tovorno vozilo",14
"2025-11-27 12:00",0,"Osebni avtomobil",758
"2025-11-27 12:00",0,"Kombinirano vozilo",25
"2025-11-27 12:00",0,"Težje tovorno vozilo",18
"2025-11-27 12:00",1,"Osebni avtomobil",477
"2025-11-27 12:00",1,"Kombinirano vozilo",16
"2025-11-27 12:00",1,"Težje tovorno vozilo",7
"2025-11-28 00:00",1,"Osebni avtomobil",584
"2025-11-28 00:00",1,"Kombinirano vozilo",14
"2025-11-28 00:00",1,"Težje tovorno vozilo",6
"2025-11-28 00:00",0,"Osebni avtomobil",220
"2025-11-28 00:00",0,"Kombinirano vozilo",16
"2025-11-28 00:00",0,"Težje tovorno vozilo",15
"2025-11-28 00:00",0,"Tovorno vozilo s prikolico",2
"2025-11-28 12:00",0,"Osebni avtomobil",718
"2025-11-28 12:00",0,"Težje tovorno vozilo",17
"2025-11-28 12:00",0,"Kombinirano vozilo",10
"2025-11-28 12:00",1,"Osebni avtomobil",484
"2025-11-28 12:00",1,"Kombinirano vozilo",15
"2025-11-28 12:00",1,"Težje tovorno vozilo",6
"2025-11-29 00:00",1,"Osebni avtomobil",317
"2025-11-29 00:00",1,"Kombinirano vozilo",6
"2025-11-29 00:00",1,"Težje tovorno vozilo",1
"2025-11-29 00:00",0,"Osebni avtomobil",198
"2025-11-29 00:00",0,"Kombinirano vozilo",12
"2025-11-29 00:00",0,"Težje tovorno vozilo",7
"2025-11-29 12:00",0,"Osebni avtomobil",493
"2025-11-29 12:00",0,"Kombinirano vozilo",9
"2025-11-29 12:00",0,"Težje tovorno vozilo",4
"2025-11-29 12:00",1,"Osebni avtomobil",382
"2025-11-29 12:00",1,"Kombinirano vozilo",7
"2025-11-29 12:00",1,"Težje tovorno vozilo",2
"2025-11-30 00:00",1,"Osebni avtomobil",188
"2025-11-30 00:00",1,"Kombinirano vozilo",1
"2025-11-30 00:00",0,"Osebni avtomobil",131
"2025-11-30 00:00",0,"Kombinirano vozilo",3
"2025-11-30 00:00",0,"Težje tovorno vozilo",1
"2025-11-30 12:00",0,"Osebni avtomobil",415
"2025-11-30 12:00",0,"Kombinirano vozilo",9
"2025-11-30 12:00",0,"Težje tovorno vozilo",4
"2025-11-30 12:00",1,"Osebni avtomobil",347
"2025-11-30 12:00",1,"Kombinirano vozilo",3
"2025-12-01 00:00",1,"Osebni avtomobil",553
"2025-12-01 00:00",1,"Kombinirano vozilo",21
"2025-12-01 00:00",1,"Težje tovorno vozilo",2
"2025-12-01 00:00",0,"Osebni avtomobil",188
"2025-12-01 00:00",0,"Kombinirano vozilo",16
"2025-12-01 00:00",0,"Težje tovorno vozilo",15
"2025-12-01 12:00",0,"Osebni avtomobil",681
"2025-12-01 12:00",0,"Težje tovorno vozilo",15
"2025-12-01 12:00",0,"Kombinirano vozilo",9
"2025-12-01 12:00",1,"Osebni avtomobil",386
"2025-12-01 12:00",1,"Kombinirano vozilo",14
"2025-12-01 12:00",1,"Težje tovorno vozilo",3
"2025-12-02 00:00",1,"Osebni avtomobil",532
"2025-12-02 00:00",1,"Kombinirano vozilo",18
"2025-12-02 00:00",1,"Težje tovorno vozilo",7
"2025-12-02 00:00",1,"Tovorno vozilo s prikolico",1
"2025-12-02 00:00",0,"Osebni avtomobil",201
"2025-12-02 00:00",0,"Kombinirano vozilo",18
"2025-12-02 00:00",0,"Težje tovorno vozilo",13
"2025-12-02 00:00",0,"Tovorno vozilo s prikolico",1
"2025-12-02 12:00",0,"Osebni avtomobil",703
"2025-12-02 12:00",0,"Težje tovorno vozilo",20
"2025-12-02 12:00",0,"Kombinirano vozilo",19
"2025-12-02 12:00",0,"Tovorno vozilo s prikolico",1
"2025-12-02 12:00",1,"Osebni avtomobil",420
"2025-12-02 12:00",1,"Kombinirano vozilo",8
"2025-12-02 12:00",1,"Težje tovorno vozilo",2
"2025-12-03 00:00",1,"Osebni avtomobil",553
"2025-12-03 00:00",1,"Kombinirano vozilo",19
"2025-12-03 00:00",1,"Težje tovorno vozilo",6
"2025-12-03 00:00",0,"Osebni avtomobil",194
"2025-12-03 00:00",0,"Težje tovorno vozilo",21
"2025-12-03 00:00",0,"Kombinirano vozilo",12
"2025-12-03 12:00",0,"Osebni avtomobil",735
"2025-12-03 12:00",0,"Kombinirano vozilo",16
"2025-12-03 12:00",0,"Težje tovorno vozilo",15
"2025-12-03 12:00",1,"Osebni avtomobil",434
"2025-12-03 12:00",1,"Kombinirano vozilo",22
"2025-12-03 12:00",1,"Težje tovorno vozilo",4
"2025-12-04 00:00",1,"Osebni avtomobil",226
"2025-12-04 00:00",1,"Kombinirano vozilo",20
"2025-12-04 00:00",1,"Težje tovorno vozilo",4
"2025-12-04 00:00",0,"Osebni avtomobil",163
"2025-12-04 00:00",0,"Kombinirano vozilo",16
"2025-12-04 00:00",0,"Težje tovorno vozilo",5
"2025-12-04 12:00",0,"Osebni avtomobil",708
"2025-12-04 12:00",0,"Kombinirano vozilo",20
"2025-12-04 12:00",0,"Težje tovorno vozilo",18
"2025-12-04 12:00",1,"Osebni avtomobil",399
"2025-12-04 12:00",1,"Kombinirano vozilo",14
"2025-12-04 12:00",1,"Težje tovorno vozilo",3
"2025-12-05 00:00",1,"Osebni avtomobil",540
"2025-12-05 00:00",1,"Kombinirano vozilo",15
"2025-12-05 00:00",1,"Težje tovorno vozilo",8
"2025-12-05 00:00",1,"Tovorno vozilo s prikolico",1
"2025-12-05 00:00",0,"Osebni avtomobil",210
"2025-12-05 00:00",0,"Težje tovorno vozilo",16
"2025-12-05 00:00",0,"Kombinirano vozilo",9
"2025-12-05 12:00",0,"Osebni avtomobil",599
"2025-12-05 12:00",0,"Težje tovorno vozilo",15
"2025-12-05 12:00",0,"Kombinirano vozilo",7
"2025-12-05 12:00",1,"Osebni avtomobil",386
"2025-12-05 12:00",1,"Kombinirano vozilo",12
"2025-12-05 12:00",1,"Težje tovorno vozilo",3
"2025-12-06 00:00",1,"Osebni avtomobil",262
"2025-12-06 00:00",1,"Kombinirano vozilo",15
"2025-12-06 00:00",1,"Težje tovorno vozilo",1
"2025-12-06 00:00",0,"Osebni avtomobil",191
"2025-12-06 00:00",0,"Kombinirano vozilo",4
"2025-12-06 00:00",0,"Težje tovorno vozilo",4
"2025-12-06 12:00",0,"Osebni avtomobil",468
"2025-12-06 12:00",0,"Kombinirano vozilo",12
"2025-12-06 12:00",0,"Težje tovorno vozilo",5
"2025-12-06 12:00",1,"Osebni avtomobil",397
"2025-12-06 12:00",1,"Kombinirano vozilo",1
"2025-12-07 00:00",1,"Osebni avtomobil",173
"2025-12-07 00:00",1,"Kombinirano vozilo",3
"2025-12-07 00:00",0,"Osebni avtomobil",160
"2025-12-07 00:00",0,"Kombinirano vozilo",2
"2025-12-07 12:00",0,"Osebni avtomobil",360
"2025-12-07 12:00",0,"Kombinirano vozilo",11
"2025-12-07 12:00",0,"Težje tovorno vozilo",5
"2025-12-07 12:00",1,"Osebni avtomobil",307
"2025-12-07 12:00",1,"Kombinirano vozilo",5
"2025-12-08 00:00",1,"Osebni avtomobil",566
"2025-12-08 00:00",1,"Kombinirano vozilo",18
"2025-12-08 00:00",1,"Težje tovorno vozilo",4
"2025-12-08 00:00",1,"Tovorno vozilo s prikolico",1
"2025-12-08 00:00",0,"Osebni avtomobil",172
"2025-12-08 00:00",0,"Kombinirano vozilo",19
"2025-12-08 00:00",0,"Težje tovorno vozilo",17
"2025-12-08 12:00",0,"Osebni avtomobil",687
"2025-12-08 12:00",0,"Kombinirano vozilo",14
"2025-12-08 12:00",0,"Težje tovorno vozilo",13
"2025-12-08 12:00",0,"Tovorno vozilo s prikolico",1
"2025-12-08 12:00",1,"Osebni avtomobil",412
"2025-12-08 12:00",1,"Kombinirano vozilo",9
"2025-12-08 12:00",1,"Težje tovorno vozilo",5
"2025-12-09 00:00",1,"Osebni avtomobil",530
"2025-12-09 00:00",1,"Kombinirano vozilo",18
"2025-12-09 00:00",1,"Težje tovorno vozilo",5
"2025-12-09 00:00",0,"Osebni avtomobil",189
"2025-12-09 00:00",0,"Težje tovorno vozilo",15
"2025-12-09 00:00",0,"Kombinirano vozilo",8
"2025-12-09 00:00",0,"Tovorno vozilo s prikolico",1
"2025-12-09 12:00",0,"Osebni avtomobil",668
"2025-12-09 12:00",0,"Kombinirano vozilo",18
"2025-12-09 12:00",0,"Težje tovorno vozilo",18
"2025-12-09 12:00",1,"Osebni avtomobil",404
"2025-12-09 12:00",1,"Kombinirano vozilo",13
"2025-12-09 12:00",1,"Težje tovorno vozilo",4
"2025-12-10 00:00",1,"Osebni avtomobil",536
"2025-12-10 00:00",1,"Kombinirano vozilo",12
"2025-12-10 00:00",0,"Osebni avtomobil",207
"2025-12-10 00:00",0,"Težje tovorno vozilo",20
"2025-12-10 00:00",0,"Kombinirano vozilo",5
"2025-12-10 12:00",0,"Osebni avtomobil",706
"2025-12-10 12:00",0,"Kombinirano vozilo",18
"2025-12-10 12:00",0,"Težje tovorno vozilo",15
"2025-12-10 12:00",0,"Tovorno vozilo s prikolico",1
"2025-12-10 12:00",1,"Osebni avtomobil",424
"2025-12-10 12:00",1,"Kombinirano vozilo",14
"2025-12-10 12:00",1,"Težje tovorno vozilo",2
"2025-12-10 12:00",1,"Tovorno vozilo s prikolico",1
"2025-12-11 00:00",1,"Osebni avtomobil",555
"2025-12-11 00:00",1,"Kombinirano vozilo",17
"2025-12-11 00:00",1,"Težje tovorno vozilo",5
"2025-12-11 00:00",0,"Osebni avtomobil",200
"2025-12-11 00:00",0,"Kombinirano vozilo",9
"2025-12-11 00:00",0,"Težje tovorno vozilo",9
"2025-12-11 12:00",0,"Osebni avtomobil",731
"2025-12-11 12:00",0,"Težje tovorno vozilo",20
"2025-12-11 12:00",0,"Kombinirano vozilo",15
"2025-12-11 12:00",1,"Osebni avtomobil",474
"2025-12-11 12:00",1,"Kombinirano vozilo",10
"2025-12-11 12:00",1,"Težje tovorno vozilo",8
"2025-12-12 00:00",1,"Osebni avtomobil",508
"2025-12-12 00:00",1,"Kombinirano vozilo",16
"2025-12-12 00:00",1,"Težje tovorno vozilo",3
"2025-12-12 00:00",0,"Osebni avtomobil",195
"2025-12-12 00:00",0,"Kombinirano vozilo",14
"2025-12-12 00:00",0,"Težje tovorno vozilo",13
"2025-12-12 00:00",0,"Tovorno vozilo s prikolico",1
"2025-12-12 12:00",0,"Osebni avtomobil",676
"2025-12-12 12:00",0,"Težje tovorno vozilo",24
"2025-12-12 12:00",0,"Kombinirano vozilo",18
"2025-12-12 12:00",1,"Osebni avtomobil",439
"2025-12-12 12:00",1,"Kombinirano vozilo",16
"2025-12-12 12:00",1,"Težje tovorno vozilo",7
"2025-12-13 00:00",1,"Osebni avtomobil",286
"2025-12-13 00:00",1,"Kombinirano vozilo",11
"2025-12-13 00:00",1,"Težje tovorno vozilo",1
"2025-12-13 00:00",0,"Osebni avtomobil",198
"2025-12-13 00:00",0,"Težje tovorno vozilo",7
"2025-12-13 00:00",0,"Kombinirano vozilo",4
"2025-12-13 12:00",0,"Osebni avtomobil",489
"2025-12-13 12:00",0,"Kombinirano vozilo",4
"2025-12-13 12:00",0,"Težje tovorno vozilo",3
"2025-12-13 12:00",1,"Osebni avtomobil",397
"2025-12-13 12:00",1,"Kombinirano vozilo",3
"2025-12-14 00:00",1,"Osebni avtomobil",175
"2025-12-14 00:00",1,"Kombinirano vozilo",3
"2025-12-14 00:00",0,"Osebni avtomobil",140
"2025-12-14 12:00",0,"Osebni avtomobil",385
"2025-12-14 12:00",0,"Kombinirano vozilo",10
"2025-12-14 12:00",0,"Težje tovorno vozilo",7
"2025-12-14 12:00",1,"Osebni avtomobil",341
"2025-12-14 12:00",1,"Kombinirano vozilo",9
"2025-12-14 12:00",1,"Težje tovorno vozilo",2
"2025-12-15 00:00",1,"Osebni avtomobil",542
"2025-12-15 00:00",1,"Kombinirano vozilo",19
"2025-12-15 00:00",1,"Težje tovorno vozilo",5
"2025-12-15 00:00",0,"Osebni avtomobil",165
"2025-12-15 00:00",0,"Težje tovorno vozilo",18
"2025-12-15 00:00",0,"Kombinirano vozilo",15
"2025-12-15 12:00",0,"Osebni avtomobil",676
"2025-12-15 12:00",0,"Težje tovorno vozilo",19
"2025-12-15 12:00",0,"Kombinirano vozilo",18
"2025-12-15 12:00",1,"Osebni avtomobil",404
"2025-12-15 12:00",1,"Kombinirano vozilo",13
"2025-12-15 12:00",1,"Težje tovorno vozilo",6
"2025-12-16 00:00",1,"Osebni avtomobil",505
"2025-12-16 00:00",1,"Kombinirano vozilo",21
"2025-12-16 00:00",1,"Težje tovorno vozilo",3
"2025-12-16 00:00",0,"Osebni avtomobil",197
"2025-12-16 00:00",0,"Kombinirano vozilo",21
"2025-12-16 00:00",0,"Težje tovorno vozilo",16
"2025-12-16 12:00",0,"Osebni avtomobil",660
"2025-12-16 12:00",0,"Težje tovorno vozilo",19
"2025-12-16 12:00",0,"Kombinirano vozilo",14
"2025-12-16 12:00",1,"Osebni avtomobil",415
"2025-12-16 12:00",1,"Kombinirano vozilo",16
"2025-12-16 12:00",1,"Težje tovorno vozilo",5
"2025-12-17 00:00",1,"Osebni avtomobil",523
"2025-12-17 00:00",1,"Kombinirano vozilo",22
"2025-12-17 00:00",1,"Težje tovorno vozilo",4
"2025-12-17 00:00",0,"Osebni avtomobil",204
"2025-12-17 00:00",0,"Težje tovorno vozilo",18
"2025-12-17 00:00",0,"Kombinirano vozilo",15
"2025-12-17 12:00",0,"Osebni avtomobil",696
"2025-12-17 12:00",0,"Težje tovorno vozilo",16
"2025-12-17 12:00",0,"Kombinirano vozilo",8
"2025-12-17 12:00",1,"Osebni avtomobil",421
"2025-12-17 12:00",1,"Kombinirano vozilo",16
"2025-12-17 12:00",1,"Težje tovorno vozilo",6
"2025-12-18 00:00",1,"Osebni avtomobil",553
"2025-12-18 00:00",1,"Kombinirano vozilo",20
"2025-12-18 00:00",1,"Težje tovorno vozilo",12
"2025-12-18 00:00",0,"Osebni avtomobil",187
"2025-12-18 00:00",0,"Težje tovorno vozilo",14
"2025-12-18 00:00",0,"Kombinirano vozilo",11
"2025-12-18 12:00",0,"Osebni avtomobil",733
"2025-12-18 12:00",0,"Kombinirano vozilo",21
"2025-12-18 12:00",0,"Težje tovorno vozilo",18
"2025-12-18 12:00",0,"Tovorno vozilo s prikolico",1
"2025-12-18 12:00",1,"Osebni avtomobil",452
"2025-12-18 12:00",1,"Kombinirano vozilo",15
"2025-12-18 12:00",1,"Težje tovorno vozilo",6
"2025-12-19 00:00",1,"Osebni avtomobil",522
"2025-12-19 00:00",1,"Kombinirano vozilo",24
"2025-12-19 00:00",1,"Težje tovorno vozilo",6
"2025-12-19 00:00",0,"Osebni avtomobil",200
"2025-12-19 00:00",0,"Težje tovorno vozilo",21
"2025-12-19 00:00",0,"Kombinirano vozilo",9
"2025-12-19 12:00",0,"Osebni avtomobil",724
"2025-12-19 12:00",0,"Težje tovorno vozilo",18
"2025-12-19 12:00",0,"Kombinirano vozilo",15
"2025-12-19 12:00",1,"Osebni avtomobil",480
"2025-12-19 12:00",1,"Kombinirano vozilo",18
"2025-12-19 12:00",1,"Težje tovorno vozilo",7
"2025-12-20 00:00",1,"Osebni avtomobil",298
"2025-12-20 00:00",1,"Kombinirano vozilo",9
"2025-12-20 00:00",1,"Težje tovorno vozilo",1
"2025-12-20 00:00",0,"Osebni avtomobil",214
"2025-12-20 00:00",0,"Kombinirano vozilo",10
"2025-12-20 00:00",0,"Težje tovorno vozilo",6
"2025-12-20 12:00",0,"Osebni avtomobil",491
"2025-12-20 12:00",0,"Kombinirano vozilo",9
"2025-12-20 12:00",0,"Težje tovorno vozilo",8
"2025-12-20 12:00",1,"Osebni avtomobil",384
"2025-12-20 12:00",1,"Kombinirano vozilo",6
"2025-12-20 12:00",1,"Težje tovorno vozilo",2
"2025-12-21 00:00",1,"Osebni avtomobil",189
"2025-12-21 00:00",1,"Kombinirano vozilo",1
"2025-12-21 00:00",0,"Osebni avtomobil",156
"2025-12-21 00:00",0,"Kombinirano vozilo",2
"2025-12-21 00:00",0,"Težje tovorno vozilo",1
"2025-12-21 12:00",0,"Osebni avtomobil",410
"2025-12-21 12:00",0,"Kombinirano vozilo",5
"2025-12-21 12:00",0,"Težje tovorno vozilo",4
"2025-12-21 12:00",1,"Osebni avtomobil",340
"2025-12-21 12:00",1,"Kombinirano vozilo",5
"2025-12-22 00:00",1,"Osebni avtomobil",543
"2025-12-22 00:00",1,"Kombinirano vozilo",18
"2025-12-22 00:00",1,"Težje tovorno vozilo",6
"2025-12-22 00:00",0,"Osebni avtomobil",220
"2025-12-22 00:00",0,"Težje tovorno vozilo",16
"2025-12-22 00:00",0,"Kombinirano vozilo",11
"2025-12-22 12:00",0,"Osebni avtomobil",637
"2025-12-22 12:00",0,"Težje tovorno vozilo",19
"2025-12-22 12:00",0,"Kombinirano vozilo",18
"2025-12-22 12:00",1,"Osebni avtomobil",435
"2025-12-22 12:00",1,"Kombinirano vozilo",18
"2025-12-22 12:00",1,"Težje tovorno vozilo",8
"2025-12-22 12:00",1,"Tovorno vozilo s prikolico",1
"2025-12-23 00:00",1,"Osebni avtomobil",529
"2025-12-23 00:00",1,"Kombinirano vozilo",25
"2025-12-23 00:00",1,"Težje tovorno vozilo",2
"2025-12-23 00:00",0,"Osebni avtomobil",224
"2025-12-23 00:00",0,"Kombinirano vozilo",17
"2025-12-23 00:00",0,"Težje tovorno vozilo",13
"2025-12-23 12:00",0,"Osebni avtomobil",698
"2025-12-23 12:00",0,"Kombinirano vozilo",18
"2025-12-23 12:00",0,"Težje tovorno vozilo",13
"2025-12-23 12:00",1,"Osebni avtomobil",420
"2025-12-23 12:00",1,"Kombinirano vozilo",21
"2025-12-23 12:00",1,"Težje tovorno vozilo",7
"2025-12-24 00:00",1,"Osebni avtomobil",411
"2025-12-24 00:00",1,"Kombinirano vozilo",16
"2025-12-24 00:00",1,"Težje tovorno vozilo",2
"2025-12-24 00:00",0,"Osebni avtomobil",211
"2025-12-24 00:00",0,"Težje tovorno vozilo",14
"2025-12-24 00:00",0,"Kombinirano vozilo",6
"2025-12-24 00:00",0,"Tovorno vozilo s prikolico",1
"2025-12-24 12:00",0,"Osebni avtomobil",519
"2025-12-24 12:00",0,"Težje tovorno vozilo",10
"2025-12-24 12:00",0,"Kombinirano vozilo",9
"2025-12-24 12:00",1,"Osebni avtomobil",360
"2025-12-24 12:00",1,"Kombinirano vozilo",12
"2025-12-24 12:00",1,"Težje tovorno vozilo",5
"2025-12-25 00:00",1,"Osebni avtomobil",123
"2025-12-25 00:00",1,"Kombinirano vozilo",4
"2025-12-25 00:00",1,"Težje tovorno vozilo",2
"2025-12-25 00:00",0,"Osebni avtomobil",106
"2025-12-25 00:00",0,"Težje tovorno vozilo",4
"2025-12-25 00:00",0,"Kombinirano vozilo",3
"2025-12-25 12:00",1,"Osebni avtomobil",361
"2025-12-25 12:00",1,"Kombinirano vozilo",9
"2025-12-25 12:00",1,"Težje tovorno vozilo",1
"2025-12-25 12:00",0,"Osebni avtomobil",346
"2025-12-25 12:00",0,"Kombinirano vozilo",9
"2025-12-25 12:00",0,"Težje tovorno vozilo",7
"2025-12-26 00:00",1,"Osebni avtomobil",179
"2025-12-26 00:00",1,"Kombinirano vozilo",5
"2025-12-26 00:00",1,"Težje tovorno vozilo",4
"2025-12-26 00:00",0,"Osebni avtomobil",129
"2025-12-26 00:00",0,"Kombinirano vozilo",4
"2025-12-26 00:00",0,"Težje tovorno vozilo",4
"2025-12-26 12:00",0,"Osebni avtomobil",379
"2025-12-26 12:00",0,"Kombinirano vozilo",8
"2025-12-26 12:00",0,"Težje tovorno vozilo",2
"2025-12-26 12:00",1,"Osebni avtomobil",326
"2025-12-26 12:00",1,"Kombinirano vozilo",4
"2025-12-27 00:00",1,"Osebni avtomobil",263
"2025-12-27 00:00",1,"Kombinirano vozilo",12
"2025-12-27 00:00",1,"Težje tovorno vozilo",4
"2025-12-27 00:00",0,"Osebni avtomobil",157
"2025-12-27 00:00",0,"Kombinirano vozilo",5
"2025-12-27 00:00",0,"Težje tovorno vozilo",4
"2025-12-27 12:00",0,"Osebni avtomobil",487
"2025-12-27 12:00",0,"Kombinirano vozilo",5
"2025-12-27 12:00",0,"Težje tovorno vozilo",3
"2025-12-27 12:00",1,"Osebni avtomobil",389
"2025-12-27 12:00",1,"Kombinirano vozilo",6
"2025-12-28 00:00",1,"Osebni avtomobil",190
"2025-12-28 00:00",1,"Kombinirano vozilo",2
"2025-12-28 00:00",0,"Osebni avtomobil",110
"2025-12-28 00:00",0,"Kombinirano vozilo",2
"2025-12-28 00:00",0,"Težje tovorno vozilo",1
"2025-12-28 12:00",0,"Osebni avtomobil",382
"2025-12-28 12:00",0,"Kombinirano vozilo",10
"2025-12-28 12:00",0,"Težje tovorno vozilo",3
"2025-12-28 12:00",1,"Osebni avtomobil",277
"2025-12-28 12:00",1,"Kombinirano vozilo",9
"2025-12-28 12:00",1,"Težje tovorno vozilo",3
"2025-12-29 00:00",1,"Osebni avtomobil",404
"2025-12-29 00:00",1,"Kombinirano vozilo",13
"2025-12-29 00:00",1,"Težje tovorno vozilo",3
"2025-12-29 00:00",0,"Osebni avtomobil",167
"2025-12-29 00:00",0,"Kombinirano vozilo",8
"2025-12-29 00:00",0,"Težje tovorno vozilo",5
"2025-12-29 12:00",0,"Osebni avtomobil",615
"2025-12-29 12:00",0,"Kombinirano vozilo",17
"2025-12-29 12:00",0,"Težje tovorno vozilo",10
"2025-12-29 12:00",1,"Osebni avtomobil",424
"2025-12-29 12:00",1,"Kombinirano vozilo",11
"2025-12-29 12:00",1,"Težje tovorno vozilo",3
"2025-12-30 00:00",1,"Osebni avtomobil",398
"2025-12-30 00:00",1,"Kombinirano vozilo",9
"2025-12-30 00:00",1,"Težje tovorno vozilo",7
"2025-12-30 00:00",0,"Osebni avtomobil",154
"2025-12-30 00:00",0,"Kombinirano vozilo",12
"2025-12-30 00:00",0,"Težje tovorno vozilo",7
"2025-12-30 00:00",0,"Tovorno vozilo s prikolico",1
"2025-12-30 12:00",0,"Osebni avtomobil",558
"2025-12-30 12:00",0,"Kombinirano vozilo",17
"2025-12-30 12:00",0,"Težje tovorno vozilo",10
"2025-12-30 12:00",0,"Tovorno vozilo s prikolico",1
"2025-12-30 12:00",1,"Osebni avtomobil",409
"2025-12-30 12:00",1,"Kombinirano vozilo",13
"2025-12-30 12:00",1,"Tovorno vozilo s prikolico",1
"2025-12-31 00:00",1,"Osebni avtomobil",306
"2025-12-31 00:00",1,"Kombinirano vozilo",11
"2025-12-31 00:00",1,"Težje tovorno vozilo",5
"2025-12-31 00:00",0,"Osebni avtomobil",162
"2025-12-31 00:00",0,"Težje tovorno vozilo",7
"2025-12-31 00:00",0,"Kombinirano vozilo",6
"2025-12-31 12:00",0,"Osebni avtomobil",422
"2025-12-31 12:00",0,"Kombinirano vozilo",8
"2025-12-31 12:00",0,"Težje tovorno vozilo",4
"2025-12-31 12:00",1,"Osebni avtomobil",342
"2025-12-31 12:00",1,"Kombinirano vozilo",9
"2026-01-01 00:00",1,"Osebni avtomobil",117
"2026-01-01 00:00",0,"Osebni avtomobil",108
"2026-01-01 00:00",0,"Kombinirano vozilo",2
"2026-01-01 00:00",0,"Težje tovorno vozilo",1
"2026-01-01 12:00",0,"Osebni avtomobil",301
"2026-01-01 12:00",0,"Kombinirano vozilo",6
"2026-01-01 12:00",0,"Težje tovorno vozilo",2
"2026-01-01 12:00",1,"Osebni avtomobil",268
"2026-01-01 12:00",1,"Kombinirano vozilo",5
"2026-01-02 00:00",1,"Osebni avtomobil",145
"2026-01-02 00:00",1,"Kombinirano vozilo",3
"2026-01-02 00:00",0,"Osebni avtomobil",95
"2026-01-02 00:00",0,"Kombinirano vozilo",2
"2026-01-02 00:00",0,"Težje tovorno vozilo",2
"2026-01-02 12:00",0,"Osebni avtomobil",341
"2026-01-02 12:00",0,"Kombinirano vozilo",7
"2026-01-02 12:00",0,"Težje tovorno vozilo",5
"2026-01-02 12:00",1,"Osebni avtomobil",279
"2026-01-02 12:00",1,"Kombinirano vozilo",2
"2026-01-03 00:00",1,"Osebni avtomobil",278
"2026-01-03 00:00",1,"Kombinirano vozilo",15
"2026-01-03 00:00",1,"Težje tovorno vozilo",8
"2026-01-03 00:00",0,"Osebni avtomobil",181
"2026-01-03 00:00",0,"Kombinirano vozilo",7
"2026-01-03 00:00",0,"Težje tovorno vozilo",5
"2026-01-03 12:00",0,"Osebni avtomobil",413
"2026-01-03 12:00",0,"Kombinirano vozilo",13
"2026-01-03 12:00",0,"Težje tovorno vozilo",4
"2026-01-03 12:00",1,"Osebni avtomobil",346
"2026-01-03 12:00",1,"Kombinirano vozilo",5
"2026-01-03 12:00",1,"Težje tovorno vozilo",1
"2026-01-04 00:00",1,"Osebni avtomobil",152
"2026-01-04 00:00",1,"Kombinirano vozilo",6
"2026-01-04 00:00",1,"Težje tovorno vozilo",1
"2026-01-04 00:00",0,"Osebni avtomobil",111
"2026-01-04 00:00",0,"Kombinirano vozilo",7
"2026-01-04 00:00",0,"Težje tovorno vozilo",2
"2026-01-04 12:00",1,"Osebni avtomobil",296
"2026-01-04 12:00",1,"Kombinirano vozilo",17
"2026-01-04 12:00",1,"Težje tovorno vozilo",6
"2026-01-04 12:00",0,"Osebni avtomobil",270
"2026-01-04 12:00",0,"Kombinirano vozilo",5
"2026-01-04 12:00",0,"Težje tovorno vozilo",4
"2026-01-05 00:00",1,"Osebni avtomobil",338
"2026-01-05 00:00",1,"Kombinirano vozilo",8
"2026-01-05 00:00",1,"Težje tovorno vozilo",1
"2026-01-05 00:00",0,"Osebni avtomobil",61
"2026-01-05 00:00",0,"Težje tovorno vozilo",5
"2026-01-05 00:00",0,"Kombinirano vozilo",3
"2026-01-06 00:00",1,"Osebni avtomobil",284
"2026-01-06 00:00",1,"Kombinirano vozilo",11
"2026-01-06 00:00",1,"Težje tovorno vozilo",4
"2026-01-06 00:00",0,"Osebni avtomobil",132
"2026-01-06 00:00",0,"Težje tovorno vozilo",14
"2026-01-06 00:00",0,"Kombinirano vozilo",6
"2026-01-06 12:00",0,"Osebni avtomobil",560
"2026-01-06 12:00",0,"Težje tovorno vozilo",23
"2026-01-06 12:00",0,"Kombinirano vozilo",15
"2026-01-06 12:00",1,"Osebni avtomobil",250
"2026-01-06 12:00",1,"Težje tovorno vozilo",10
"2026-01-06 12:00",1,"Kombinirano vozilo",7
"2026-01-07 00:00",1,"Osebni avtomobil",509
"2026-01-07 00:00",1,"Kombinirano vozilo",21
"2026-01-07 00:00",1,"Težje tovorno vozilo",8
"2026-01-07 00:00",0,"Osebni avtomobil",159
"2026-01-07 00:00",0,"Težje tovorno vozilo",18
"2026-01-07 00:00",0,"Kombinirano vozilo",15
"2026-01-07 12:00",0,"Osebni avtomobil",489
"2026-01-07 12:00",0,"Težje tovorno vozilo",13
"2026-01-07 12:00",0,"Kombinirano vozilo",8
"2026-01-07 12:00",1,"Osebni avtomobil",258
"2026-01-07 12:00",1,"Kombinirano vozilo",8
"2026-01-07 12:00",1,"Težje tovorno vozilo",6
"2026-01-08 00:00",1,"Osebni avtomobil",477
"2026-01-08 00:00",1,"Kombinirano vozilo",21
"2026-01-08 00:00",1,"Težje tovorno vozilo",7
"2026-01-08 00:00",0,"Osebni avtomobil",177
"2026-01-08 00:00",0,"Kombinirano vozilo",17
"2026-01-08 00:00",0,"Težje tovorno vozilo",11
"2026-01-08 00:00",0,"Tovorno vozilo s prikolico",1
"2026-01-08 12:00",0,"Osebni avtomobil",681
"2026-01-08 12:00",0,"Kombinirano vozilo",20
"2026-01-08 12:00",0,"Težje tovorno vozilo",18
"2026-01-08 12:00",1,"Osebni avtomobil",409
"2026-01-08 12:00",1,"Kombinirano vozilo",19
"2026-01-08 12:00",1,"Težje tovorno vozilo",7
"2026-01-09 00:00",1,"Osebni avtomobil",536
"2026-01-09 00:00",1,"Kombinirano vozilo",20
"2026-01-09 00:00",1,"Težje tovorno vozilo",7
"2026-01-09 00:00",1,"Tovorno vozilo s prikolico",2
"2026-01-09 00:00",0,"Osebni avtomobil",199
"2026-01-09 00:00",0,"Težje tovorno vozilo",15
"2026-01-09 00:00",0,"Kombinirano vozilo",8
"2026-01-09 12:00",0,"Osebni avtomobil",644
"2026-01-09 12:00",0,"Kombinirano vozilo",20
"2026-01-09 12:00",0,"Težje tovorno vozilo",15
"2026-01-09 12:00",1,"Osebni avtomobil",446
"2026-01-09 12:00",1,"Kombinirano vozilo",19
"2026-01-09 12:00",1,"Težje tovorno vozilo",8
"2026-01-09 12:00",1,"Tovorno vozilo s prikolico",1
"2026-01-10 00:00",1,"Osebni avtomobil",288
"2026-01-10 00:00",1,"Kombinirano vozilo",13
"2026-01-10 00:00",1,"Težje tovorno vozilo",2
"2026-01-10 00:00",0,"Osebni avtomobil",147
"2026-01-10 00:00",0,"Težje tovorno vozilo",6
"2026-01-10 00:00",0,"Kombinirano vozilo",1
"2026-01-10 12:00",0,"Osebni avtomobil","1,038"
"2026-01-10 12:00",0,"Kombinirano vozilo",12
"2026-01-10 12:00",0,"Težje tovorno vozilo",7
"2026-01-10 12:00",1,"Osebni avtomobil",711
"2026-01-10 12:00",1,"Kombinirano vozilo",9
"2026-01-10 12:00",1,"Težje tovorno vozilo",3
"2026-01-11 00:00",1,"Osebni avtomobil",180
"2026-01-11 00:00",1,"Kombinirano vozilo",4
"2026-01-11 00:00",1,"Težje tovorno vozilo",2
"2026-01-11 00:00",0,"Osebni avtomobil",101
"2026-01-11 00:00",0,"Kombinirano vozilo",2
"2026-01-11 00:00",0,"Težje tovorno vozilo",2
"2026-01-11 12:00",1,"Osebni avtomobil",332
"2026-01-11 12:00",1,"Kombinirano vozilo",7
"2026-01-11 12:00",1,"Težje tovorno vozilo",1
"2026-01-11 12:00",0,"Osebni avtomobil",328
"2026-01-11 12:00",0,"Težje tovorno vozilo",6
"2026-01-11 12:00",0,"Kombinirano vozilo",3
"2026-01-12 00:00",1,"Osebni avtomobil",482
"2026-01-12 00:00",1,"Kombinirano vozilo",26
"2026-01-12 00:00",1,"Težje tovorno vozilo",2
"2026-01-12 00:00",1,"Tovorno vozilo s prikolico",1
"2026-01-12 00:00",0,"Osebni avtomobil",198
"2026-01-12 00:00",0,"Kombinirano vozilo",14
"2026-01-12 00:00",0,"Težje tovorno vozilo",10
"2026-01-12 00:00",0,"Tovorno vozilo s prikolico",1
"2026-01-12 12:00",0,"Osebni avtomobil",639
"2026-01-12 12:00",0,"Kombinirano vozilo",17
"2026-01-12 12:00",0,"Težje tovorno vozilo",16
"2026-01-12 12:00",1,"Osebni avtomobil",485
"2026-01-12 12:00",1,"Kombinirano vozilo",19
"2026-01-12 12:00",1,"Težje tovorno vozilo",7
"2026-01-13 00:00",1,"Osebni avtomobil",174
"2026-01-13 00:00",1,"Kombinirano vozilo",6
"2026-01-13 00:00",1,"Težje tovorno vozilo",4
"2026-01-13 00:00",0,"Osebni avtomobil",102
"2026-01-13 00:00",0,"Kombinirano vozilo",9
"2026-01-13 00:00",0,"Težje tovorno vozilo",9
"2026-01-13 12:00",0,"Osebni avtomobil",656
"2026-01-13 12:00",0,"Kombinirano vozilo",19
"2026-01-13 12:00",0,"Težje tovorno vozilo",15
"2026-01-13 12:00",0,"Tovorno vozilo s prikolico",2
"2026-01-13 12:00",1,"Osebni avtomobil",356
"2026-01-13 12:00",1,"Kombinirano vozilo",16
"2026-01-13 12:00",1,"Težje tovorno vozilo",6
"2026-01-14 00:00",1,"Osebni avtomobil",550
"2026-01-14 00:00",1,"Kombinirano vozilo",31
"2026-01-14 00:00",1,"Težje tovorno vozilo",12
"2026-01-14 00:00",1,"Tovorno vozilo s prikolico",2
"2026-01-14 00:00",0,"Osebni avtomobil",171
"2026-01-14 00:00",0,"Težje tovorno vozilo",21
"2026-01-14 00:00",0,"Kombinirano vozilo",14
"2026-01-14 12:00",0,"Osebni avtomobil",724
"2026-01-14 12:00",0,"Težje tovorno vozilo",17
"2026-01-14 12:00",0,"Kombinirano vozilo",14
"2026-01-14 12:00",1,"Osebni avtomobil",402
"2026-01-14 12:00",1,"Kombinirano vozilo",9
"2026-01-14 12:00",1,"Težje tovorno vozilo",7
"2026-01-15 00:00",1,"Osebni avtomobil",492
"2026-01-15 00:00",1,"Kombinirano vozilo",16
"2026-01-15 00:00",1,"Težje tovorno vozilo",11
"2026-01-15 00:00",0,"Osebni avtomobil",147
"2026-01-15 00:00",0,"Težje tovorno vozilo",9
"2026-01-15 00:00",0,"Kombinirano vozilo",6
"2026-01-15 00:00",0,"Tovorno vozilo s prikolico",1
"2026-01-15 12:00",0,"Osebni avtomobil",655
"2026-01-15 12:00",0,"Težje tovorno vozilo",14
"2026-01-15 12:00",0,"Kombinirano vozilo",9
"2026-01-15 12:00",1,"Osebni avtomobil",384
"2026-01-15 12:00",1,"Kombinirano vozilo",7
"2026-01-15 12:00",1,"Težje tovorno vozilo",5
"2026-01-16 00:00",1,"Osebni avtomobil",521
"2026-01-16 00:00",1,"Kombinirano vozilo",14
"2026-01-16 00:00",1,"Težje tovorno vozilo",3
"2026-01-16 00:00",1,"Tovorno vozilo s prikolico",1
"2026-01-16 00:00",0,"Osebni avtomobil",179
"2026-01-16 00:00",0,"Težje tovorno vozilo",13
"2026-01-16 00:00",0,"Kombinirano vozilo",7
"2026-01-16 12:00",0,"Osebni avtomobil",733
"2026-01-16 12:00",0,"Težje tovorno vozilo",18
"2026-01-16 12:00",0,"Kombinirano vozilo",8
"2026-01-16 12:00",1,"Osebni avtomobil",445
"2026-01-16 12:00",1,"Težje tovorno vozilo",8
"2026-01-16 12:00",1,"Kombinirano vozilo",7
"2026-01-17 00:00",1,"Osebni avtomobil",318
"2026-01-17 00:00",1,"Kombinirano vozilo",11
"2026-01-17 00:00",1,"Težje tovorno vozilo",2
"2026-01-17 00:00",0,"Osebni avtomobil",162
"2026-01-17 00:00",0,"Kombinirano vozilo",3
"2026-01-17 00:00",0,"Težje tovorno vozilo",3
"2026-01-17 12:00",0,"Osebni avtomobil",468
"2026-01-17 12:00",0,"Težje tovorno vozilo",3
"2026-01-17 12:00",0,"Kombinirano vozilo",2
"2026-01-17 12:00",1,"Osebni avtomobil",344
"2026-01-17 12:00",1,"Kombinirano vozilo",4
"2026-01-18 00:00",1,"Osebni avtomobil",176
"2026-01-18 00:00",1,"Kombinirano vozilo",18
"2026-01-18 00:00",1,"Težje tovorno vozilo",10
"2026-01-18 00:00",0,"Osebni avtomobil",104
"2026-01-18 00:00",0,"Kombinirano vozilo",4
"2026-01-18 00:00",0,"Težje tovorno vozilo",2
"2026-01-18 12:00",1,"Osebni avtomobil",331
"2026-01-18 12:00",1,"Kombinirano vozilo",10
"2026-01-18 12:00",1,"Težje tovorno vozilo",8
"2026-01-18 12:00",1,"Tovorno vozilo s prikolico",2
"2026-01-18 12:00",0,"Osebni avtomobil",333
"2026-01-18 12:00",0,"Kombinirano vozilo",9
"2026-01-18 12:00",0,"Težje tovorno vozilo",6
"2026-01-19 00:00",1,"Osebni avtomobil",558
"2026-01-19 00:00",1,"Kombinirano vozilo",17
"2026-01-19 00:00",1,"Težje tovorno vozilo",9
"2026-01-19 00:00",1,"Tovorno vozilo s prikolico",1
"2026-01-19 00:00",0,"Osebni avtomobil",197
"2026-01-19 00:00",0,"Težje tovorno vozilo",18
"2026-01-19 00:00",0,"Kombinirano vozilo",9
"2026-01-19 12:00",0,"Osebni avtomobil",608
"2026-01-19 12:00",0,"Kombinirano vozilo",21
"2026-01-19 12:00",0,"Težje tovorno vozilo",19
"2026-01-19 12:00",0,"Tovorno vozilo s prikolico",1
"2026-01-19 12:00",1,"Osebni avtomobil",427
"2026-01-19 12:00",1,"Kombinirano vozilo",28
"2026-01-19 12:00",1,"Težje tovorno vozilo",19
"2026-01-20 00:00",1,"Osebni avtomobil",540
"2026-01-20 00:00",1,"Kombinirano vozilo",20
"2026-01-20 00:00",1,"Težje tovorno vozilo",8
"2026-01-20 00:00",1,"Tovorno vozilo s prikolico",1
"2026-01-20 00:00",0,"Osebni avtomobil",188
"2026-01-20 00:00",0,"Težje tovorno vozilo",17
"2026-01-20 00:00",0,"Kombinirano vozilo",11
"2026-01-20 00:00",0,"Tovorno vozilo s prikolico",1
"2026-01-20 12:00",0,"Osebni avtomobil",677
"2026-01-20 12:00",0,"Težje tovorno vozilo",18
"2026-01-20 12:00",0,"Kombinirano vozilo",9
"2026-01-20 12:00",1,"Osebni avtomobil",411
"2026-01-20 12:00",1,"Kombinirano vozilo",15
"2026-01-20 12:00",1,"Težje tovorno vozilo",6
"2026-01-20 12:00",1,"Tovorno vozilo s prikolico",1
"2026-01-21 00:00",1,"Osebni avtomobil",539
"2026-01-21 00:00",1,"Kombinirano vozilo",22
"2026-01-21 00:00",1,"Težje tovorno vozilo",2
"2026-01-21 00:00",0,"Osebni avtomobil",192
"2026-01-21 00:00",0,"Kombinirano vozilo",18
"2026-01-21 00:00",0,"Težje tovorno vozilo",16
"2026-01-21 12:00",0,"Osebni avtomobil",678
"2026-01-21 12:00",0,"Težje tovorno vozilo",20
"2026-01-21 12:00",0,"Kombinirano vozilo",17
"2026-01-21 12:00",1,"Osebni avtomobil",393
"2026-01-21 12:00",1,"Kombinirano vozilo",14
"2026-01-21 12:00",1,"Težje tovorno vozilo",11
"2026-01-22 00:00",1,"Osebni avtomobil",522
"2026-01-22 00:00",1,"Kombinirano vozilo",23
"2026-01-22 00:00",1,"Težje tovorno vozilo",5
"2026-01-22 00:00",0,"Osebni avtomobil",182
"2026-01-22 00:00",0,"Težje tovorno vozilo",17
"2026-01-22 00:00",0,"Kombinirano vozilo",10
"2026-01-22 00:00",0,"Tovorno vozilo s prikolico",1
"2026-01-22 12:00",0,"Osebni avtomobil",719
"2026-01-22 12:00",0,"Kombinirano vozilo",15
"2026-01-22 12:00",0,"Težje tovorno vozilo",14
"2026-01-22 12:00",0,"Tovorno vozilo s prikolico",1
"2026-01-22 12:00",1,"Osebni avtomobil",413
"2026-01-22 12:00",1,"Kombinirano vozilo",24
"2026-01-22 12:00",1,"Težje tovorno vozilo",9
"2026-01-23 00:00",1,"Osebni avtomobil",575
"2026-01-23 00:00",1,"Kombinirano vozilo",25
"2026-01-23 00:00",1,"Težje tovorno vozilo",6
"2026-01-23 00:00",0,"Osebni avtomobil",197
"2026-01-23 00:00",0,"Težje tovorno vozilo",19
"2026-01-23 00:00",0,"Kombinirano vozilo",12
"2026-01-23 12:00",0,"Osebni avtomobil",688
"2026-01-23 12:00",0,"Kombinirano vozilo",26
"2026-01-23 12:00",0,"Težje tovorno vozilo",18
"2026-01-23 12:00",1,"Osebni avtomobil",433
"2026-01-23 12:00",1,"Kombinirano vozilo",13
"2026-01-23 12:00",1,"Težje tovorno vozilo",7
"2026-01-24 00:00",1,"Osebni avtomobil",240
"2026-01-24 00:00",1,"Kombinirano vozilo",6
"2026-01-24 00:00",1,"Težje tovorno vozilo",1
"2026-01-24 00:00",0,"Osebni avtomobil",138
"2026-01-24 00:00",0,"Kombinirano vozilo",5
"2026-01-24 00:00",0,"Težje tovorno vozilo",4
"2026-01-24 12:00",0,"Osebni avtomobil",451
"2026-01-24 12:00",0,"Kombinirano vozilo",8
"2026-01-24 12:00",0,"Težje tovorno vozilo",3
"2026-01-24 12:00",1,"Osebni avtomobil",367
"2026-01-24 12:00",1,"Kombinirano vozilo",3
"2026-01-25 00:00",1,"Osebni avtomobil",167
"2026-01-25 00:00",1,"Težje tovorno vozilo",10
"2026-01-25 00:00",1,"Kombinirano vozilo",5
"2026-01-25 00:00",0,"Osebni avtomobil",67
"2026-01-25 12:00",1,"Osebni avtomobil",303
"2026-01-25 12:00",1,"Kombinirano vozilo",7
"2026-01-25 12:00",1,"Težje tovorno vozilo",3
"2026-01-25 12:00",1,"Tovorno vozilo s prikolico",1
"2026-01-25 12:00",0,"Osebni avtomobil",274
"2026-01-25 12:00",0,"Težje tovorno vozilo",4
"2026-01-25 12:00",0,"Kombinirano vozilo",3
"2026-01-26 00:00",1,"Osebni avtomobil",566
"2026-01-26 00:00",1,"Kombinirano vozilo",20
"2026-01-26 00:00",1,"Težje tovorno vozilo",2
"2026-01-26 00:00",1,"Tovorno vozilo s prikolico",1
"2026-01-26 00:00",0,"Osebni avtomobil",154
"2026-01-26 00:00",0,"Kombinirano vozilo",13
"2026-01-26 00:00",0,"Težje tovorno vozilo",12
"2026-01-26 12:00",0,"Osebni avtomobil",680
"2026-01-26 12:00",0,"Težje tovorno vozilo",22
"2026-01-26 12:00",0,"Kombinirano vozilo",16
"2026-01-26 12:00",0,"Tovorno vozilo s prikolico",1
"2026-01-26 12:00",1,"Osebni avtomobil",395
"2026-01-26 12:00",1,"Kombinirano vozilo",12
"2026-01-26 12:00",1,"Težje tovorno vozilo",8
"2026-01-27 00:00",1,"Osebni avtomobil",531
"2026-01-27 00:00",1,"Kombinirano vozilo",22
"2026-01-27 00:00",1,"Težje tovorno vozilo",8
"2026-01-27 00:00",0,"Osebni avtomobil",189
"2026-01-27 00:00",0,"Težje tovorno vozilo",14
"2026-01-27 00:00",0,"Kombinirano vozilo",13
"2026-01-27 12:00",0,"Osebni avtomobil",614
"2026-01-27 12:00",0,"Težje tovorno vozilo",19
"2026-01-27 12:00",0,"Kombinirano vozilo",12
"2026-01-27 12:00",1,"Osebni avtomobil",400
"2026-01-27 12:00",1,"Kombinirano vozilo",18
"2026-01-27 12:00",1,"Težje tovorno vozilo",15
"2026-01-28 00:00",1,"Osebni avtomobil",498
"2026-01-28 00:00",1,"Kombinirano vozilo",16
"2026-01-28 00:00",1,"Težje tovorno vozilo",2
"2026-01-28 00:00",0,"Osebni avtomobil",180
"2026-01-28 00:00",0,"Kombinirano vozilo",12
"2026-01-28 00:00",0,"Težje tovorno vozilo",6
"2026-01-28 12:00",0,"Osebni avtomobil",658
"2026-01-28 12:00",0,"Težje tovorno vozilo",13
"2026-01-28 12:00",0,"Kombinirano vozilo",10
"2026-01-28 12:00",1,"Osebni avtomobil",381
"2026-01-28 12:00",1,"Kombinirano vozilo",15
"2026-01-28 12:00",1,"Težje tovorno vozilo",5
"2026-01-29 00:00",1,"Osebni avtomobil",549
"2026-01-29 00:00",1,"Kombinirano vozilo",19
"2026-01-29 00:00",1,"Težje tovorno vozilo",7
"2026-01-29 00:00",0,"Osebni avtomobil",202
"2026-01-29 00:00",0,"Težje tovorno vozilo",12
"2026-01-29 00:00",0,"Kombinirano vozilo",9
"2026-01-29 12:00",0,"Osebni avtomobil",713
"2026-01-29 12:00",0,"Težje tovorno vozilo",24
"2026-01-29 12:00",0,"Kombinirano vozilo",9
"2026-01-29 12:00",1,"Osebni avtomobil",414
"2026-01-29 12:00",1,"Kombinirano vozilo",10
"2026-01-29 12:00",1,"Težje tovorno vozilo",6
"2026-01-30 00:00",1,"Osebni avtomobil",517
"2026-01-30 00:00",1,"Kombinirano vozilo",23
"2026-01-30 00:00",1,"Težje tovorno vozilo",5
"2026-01-30 00:00",0,"Osebni avtomobil",197
"2026-01-30 00:00",0,"Težje tovorno vozilo",15
"2026-01-30 00:00",0,"Kombinirano vozilo",10
"2026-01-30 12:00",0,"Osebni avtomobil",678
"2026-01-30 12:00",0,"Kombinirano vozilo",22
"2026-01-30 12:00",0,"Težje tovorno vozilo",16
"2026-01-30 12:00",0,"Tovorno vozilo s prikolico",1
"2026-01-30 12:00",1,"Osebni avtomobil",429
"2026-01-30 12:00",1,"Kombinirano vozilo",16
"2026-01-30 12:00",1,"Težje tovorno vozilo",5
"2026-01-31 00:00",1,"Osebni avtomobil",287
"2026-01-31 00:00",1,"Kombinirano vozilo",6
"2026-01-31 00:00",1,"Težje tovorno vozilo",1
"2026-01-31 00:00",0,"Osebni avtomobil",152
"2026-01-31 00:00",0,"Kombinirano vozilo",6
"2026-01-31 00:00",0,"Težje tovorno vozilo",3
"2026-01-31 12:00",0,"Osebni avtomobil",480
"2026-01-31 12:00",0,"Težje tovorno vozilo",4
"2026-01-31 12:00",0,"Kombinirano vozilo",2
"2026-01-31 12:00",1,"Osebni avtomobil",355
"2026-01-31 12:00",1,"Kombinirano vozilo",3
"2026-01-31 12:00",1,"Težje tovorno vozilo",1
"2026-02-01 00:00",1,"Osebni avtomobil",224
"2026-02-01 00:00",1,"Kombinirano vozilo",11
"2026-02-01 00:00",1,"Težje tovorno vozilo",4
"2026-02-01 00:00",0,"Osebni avtomobil",117
"2026-02-01 00:00",0,"Kombinirano vozilo",4
"2026-02-01 00:00",0,"Težje tovorno vozilo",2
"2026-02-01 12:00",0,"Osebni avtomobil",365
"2026-02-01 12:00",0,"Kombinirano vozilo",6
"2026-02-01 12:00",0,"Težje tovorno vozilo",5
"2026-02-01 12:00",1,"Osebni avtomobil",289
"2026-02-01 12:00",1,"Kombinirano vozilo",2
"2026-02-02 00:00",1,"Osebni avtomobil",553
"2026-02-02 00:00",1,"Kombinirano vozilo",38
"2026-02-02 00:00",1,"Težje tovorno vozilo",10
"2026-02-02 00:00",0,"Osebni avtomobil",197
"2026-02-02 00:00",0,"Težje tovorno vozilo",21
"2026-02-02 00:00",0,"Kombinirano vozilo",13
"2026-02-02 00:00",0,"Tovorno vozilo s prikolico",3
"2026-02-02 12:00",0,"Osebni avtomobil",633
"2026-02-02 12:00",0,"Težje tovorno vozilo",31
"2026-02-02 12:00",0,"Kombinirano vozilo",19
"2026-02-02 12:00",1,"Osebni avtomobil",408
"2026-02-02 12:00",1,"Kombinirano vozilo",17
"2026-02-02 12:00",1,"Težje tovorno vozilo",7
"2026-02-03 00:00",1,"Osebni avtomobil",489
"2026-02-03 00:00",1,"Kombinirano vozilo",23
"2026-02-03 00:00",1,"Težje tovorno vozilo",1
"2026-02-03 00:00",1,"Tovorno vozilo s prikolico",1
"2026-02-03 00:00",0,"Osebni avtomobil",186
"2026-02-03 00:00",0,"Težje tovorno vozilo",17
"2026-02-03 00:00",0,"Kombinirano vozilo",10
"2026-02-03 00:00",0,"Tovorno vozilo s prikolico",1
"2026-02-03 12:00",0,"Osebni avtomobil",535
"2026-02-03 12:00",0,"Kombinirano vozilo",11
"2026-02-03 12:00",0,"Težje tovorno vozilo",9
"2026-02-03 12:00",1,"Osebni avtomobil",354
"2026-02-03 12:00",1,"Kombinirano vozilo",21
"2026-02-03 12:00",1,"Težje tovorno vozilo",10
"2026-02-03 12:00",1,"Tovorno vozilo s prikolico",5
"2026-02-04 00:00",1,"Osebni avtomobil",507
"2026-02-04 00:00",1,"Kombinirano vozilo",15
"2026-02-04 00:00",1,"Težje tovorno vozilo",4
"2026-02-04 00:00",0,"Osebni avtomobil",159
"2026-02-04 00:00",0,"Težje tovorno vozilo",14
"2026-02-04 00:00",0,"Kombinirano vozilo",9
"2026-02-04 12:00",0,"Osebni avtomobil",627
"2026-02-04 12:00",0,"Težje tovorno vozilo",18
"2026-02-04 12:00",0,"Kombinirano vozilo",7
"2026-02-04 12:00",1,"Osebni avtomobil",406
"2026-02-04 12:00",1,"Kombinirano vozilo",21
"2026-02-04 12:00",1,"Težje tovorno vozilo",6
"2026-02-04 12:00",1,"Tovorno vozilo s prikolico",1
"2026-02-05 00:00",1,"Osebni avtomobil",548
"2026-02-05 00:00",1,"Kombinirano vozilo",20
"2026-02-05 00:00",1,"Težje tovorno vozilo",2
"2026-02-05 00:00",0,"Osebni avtomobil",196
"2026-02-05 00:00",0,"Težje tovorno vozilo",18
"2026-02-05 00:00",0,"Kombinirano vozilo",8
"2026-02-05 12:00",0,"Osebni avtomobil",710
"2026-02-05 12:00",0,"Težje tovorno vozilo",17
"2026-02-05 12:00",0,"Kombinirano vozilo",6
"2026-02-05 12:00",1,"Osebni avtomobil",445
"2026-02-05 12:00",1,"Kombinirano vozilo",12
"2026-02-05 12:00",1,"Težje tovorno vozilo",2
"2026-02-06 00:00",1,"Osebni avtomobil",518
"2026-02-06 00:00",1,"Kombinirano vozilo",18
"2026-02-06 00:00",1,"Težje tovorno vozilo",2
"2026-02-06 00:00",0,"Osebni avtomobil",194
"2026-02-06 00:00",0,"Težje tovorno vozilo",15
"2026-02-06 00:00",0,"Kombinirano vozilo",5
"2026-02-06 12:00",0,"Osebni avtomobil",680
"2026-02-06 12:00",0,"Težje tovorno vozilo",20
"2026-02-06 12:00",0,"Kombinirano vozilo",10
"2026-02-06 12:00",1,"Osebni avtomobil",436
"2026-02-06 12:00",1,"Kombinirano vozilo",14
"2026-02-06 12:00",1,"Težje tovorno vozilo",5
"2026-02-06 12:00",1,"Tovorno vozilo s prikolico",1
"2026-02-07 00:00",1,"Osebni avtomobil",290
"2026-02-07 00:00",1,"Kombinirano vozilo",8
"2026-02-07 00:00",1,"Težje tovorno vozilo",1
"2026-02-07 00:00",0,"Osebni avtomobil",157
"2026-02-07 00:00",0,"Kombinirano vozilo",4
"2026-02-07 00:00",0,"Težje tovorno vozilo",4
"2026-02-07 12:00",0,"Osebni avtomobil",461
"2026-02-07 12:00",0,"Kombinirano vozilo",6
"2026-02-07 12:00",0,"Težje tovorno vozilo",3
"2026-02-07 12:00",1,"Osebni avtomobil",388
"2026-02-07 12:00",1,"Kombinirano vozilo",3
"2026-02-07 12:00",1,"Težje tovorno vozilo",1
"2026-02-08 00:00",1,"Osebni avtomobil",221
"2026-02-08 00:00",1,"Kombinirano vozilo",5
"2026-02-08 00:00",0,"Osebni avtomobil",136
"2026-02-08 00:00",0,"Kombinirano vozilo",1
"2026-02-08 12:00",0,"Osebni avtomobil",439
"2026-02-08 12:00",0,"Kombinirano vozilo",7
"2026-02-08 12:00",0,"Težje tovorno vozilo",5
"2026-02-08 12:00",1,"Osebni avtomobil",342
"2026-02-08 12:00",1,"Kombinirano vozilo",4
"2026-02-09 00:00",1,"Osebni avtomobil",549
"2026-02-09 00:00",1,"Kombinirano vozilo",26
"2026-02-09 00:00",1,"Težje tovorno vozilo",6
"2026-02-09 00:00",0,"Osebni avtomobil",186
"2026-02-09 00:00",0,"Težje tovorno vozilo",13
"2026-02-09 00:00",0,"Kombinirano vozilo",10
"2026-02-09 12:00",0,"Osebni avtomobil",657
"2026-02-09 12:00",0,"Težje tovorno vozilo",20
"2026-02-09 12:00",0,"Kombinirano vozilo",8
"2026-02-09 12:00",1,"Osebni avtomobil",377
"2026-02-09 12:00",1,"Kombinirano vozilo",15
"2026-02-09 12:00",1,"Težje tovorno vozilo",7
"2026-02-10 00:00",1,"Osebni avtomobil",531
"2026-02-10 00:00",1,"Kombinirano vozilo",22
"2026-02-10 00:00",1,"Težje tovorno vozilo",4
"2026-02-10 00:00",0,"Osebni avtomobil",183
"2026-02-10 00:00",0,"Težje tovorno vozilo",15
"2026-02-10 00:00",0,"Kombinirano vozilo",11
"2026-02-10 12:00",0,"Osebni avtomobil",680
"2026-02-10 12:00",0,"Težje tovorno vozilo",22
"2026-02-10 12:00",0,"Kombinirano vozilo",14
"2026-02-10 12:00",1,"Osebni avtomobil",422
"2026-02-10 12:00",1,"Kombinirano vozilo",21
"2026-02-10 12:00",1,"Težje tovorno vozilo",4
"2026-02-11 00:00",1,"Osebni avtomobil",524
"2026-02-11 00:00",1,"Kombinirano vozilo",25
"2026-02-11 00:00",1,"Težje tovorno vozilo",4
"2026-02-11 00:00",0,"Osebni avtomobil",181
"2026-02-11 00:00",0,"Kombinirano vozilo",16
"2026-02-11 00:00",0,"Težje tovorno vozilo",16
"2026-02-11 12:00",0,"Osebni avtomobil",737
"2026-02-11 12:00",0,"Kombinirano vozilo",21
"2026-02-11 12:00",0,"Težje tovorno vozilo",18
"2026-02-11 12:00",1,"Osebni avtomobil",451
"2026-02-11 12:00",1,"Kombinirano vozilo",21
"2026-02-11 12:00",1,"Težje tovorno vozilo",4
"2026-02-12 00:00",1,"Osebni avtomobil",561
"2026-02-12 00:00",1,"Kombinirano vozilo",27
"2026-02-12 00:00",1,"Težje tovorno vozilo",6
"2026-02-12 00:00",0,"Osebni avtomobil",210
"2026-02-12 00:00",0,"Težje tovorno vozilo",21
"2026-02-12 00:00",0,"Kombinirano vozilo",18
"2026-02-12 12:00",0,"Osebni avtomobil",707
"2026-02-12 12:00",0,"Težje tovorno vozilo",28
"2026-02-12 12:00",0,"Kombinirano vozilo",17
"2026-02-12 12:00",0,"Tovorno vozilo s prikolico",1
"2026-02-12 12:00",1,"Osebni avtomobil",457
"2026-02-12 12:00",1,"Kombinirano vozilo",27
"2026-02-12 12:00",1,"Težje tovorno vozilo",9
"2026-02-13 00:00",1,"Osebni avtomobil",551
"2026-02-13 00:00",1,"Kombinirano vozilo",24
"2026-02-13 00:00",1,"Težje tovorno vozilo",3
"2026-02-13 00:00",1,"Tovorno vozilo s prikolico",1
"2026-02-13 00:00",0,"Osebni avtomobil",207
"2026-02-13 00:00",0,"Težje tovorno vozilo",17
"2026-02-13 00:00",0,"Kombinirano vozilo",14
"2026-02-13 12:00",0,"Osebni avtomobil",752
"2026-02-13 12:00",0,"Kombinirano vozilo",26
"2026-02-13 12:00",0,"Težje tovorno vozilo",16
"2026-02-13 12:00",1,"Osebni avtomobil",521
"2026-02-13 12:00",1,"Kombinirano vozilo",17
"2026-02-13 12:00",1,"Težje tovorno vozilo",2
"2026-02-13 12:00",1,"Tovorno vozilo s prikolico",1
"2026-02-14 00:00",1,"Osebni avtomobil",333
"2026-02-14 00:00",1,"Kombinirano vozilo",5
"2026-02-14 00:00",1,"Težje tovorno vozilo",2
"2026-02-14 00:00",0,"Osebni avtomobil",171
"2026-02-14 00:00",0,"Kombinirano vozilo",5
"2026-02-14 00:00",0,"Težje tovorno vozilo",5
"2026-02-14 12:00",0,"Osebni avtomobil",499
"2026-02-14 12:00",0,"Kombinirano vozilo",5
"2026-02-14 12:00",0,"Težje tovorno vozilo",5
"2026-02-14 12:00",1,"Osebni avtomobil",377
"2026-02-14 12:00",1,"Kombinirano vozilo",4
"2026-02-15 00:00",1,"Osebni avtomobil",185
"2026-02-15 00:00",1,"Kombinirano vozilo",1
"2026-02-15 00:00",0,"Osebni avtomobil",143
"2026-02-15 00:00",0,"Kombinirano vozilo",4
"2026-02-15 12:00",0,"Osebni avtomobil",430
"2026-02-15 12:00",0,"Kombinirano vozilo",5
"2026-02-15 12:00",0,"Težje tovorno vozilo",4
"2026-02-15 12:00",1,"Osebni avtomobil",376
"2026-02-15 12:00",1,"Kombinirano vozilo",4
"2026-02-16 00:00",1,"Osebni avtomobil",541
"2026-02-16 00:00",1,"Kombinirano vozilo",18
"2026-02-16 00:00",1,"Težje tovorno vozilo",7
"2026-02-16 00:00",0,"Osebni avtomobil",174
"2026-02-16 00:00",0,"Težje tovorno vozilo",17
"2026-02-16 00:00",0,"Kombinirano vozilo",10
"2026-02-16 12:00",0,"Osebni avtomobil",604
"2026-02-16 12:00",0,"Kombinirano vozilo",17
"2026-02-16 12:00",0,"Težje tovorno vozilo",16
"2026-02-16 12:00",0,"Tovorno vozilo s prikolico",1
"2026-02-16 12:00",1,"Osebni avtomobil",366
"2026-02-16 12:00",1,"Kombinirano vozilo",13
"2026-02-16 12:00",1,"Težje tovorno vozilo",5
"2026-02-16 12:00",1,"Tovorno vozilo s prikolico",2
"2026-02-17 00:00",1,"Osebni avtomobil",513
"2026-02-17 00:00",1,"Kombinirano vozilo",13
"2026-02-17 00:00",1,"Težje tovorno vozilo",9
"2026-02-17 00:00",0,"Osebni avtomobil",186
"2026-02-17 00:00",0,"Težje tovorno vozilo",19
"2026-02-17 00:00",0,"Kombinirano vozilo",8
"2026-02-17 12:00",0,"Osebni avtomobil",676
"2026-02-17 12:00",0,"Težje tovorno vozilo",21
"2026-02-17 12:00",0,"Kombinirano vozilo",17
"2026-02-17 12:00",1,"Osebni avtomobil",428
"2026-02-17 12:00",1,"Kombinirano vozilo",12
"2026-02-17 12:00",1,"Težje tovorno vozilo",4
"2026-02-18 00:00",1,"Osebni avtomobil",482
"2026-02-18 00:00",1,"Kombinirano vozilo",16
"2026-02-18 00:00",1,"Težje tovorno vozilo",3
"2026-02-18 00:00",0,"Osebni avtomobil",186
"2026-02-18 00:00",0,"Kombinirano vozilo",13
"2026-02-18 00:00",0,"Težje tovorno vozilo",12
"2026-02-18 12:00",0,"Osebni avtomobil",683
"2026-02-18 12:00",0,"Težje tovorno vozilo",19
"2026-02-18 12:00",0,"Kombinirano vozilo",15
"2026-02-18 12:00",0,"Tovorno vozilo s prikolico",1
"2026-02-18 12:00",1,"Osebni avtomobil",415
"2026-02-18 12:00",1,"Kombinirano vozilo",13
"2026-02-18 12:00",1,"Težje tovorno vozilo",8
"2026-02-18 12:00",1,"Tovorno vozilo s prikolico",1
"2026-02-19 00:00",1,"Osebni avtomobil",486
"2026-02-19 00:00",1,"Kombinirano vozilo",19
"2026-02-19 00:00",1,"Težje tovorno vozilo",9
"2026-02-19 00:00",1,"Nerazpoznana vozila",1
"2026-02-19 00:00",1,"Tovorno vozilo s prikolico",1
"2026-02-19 00:00",0,"Osebni avtomobil",164
"2026-02-19 00:00",0,"Težje tovorno vozilo",11
"2026-02-19 00:00",0,"Kombinirano vozilo",9
"2026-02-19 12:00",0,"Osebni avtomobil",386
"2026-02-19 12:00",0,"Težje tovorno vozilo",9
"2026-02-19 12:00",0,"Kombinirano vozilo",4
"2026-02-19 12:00",1,"Osebni avtomobil",348
"2026-02-19 12:00",1,"Kombinirano vozilo",19
"2026-02-19 12:00",1,"Težje tovorno vozilo",9
"2026-02-19 12:00",1,"Nerazpoznana vozila",2
"2026-02-19 12:00",1,"Tovorno vozilo s prikolico",2
"2026-02-20 00:00",1,"Osebni avtomobil",460
"2026-02-20 00:00",1,"Kombinirano vozilo",16
"2026-02-20 00:00",1,"Težje tovorno vozilo",9
"2026-02-20 00:00",0,"Osebni avtomobil",189
"2026-02-20 00:00",0,"Težje tovorno vozilo",17
"2026-02-20 00:00",0,"Kombinirano vozilo",7
"2026-02-20 12:00",0,"Osebni avtomobil",632
"2026-02-20 12:00",0,"Težje tovorno vozilo",17
"2026-02-20 12:00",0,"Kombinirano vozilo",14
"2026-02-20 12:00",1,"Osebni avtomobil",439
"2026-02-20 12:00",1,"Kombinirano vozilo",9
"2026-02-20 12:00",1,"Težje tovorno vozilo",9
"2026-02-21 00:00",1,"Osebni avtomobil",299
"2026-02-21 00:00",1,"Kombinirano vozilo",15
"2026-02-21 00:00",1,"Težje tovorno vozilo",4
"2026-02-21 00:00",0,"Osebni avtomobil",148
"2026-02-21 00:00",0,"Težje tovorno vozilo",5
"2026-02-21 00:00",0,"Kombinirano vozilo",4
"2026-02-21 12:00",0,"Osebni avtomobil",442
"2026-02-21 12:00",0,"Kombinirano vozilo",11
"2026-02-21 12:00",0,"Težje tovorno vozilo",4
"2026-02-21 12:00",1,"Osebni avtomobil",369
"2026-02-21 12:00",1,"Kombinirano vozilo",4
"2026-02-22 00:00",1,"Osebni avtomobil",204
"2026-02-22 00:00",1,"Kombinirano vozilo",3
"2026-02-22 00:00",0,"Osebni avtomobil",131
"2026-02-22 00:00",0,"Kombinirano vozilo",3
"2026-02-22 00:00",0,"Težje tovorno vozilo",2
"2026-02-22 12:00",0,"Osebni avtomobil",405
"2026-02-22 12:00",0,"Težje tovorno vozilo",5
"2026-02-22 12:00",0,"Kombinirano vozilo",3
"2026-02-22 12:00",1,"Osebni avtomobil",350
"2026-02-22 12:00",1,"Kombinirano vozilo",3
"2026-02-22 12:00",1,"Težje tovorno vozilo",1
"2026-02-23 00:00",1,"Osebni avtomobil",575
"2026-02-23 00:00",1,"Kombinirano vozilo",23
"2026-02-23 00:00",1,"Težje tovorno vozilo",6
"2026-02-23 00:00",0,"Osebni avtomobil",218
"2026-02-23 00:00",0,"Kombinirano vozilo",18
"2026-02-23 00:00",0,"Težje tovorno vozilo",11
"2026-02-23 00:00",0,"Tovorno vozilo s prikolico",2
"2026-02-23 12:00",0,"Osebni avtomobil",733
"2026-02-23 12:00",0,"Kombinirano vozilo",23
"2026-02-23 12:00",0,"Težje tovorno vozilo",17
"2026-02-23 12:00",0,"Tovorno vozilo s prikolico",1
"2026-02-23 12:00",1,"Osebni avtomobil",438
"2026-02-23 12:00",1,"Kombinirano vozilo",13
"2026-02-23 12:00",1,"Težje tovorno vozilo",4
"2026-02-24 00:00",1,"Osebni avtomobil",575
"2026-02-24 00:00",1,"Kombinirano vozilo",11
"2026-02-24 00:00",1,"Težje tovorno vozilo",3
"2026-02-24 00:00",1,"Tovorno vozilo s prikolico",1
"2026-02-24 00:00",0,"Osebni avtomobil",167
"2026-02-24 00:00",0,"Težje tovorno vozilo",17
"2026-02-24 00:00",0,"Kombinirano vozilo",14
"2026-02-24 00:00",0,"Tovorno vozilo s prikolico",2
"2026-02-24 12:00",0,"Osebni avtomobil",690
"2026-02-24 12:00",0,"Težje tovorno vozilo",17
"2026-02-24 12:00",0,"Kombinirano vozilo",13
"2026-02-24 12:00",1,"Osebni avtomobil",401
"2026-02-24 12:00",1,"Kombinirano vozilo",10
"2026-02-24 12:00",1,"Težje tovorno vozilo",3
"2026-02-25 00:00",1,"Osebni avtomobil",595
"2026-02-25 00:00",1,"Kombinirano vozilo",14
"2026-02-25 00:00",1,"Težje tovorno vozilo",2
"2026-02-25 00:00",0,"Osebni avtomobil",208
"2026-02-25 00:00",0,"Težje tovorno vozilo",14
"2026-02-25 00:00",0,"Kombinirano vozilo",5
"2026-02-25 00:00",0,"Tovorno vozilo s prikolico",2
"2026-02-25 12:00",0,"Osebni avtomobil",751
"2026-02-25 12:00",0,"Težje tovorno vozilo",20
"2026-02-25 12:00",0,"Kombinirano vozilo",15
"2026-02-25 12:00",1,"Osebni avtomobil",445
"2026-02-25 12:00",1,"Kombinirano vozilo",15
"2026-02-25 12:00",1,"Težje tovorno vozilo",2
"2026-02-26 00:00",1,"Osebni avtomobil",576
"2026-02-26 00:00",1,"Kombinirano vozilo",21
"2026-02-26 00:00",1,"Težje tovorno vozilo",5
"2026-02-26 00:00",0,"Osebni avtomobil",201
"2026-02-26 00:00",0,"Kombinirano vozilo",18
"2026-02-26 00:00",0,"Težje tovorno vozilo",14
"2026-02-26 12:00",0,"Osebni avtomobil",634
"2026-02-26 12:00",0,"Težje tovorno vozilo",16
"2026-02-26 12:00",0,"Kombinirano vozilo",11
"2026-02-26 12:00",0,"Tovorno vozilo s prikolico",1
"2026-02-26 12:00",1,"Osebni avtomobil",493
"2026-02-26 12:00",1,"Kombinirano vozilo",13
"2026-02-26 12:00",1,"Težje tovorno vozilo",3
"2026-02-27 00:00",1,"Osebni avtomobil",570
"2026-02-27 00:00",1,"Kombinirano vozilo",17
"2026-02-27 00:00",1,"Težje tovorno vozilo",1
"2026-02-27 00:00",1,"Tovorno vozilo s prikolico",1
"2026-02-27 00:00",0,"Osebni avtomobil",205
"2026-02-27 00:00",0,"Težje tovorno vozilo",16
"2026-02-27 00:00",0,"Kombinirano vozilo",13
"2026-02-27 00:00",0,"Tovorno vozilo s prikolico",1
"2026-02-27 12:00",0,"Osebni avtomobil",743
"2026-02-27 12:00",0,"Težje tovorno vozilo",20
"2026-02-27 12:00",0,"Kombinirano vozilo",13
"2026-02-27 12:00",0,"Tovorno vozilo s prikolico",1
"2026-02-27 12:00",1,"Osebni avtomobil",457
"2026-02-27 12:00",1,"Kombinirano vozilo",14
"2026-02-27 12:00",1,"Težje tovorno vozilo",2
"2026-02-28 00:00",1,"Osebni avtomobil",329
"2026-02-28 00:00",1,"Kombinirano vozilo",11
"2026-02-28 00:00",0,"Osebni avtomobil",169
"2026-02-28 00:00",0,"Kombinirano vozilo",9
"2026-02-28 00:00",0,"Težje tovorno vozilo",4
"2026-02-28 12:00",0,"Osebni avtomobil",549
"2026-02-28 12:00",0,"Kombinirano vozilo",5
"2026-02-28 12:00",0,"Težje tovorno vozilo",5
"2026-02-28 12:00",1,"Osebni avtomobil",422
"2026-02-28 12:00",1,"Kombinirano vozilo",6
"2026-02-28 12:00",1,"Težje tovorno vozilo",1
"2026-03-01 00:00",1,"Osebni avtomobil",195
"2026-03-01 00:00",1,"Kombinirano vozilo",3
"2026-03-01 00:00",0,"Osebni avtomobil",134
"2026-03-01 00:00",0,"Kombinirano vozilo",2
"2026-03-01 00:00",0,"Težje tovorno vozilo",1
"2026-03-01 12:00",0,"Osebni avtomobil",448
"2026-03-01 12:00",0,"Kombinirano vozilo",6
"2026-03-01 12:00",0,"Težje tovorno vozilo",5
"2026-03-01 12:00",1,"Osebni avtomobil",388
"2026-03-01 12:00",1,"Kombinirano vozilo",3
"2026-03-02 00:00",1,"Osebni avtomobil",547
"2026-03-02 00:00",1,"Kombinirano vozilo",23
"2026-03-02 00:00",1,"Težje tovorno vozilo",1
"2026-03-02 00:00",0,"Osebni avtomobil",207
"2026-03-02 00:00",0,"Kombinirano vozilo",28
"2026-03-02 00:00",0,"Težje tovorno vozilo",14
"2026-03-02 12:00",0,"Osebni avtomobil",696
"2026-03-02 12:00",0,"Težje tovorno vozilo",21
"2026-03-02 12:00",0,"Kombinirano vozilo",5
"2026-03-02 12:00",0,"Tovorno vozilo s prikolico",2
"2026-03-02 12:00",1,"Osebni avtomobil",412
"2026-03-02 12:00",1,"Kombinirano vozilo",12
"2026-03-02 12:00",1,"Težje tovorno vozilo",7
"2026-03-02 12:00",1,"Tovorno vozilo s prikolico",1
"2026-03-03 00:00",1,"Osebni avtomobil",593
"2026-03-03 00:00",1,"Kombinirano vozilo",12
"2026-03-03 00:00",1,"Težje tovorno vozilo",4
"2026-03-03 00:00",1,"Tovorno vozilo s prikolico",1
"2026-03-03 00:00",0,"Osebni avtomobil",193
"2026-03-03 00:00",0,"Težje tovorno vozilo",16
"2026-03-03 00:00",0,"Kombinirano vozilo",13
"2026-03-03 12:00",0,"Osebni avtomobil",747
"2026-03-03 12:00",0,"Težje tovorno vozilo",21
"2026-03-03 12:00",0,"Kombinirano vozilo",18
"2026-03-03 12:00",1,"Osebni avtomobil",404
"2026-03-03 12:00",1,"Kombinirano vozilo",10
"2026-03-03 12:00",1,"Težje tovorno vozilo",8
"2026-03-04 00:00",1,"Osebni avtomobil",546
"2026-03-04 00:00",1,"Kombinirano vozilo",16
"2026-03-04 00:00",1,"Težje tovorno vozilo",8
"2026-03-04 00:00",0,"Osebni avtomobil",191
"2026-03-04 00:00",0,"Kombinirano vozilo",22
"2026-03-04 00:00",0,"Težje tovorno vozilo",21
"2026-03-04 12:00",0,"Osebni avtomobil",716
"2026-03-04 12:00",0,"Kombinirano vozilo",20
"2026-03-04 12:00",0,"Težje tovorno vozilo",17
"2026-03-04 12:00",1,"Osebni avtomobil",429
"2026-03-04 12:00",1,"Kombinirano vozilo",15
"2026-03-04 12:00",1,"Težje tovorno vozilo",6
"2026-03-05 00:00",1,"Osebni avtomobil",554
"2026-03-05 00:00",1,"Kombinirano vozilo",20
"2026-03-05 00:00",1,"Težje tovorno vozilo",4
"2026-03-05 00:00",1,"Tovorno vozilo s prikolico",1
"2026-03-05 00:00",0,"Osebni avtomobil",206
"2026-03-05 00:00",0,"Težje tovorno vozilo",18
"2026-03-05 00:00",0,"Kombinirano vozilo",15
"2026-03-05 12:00",0,"Osebni avtomobil",724
"2026-03-05 12:00",0,"Kombinirano vozilo",22
"2026-03-05 12:00",0,"Težje tovorno vozilo",18
"2026-03-05 12:00",1,"Osebni avtomobil",450
"2026-03-05 12:00",1,"Kombinirano vozilo",12
"2026-03-05 12:00",1,"Težje tovorno vozilo",6
"2026-03-05 12:00",1,"Tovorno vozilo s prikolico",1
"2026-03-06 00:00",1,"Osebni avtomobil",536
"2026-03-06 00:00",1,"Kombinirano vozilo",20
"2026-03-06 00:00",1,"Težje tovorno vozilo",3
"2026-03-06 00:00",0,"Osebni avtomobil",205
"2026-03-06 00:00",0,"Kombinirano vozilo",22
"2026-03-06 00:00",0,"Težje tovorno vozilo",16
"2026-03-06 12:00",0,"Osebni avtomobil",707
"2026-03-06 12:00",0,"Kombinirano vozilo",26
"2026-03-06 12:00",0,"Težje tovorno vozilo",16
"2026-03-06 12:00",0,"Tovorno vozilo s prikolico",1
"2026-03-06 12:00",1,"Osebni avtomobil",479
"2026-03-06 12:00",1,"Kombinirano vozilo",18
"2026-03-06 12:00",1,"Težje tovorno vozilo",4
"2026-03-07 00:00",1,"Osebni avtomobil",346
"2026-03-07 00:00",1,"Kombinirano vozilo",23
"2026-03-07 00:00",1,"Težje tovorno vozilo",3
"2026-03-07 00:00",0,"Osebni avtomobil",202
"2026-03-07 00:00",0,"Kombinirano vozilo",12
"2026-03-07 00:00",0,"Težje tovorno vozilo",10
"2026-03-07 12:00",0,"Osebni avtomobil",550
"2026-03-07 12:00",0,"Težje tovorno vozilo",11
"2026-03-07 12:00",0,"Kombinirano vozilo",9
"2026-03-07 12:00",1,"Osebni avtomobil",430
"2026-03-07 12:00",1,"Kombinirano vozilo",8
"2026-03-07 12:00",1,"Težje tovorno vozilo",1
"2026-03-08 00:00",1,"Osebni avtomobil",248
"2026-03-08 00:00",1,"Kombinirano vozilo",3
"2026-03-08 00:00",1,"Težje tovorno vozilo",1
"2026-03-08 00:00",0,"Osebni avtomobil",134
"2026-03-08 00:00",0,"Kombinirano vozilo",4
"2026-03-08 00:00",0,"Težje tovorno vozilo",2
"2026-03-08 12:00",0,"Osebni avtomobil",497
"2026-03-08 12:00",0,"Kombinirano vozilo",8
"2026-03-08 12:00",0,"Težje tovorno vozilo",6
"2026-03-08 12:00",1,"Osebni avtomobil",414
"2026-03-08 12:00",1,"Kombinirano vozilo",4
"2026-03-08 12:00",1,"Težje tovorno vozilo",2
"2026-03-09 00:00",1,"Osebni avtomobil",620
"2026-03-09 00:00",1,"Kombinirano vozilo",24
"2026-03-09 00:00",1,"Težje tovorno vozilo",3
"2026-03-09 00:00",0,"Osebni avtomobil",221
"2026-03-09 00:00",0,"Težje tovorno vozilo",19
"2026-03-09 00:00",0,"Kombinirano vozilo",15
"2026-03-09 00:00",0,"Tovorno vozilo s prikolico",1
"2026-03-09 12:00",0,"Osebni avtomobil",682
"2026-03-09 12:00",0,"Težje tovorno vozilo",20
"2026-03-09 12:00",0,"Kombinirano vozilo",18
"2026-03-09 12:00",0,"Tovorno vozilo s prikolico",1
"2026-03-09 12:00",1,"Osebni avtomobil",425
"2026-03-09 12:00",1,"Kombinirano vozilo",12
"2026-03-09 12:00",1,"Težje tovorno vozilo",2
"2026-03-10 00:00",1,"Osebni avtomobil",590
"2026-03-10 00:00",1,"Kombinirano vozilo",23
"2026-03-10 00:00",1,"Težje tovorno vozilo",5
"2026-03-10 00:00",0,"Osebni avtomobil",185
"2026-03-10 00:00",0,"Težje tovorno vozilo",20
"2026-03-10 00:00",0,"Kombinirano vozilo",18
"2026-03-10 12:00",0,"Osebni avtomobil",713
"2026-03-10 12:00",0,"Kombinirano vozilo",24
"2026-03-10 12:00",0,"Težje tovorno vozilo",20
"2026-03-10 12:00",1,"Osebni avtomobil",425
"2026-03-10 12:00",1,"Kombinirano vozilo",15
"2026-03-10 12:00",1,"Težje tovorno vozilo",3
"2026-03-11 00:00",1,"Osebni avtomobil",590
"2026-03-11 00:00",1,"Kombinirano vozilo",26
"2026-03-11 00:00",1,"Težje tovorno vozilo",5
"2026-03-11 00:00",0,"Osebni avtomobil",214
"2026-03-11 00:00",0,"Težje tovorno vozilo",20
"2026-03-11 00:00",0,"Kombinirano vozilo",16
"2026-03-11 12:00",0,"Osebni avtomobil",755
"2026-03-11 12:00",0,"Kombinirano vozilo",23
"2026-03-11 12:00",0,"Težje tovorno vozilo",21
"2026-03-11 12:00",1,"Osebni avtomobil",459
"2026-03-11 12:00",1,"Težje tovorno vozilo",8
"2026-03-11 12:00",1,"Kombinirano vozilo",7
"2026-03-12 00:00",1,"Osebni avtomobil",596
"2026-03-12 00:00",1,"Kombinirano vozilo",25
"2026-03-12 00:00",1,"Težje tovorno vozilo",3
"2026-03-12 00:00",0,"Osebni avtomobil",231
"2026-03-12 00:00",0,"Težje tovorno vozilo",18
"2026-03-12 00:00",0,"Kombinirano vozilo",17
"2026-03-12 00:00",0,"Tovorno vozilo s prikolico",1
"2026-03-12 12:00",0,"Osebni avtomobil",677
"2026-03-12 12:00",0,"Težje tovorno vozilo",19
"2026-03-12 12:00",0,"Kombinirano vozilo",14
"2026-03-12 12:00",1,"Osebni avtomobil",454
"2026-03-12 12:00",1,"Kombinirano vozilo",18
"2026-03-12 12:00",1,"Težje tovorno vozilo",8
"2026-03-12 12:00",1,"Tovorno vozilo s prikolico",1
"2026-03-13 00:00",1,"Osebni avtomobil",569
"2026-03-13 00:00",1,"Kombinirano vozilo",21
"2026-03-13 00:00",1,"Težje tovorno vozilo",3
"2026-03-13 00:00",0,"Osebni avtomobil",233
"2026-03-13 00:00",0,"Kombinirano vozilo",21
"2026-03-13 00:00",0,"Težje tovorno vozilo",15
"2026-03-13 12:00",0,"Osebni avtomobil",748
"2026-03-13 12:00",0,"Težje tovorno vozilo",25
"2026-03-13 12:00",0,"Kombinirano vozilo",22
"2026-03-13 12:00",0,"Tovorno vozilo s prikolico",1
"2026-03-13 12:00",1,"Osebni avtomobil",525
"2026-03-13 12:00",1,"Kombinirano vozilo",20
"2026-03-13 12:00",1,"Težje tovorno vozilo",9
"2026-03-14 00:00",1,"Osebni avtomobil",333
"2026-03-14 00:00",1,"Kombinirano vozilo",16
"2026-03-14 00:00",1,"Težje tovorno vozilo",3
"2026-03-14 00:00",0,"Osebni avtomobil",189
"2026-03-14 00:00",0,"Kombinirano vozilo",17
"2026-03-14 00:00",0,"Težje tovorno vozilo",5
"2026-03-14 12:00",0,"Osebni avtomobil",469
"2026-03-14 12:00",0,"Težje tovorno vozilo",7
"2026-03-14 12:00",0,"Kombinirano vozilo",6
"2026-03-14 12:00",0,"Tovorno vozilo s prikolico",1
"2026-03-14 12:00",1,"Osebni avtomobil",388
"2026-03-14 12:00",1,"Kombinirano vozilo",5
"2026-03-14 12:00",1,"Težje tovorno vozilo",1
"2026-03-15 00:00",1,"Osebni avtomobil",204
"2026-03-15 00:00",1,"Kombinirano vozilo",2
"2026-03-15 00:00",0,"Osebni avtomobil",156
"2026-03-15 00:00",0,"Kombinirano vozilo",5
"2026-03-15 00:00",0,"Težje tovorno vozilo",1
"2026-03-15 12:00",0,"Osebni avtomobil",415
"2026-03-15 12:00",0,"Kombinirano vozilo",9
"2026-03-15 12:00",0,"Težje tovorno vozilo",5
"2026-03-15 12:00",1,"Osebni avtomobil",393
"2026-03-15 12:00",1,"Kombinirano vozilo",4
"2026-03-15 12:00",1,"Težje tovorno vozilo",1
"2026-03-16 00:00",1,"Osebni avtomobil",584
"2026-03-16 00:00",1,"Kombinirano vozilo",21
"2026-03-16 00:00",1,"Težje tovorno vozilo",5
"2026-03-16 00:00",0,"Osebni avtomobil",214
"2026-03-16 00:00",0,"Kombinirano vozilo",23
"2026-03-16 00:00",0,"Težje tovorno vozilo",17
"2026-03-16 00:00",0,"Tovorno vozilo s prikolico",1
"2026-03-16 12:00",0,"Osebni avtomobil",659
"2026-03-16 12:00",0,"Težje tovorno vozilo",18
"2026-03-16 12:00",0,"Kombinirano vozilo",12
"2026-03-16 12:00",1,"Osebni avtomobil",411
"2026-03-16 12:00",1,"Kombinirano vozilo",15
"2026-03-16 12:00",1,"Težje tovorno vozilo",10
"2026-03-17 00:00",1,"Osebni avtomobil",553
"2026-03-17 00:00",1,"Kombinirano vozilo",17
"2026-03-17 00:00",1,"Težje tovorno vozilo",11
"2026-03-17 00:00",0,"Osebni avtomobil",228
"2026-03-17 00:00",0,"Težje tovorno vozilo",18
"2026-03-17 00:00",0,"Kombinirano vozilo",12
"2026-03-17 12:00",0,"Osebni avtomobil",689
"2026-03-17 12:00",0,"Težje tovorno vozilo",22
"2026-03-17 12:00",0,"Kombinirano vozilo",18
"2026-03-17 12:00",1,"Osebni avtomobil",457
"2026-03-17 12:00",1,"Kombinirano vozilo",11
"2026-03-17 12:00",1,"Težje tovorno vozilo",7
"2026-03-18 00:00",1,"Osebni avtomobil",560
"2026-03-18 00:00",1,"Kombinirano vozilo",20
"2026-03-18 00:00",1,"Težje tovorno vozilo",8
"2026-03-18 00:00",0,"Osebni avtomobil",204
"2026-03-18 00:00",0,"Kombinirano vozilo",18
"2026-03-18 00:00",0,"Težje tovorno vozilo",15
"2026-03-18 12:00",0,"Osebni avtomobil",708
"2026-03-18 12:00",0,"Težje tovorno vozilo",20
"2026-03-18 12:00",0,"Kombinirano vozilo",17
"2026-03-18 12:00",0,"Tovorno vozilo s prikolico",1
"2026-03-18 12:00",1,"Osebni avtomobil",454
"2026-03-18 12:00",1,"Kombinirano vozilo",16
"2026-03-18 12:00",1,"Težje tovorno vozilo",4
"2026-03-19 00:00",1,"Osebni avtomobil",598
"2026-03-19 00:00",1,"Kombinirano vozilo",16
"2026-03-19 00:00",1,"Težje tovorno vozilo",8
"2026-03-19 00:00",0,"Osebni avtomobil",205
"2026-03-19 00:00",0,"Kombinirano vozilo",23
"2026-03-19 00:00",0,"Težje tovorno vozilo",23
"2026-03-19 00:00",0,"Tovorno vozilo s prikolico",1
"2026-03-19 12:00",0,"Osebni avtomobil",696
"2026-03-19 12:00",0,"Težje tovorno vozilo",24
"2026-03-19 12:00",0,"Kombinirano vozilo",21
"2026-03-19 12:00",1,"Osebni avtomobil",464
"2026-03-19 12:00",1,"Kombinirano vozilo",17
"2026-03-19 12:00",1,"Težje tovorno vozilo",12
"2026-03-20 00:00",1,"Osebni avtomobil",539
"2026-03-20 00:00",1,"Kombinirano vozilo",21
"2026-03-20 00:00",1,"Težje tovorno vozilo",6
"2026-03-20 00:00",0,"Osebni avtomobil",212
"2026-03-20 00:00",0,"Kombinirano vozilo",28
"2026-03-20 00:00",0,"Težje tovorno vozilo",23
"2026-03-20 00:00",0,"Tovorno vozilo s prikolico",1
"2026-03-20 12:00",0,"Osebni avtomobil",694
"2026-03-20 12:00",0,"Težje tovorno vozilo",23
"2026-03-20 12:00",0,"Kombinirano vozilo",20
"2026-03-20 12:00",1,"Osebni avtomobil",496
"2026-03-20 12:00",1,"Kombinirano vozilo",18
"2026-03-20 12:00",1,"Težje tovorno vozilo",10
"2026-03-20 12:00",1,"Tovorno vozilo s prikolico",1
"2026-03-21 00:00",1,"Osebni avtomobil",332
"2026-03-21 00:00",1,"Kombinirano vozilo",9
"2026-03-21 00:00",1,"Težje tovorno vozilo",3
"2026-03-21 00:00",0,"Osebni avtomobil",184
"2026-03-21 00:00",0,"Kombinirano vozilo",12
"2026-03-21 00:00",0,"Težje tovorno vozilo",6
"2026-03-21 00:00",0,"Tovorno vozilo s prikolico",1
"2026-03-21 12:00",0,"Osebni avtomobil",476
"2026-03-21 12:00",0,"Kombinirano vozilo",11
"2026-03-21 12:00",0,"Težje tovorno vozilo",5
"2026-03-21 12:00",1,"Osebni avtomobil",385
"2026-03-21 12:00",1,"Kombinirano vozilo",4
"2026-03-22 00:00",1,"Osebni avtomobil",200
"2026-03-22 00:00",1,"Kombinirano vozilo",4
"2026-03-22 00:00",0,"Osebni avtomobil",164
"2026-03-22 00:00",0,"Kombinirano vozilo",9
"2026-03-22 12:00",0,"Osebni avtomobil",409
"2026-03-22 12:00",0,"Težje tovorno vozilo",6
"2026-03-22 12:00",0,"Kombinirano vozilo",2
"2026-03-22 12:00",1,"Osebni avtomobil",374
"2026-03-22 12:00",1,"Kombinirano vozilo",4
"2026-03-23 00:00",1,"Osebni avtomobil",555
"2026-03-23 00:00",1,"Kombinirano vozilo",20
"2026-03-23 00:00",1,"Težje tovorno vozilo",2
"2026-03-23 00:00",0,"Osebni avtomobil",203
"2026-03-23 00:00",0,"Kombinirano vozilo",21
"2026-03-23 00:00",0,"Težje tovorno vozilo",14
"2026-03-23 00:00",0,"Tovorno vozilo s prikolico",2
"2026-03-23 12:00",0,"Osebni avtomobil",686
"2026-03-23 12:00",0,"Kombinirano vozilo",21
"2026-03-23 12:00",0,"Težje tovorno vozilo",18
"2026-03-23 12:00",1,"Osebni avtomobil",450
"2026-03-23 12:00",1,"Kombinirano vozilo",15
"2026-03-23 12:00",1,"Težje tovorno vozilo",6
"2026-03-24 00:00",1,"Osebni avtomobil",582
"2026-03-24 00:00",1,"Kombinirano vozilo",13
"2026-03-24 00:00",1,"Težje tovorno vozilo",11
"2026-03-24 00:00",0,"Osebni avtomobil",226
"2026-03-24 00:00",0,"Kombinirano vozilo",24
"2026-03-24 00:00",0,"Težje tovorno vozilo",18
"2026-03-24 00:00",0,"Tovorno vozilo s prikolico",2
"2026-03-24 12:00",0,"Osebni avtomobil",735
"2026-03-24 12:00",0,"Kombinirano vozilo",25
"2026-03-24 12:00",0,"Težje tovorno vozilo",25
"2026-03-24 12:00",0,"Tovorno vozilo s prikolico",1
"2026-03-24 12:00",1,"Osebni avtomobil",444
"2026-03-24 12:00",1,"Kombinirano vozilo",23
"2026-03-24 12:00",1,"Težje tovorno vozilo",5
"2026-03-25 00:00",1,"Osebni avtomobil",571
"2026-03-25 00:00",1,"Kombinirano vozilo",25
"2026-03-25 00:00",1,"Težje tovorno vozilo",2
"2026-03-25 00:00",1,"Tovorno vozilo s prikolico",1
"2026-03-25 00:00",0,"Osebni avtomobil",219
"2026-03-25 00:00",0,"Kombinirano vozilo",22
"2026-03-25 00:00",0,"Težje tovorno vozilo",13
"2026-03-25 00:00",0,"Tovorno vozilo s prikolico",1
"2026-03-25 12:00",0,"Osebni avtomobil",734
"2026-03-25 12:00",0,"Kombinirano vozilo",31
"2026-03-25 12:00",0,"Težje tovorno vozilo",29
"2026-03-25 12:00",1,"Osebni avtomobil",511
"2026-03-25 12:00",1,"Kombinirano vozilo",24
"2026-03-25 12:00",1,"Težje tovorno vozilo",8
"2026-03-26 00:00",1,"Osebni avtomobil",494
"2026-03-26 00:00",1,"Kombinirano vozilo",25
"2026-03-26 00:00",1,"Težje tovorno vozilo",2
"2026-03-26 00:00",0,"Osebni avtomobil",188
"2026-03-26 00:00",0,"Težje tovorno vozilo",17
"2026-03-26 00:00",0,"Kombinirano vozilo",10
"2026-03-26 12:00",0,"Osebni avtomobil",641
"2026-03-26 12:00",0,"Težje tovorno vozilo",14
"2026-03-26 12:00",0,"Kombinirano vozilo",10
"2026-03-26 12:00",1,"Osebni avtomobil",305
"2026-03-26 12:00",1,"Kombinirano vozilo",9
"2026-03-26 12:00",1,"Težje tovorno vozilo",1
"2026-03-27 00:00",1,"Osebni avtomobil",414
"2026-03-27 00:00",1,"Kombinirano vozilo",9
"2026-03-27 00:00",1,"Težje tovorno vozilo",1
"2026-03-27 00:00",0,"Osebni avtomobil",157
"2026-03-27 00:00",0,"Težje tovorno vozilo",11
"2026-03-27 00:00",0,"Kombinirano vozilo",8
"2026-03-27 12:00",0,"Osebni avtomobil",605
"2026-03-27 12:00",0,"Težje tovorno vozilo",12
"2026-03-27 12:00",0,"Kombinirano vozilo",7
"2026-03-27 12:00",1,"Osebni avtomobil",396
"2026-03-27 12:00",1,"Kombinirano vozilo",8
"2026-03-27 12:00",1,"Težje tovorno vozilo",2
"2026-03-28 00:00",1,"Osebni avtomobil",335
"2026-03-28 00:00",1,"Kombinirano vozilo",9
"2026-03-28 00:00",0,"Osebni avtomobil",189
"2026-03-28 00:00",0,"Kombinirano vozilo",11
"2026-03-28 00:00",0,"Težje tovorno vozilo",4
"2026-03-28 12:00",0,"Osebni avtomobil",494
"2026-03-28 12:00",0,"Kombinirano vozilo",9
"2026-03-28 12:00",0,"Težje tovorno vozilo",3
"2026-03-28 12:00",1,"Osebni avtomobil",407
"2026-03-28 12:00",1,"Kombinirano vozilo",2
"2026-03-29 00:00",1,"Osebni avtomobil",190
"2026-03-29 00:00",0,"Osebni avtomobil",124
"2026-03-29 00:00",0,"Kombinirano vozilo",1
"2026-03-29 00:00",0,"Težje tovorno vozilo",1
"2026-03-29 12:00",0,"Osebni avtomobil",408
"2026-03-29 12:00",0,"Kombinirano vozilo",3
"2026-03-29 12:00",0,"Težje tovorno vozilo",2
"2026-03-29 12:00",1,"Osebni avtomobil",303
"2026-03-29 12:00",1,"Kombinirano vozilo",2
"2026-03-30 00:00",1,"Osebni avtomobil",546
"2026-03-30 00:00",1,"Kombinirano vozilo",24
"2026-03-30 00:00",1,"Težje tovorno vozilo",2
"2026-03-30 00:00",0,"Osebni avtomobil",208
"2026-03-30 00:00",0,"Kombinirano vozilo",15
"2026-03-30 00:00",0,"Težje tovorno vozilo",11
"2026-03-30 12:00",0,"Osebni avtomobil",707
"2026-03-30 12:00",0,"Težje tovorno vozilo",20
"2026-03-30 12:00",0,"Kombinirano vozilo",14
"2026-03-30 12:00",0,"Tovorno vozilo s prikolico",2
"2026-03-30 12:00",1,"Osebni avtomobil",434
"2026-03-30 12:00",1,"Kombinirano vozilo",20
"2026-03-30 12:00",1,"Težje tovorno vozilo",5
"2026-03-31 00:00",1,"Osebni avtomobil",521
"2026-03-31 00:00",1,"Kombinirano vozilo",14
"2026-03-31 00:00",1,"Težje tovorno vozilo",2
"2026-03-31 00:00",0,"Osebni avtomobil",181
"2026-03-31 00:00",0,"Kombinirano vozilo",22
"2026-03-31 00:00",0,"Težje tovorno vozilo",13
"2026-03-31 12:00",0,"Osebni avtomobil",742
"2026-03-31 12:00",0,"Težje tovorno vozilo",18
"2026-03-31 12:00",0,"Kombinirano vozilo",13
"2026-03-31 12:00",1,"Osebni avtomobil",497
"2026-03-31 12:00",1,"Kombinirano vozilo",15
"2026-03-31 12:00",1,"Težje tovorno vozilo",4
"2026-04-01 00:00",1,"Osebni avtomobil",564
"2026-04-01 00:00",1,"Kombinirano vozilo",13
"2026-04-01 00:00",1,"Težje tovorno vozilo",4
"2026-04-01 00:00",0,"Osebni avtomobil",214
"2026-04-01 00:00",0,"Kombinirano vozilo",15
"2026-04-01 00:00",0,"Težje tovorno vozilo",15
"2026-04-01 12:00",0,"Osebni avtomobil",746
"2026-04-01 12:00",0,"Kombinirano vozilo",18
"2026-04-01 12:00",0,"Težje tovorno vozilo",16
"2026-04-01 12:00",1,"Osebni avtomobil",469
"2026-04-01 12:00",1,"Kombinirano vozilo",9
"2026-04-01 12:00",1,"Težje tovorno vozilo",2
"2026-04-02 00:00",1,"Osebni avtomobil",565
"2026-04-02 00:00",1,"Kombinirano vozilo",18
"2026-04-02 00:00",1,"Težje tovorno vozilo",6
"2026-04-02 00:00",0,"Osebni avtomobil",210
"2026-04-02 00:00",0,"Kombinirano vozilo",20
"2026-04-02 00:00",0,"Težje tovorno vozilo",15
"2026-04-02 12:00",0,"Osebni avtomobil",783
"2026-04-02 12:00",0,"Težje tovorno vozilo",20
"2026-04-02 12:00",0,"Kombinirano vozilo",19
"2026-04-02 12:00",1,"Osebni avtomobil",466
"2026-04-02 12:00",1,"Kombinirano vozilo",17
"2026-04-02 12:00",1,"Težje tovorno vozilo",4
"2026-04-03 00:00",1,"Osebni avtomobil",580
"2026-04-03 00:00",1,"Kombinirano vozilo",10
"2026-04-03 00:00",1,"Težje tovorno vozilo",3
"2026-04-03 00:00",0,"Osebni avtomobil",255
"2026-04-03 00:00",0,"Kombinirano vozilo",18
"2026-04-03 00:00",0,"Težje tovorno vozilo",7
"2026-04-03 12:00",0,"Osebni avtomobil",720
"2026-04-03 12:00",0,"Kombinirano vozilo",23
"2026-04-03 12:00",0,"Težje tovorno vozilo",13
"2026-04-03 12:00",1,"Osebni avtomobil",440
"2026-04-03 12:00",1,"Kombinirano vozilo",13
"2026-04-03 12:00",1,"Težje tovorno vozilo",1
"2026-04-04 00:00",1,"Osebni avtomobil",302
"2026-04-04 00:00",1,"Kombinirano vozilo",9
"2026-04-04 00:00",1,"Težje tovorno vozilo",1
"2026-04-04 00:00",0,"Osebni avtomobil",198
"2026-04-04 00:00",0,"Težje tovorno vozilo",5
"2026-04-04 00:00",0,"Kombinirano vozilo",3
"2026-04-04 12:00",0,"Osebni avtomobil",442
"2026-04-04 12:00",0,"Kombinirano vozilo",8
"2026-04-04 12:00",0,"Težje tovorno vozilo",5
"2026-04-04 12:00",1,"Osebni avtomobil",393
"2026-04-04 12:00",1,"Kombinirano vozilo",2
"2026-04-04 12:00",1,"Težje tovorno vozilo",1
"2026-04-05 00:00",1,"Osebni avtomobil",186
"2026-04-05 00:00",1,"Kombinirano vozilo",1
"2026-04-05 00:00",0,"Osebni avtomobil",149
"2026-04-05 00:00",0,"Kombinirano vozilo",1
"2026-04-05 12:00",0,"Osebni avtomobil",483
"2026-04-05 12:00",0,"Kombinirano vozilo",4
"2026-04-05 12:00",0,"Težje tovorno vozilo",3
"2026-04-05 12:00",1,"Osebni avtomobil",399
"2026-04-05 12:00",1,"Kombinirano vozilo",4
"2026-04-06 00:00",1,"Osebni avtomobil",196
"2026-04-06 00:00",1,"Kombinirano vozilo",3
"2026-04-06 00:00",0,"Osebni avtomobil",138
"2026-04-06 00:00",0,"Kombinirano vozilo",4
"2026-04-06 12:00",0,"Osebni avtomobil",460
"2026-04-06 12:00",0,"Kombinirano vozilo",7
"2026-04-06 12:00",0,"Težje tovorno vozilo",3
"2026-04-06 12:00",1,"Osebni avtomobil",396
"2026-04-06 12:00",1,"Kombinirano vozilo",1
"2026-04-07 00:00",1,"Osebni avtomobil",590
"2026-04-07 00:00",1,"Kombinirano vozilo",14
"2026-04-07 00:00",1,"Težje tovorno vozilo",7
"2026-04-07 00:00",0,"Osebni avtomobil",229
"2026-04-07 00:00",0,"Težje tovorno vozilo",21
"2026-04-07 00:00",0,"Kombinirano vozilo",14
"2026-04-07 12:00",0,"Osebni avtomobil",723
"2026-04-07 12:00",0,"Težje tovorno vozilo",19
"2026-04-07 12:00",0,"Kombinirano vozilo",15
"2026-04-07 12:00",1,"Osebni avtomobil",448
"2026-04-07 12:00",1,"Kombinirano vozilo",14
"2026-04-07 12:00",1,"Težje tovorno vozilo",6
"2026-04-08 00:00",1,"Osebni avtomobil",571
"2026-04-08 00:00",1,"Kombinirano vozilo",12
"2026-04-08 00:00",1,"Težje tovorno vozilo",4
"2026-04-08 00:00",0,"Osebni avtomobil",238
"2026-04-08 00:00",0,"Kombinirano vozilo",12
"2026-04-08 00:00",0,"Težje tovorno vozilo",11
"2026-04-08 12:00",0,"Osebni avtomobil",694
"2026-04-08 12:00",0,"Težje tovorno vozilo",16
"2026-04-08 12:00",0,"Kombinirano vozilo",12
"2026-04-08 12:00",1,"Osebni avtomobil",460
"2026-04-08 12:00",1,"Kombinirano vozilo",14
"2026-04-08 12:00",1,"Težje tovorno vozilo",2
"2026-04-09 00:00",1,"Osebni avtomobil",603
"2026-04-09 00:00",1,"Kombinirano vozilo",14
"2026-04-09 00:00",1,"Težje tovorno vozilo",5
"2026-04-09 00:00",1,"Tovorno vozilo s prikolico",1
"2026-04-09 00:00",0,"Osebni avtomobil",228
"2026-04-09 00:00",0,"Kombinirano vozilo",17
"2026-04-09 00:00",0,"Težje tovorno vozilo",12
"2026-04-09 00:00",0,"Tovorno vozilo s prikolico",1
"2026-04-09 12:00",0,"Osebni avtomobil",775
"2026-04-09 12:00",0,"Kombinirano vozilo",25
"2026-04-09 12:00",0,"Težje tovorno vozilo",14
"2026-04-09 12:00",1,"Osebni avtomobil",482
"2026-04-09 12:00",1,"Kombinirano vozilo",10
"2026-04-09 12:00",1,"Težje tovorno vozilo",3
"2026-04-10 00:00",1,"Osebni avtomobil",591
"2026-04-10 00:00",1,"Kombinirano vozilo",14
"2026-04-10 00:00",1,"Težje tovorno vozilo",1
"2026-04-10 00:00",1,"Tovorno vozilo s prikolico",1
"2026-04-10 00:00",0,"Osebni avtomobil",233
"2026-04-10 00:00",0,"Kombinirano vozilo",18
"2026-04-10 00:00",0,"Težje tovorno vozilo",12
"2026-04-10 12:00",0,"Osebni avtomobil",751
"2026-04-10 12:00",0,"Kombinirano vozilo",19
"2026-04-10 12:00",0,"Težje tovorno vozilo",15
"2026-04-10 12:00",1,"Osebni avtomobil",482
"2026-04-10 12:00",1,"Kombinirano vozilo",14
"2026-04-10 12:00",1,"Težje tovorno vozilo",2
"2026-04-11 00:00",1,"Osebni avtomobil",329
"2026-04-11 00:00",1,"Kombinirano vozilo",7
"2026-04-11 00:00",1,"Težje tovorno vozilo",3
"2026-04-11 00:00",0,"Osebni avtomobil",191
"2026-04-11 00:00",0,"Kombinirano vozilo",12
"2026-04-11 00:00",0,"Težje tovorno vozilo",5
"2026-04-11 12:00",0,"Osebni avtomobil",524
"2026-04-11 12:00",0,"Kombinirano vozilo",8
"2026-04-11 12:00",0,"Težje tovorno vozilo",8
"2026-04-11 12:00",1,"Osebni avtomobil",439
"2026-04-11 12:00",1,"Kombinirano vozilo",3
"2026-04-12 00:00",1,"Osebni avtomobil",209
"2026-04-12 00:00",1,"Kombinirano vozilo",2
"2026-04-12 00:00",0,"Osebni avtomobil",145
"2026-04-12 00:00",0,"Kombinirano vozilo",4
"2026-04-12 12:00",0,"Osebni avtomobil",481
"2026-04-12 12:00",0,"Kombinirano vozilo",8
"2026-04-12 12:00",0,"Težje tovorno vozilo",2
"2026-04-12 12:00",1,"Osebni avtomobil",398
"2026-04-12 12:00",1,"Kombinirano vozilo",5
"2026-04-12 12:00",1,"Težje tovorno vozilo",1
"2026-04-13 00:00",1,"Osebni avtomobil",604
"2026-04-13 00:00",1,"Kombinirano vozilo",17
"2026-04-13 00:00",1,"Težje tovorno vozilo",5
"2026-04-13 00:00",0,"Osebni avtomobil",225
"2026-04-13 00:00",0,"Kombinirano vozilo",19
"2026-04-13 00:00",0,"Težje tovorno vozilo",16
"2026-04-13 12:00",0,"Osebni avtomobil",746
"2026-04-13 12:00",0,"Kombinirano vozilo",19
"2026-04-13 12:00",0,"Težje tovorno vozilo",17
"2026-04-13 12:00",1,"Osebni avtomobil",421
"2026-04-13 12:00",1,"Kombinirano vozilo",9
"2026-04-13 12:00",1,"Težje tovorno vozilo",7
"2026-04-14 00:00",1,"Osebni avtomobil",554
"2026-04-14 00:00",1,"Kombinirano vozilo",18
"2026-04-14 00:00",1,"Težje tovorno vozilo",10
"2026-04-14 00:00",0,"Osebni avtomobil",218
"2026-04-14 00:00",0,"Težje tovorno vozilo",22
"2026-04-14 00:00",0,"Kombinirano vozilo",15
"2026-04-14 12:00",0,"Osebni avtomobil",725
"2026-04-14 12:00",0,"Težje tovorno vozilo",18
"2026-04-14 12:00",0,"Kombinirano vozilo",15
"2026-04-14 12:00",1,"Osebni avtomobil",433
"2026-04-14 12:00",1,"Kombinirano vozilo",15
"2026-04-14 12:00",1,"Težje tovorno vozilo",8
"2026-04-15 00:00",1,"Osebni avtomobil",575
"2026-04-15 00:00",1,"Kombinirano vozilo",16
"2026-04-15 00:00",1,"Težje tovorno vozilo",3
"2026-04-15 00:00",0,"Osebni avtomobil",211
"2026-04-15 00:00",0,"Težje tovorno vozilo",10
"2026-04-15 00:00",0,"Kombinirano vozilo",9
"2026-04-15 12:00",0,"Osebni avtomobil",781
"2026-04-15 12:00",0,"Kombinirano vozilo",19
"2026-04-15 12:00",0,"Težje tovorno vozilo",15
"2026-04-15 12:00",1,"Osebni avtomobil",490
"2026-04-15 12:00",1,"Kombinirano vozilo",20
"2026-04-15 12:00",1,"Težje tovorno vozilo",3
"2026-04-16 00:00",1,"Osebni avtomobil",578
"2026-04-16 00:00",1,"Kombinirano vozilo",19
"2026-04-16 00:00",1,"Težje tovorno vozilo",3
"2026-04-16 00:00",0,"Osebni avtomobil",231
"2026-04-16 00:00",0,"Kombinirano vozilo",16
"2026-04-16 00:00",0,"Težje tovorno vozilo",16
"2026-04-16 12:00",0,"Osebni avtomobil",778
"2026-04-16 12:00",0,"Kombinirano vozilo",25
"2026-04-16 12:00",0,"Težje tovorno vozilo",15
"2026-04-16 12:00",0,"Tovorno vozilo s prikolico",1
"2026-04-16 12:00",1,"Osebni avtomobil",497
"2026-04-16 12:00",1,"Kombinirano vozilo",16
"2026-04-16 12:00",1,"Težje tovorno vozilo",1
"2026-04-17 00:00",1,"Osebni avtomobil",580
"2026-04-17 00:00",1,"Kombinirano vozilo",18
"2026-04-17 00:00",1,"Težje tovorno vozilo",3
"2026-04-17 00:00",0,"Osebni avtomobil",237
"2026-04-17 00:00",0,"Kombinirano vozilo",18
"2026-04-17 00:00",0,"Težje tovorno vozilo",13
"2026-04-17 12:00",0,"Osebni avtomobil",741
"2026-04-17 12:00",0,"Težje tovorno vozilo",16
"2026-04-17 12:00",0,"Kombinirano vozilo",10
"2026-04-17 12:00",1,"Osebni avtomobil",495
"2026-04-17 12:00",1,"Kombinirano vozilo",10
"2026-04-18 00:00",1,"Osebni avtomobil",353
"2026-04-18 00:00",1,"Kombinirano vozilo",9
"2026-04-18 00:00",1,"Težje tovorno vozilo",2
"2026-04-18 00:00",0,"Osebni avtomobil",226
"2026-04-18 00:00",0,"Kombinirano vozilo",10
"2026-04-18 00:00",0,"Težje tovorno vozilo",7
"2026-04-18 12:00",0,"Osebni avtomobil",563
"2026-04-18 12:00",0,"Kombinirano vozilo",17
"2026-04-18 12:00",0,"Težje tovorno vozilo",8
"2026-04-18 12:00",1,"Osebni avtomobil",439
"2026-04-18 12:00",1,"Kombinirano vozilo",8
"2026-04-18 12:00",1,"Težje tovorno vozilo",1
"2026-04-19 00:00",1,"Osebni avtomobil",222
"2026-04-19 00:00",1,"Kombinirano vozilo",2
"2026-04-19 00:00",1,"Težje tovorno vozilo",1
"2026-04-19 00:00",0,"Osebni avtomobil",146
"2026-04-19 00:00",0,"Kombinirano vozilo",8
"2026-04-19 12:00",0,"Osebni avtomobil",440
"2026-04-19 12:00",0,"Kombinirano vozilo",4
"2026-04-19 12:00",0,"Težje tovorno vozilo",4
"2026-04-19 12:00",1,"Osebni avtomobil",372
"2026-04-19 12:00",1,"Kombinirano vozilo",4
"2026-04-19 12:00",1,"Težje tovorno vozilo",1
"2026-04-20 00:00",1,"Osebni avtomobil",589
"2026-04-20 00:00",1,"Kombinirano vozilo",10
"2026-04-20 00:00",1,"Težje tovorno vozilo",5
"2026-04-20 00:00",0,"Osebni avtomobil",221
"2026-04-20 00:00",0,"Težje tovorno vozilo",12
"2026-04-20 00:00",0,"Kombinirano vozilo",7
"2026-04-20 12:00",0,"Osebni avtomobil",617
"2026-04-20 12:00",0,"Kombinirano vozilo",12
"2026-04-20 12:00",0,"Težje tovorno vozilo",8
"2026-04-20 12:00",1,"Osebni avtomobil",377
"2026-04-20 12:00",1,"Kombinirano vozilo",18
"2026-04-20 12:00",1,"Težje tovorno vozilo",6
"2026-04-21 00:00",1,"Osebni avtomobil",581
"2026-04-21 00:00",1,"Kombinirano vozilo",15
"2026-04-21 00:00",1,"Težje tovorno vozilo",5
"2026-04-21 00:00",0,"Osebni avtomobil",210
"2026-04-21 00:00",0,"Kombinirano vozilo",14
"2026-04-21 00:00",0,"Težje tovorno vozilo",10
"2026-04-21 00:00",0,"Tovorno vozilo s prikolico",1
"2026-04-21 12:00",0,"Osebni avtomobil",711
"2026-04-21 12:00",0,"Težje tovorno vozilo",18
"2026-04-21 12:00",0,"Kombinirano vozilo",16
"2026-04-21 12:00",1,"Osebni avtomobil",412
"2026-04-21 12:00",1,"Kombinirano vozilo",11
"2026-04-21 12:00",1,"Težje tovorno vozilo",5
"2026-04-22 00:00",1,"Osebni avtomobil",577
"2026-04-22 00:00",1,"Kombinirano vozilo",13
"2026-04-22 00:00",1,"Težje tovorno vozilo",4
"2026-04-22 00:00",0,"Osebni avtomobil",202
"2026-04-22 00:00",0,"Težje tovorno vozilo",17
"2026-04-22 00:00",0,"Kombinirano vozilo",9
"2026-04-22 12:00",0,"Osebni avtomobil",820
"2026-04-22 12:00",0,"Težje tovorno vozilo",18
"2026-04-22 12:00",0,"Kombinirano vozilo",13
"2026-04-22 12:00",0,"Tovorno vozilo s prikolico",2
"2026-04-22 12:00",1,"Osebni avtomobil",478
"2026-04-22 12:00",1,"Kombinirano vozilo",13
"2026-04-22 12:00",1,"Težje tovorno vozilo",7
"2026-04-23 00:00",1,"Osebni avtomobil",591
"2026-04-23 00:00",1,"Kombinirano vozilo",19
"2026-04-23 00:00",1,"Težje tovorno vozilo",5
"2026-04-23 00:00",0,"Osebni avtomobil",236
"2026-04-23 00:00",0,"Kombinirano vozilo",21
"2026-04-23 00:00",0,"Težje tovorno vozilo",14
"2026-04-23 00:00",0,"Tovorno vozilo s prikolico",1
"2026-04-23 12:00",0,"Osebni avtomobil",751
"2026-04-23 12:00",0,"Kombinirano vozilo",19
"2026-04-23 12:00",0,"Težje tovorno vozilo",15
"2026-04-23 12:00",1,"Osebni avtomobil",490
"2026-04-23 12:00",1,"Kombinirano vozilo",10
"2026-04-23 12:00",1,"Težje tovorno vozilo",8
"2026-04-24 00:00",1,"Osebni avtomobil",591
"2026-04-24 00:00",1,"Kombinirano vozilo",12
"2026-04-24 00:00",1,"Težje tovorno vozilo",3
"2026-04-24 00:00",0,"Osebni avtomobil",248
"2026-04-24 00:00",0,"Težje tovorno vozilo",16
"2026-04-24 00:00",0,"Kombinirano vozilo",14
"2026-04-24 00:00",0,"Tovorno vozilo s prikolico",1
"2026-04-24 12:00",0,"Osebni avtomobil",711
"2026-04-24 12:00",0,"Kombinirano vozilo",21
"2026-04-24 12:00",0,"Težje tovorno vozilo",17
"2026-04-24 12:00",1,"Osebni avtomobil",503
"2026-04-24 12:00",1,"Kombinirano vozilo",18
"2026-04-24 12:00",1,"Težje tovorno vozilo",6
"2026-04-25 00:00",1,"Osebni avtomobil",361
"2026-04-25 00:00",1,"Kombinirano vozilo",10
"2026-04-25 00:00",0,"Osebni avtomobil",204
"2026-04-25 00:00",0,"Kombinirano vozilo",4
"2026-04-25 00:00",0,"Težje tovorno vozilo",3
"2026-04-25 12:00",0,"Osebni avtomobil",450
"2026-04-25 12:00",0,"Kombinirano vozilo",8
"2026-04-25 12:00",0,"Težje tovorno vozilo",3
"2026-04-25 12:00",1,"Osebni avtomobil",359
"2026-04-25 12:00",1,"Kombinirano vozilo",3
"2026-04-25 12:00",1,"Težje tovorno vozilo",1
"2026-04-26 00:00",1,"Osebni avtomobil",228
"2026-04-26 00:00",1,"Kombinirano vozilo",3
"2026-04-26 00:00",0,"Osebni avtomobil",138
"2026-04-26 00:00",0,"Kombinirano vozilo",3
"2026-04-26 12:00",0,"Osebni avtomobil",361
"2026-04-26 12:00",0,"Kombinirano vozilo",5
"2026-04-26 12:00",0,"Težje tovorno vozilo",2
"2026-04-26 12:00",1,"Osebni avtomobil",267
"2026-04-26 12:00",1,"Kombinirano vozilo",1
"2026-04-26 12:00",1,"Težje tovorno vozilo",1
"2026-04-27 00:00",1,"Osebni avtomobil",208
"2026-04-27 00:00",1,"Kombinirano vozilo",1
"2026-04-27 00:00",0,"Osebni avtomobil",131
"2026-04-27 00:00",0,"Kombinirano vozilo",3
"2026-04-27 12:00",0,"Osebni avtomobil",346
"2026-04-27 12:00",0,"Kombinirano vozilo",9
"2026-04-27 12:00",0,"Težje tovorno vozilo",5
"2026-04-27 12:00",1,"Osebni avtomobil",278
"2026-04-27 12:00",1,"Kombinirano vozilo",3
"2026-04-27 12:00",1,"Težje tovorno vozilo",1
"2026-04-28 00:00",1,"Osebni avtomobil",429
"2026-04-28 00:00",1,"Kombinirano vozilo",8
"2026-04-28 00:00",1,"Težje tovorno vozilo",5
"2026-04-28 00:00",0,"Osebni avtomobil",220
"2026-04-28 00:00",0,"Kombinirano vozilo",20
"2026-04-28 00:00",0,"Težje tovorno vozilo",9
"2026-04-28 12:00",0,"Osebni avtomobil",521
"2026-04-28 12:00",0,"Kombinirano vozilo",14
"2026-04-28 12:00",0,"Težje tovorno vozilo",13
"2026-04-28 12:00",1,"Osebni avtomobil",421
"2026-04-28 12:00",1,"Kombinirano vozilo",11
"2026-04-28 12:00",1,"Težje tovorno vozilo",2
"2026-04-29 00:00",1,"Osebni avtomobil",366
"2026-04-29 00:00",1,"Kombinirano vozilo",16
"2026-04-29 00:00",1,"Težje tovorno vozilo",4
"2026-04-29 00:00",0,"Osebni avtomobil",189
"2026-04-29 00:00",0,"Kombinirano vozilo",10
"2026-04-29 00:00",0,"Težje tovorno vozilo",7
"2026-04-29 12:00",0,"Osebni avtomobil",461
"2026-04-29 12:00",0,"Kombinirano vozilo",10
"2026-04-29 12:00",0,"Težje tovorno vozilo",6
"2026-04-29 12:00",1,"Osebni avtomobil",325
"2026-04-29 12:00",1,"Kombinirano vozilo",10
"2026-04-29 12:00",1,"Težje tovorno vozilo",1
"2026-04-30 00:00",1,"Osebni avtomobil",413
"2026-04-30 00:00",1,"Kombinirano vozilo",9
"2026-04-30 00:00",1,"Težje tovorno vozilo",3
"2026-04-30 00:00",0,"Osebni avtomobil",201
"2026-04-30 00:00",0,"Težje tovorno vozilo",9
"2026-04-30 00:00",0,"Kombinirano vozilo",8
"2026-04-30 12:00",0,"Osebni avtomobil",524
"2026-04-30 12:00",0,"Kombinirano vozilo",11
"2026-04-30 12:00",0,"Težje tovorno vozilo",9
"2026-04-30 12:00",1,"Osebni avtomobil",417
"2026-04-30 12:00",1,"Kombinirano vozilo",5
"2026-04-30 12:00",1,"Težje tovorno vozilo",1
"2026-05-01 00:00",1,"Osebni avtomobil",183
"2026-05-01 00:00",1,"Kombinirano vozilo",4
"2026-05-01 00:00",0,"Osebni avtomobil",130
"2026-05-01 00:00",0,"Kombinirano vozilo",4
"2026-05-01 00:00",0,"Težje tovorno vozilo",1
"2026-05-01 12:00",0,"Osebni avtomobil",357
"2026-05-01 12:00",0,"Težje tovorno vozilo",8
"2026-05-01 12:00",0,"Kombinirano vozilo",3
"2026-05-01 12:00",1,"Osebni avtomobil",289
"2026-05-01 12:00",1,"Kombinirano vozilo",5
"2026-05-02 00:00",1,"Osebni avtomobil",191
"2026-05-02 00:00",1,"Kombinirano vozilo",4
"2026-05-02 00:00",1,"Težje tovorno vozilo",1
"2026-05-02 00:00",0,"Osebni avtomobil",109
"2026-05-02 00:00",0,"Kombinirano vozilo",2
"2026-05-02 00:00",0,"Težje tovorno vozilo",1
"2026-05-02 12:00",0,"Osebni avtomobil",383
"2026-05-02 12:00",0,"Kombinirano vozilo",14
"2026-05-02 12:00",0,"Težje tovorno vozilo",8
"2026-05-02 12:00",1,"Osebni avtomobil",273
"2026-05-02 12:00",1,"Kombinirano vozilo",3
"2026-05-02 12:00",1,"Težje tovorno vozilo",1
"2026-05-03 00:00",1,"Osebni avtomobil",192
"2026-05-03 00:00",1,"Težje tovorno vozilo",2
"2026-05-03 00:00",1,"Kombinirano vozilo",1
"2026-05-03 00:00",0,"Osebni avtomobil",131
"2026-05-03 00:00",0,"Kombinirano vozilo",4
"2026-05-03 00:00",0,"Težje tovorno vozilo",2
"2026-05-03 12:00",0,"Osebni avtomobil",414
"2026-05-03 12:00",0,"Kombinirano vozilo",11
"2026-05-03 12:00",0,"Težje tovorno vozilo",4
"2026-05-03 12:00",1,"Osebni avtomobil",330
"2026-05-03 12:00",1,"Kombinirano vozilo",5
"2026-05-03 12:00",1,"Težje tovorno vozilo",2
"2026-05-04 00:00",1,"Osebni avtomobil",596
"2026-05-04 00:00",1,"Kombinirano vozilo",8
"2026-05-04 00:00",1,"Težje tovorno vozilo",5
"2026-05-04 00:00",0,"Osebni avtomobil",229
"2026-05-04 00:00",0,"Kombinirano vozilo",13
"2026-05-04 00:00",0,"Težje tovorno vozilo",11
"2026-05-04 00:00",0,"Tovorno vozilo s prikolico",1
"2026-05-04 12:00",0,"Osebni avtomobil",740
"2026-05-04 12:00",0,"Kombinirano vozilo",22
"2026-05-04 12:00",0,"Težje tovorno vozilo",15
"2026-05-04 12:00",1,"Osebni avtomobil",479
"2026-05-04 12:00",1,"Kombinirano vozilo",8
"2026-05-04 12:00",1,"Težje tovorno vozilo",6
"2026-05-05 00:00",1,"Osebni avtomobil",588
"2026-05-05 00:00",1,"Kombinirano vozilo",18
"2026-05-05 00:00",1,"Težje tovorno vozilo",6
"2026-05-05 00:00",0,"Osebni avtomobil",264
"2026-05-05 00:00",0,"Težje tovorno vozilo",16
"2026-05-05 00:00",0,"Kombinirano vozilo",12
"2026-05-05 12:00",0,"Osebni avtomobil",760
"2026-05-05 12:00",0,"Kombinirano vozilo",16
"2026-05-05 12:00",0,"Težje tovorno vozilo",14
"2026-05-05 12:00",1,"Osebni avtomobil",431
"2026-05-05 12:00",1,"Kombinirano vozilo",13
"2026-05-05 12:00",1,"Težje tovorno vozilo",5
"2026-05-06 00:00",1,"Osebni avtomobil",569
"2026-05-06 00:00",1,"Kombinirano vozilo",14
"2026-05-06 00:00",1,"Težje tovorno vozilo",3
"2026-05-06 00:00",0,"Osebni avtomobil",202
"2026-05-06 00:00",0,"Kombinirano vozilo",11
"2026-05-06 00:00",0,"Težje tovorno vozilo",11
"2026-05-06 12:00",0,"Osebni avtomobil",692
"2026-05-06 12:00",0,"Kombinirano vozilo",11
"2026-05-06 12:00",0,"Težje tovorno vozilo",10
"2026-05-06 12:00",1,"Osebni avtomobil",430
"2026-05-06 12:00",1,"Kombinirano vozilo",18
"2026-05-06 12:00",1,"Težje tovorno vozilo",3
"2026-05-06 12:00",1,"Tovorno vozilo s prikolico",1
"2026-05-07 00:00",1,"Osebni avtomobil",588
"2026-05-07 00:00",1,"Kombinirano vozilo",11
"2026-05-07 00:00",1,"Težje tovorno vozilo",5
"2026-05-07 00:00",0,"Osebni avtomobil",242
"2026-05-07 00:00",0,"Kombinirano vozilo",15
"2026-05-07 00:00",0,"Težje tovorno vozilo",10
"2026-05-07 12:00",0,"Osebni avtomobil",755
"2026-05-07 12:00",0,"Kombinirano vozilo",17
"2026-05-07 12:00",0,"Težje tovorno vozilo",11
"2026-05-07 12:00",1,"Osebni avtomobil",467
"2026-05-07 12:00",1,"Kombinirano vozilo",12
"2026-05-08 00:00",1,"Osebni avtomobil",636
"2026-05-08 00:00",1,"Kombinirano vozilo",18
"2026-05-08 00:00",1,"Težje tovorno vozilo",4
"2026-05-08 00:00",0,"Osebni avtomobil",206
"2026-05-08 00:00",0,"Kombinirano vozilo",14
"2026-05-08 00:00",0,"Težje tovorno vozilo",9
"2026-05-08 12:00",0,"Osebni avtomobil",796
"2026-05-08 12:00",0,"Kombinirano vozilo",15
"2026-05-08 12:00",0,"Težje tovorno vozilo",10
"2026-05-08 12:00",1,"Osebni avtomobil",499
"2026-05-08 12:00",1,"Kombinirano vozilo",8
"2026-05-08 12:00",1,"Težje tovorno vozilo",2
"2026-05-09 00:00",1,"Osebni avtomobil",369
"2026-05-09 00:00",1,"Kombinirano vozilo",6
"2026-05-09 00:00",1,"Težje tovorno vozilo",1
"2026-05-09 00:00",0,"Osebni avtomobil",266
"2026-05-09 00:00",0,"Kombinirano vozilo",8
"2026-05-09 00:00",0,"Težje tovorno vozilo",2
"2026-05-09 12:00",0,"Osebni avtomobil",548
"2026-05-09 12:00",0,"Kombinirano vozilo",15
"2026-05-09 12:00",0,"Težje tovorno vozilo",4
"2026-05-09 12:00",1,"Osebni avtomobil",434
"2026-05-09 12:00",1,"Kombinirano vozilo",10
"2026-05-10 00:00",1,"Osebni avtomobil",246
"2026-05-10 00:00",1,"Kombinirano vozilo",3
"2026-05-10 00:00",0,"Osebni avtomobil",156
"2026-05-10 00:00",0,"Kombinirano vozilo",1
"2026-05-10 00:00",0,"Težje tovorno vozilo",1
"2026-05-10 12:00",0,"Osebni avtomobil",450
"2026-05-10 12:00",0,"Kombinirano vozilo",6
"2026-05-10 12:00",0,"Težje tovorno vozilo",5
"2026-05-10 12:00",1,"Osebni avtomobil",372
"2026-05-11 00:00",1,"Osebni avtomobil",581
"2026-05-11 00:00",1,"Kombinirano vozilo",14
"2026-05-11 00:00",1,"Težje tovorno vozilo",3
"2026-05-11 00:00",0,"Osebni avtomobil",229
"2026-05-11 00:00",0,"Kombinirano vozilo",21
"2026-05-11 00:00",0,"Težje tovorno vozilo",10
"2026-05-11 12:00",0,"Osebni avtomobil",571
"2026-05-11 12:00",0,"Težje tovorno vozilo",14
"2026-05-11 12:00",0,"Kombinirano vozilo",6
"2026-05-11 12:00",1,"Osebni avtomobil",483
"2026-05-11 12:00",1,"Kombinirano vozilo",19
"2026-05-11 12:00",1,"Težje tovorno vozilo",6
"2026-05-12 00:00",1,"Osebni avtomobil",543
"2026-05-12 00:00",1,"Kombinirano vozilo",18
"2026-05-12 00:00",1,"Težje tovorno vozilo",13
"2026-05-12 00:00",1,"Nerazpoznana vozila",2
"2026-05-12 00:00",1,"Tovorno vozilo s prikolico",2
"2026-05-12 00:00",0,"Osebni avtomobil",141
"2026-05-12 00:00",0,"Težje tovorno vozilo",6
"2026-05-12 00:00",0,"Kombinirano vozilo",4
"2026-05-12 12:00",0,"Osebni avtomobil",666
"2026-05-12 12:00",0,"Kombinirano vozilo",10
"2026-05-12 12:00",0,"Težje tovorno vozilo",8
"2026-05-12 12:00",1,"Osebni avtomobil",417
"2026-05-12 12:00",1,"Kombinirano vozilo",12
"2026-05-12 12:00",1,"Težje tovorno vozilo",7
"2026-05-12 12:00",1,"Tovorno vozilo s prikolico",2
"2026-05-13 00:00",1,"Osebni avtomobil",541
"2026-05-13 00:00",1,"Kombinirano vozilo",18
"2026-05-13 00:00",1,"Težje tovorno vozilo",4
"2026-05-13 00:00",0,"Osebni avtomobil",232
"2026-05-13 00:00",0,"Kombinirano vozilo",16
"2026-05-13 00:00",0,"Težje tovorno vozilo",14
"2026-05-13 12:00",0,"Osebni avtomobil",778
"2026-05-13 12:00",0,"Kombinirano vozilo",18
"2026-05-13 12:00",0,"Težje tovorno vozilo",17
"2026-05-13 12:00",1,"Osebni avtomobil",491
"2026-05-13 12:00",1,"Kombinirano vozilo",13
"2026-05-13 12:00",1,"Težje tovorno vozilo",3
"2026-05-14 00:00",1,"Osebni avtomobil",570
"2026-05-14 00:00",1,"Kombinirano vozilo",18
"2026-05-14 00:00",1,"Težje tovorno vozilo",2
"2026-05-14 00:00",0,"Osebni avtomobil",236
"2026-05-14 00:00",0,"Kombinirano vozilo",13
"2026-05-14 00:00",0,"Težje tovorno vozilo",12
"2026-05-14 12:00",0,"Osebni avtomobil",412
"2026-05-14 12:00",0,"Težje tovorno vozilo",12
"2026-05-14 12:00",0,"Kombinirano vozilo",2
"2026-05-14 12:00",1,"Osebni avtomobil",383
"2026-05-14 12:00",1,"Kombinirano vozilo",16
"2026-05-14 12:00",1,"Težje tovorno vozilo",11
"2026-05-14 12:00",1,"Tovorno vozilo s prikolico",4
"2026-05-15 00:00",1,"Osebni avtomobil",573
"2026-05-15 00:00",1,"Kombinirano vozilo",15
"2026-05-15 00:00",1,"Težje tovorno vozilo",8
"2026-05-15 00:00",0,"Osebni avtomobil",236
"2026-05-15 00:00",0,"Težje tovorno vozilo",16
"2026-05-15 00:00",0,"Kombinirano vozilo",13
"2026-05-15 00:00",0,"Tovorno vozilo s prikolico",1
"2026-05-15 12:00",0,"Osebni avtomobil",580
"2026-05-15 12:00",0,"Kombinirano vozilo",11
"2026-05-15 12:00",0,"Težje tovorno vozilo",9
"2026-05-15 12:00",1,"Osebni avtomobil",442
"2026-05-15 12:00",1,"Kombinirano vozilo",15
"2026-05-15 12:00",1,"Težje tovorno vozilo",6
"2026-05-15 12:00",1,"Tovorno vozilo s prikolico",1
"2026-05-16 00:00",1,"Osebni avtomobil",313
"2026-05-16 00:00",1,"Kombinirano vozilo",5
"2026-05-16 00:00",0,"Osebni avtomobil",205
"2026-05-16 00:00",0,"Težje tovorno vozilo",4
"2026-05-16 00:00",0,"Kombinirano vozilo",2
"2026-05-16 12:00",0,"Osebni avtomobil",519
"2026-05-16 12:00",0,"Kombinirano vozilo",8
"2026-05-16 12:00",0,"Težje tovorno vozilo",3
"2026-05-16 12:00",1,"Osebni avtomobil",422
"2026-05-16 12:00",1,"Kombinirano vozilo",4
"2026-05-17 00:00",1,"Osebni avtomobil",225
"2026-05-17 00:00",1,"Kombinirano vozilo",2
"2026-05-17 00:00",0,"Osebni avtomobil",159
"2026-05-17 00:00",0,"Težje tovorno vozilo",1
"2026-05-17 12:00",0,"Osebni avtomobil",518
"2026-05-17 12:00",0,"Kombinirano vozilo",13
"2026-05-17 12:00",0,"Težje tovorno vozilo",3
"2026-05-17 12:00",1,"Osebni avtomobil",388
"2026-05-17 12:00",1,"Kombinirano vozilo",4
"2026-05-17 12:00",1,"Težje tovorno vozilo",1
"2026-05-18 00:00",1,"Osebni avtomobil",581
"2026-05-18 00:00",1,"Kombinirano vozilo",12
"2026-05-18 00:00",1,"Težje tovorno vozilo",3
"2026-05-18 00:00",0,"Osebni avtomobil",248
"2026-05-18 00:00",0,"Kombinirano vozilo",17
"2026-05-18 00:00",0,"Težje tovorno vozilo",9
"2026-05-18 12:00",0,"Osebni avtomobil",718
"2026-05-18 12:00",0,"Kombinirano vozilo",15
"2026-05-18 12:00",0,"Težje tovorno vozilo",13
"2026-05-18 12:00",1,"Osebni avtomobil",409
"2026-05-18 12:00",1,"Kombinirano vozilo",12
"2026-05-19 00:00",1,"Osebni avtomobil",595
"2026-05-19 00:00",1,"Kombinirano vozilo",12
"2026-05-19 00:00",1,"Težje tovorno vozilo",4
"2026-05-19 00:00",0,"Osebni avtomobil",239
"2026-05-19 00:00",0,"Težje tovorno vozilo",19
"2026-05-19 00:00",0,"Kombinirano vozilo",14
"2026-05-19 12:00",0,"Osebni avtomobil",788
"2026-05-19 12:00",0,"Kombinirano vozilo",15
"2026-05-19 12:00",0,"Težje tovorno vozilo",12
"2026-05-19 12:00",1,"Osebni avtomobil",470
"2026-05-19 12:00",1,"Kombinirano vozilo",13
"2026-05-19 12:00",1,"Težje tovorno vozilo",2
"2026-05-20 00:00",1,"Osebni avtomobil",579
"2026-05-20 00:00",1,"Kombinirano vozilo",16
"2026-05-20 00:00",1,"Težje tovorno vozilo",3
"2026-05-20 00:00",0,"Osebni avtomobil",256
"2026-05-20 00:00",0,"Kombinirano vozilo",18
"2026-05-20 00:00",0,"Težje tovorno vozilo",10
"2026-05-20 12:00",0,"Osebni avtomobil",763
"2026-05-20 12:00",0,"Kombinirano vozilo",20
"2026-05-20 12:00",0,"Težje tovorno vozilo",14
"2026-05-20 12:00",1,"Osebni avtomobil",489
"2026-05-20 12:00",1,"Kombinirano vozilo",14
"2026-05-20 12:00",1,"Težje tovorno vozilo",4
"2026-05-21 00:00",1,"Osebni avtomobil",584
"2026-05-21 00:00",1,"Kombinirano vozilo",22
"2026-05-21 00:00",1,"Težje tovorno vozilo",2
"2026-05-21 00:00",0,"Osebni avtomobil",240
"2026-05-21 00:00",0,"Kombinirano vozilo",13
"2026-05-21 00:00",0,"Težje tovorno vozilo",13
"2026-05-21 00:00",0,"Tovorno vozilo s prikolico",1
"2026-05-21 12:00",0,"Osebni avtomobil",785
"2026-05-21 12:00",0,"Težje tovorno vozilo",19
"2026-05-21 12:00",0,"Kombinirano vozilo",16
"2026-05-21 12:00",1,"Osebni avtomobil",492
"2026-05-21 12:00",1,"Kombinirano vozilo",17
"2026-05-21 12:00",1,"Težje tovorno vozilo",3
"2026-05-22 00:00",1,"Osebni avtomobil",591
"2026-05-22 00:00",1,"Kombinirano vozilo",18
"2026-05-22 00:00",1,"Težje tovorno vozilo",4
"2026-05-22 00:00",0,"Osebni avtomobil",249
"2026-05-22 00:00",0,"Kombinirano vozilo",23
"2026-05-22 00:00",0,"Težje tovorno vozilo",14
"2026-05-22 12:00",0,"Osebni avtomobil",727
"2026-05-22 12:00",0,"Kombinirano vozilo",17
"2026-05-22 12:00",0,"Težje tovorno vozilo",14
"2026-05-22 12:00",1,"Osebni avtomobil",521
"2026-05-22 12:00",1,"Kombinirano vozilo",14
"2026-05-22 12:00",1,"Težje tovorno vozilo",4
"2026-05-23 00:00",1,"Osebni avtomobil",370
"2026-05-23 00:00",1,"Kombinirano vozilo",6
"2026-05-23 00:00",1,"Težje tovorno vozilo",1
"2026-05-23 00:00",0,"Osebni avtomobil",213
"2026-05-23 00:00",0,"Kombinirano vozilo",12
"2026-05-23 00:00",0,"Težje tovorno vozilo",8
"2026-05-23 12:00",0,"Osebni avtomobil",501
"2026-05-23 12:00",0,"Kombinirano vozilo",9
"2026-05-23 12:00",0,"Težje tovorno vozilo",1
"2026-05-23 12:00",1,"Osebni avtomobil",416
"2026-05-23 12:00",1,"Kombinirano vozilo",2
"2026-05-23 12:00",1,"Težje tovorno vozilo",2
"2026-05-24 00:00",1,"Osebni avtomobil",266
"2026-05-24 00:00",1,"Kombinirano vozilo",2
"2026-05-24 00:00",1,"Težje tovorno vozilo",1
"2026-05-24 00:00",0,"Osebni avtomobil",172
"2026-05-24 00:00",0,"Kombinirano vozilo",6
"2026-05-24 12:00",0,"Osebni avtomobil",505
"2026-05-24 12:00",0,"Kombinirano vozilo",17
"2026-05-24 12:00",0,"Težje tovorno vozilo",5
"2026-05-24 12:00",1,"Osebni avtomobil",385
"2026-05-24 12:00",1,"Kombinirano vozilo",8
"2026-05-25 00:00",1,"Osebni avtomobil",595
"2026-05-25 00:00",1,"Kombinirano vozilo",15
"2026-05-25 00:00",1,"Težje tovorno vozilo",3
"2026-05-25 00:00",0,"Osebni avtomobil",258
"2026-05-25 00:00",0,"Kombinirano vozilo",27
"2026-05-25 00:00",0,"Težje tovorno vozilo",7
"2026-05-25 12:00",0,"Osebni avtomobil",750
"2026-05-25 12:00",0,"Kombinirano vozilo",17
"2026-05-25 12:00",0,"Težje tovorno vozilo",14
"2026-05-25 12:00",1,"Osebni avtomobil",473
"2026-05-25 12:00",1,"Kombinirano vozilo",8
"2026-05-25 12:00",1,"Težje tovorno vozilo",1
"2026-05-26 00:00",1,"Osebni avtomobil",618
"2026-05-26 00:00",1,"Kombinirano vozilo",15
"2026-05-26 00:00",1,"Težje tovorno vozilo",2
"2026-05-26 00:00",0,"Osebni avtomobil",215
"2026-05-26 00:00",0,"Kombinirano vozilo",19
"2026-05-26 00:00",0,"Težje tovorno vozilo",11
"2026-05-26 12:00",0,"Osebni avtomobil",754
"2026-05-26 12:00",0,"Kombinirano vozilo",21
"2026-05-26 12:00",0,"Težje tovorno vozilo",13
"2026-05-26 12:00",1,"Osebni avtomobil",489
"2026-05-26 12:00",1,"Kombinirano vozilo",11
"2026-05-26 12:00",1,"Težje tovorno vozilo",1
"2026-05-27 00:00",1,"Osebni avtomobil",556
"2026-05-27 00:00",1,"Kombinirano vozilo",14
"2026-05-27 00:00",1,"Težje tovorno vozilo",3
"2026-05-27 00:00",0,"Osebni avtomobil",208
"2026-05-27 00:00",0,"Kombinirano vozilo",23
"2026-05-27 00:00",0,"Težje tovorno vozilo",9
"2026-05-27 12:00",0,"Osebni avtomobil",703
"2026-05-27 12:00",0,"Težje tovorno vozilo",14
"2026-05-27 12:00",0,"Kombinirano vozilo",10
"2026-05-27 12:00",1,"Osebni avtomobil",461
"2026-05-27 12:00",1,"Kombinirano vozilo",6
"2026-05-27 12:00",1,"Težje tovorno vozilo",2
"2026-05-28 00:00",1,"Osebni avtomobil",612
"2026-05-28 00:00",1,"Kombinirano vozilo",11
"2026-05-28 00:00",1,"Težje tovorno vozilo",2
"2026-05-28 00:00",0,"Osebni avtomobil",239
"2026-05-28 00:00",0,"Težje tovorno vozilo",15
"2026-05-28 00:00",0,"Kombinirano vozilo",12
"2026-05-28 12:00",0,"Osebni avtomobil",752
"2026-05-28 12:00",0,"Kombinirano vozilo",16
"2026-05-28 12:00",0,"Težje tovorno vozilo",14
"2026-05-28 12:00",1,"Osebni avtomobil",468
"2026-05-28 12:00",1,"Kombinirano vozilo",15
"2026-05-28 12:00",1,"Težje tovorno vozilo",2
"2026-05-29 00:00",1,"Osebni avtomobil",570
"2026-05-29 00:00",1,"Kombinirano vozilo",11
"2026-05-29 00:00",1,"Težje tovorno vozilo",3
"2026-05-29 00:00",0,"Osebni avtomobil",225
"2026-05-29 00:00",0,"Kombinirano vozilo",17
"2026-05-29 00:00",0,"Težje tovorno vozilo",14
"2026-05-29 12:00",0,"Osebni avtomobil",798
"2026-05-29 12:00",0,"Težje tovorno vozilo",16
"2026-05-29 12:00",0,"Kombinirano vozilo",15
"2026-05-29 12:00",1,"Osebni avtomobil",536
"2026-05-29 12:00",1,"Kombinirano vozilo",12
"2026-05-30 00:00",1,"Osebni avtomobil",404
"2026-05-30 00:00",1,"Kombinirano vozilo",6
"2026-05-30 00:00",0,"Osebni avtomobil",235
"2026-05-30 00:00",0,"Kombinirano vozilo",5
"2026-05-30 00:00",0,"Težje tovorno vozilo",3
"2026-05-30 12:00",0,"Osebni avtomobil",519
"2026-05-30 12:00",0,"Kombinirano vozilo",7
"2026-05-30 12:00",0,"Težje tovorno vozilo",4
"2026-05-30 12:00",1,"Osebni avtomobil",382
"2026-05-30 12:00",1,"Kombinirano vozilo",9
"2026-05-30 12:00",1,"Težje tovorno vozilo",2
"2026-05-31 00:00",1,"Osebni avtomobil",215
"2026-05-31 00:00",0,"Osebni avtomobil",163
"2026-05-31 00:00",0,"Kombinirano vozilo",5
"2026-05-31 00:00",0,"Težje tovorno vozilo",1
"2026-05-31 12:00",0,"Osebni avtomobil",434
"2026-05-31 12:00",0,"Kombinirano vozilo",4
"2026-05-31 12:00",0,"Težje tovorno vozilo",4
"2026-05-31 12:00",1,"Osebni avtomobil",353
"2026-05-31 12:00",1,"Težje tovorno vozilo",5
"2026-05-31 12:00",1,"Kombinirano vozilo",3
"2026-05-31 12:00",1,"Tovorno vozilo s prikolico",2
"2026-05-31 12:00",1,"Nerazpoznana vozila",1
"2026-06-01 00:00",1,"Osebni avtomobil",549
"2026-06-01 00:00",1,"Kombinirano vozilo",14
"2026-06-01 00:00",1,"Težje tovorno vozilo",3
"2026-06-01 00:00",0,"Osebni avtomobil",222
"2026-06-01 00:00",0,"Kombinirano vozilo",13
"2026-06-01 00:00",0,"Težje tovorno vozilo",10
"2026-06-01 12:00",0,"Osebni avtomobil",709
"2026-06-01 12:00",0,"Kombinirano vozilo",18
"2026-06-01 12:00",0,"Težje tovorno vozilo",16
"2026-06-01 12:00",1,"Osebni avtomobil",402
"2026-06-01 12:00",1,"Kombinirano vozilo",10
"2026-06-01 12:00",1,"Težje tovorno vozilo",8
"2026-06-02 00:00",1,"Osebni avtomobil",574
"2026-06-02 00:00",1,"Kombinirano vozilo",13
"2026-06-02 00:00",1,"Težje tovorno vozilo",6
"2026-06-02 00:00",0,"Osebni avtomobil",217
"2026-06-02 00:00",0,"Težje tovorno vozilo",13
"2026-06-02 00:00",0,"Kombinirano vozilo",9
"2026-06-02 12:00",0,"Osebni avtomobil",751
"2026-06-02 12:00",0,"Težje tovorno vozilo",20
"2026-06-02 12:00",0,"Kombinirano vozilo",15
"2026-06-02 12:00",1,"Osebni avtomobil",445
"2026-06-02 12:00",1,"Kombinirano vozilo",5
"2026-06-02 12:00",1,"Težje tovorno vozilo",4
"2026-06-03 00:00",1,"Osebni avtomobil",398
"2026-06-03 00:00",1,"Kombinirano vozilo",23
"2026-06-03 00:00",1,"Težje tovorno vozilo",6
"2026-06-03 00:00",1,"Tovorno vozilo s prikolico",1
"2026-06-03 00:00",0,"Osebni avtomobil",148
"2026-06-03 00:00",0,"Težje tovorno vozilo",9
"2026-06-03 00:00",0,"Kombinirano vozilo",7
"2026-06-03 12:00",0,"Osebni avtomobil",763
"2026-06-03 12:00",0,"Težje tovorno vozilo",13
"2026-06-03 12:00",0,"Kombinirano vozilo",12
"2026-06-03 12:00",1,"Osebni avtomobil",432
"2026-06-03 12:00",1,"Kombinirano vozilo",9
"2026-06-03 12:00",1,"Težje tovorno vozilo",4
"2026-06-04 00:00",1,"Osebni avtomobil",569
"2026-06-04 00:00",1,"Kombinirano vozilo",11
"2026-06-04 00:00",1,"Težje tovorno vozilo",7
"2026-06-04 00:00",0,"Osebni avtomobil",274
"2026-06-04 00:00",0,"Težje tovorno vozilo",19
"2026-06-04 00:00",0,"Kombinirano vozilo",10
"2026-06-04 12:00",0,"Osebni avtomobil",771
"2026-06-04 12:00",0,"Težje tovorno vozilo",21
"2026-06-04 12:00",0,"Kombinirano vozilo",17
"2026-06-04 12:00",1,"Osebni avtomobil",511
"2026-06-04 12:00",1,"Kombinirano vozilo",12
"2026-06-04 12:00",1,"Težje tovorno vozilo",7
"2026-06-05 00:00",1,"Osebni avtomobil",545
"2026-06-05 00:00",1,"Kombinirano vozilo",9
"2026-06-05 00:00",1,"Težje tovorno vozilo",2
"2026-06-05 00:00",0,"Osebni avtomobil",195
"2026-06-05 00:00",0,"Kombinirano vozilo",15
"2026-06-05 00:00",0,"Težje tovorno vozilo",7
"2026-06-05 12:00",0,"Osebni avtomobil",686
"2026-06-05 12:00",0,"Kombinirano vozilo",13
"2026-06-05 12:00",0,"Težje tovorno vozilo",12
"2026-06-05 12:00",1,"Osebni avtomobil",417
"2026-06-05 12:00",1,"Kombinirano vozilo",13
"2026-06-05 12:00",1,"Težje tovorno vozilo",2
"2026-06-06 00:00",1,"Osebni avtomobil",352
"2026-06-06 00:00",1,"Kombinirano vozilo",7
"2026-06-06 00:00",0,"Osebni avtomobil",218
"2026-06-06 00:00",0,"Kombinirano vozilo",6
"2026-06-06 00:00",0,"Težje tovorno vozilo",6
"2026-06-06 12:00",0,"Osebni avtomobil",544
"2026-06-06 12:00",0,"Kombinirano vozilo",8
"2026-06-06 12:00",0,"Težje tovorno vozilo",4
"2026-06-06 12:00",1,"Osebni avtomobil",415
"2026-06-06 12:00",1,"Kombinirano vozilo",4
"2026-06-06 12:00",1,"Težje tovorno vozilo",3
"2026-06-07 00:00",1,"Osebni avtomobil",238
"2026-06-07 00:00",1,"Kombinirano vozilo",4
"2026-06-07 00:00",1,"Težje tovorno vozilo",1
"2026-06-07 00:00",0,"Osebni avtomobil",172
"2026-06-07 00:00",0,"Kombinirano vozilo",4
"2026-06-07 00:00",0,"Težje tovorno vozilo",2
"2026-06-07 12:00",0,"Osebni avtomobil",456
"2026-06-07 12:00",0,"Kombinirano vozilo",5
"2026-06-07 12:00",0,"Težje tovorno vozilo",5
"2026-06-07 12:00",1,"Osebni avtomobil",368
"2026-06-07 12:00",1,"Kombinirano vozilo",2
"2026-06-07 12:00",1,"Težje tovorno vozilo",1
"2026-06-08 00:00",1,"Osebni avtomobil",556
"2026-06-08 00:00",1,"Kombinirano vozilo",7
"2026-06-08 00:00",1,"Težje tovorno vozilo",6
"2026-06-08 00:00",0,"Osebni avtomobil",216
"2026-06-08 00:00",0,"Težje tovorno vozilo",16
"2026-06-08 00:00",0,"Kombinirano vozilo",11
"2026-06-08 00:00",0,"Tovorno vozilo s prikolico",2
"2026-06-08 12:00",0,"Osebni avtomobil",718
"2026-06-08 12:00",0,"Težje tovorno vozilo",21
"2026-06-08 12:00",0,"Kombinirano vozilo",17
"2026-06-08 12:00",1,"Osebni avtomobil",454
"2026-06-08 12:00",1,"Kombinirano vozilo",12
"2026-06-08 12:00",1,"Težje tovorno vozilo",4
"2026-06-09 00:00",1,"Osebni avtomobil",572
"2026-06-09 00:00",1,"Kombinirano vozilo",7
"2026-06-09 00:00",1,"Težje tovorno vozilo",2
"2026-06-09 00:00",0,"Osebni avtomobil",238
"2026-06-09 00:00",0,"Kombinirano vozilo",18
"2026-06-09 00:00",0,"Težje tovorno vozilo",8
"2026-06-09 12:00",0,"Osebni avtomobil",710
"2026-06-09 12:00",0,"Kombinirano vozilo",16
"2026-06-09 12:00",0,"Težje tovorno vozilo",13
"2026-06-09 12:00",1,"Osebni avtomobil",451
"2026-06-09 12:00",1,"Kombinirano vozilo",9
"2026-06-10 00:00",1,"Osebni avtomobil",493
"2026-06-10 00:00",1,"Kombinirano vozilo",15
"2026-06-10 00:00",1,"Težje tovorno vozilo",7
"2026-06-10 00:00",1,"Tovorno vozilo s prikolico",1
"2026-06-10 00:00",0,"Osebni avtomobil",180
"2026-06-10 00:00",0,"Težje tovorno vozilo",11
"2026-06-10 00:00",0,"Kombinirano vozilo",9
"2026-06-10 00:00",0,"Tovorno vozilo s prikolico",1
"2026-06-10 12:00",0,"Osebni avtomobil",691
"2026-06-10 12:00",0,"Težje tovorno vozilo",13
"2026-06-10 12:00",0,"Kombinirano vozilo",11
"2026-06-10 12:00",1,"Osebni avtomobil",463
"2026-06-10 12:00",1,"Kombinirano vozilo",24
"2026-06-10 12:00",1,"Tovorno vozilo s prikolico",6
"2026-06-10 12:00",1,"Nerazpoznana vozila",3
"2026-06-10 12:00",1,"Težje tovorno vozilo",3
"2026-06-11 00:00",1,"Osebni avtomobil",557
"2026-06-11 00:00",1,"Kombinirano vozilo",10
"2026-06-11 00:00",1,"Težje tovorno vozilo",5
"2026-06-11 00:00",0,"Osebni avtomobil",216
"2026-06-11 00:00",0,"Težje tovorno vozilo",14
"2026-06-11 00:00",0,"Kombinirano vozilo",11
"2026-06-11 12:00",0,"Osebni avtomobil",767
"2026-06-11 12:00",0,"Težje tovorno vozilo",17
"2026-06-11 12:00",0,"Kombinirano vozilo",16
"2026-06-11 12:00",1,"Osebni avtomobil",469
"2026-06-11 12:00",1,"Kombinirano vozilo",12
"2026-06-11 12:00",1,"Težje tovorno vozilo",1
"2026-06-12 00:00",1,"Osebni avtomobil",568
"2026-06-12 00:00",1,"Kombinirano vozilo",10
"2026-06-12 00:00",1,"Težje tovorno vozilo",3
"2026-06-12 00:00",0,"Osebni avtomobil",233
"2026-06-12 00:00",0,"Kombinirano vozilo",24
"2026-06-12 00:00",0,"Težje tovorno vozilo",10
"2026-06-12 12:00",0,"Osebni avtomobil",700
"2026-06-12 12:00",0,"Kombinirano vozilo",18
"2026-06-12 12:00",0,"Težje tovorno vozilo",17
"2026-06-12 12:00",1,"Osebni avtomobil",494
"2026-06-12 12:00",1,"Kombinirano vozilo",10
"2026-06-13 00:00",1,"Osebni avtomobil",335
"2026-06-13 00:00",1,"Kombinirano vozilo",4
"2026-06-13 00:00",1,"Težje tovorno vozilo",1
"2026-06-13 00:00",0,"Osebni avtomobil",232
"2026-06-13 00:00",0,"Kombinirano vozilo",6
"2026-06-13 00:00",0,"Težje tovorno vozilo",2
"2026-06-13 00:00",0,"Tovorno vozilo s prikolico",1
"2026-06-13 12:00",0,"Osebni avtomobil",501
"2026-06-13 12:00",0,"Težje tovorno vozilo",5
"2026-06-13 12:00",0,"Kombinirano vozilo",4
"2026-06-13 12:00",1,"Osebni avtomobil",383
"2026-06-13 12:00",1,"Kombinirano vozilo",3
"2026-06-13 12:00",1,"Težje tovorno vozilo",1
"2026-06-14 00:00",1,"Osebni avtomobil",211
"2026-06-14 00:00",1,"Kombinirano vozilo",2
"2026-06-14 00:00",1,"Težje tovorno vozilo",1
"2026-06-14 00:00",0,"Osebni avtomobil",177
"2026-06-14 00:00",0,"Kombinirano vozilo",4
"2026-06-14 00:00",0,"Težje tovorno vozilo",2
"2026-06-14 12:00",0,"Osebni avtomobil",418
"2026-06-14 12:00",0,"Kombinirano vozilo",6
"2026-06-14 12:00",0,"Težje tovorno vozilo",3
"2026-06-14 12:00",1,"Osebni avtomobil",355
"2026-06-14 12:00",1,"Kombinirano vozilo",4
"2026-06-15 00:00",1,"Osebni avtomobil",564
"2026-06-15 00:00",1,"Kombinirano vozilo",10
"2026-06-15 00:00",1,"Težje tovorno vozilo",9
"2026-06-15 00:00",1,"Tovorno vozilo s prikolico",1
"2026-06-15 00:00",0,"Osebni avtomobil",216
"2026-06-15 00:00",0,"Kombinirano vozilo",15
"2026-06-15 00:00",0,"Težje tovorno vozilo",10
"2026-06-15 00:00",0,"Tovorno vozilo s prikolico",1
"2026-06-15 12:00",0,"Osebni avtomobil",691
"2026-06-15 12:00",0,"Težje tovorno vozilo",14
"2026-06-15 12:00",0,"Kombinirano vozilo",12
"2026-06-15 12:00",1,"Osebni avtomobil",413
"2026-06-15 12:00",1,"Kombinirano vozilo",12
"2026-06-15 12:00",1,"Težje tovorno vozilo",1
"2026-06-16 00:00",1,"Osebni avtomobil",583
"2026-06-16 00:00",1,"Kombinirano vozilo",10
"2026-06-16 00:00",1,"Težje tovorno vozilo",6
"2026-06-16 00:00",0,"Osebni avtomobil",235
"2026-06-16 00:00",0,"Kombinirano vozilo",17
"2026-06-16 00:00",0,"Težje tovorno vozilo",10
"2026-06-16 12:00",0,"Osebni avtomobil",747
"2026-06-16 12:00",0,"Težje tovorno vozilo",17
"2026-06-16 12:00",0,"Kombinirano vozilo",10
"2026-06-16 12:00",1,"Osebni avtomobil",466
"2026-06-16 12:00",1,"Kombinirano vozilo",10
"2026-06-16 12:00",1,"Težje tovorno vozilo",2
"2026-06-16 12:00",1,"Tovorno vozilo s prikolico",1
"2026-06-17 00:00",1,"Osebni avtomobil",559
"2026-06-17 00:00",1,"Kombinirano vozilo",18
"2026-06-17 00:00",1,"Težje tovorno vozilo",3
"2026-06-17 00:00",0,"Osebni avtomobil",209
"2026-06-17 00:00",0,"Kombinirano vozilo",16
"2026-06-17 00:00",0,"Težje tovorno vozilo",11
"2026-06-17 00:00",0,"Tovorno vozilo s prikolico",2
"2026-06-17 12:00",0,"Osebni avtomobil",752
"2026-06-17 12:00",0,"Kombinirano vozilo",18
"2026-06-17 12:00",0,"Težje tovorno vozilo",12
"2026-06-17 12:00",1,"Osebni avtomobil",460
"2026-06-17 12:00",1,"Kombinirano vozilo",13
"2026-06-17 12:00",1,"Težje tovorno vozilo",3
"2026-06-18 00:00",1,"Osebni avtomobil",574
"2026-06-18 00:00",1,"Kombinirano vozilo",11
"2026-06-18 00:00",1,"Težje tovorno vozilo",8
"2026-06-18 00:00",0,"Osebni avtomobil",238
"2026-06-18 00:00",0,"Težje tovorno vozilo",19
"2026-06-18 00:00",0,"Kombinirano vozilo",14
"2026-06-18 12:00",0,"Osebni avtomobil",730
"2026-06-18 12:00",0,"Kombinirano vozilo",15
"2026-06-18 12:00",0,"Težje tovorno vozilo",14
"2026-06-18 12:00",1,"Osebni avtomobil",462
"2026-06-18 12:00",1,"Kombinirano vozilo",11
"2026-06-18 12:00",1,"Težje tovorno vozilo",2
"2026-06-19 00:00",1,"Osebni avtomobil",556
"2026-06-19 00:00",1,"Kombinirano vozilo",11
"2026-06-19 00:00",1,"Težje tovorno vozilo",3
"2026-06-19 00:00",0,"Osebni avtomobil",253
"2026-06-19 00:00",0,"Težje tovorno vozilo",19
"2026-06-19 00:00",0,"Kombinirano vozilo",14
"2026-06-19 12:00",0,"Osebni avtomobil",750
"2026-06-19 12:00",0,"Kombinirano vozilo",19
"2026-06-19 12:00",0,"Težje tovorno vozilo",13
"2026-06-19 12:00",1,"Osebni avtomobil",521
"2026-06-19 12:00",1,"Kombinirano vozilo",7
"2026-06-19 12:00",1,"Težje tovorno vozilo",3
"2026-06-20 00:00",1,"Osebni avtomobil",362
"2026-06-20 00:00",1,"Kombinirano vozilo",2
"2026-06-20 00:00",0,"Osebni avtomobil",250
"2026-06-20 00:00",0,"Kombinirano vozilo",4
"2026-06-20 00:00",0,"Težje tovorno vozilo",3
"2026-06-20 12:00",0,"Osebni avtomobil",434
"2026-06-20 12:00",0,"Kombinirano vozilo",6
"2026-06-20 12:00",0,"Težje tovorno vozilo",3
"2026-06-20 12:00",1,"Osebni avtomobil",362
"2026-06-20 12:00",1,"Kombinirano vozilo",2
"2026-06-20 12:00",1,"Težje tovorno vozilo",2
"2026-06-20 12:00",1,"Tovorno vozilo s prikolico",1
"2026-06-21 00:00",1,"Osebni avtomobil",218
"2026-06-21 00:00",1,"Kombinirano vozilo",3
"2026-06-21 00:00",1,"Težje tovorno vozilo",1
"2026-06-21 00:00",0,"Osebni avtomobil",196
"2026-06-21 00:00",0,"Kombinirano vozilo",8
"2026-06-21 12:00",0,"Osebni avtomobil",397
"2026-06-21 12:00",0,"Kombinirano vozilo",7
"2026-06-21 12:00",0,"Težje tovorno vozilo",3
"2026-06-21 12:00",1,"Osebni avtomobil",301
"2026-06-21 12:00",1,"Kombinirano vozilo",1
"2026-06-22 00:00",1,"Osebni avtomobil",555
"2026-06-22 00:00",1,"Kombinirano vozilo",13
"2026-06-22 00:00",1,"Težje tovorno vozilo",1
"2026-06-22 00:00",0,"Osebni avtomobil",248
"2026-06-22 00:00",0,"Težje tovorno vozilo",17
"2026-06-22 00:00",0,"Kombinirano vozilo",15
"2026-06-22 12:00",0,"Osebni avtomobil",638
"2026-06-22 12:00",0,"Težje tovorno vozilo",16
"2026-06-22 12:00",0,"Kombinirano vozilo",12
"2026-06-22 12:00",1,"Osebni avtomobil",409
"2026-06-22 12:00",1,"Kombinirano vozilo",9
"2026-06-22 12:00",1,"Težje tovorno vozilo",1
"2026-06-23 00:00",1,"Osebni avtomobil",511
"2026-06-23 00:00",1,"Kombinirano vozilo",10
"2026-06-23 00:00",1,"Težje tovorno vozilo",3
"2026-06-23 00:00",0,"Osebni avtomobil",253
"2026-06-23 00:00",0,"Kombinirano vozilo",17
"2026-06-23 00:00",0,"Težje tovorno vozilo",11
"2026-06-23 00:00",0,"Tovorno vozilo s prikolico",1
"2026-06-23 12:00",0,"Osebni avtomobil",669
"2026-06-23 12:00",0,"Kombinirano vozilo",16
"2026-06-23 12:00",0,"Težje tovorno vozilo",12
"2026-06-23 12:00",1,"Osebni avtomobil",415
"2026-06-23 12:00",1,"Kombinirano vozilo",8
"2026-06-23 12:00",1,"Težje tovorno vozilo",2
"2026-06-24 00:00",1,"Osebni avtomobil",536
"2026-06-24 00:00",1,"Kombinirano vozilo",11
"2026-06-24 00:00",1,"Težje tovorno vozilo",2
"2026-06-24 00:00",0,"Osebni avtomobil",254
"2026-06-24 00:00",0,"Težje tovorno vozilo",11
"2026-06-24 00:00",0,"Kombinirano vozilo",10
"2026-06-24 12:00",0,"Osebni avtomobil",670
"2026-06-24 12:00",0,"Težje tovorno vozilo",15
"2026-06-24 12:00",0,"Kombinirano vozilo",14
"2026-06-24 12:00",1,"Osebni avtomobil",435
"2026-06-24 12:00",1,"Kombinirano vozilo",9
"2026-06-24 12:00",1,"Težje tovorno vozilo",1
"2026-06-25 00:00",1,"Osebni avtomobil",240
"2026-06-25 00:00",1,"Kombinirano vozilo",4
"2026-06-25 00:00",0,"Osebni avtomobil",164
"2026-06-25 00:00",0,"Kombinirano vozilo",6
"2026-06-25 00:00",0,"Težje tovorno vozilo",2
"2026-06-25 12:00",0,"Osebni avtomobil",320
"2026-06-25 12:00",0,"Kombinirano vozilo",5
"2026-06-25 12:00",0,"Težje tovorno vozilo",3
"2026-06-25 12:00",1,"Osebni avtomobil",279
"2026-06-25 12:00",1,"Kombinirano vozilo",1
"2026-06-26 00:00",1,"Osebni avtomobil",392
"2026-06-26 00:00",1,"Kombinirano vozilo",6
"2026-06-26 00:00",1,"Težje tovorno vozilo",4
"2026-06-26 00:00",0,"Osebni avtomobil",205
"2026-06-26 00:00",0,"Kombinirano vozilo",17
"2026-06-26 00:00",0,"Težje tovorno vozilo",11
"2026-06-26 12:00",0,"Osebni avtomobil",473
"2026-06-26 12:00",0,"Kombinirano vozilo",9
"2026-06-26 12:00",0,"Težje tovorno vozilo",9
"2026-06-26 12:00",1,"Osebni avtomobil",339
"2026-06-26 12:00",1,"Kombinirano vozilo",3
"2026-06-27 00:00",1,"Osebni avtomobil",269
"2026-06-27 00:00",1,"Kombinirano vozilo",3
"2026-06-27 00:00",1,"Težje tovorno vozilo",1
"2026-06-27 00:00",0,"Osebni avtomobil",187
"2026-06-27 00:00",0,"Kombinirano vozilo",7
"2026-06-27 00:00",0,"Težje tovorno vozilo",2
"2026-06-27 12:00",0,"Osebni avtomobil",442
"2026-06-27 12:00",0,"Kombinirano vozilo",13
"2026-06-27 12:00",0,"Težje tovorno vozilo",3
"2026-06-27 12:00",1,"Osebni avtomobil",350
"2026-06-27 12:00",1,"Kombinirano vozilo",4
"2026-06-27 12:00",1,"Težje tovorno vozilo",2
"2026-06-28 00:00",1,"Osebni avtomobil",165
"2026-06-28 00:00",0,"Osebni avtomobil",119
"2026-06-28 00:00",0,"Kombinirano vozilo",5
"2026-06-28 12:00",0,"Osebni avtomobil",362
"2026-06-28 12:00",0,"Težje tovorno vozilo",5
"2026-06-28 12:00",0,"Kombinirano vozilo",4
"2026-06-28 12:00",1,"Osebni avtomobil",276
"2026-06-28 12:00",1,"Kombinirano vozilo",1
"2026-06-29 00:00",1,"Osebni avtomobil",545
"2026-06-29 00:00",1,"Kombinirano vozilo",10
"2026-06-29 00:00",1,"Težje tovorno vozilo",5
"2026-06-29 00:00",0,"Osebni avtomobil",212
"2026-06-29 00:00",0,"Težje tovorno vozilo",17
"2026-06-29 00:00",0,"Kombinirano vozilo",16
"2026-06-29 12:00",0,"Osebni avtomobil",672
"2026-06-29 12:00",0,"Kombinirano vozilo",16
"2026-06-29 12:00",0,"Težje tovorno vozilo",15
"2026-06-29 12:00",1,"Osebni avtomobil",413
"2026-06-29 12:00",1,"Kombinirano vozilo",11
"2026-06-29 12:00",1,"Težje tovorno vozilo",3
"2026-06-30 00:00",1,"Osebni avtomobil",548
"2026-06-30 00:00",1,"Kombinirano vozilo",14
"2026-06-30 00:00",1,"Težje tovorno vozilo",3
"2026-06-30 00:00",0,"Osebni avtomobil",227
"2026-06-30 00:00",0,"Kombinirano vozilo",14
"2026-06-30 00:00",0,"Težje tovorno vozilo",11
"2026-06-30 00:00",0,"Tovorno vozilo s prikolico",1
"2026-06-30 12:00",0,"Osebni avtomobil",618
"2026-06-30 12:00",0,"Kombinirano vozilo",17
"2026-06-30 12:00",0,"Težje tovorno vozilo",10
"2026-06-30 12:00",1,"Osebni avtomobil",407
"2026-06-30 12:00",1,"Kombinirano vozilo",8
"2026-06-30 12:00",1,"Težje tovorno vozilo",2
"2026-07-01 00:00",1,"Osebni avtomobil",184
"2026-07-01 00:00",1,"Kombinirano vozilo",4
"2026-07-01 00:00",1,"Težje tovorno vozilo",3
"2026-07-01 00:00",0,"Osebni avtomobil",158
"2026-07-01 00:00",0,"Težje tovorno vozilo",7
"2026-07-01 00:00",0,"Kombinirano vozilo",3
"2026-07-01 12:00",0,"Osebni avtomobil",657
"2026-07-01 12:00",0,"Kombinirano vozilo",11
"2026-07-01 12:00",0,"Težje tovorno vozilo",11
"2026-07-01 12:00",1,"Osebni avtomobil",407
"2026-07-01 12:00",1,"Kombinirano vozilo",6
"2026-07-01 12:00",1,"Težje tovorno vozilo",1
"2026-07-02 00:00",1,"Osebni avtomobil",532
"2026-07-02 00:00",1,"Kombinirano vozilo",11
"2026-07-02 00:00",1,"Težje tovorno vozilo",6
"2026-07-02 00:00",0,"Osebni avtomobil",220
"2026-07-02 00:00",0,"Težje tovorno vozilo",12
"2026-07-02 00:00",0,"Kombinirano vozilo",10
"2026-07-02 12:00",0,"Osebni avtomobil",673
"2026-07-02 12:00",0,"Kombinirano vozilo",17
"2026-07-02 12:00",0,"Težje tovorno vozilo",9
"2026-07-02 12:00",1,"Osebni avtomobil",446
"2026-07-02 12:00",1,"Kombinirano vozilo",8
"2026-07-03 00:00",1,"Osebni avtomobil",497
"2026-07-03 00:00",1,"Kombinirano vozilo",12
"2026-07-03 00:00",1,"Težje tovorno vozilo",2
"2026-07-03 00:00",0,"Osebni avtomobil",220
"2026-07-03 00:00",0,"Težje tovorno vozilo",14
"2026-07-03 00:00",0,"Kombinirano vozilo",11
"2026-07-03 12:00",0,"Osebni avtomobil",674
"2026-07-03 12:00",0,"Kombinirano vozilo",16
"2026-07-03 12:00",0,"Težje tovorno vozilo",16
"2026-07-03 12:00",1,"Osebni avtomobil",451
"2026-07-03 12:00",1,"Kombinirano vozilo",10
"2026-07-03 12:00",1,"Težje tovorno vozilo",2
"2026-07-04 00:00",1,"Osebni avtomobil",292
"2026-07-04 00:00",1,"Kombinirano vozilo",9
"2026-07-04 00:00",1,"Težje tovorno vozilo",1
"2026-07-04 00:00",0,"Osebni avtomobil",179
"2026-07-04 00:00",0,"Kombinirano vozilo",4
"2026-07-04 12:00",0,"Osebni avtomobil",423
"2026-07-04 12:00",0,"Kombinirano vozilo",6
"2026-07-04 12:00",0,"Težje tovorno vozilo",2
"2026-07-04 12:00",1,"Osebni avtomobil",374
"2026-07-04 12:00",1,"Kombinirano vozilo",2
"2026-07-05 00:00",1,"Osebni avtomobil",205
"2026-07-05 00:00",1,"Kombinirano vozilo",4
"2026-07-05 00:00",0,"Osebni avtomobil",170
"2026-07-05 00:00",0,"Kombinirano vozilo",4
"2026-07-05 12:00",0,"Osebni avtomobil",397
"2026-07-05 12:00",0,"Težje tovorno vozilo",8
"2026-07-05 12:00",0,"Kombinirano vozilo",4
"2026-07-05 12:00",1,"Osebni avtomobil",298
"2026-07-05 12:00",1,"Kombinirano vozilo",1
"2026-07-06 00:00",1,"Osebni avtomobil",548
"2026-07-06 00:00",1,"Kombinirano vozilo",12
"2026-07-06 00:00",1,"Težje tovorno vozilo",2
"2026-07-06 00:00",0,"Osebni avtomobil",222
"2026-07-06 00:00",0,"Kombinirano vozilo",15
"2026-07-06 00:00",0,"Težje tovorno vozilo",11
"2026-07-06 12:00",0,"Osebni avtomobil",635
"2026-07-06 12:00",0,"Kombinirano vozilo",16
"2026-07-06 12:00",0,"Težje tovorno vozilo",10
"2026-07-06 12:00",0,"Tovorno vozilo s prikolico",1
"2026-07-06 12:00",1,"Osebni avtomobil",375
"2026-07-06 12:00",1,"Kombinirano vozilo",8
"2026-07-06 12:00",1,"Težje tovorno vozilo",3
"2026-07-07 00:00",1,"Osebni avtomobil",555
"2026-07-07 00:00",1,"Kombinirano vozilo",12
"2026-07-07 00:00",1,"Težje tovorno vozilo",8
"2026-07-07 00:00",0,"Osebni avtomobil",218
"2026-07-07 00:00",0,"Težje tovorno vozilo",18
"2026-07-07 00:00",0,"Kombinirano vozilo",11
"2026-07-07 12:00",0,"Osebni avtomobil",657
"2026-07-07 12:00",0,"Kombinirano vozilo",21
"2026-07-07 12:00",0,"Težje tovorno vozilo",11
"2026-07-07 12:00",1,"Osebni avtomobil",417
"2026-07-07 12:00",1,"Težje tovorno vozilo",6
"2026-07-07 12:00",1,"Kombinirano vozilo",4
"2026-07-08 00:00",1,"Osebni avtomobil",497
"2026-07-08 00:00",1,"Kombinirano vozilo",16
"2026-07-08 00:00",1,"Težje tovorno vozilo",2
"2026-07-08 00:00",0,"Osebni avtomobil",211
"2026-07-08 00:00",0,"Kombinirano vozilo",19
"2026-07-08 00:00",0,"Težje tovorno vozilo",13
"2026-07-08 12:00",0,"Osebni avtomobil",709
"2026-07-08 12:00",0,"Kombinirano vozilo",16
"2026-07-08 12:00",0,"Težje tovorno vozilo",9
"2026-07-08 12:00",1,"Osebni avtomobil",464
"2026-07-08 12:00",1,"Kombinirano vozilo",6
"2026-07-09 00:00",1,"Osebni avtomobil",517
"2026-07-09 00:00",1,"Kombinirano vozilo",9
"2026-07-09 00:00",1,"Težje tovorno vozilo",1
"2026-07-09 00:00",0,"Osebni avtomobil",236
"2026-07-09 00:00",0,"Kombinirano vozilo",14
"2026-07-09 00:00",0,"Težje tovorno vozilo",8
"2026-07-09 12:00",0,"Osebni avtomobil",649
"2026-07-09 12:00",0,"Kombinirano vozilo",16
"2026-07-09 12:00",0,"Težje tovorno vozilo",9
"2026-07-09 12:00",1,"Osebni avtomobil",409
"2026-07-09 12:00",1,"Kombinirano vozilo",13
"2026-07-09 12:00",1,"Težje tovorno vozilo",3
"2026-07-10 00:00",1,"Osebni avtomobil",509
"2026-07-10 00:00",1,"Kombinirano vozilo",16
"2026-07-10 00:00",1,"Težje tovorno vozilo",3
"2026-07-10 00:00",1,"Tovorno vozilo s prikolico",1
"2026-07-10 00:00",0,"Osebni avtomobil",229
"2026-07-10 00:00",0,"Kombinirano vozilo",13
"2026-07-10 00:00",0,"Težje tovorno vozilo",13
"2026-07-10 12:00",0,"Osebni avtomobil",654
"2026-07-10 12:00",0,"Kombinirano vozilo",17
"2026-07-10 12:00",0,"Težje tovorno vozilo",11
"2026-07-10 12:00",1,"Osebni avtomobil",436
"2026-07-10 12:00",1,"Kombinirano vozilo",6
"2026-07-10 12:00",1,"Težje tovorno vozilo",2
"2026-07-11 00:00",1,"Osebni avtomobil",298
"2026-07-11 00:00",1,"Kombinirano vozilo",7
"2026-07-11 00:00",1,"Težje tovorno vozilo",1
"2026-07-11 00:00",0,"Osebni avtomobil",188
"2026-07-11 00:00",0,"Kombinirano vozilo",6
"2026-07-11 00:00",0,"Težje tovorno vozilo",2
"2026-07-11 12:00",0,"Osebni avtomobil",442
"2026-07-11 12:00",0,"Kombinirano vozilo",9
"2026-07-11 12:00",0,"Težje tovorno vozilo",3
"2026-07-11 12:00",1,"Osebni avtomobil",355
"2026-07-11 12:00",1,"Kombinirano vozilo",3
"2026-07-11 12:00",1,"Težje tovorno vozilo",2
"2026-07-11 12:00",1,"Tovorno vozilo s prikolico",1
"2026-07-12 00:00",1,"Osebni avtomobil",190
"2026-07-12 00:00",1,"Kombinirano vozilo",1
"2026-07-12 00:00",0,"Osebni avtomobil",151
"2026-07-12 00:00",0,"Kombinirano vozilo",2
"2026-07-12 12:00",0,"Osebni avtomobil",366
"2026-07-12 12:00",0,"Kombinirano vozilo",3
"2026-07-12 12:00",0,"Težje tovorno vozilo",2
"2026-07-12 12:00",1,"Osebni avtomobil",304
"2026-07-12 12:00",1,"Kombinirano vozilo",2
"2026-07-13 00:00",1,"Osebni avtomobil",532
"2026-07-13 00:00",1,"Kombinirano vozilo",13
"2026-07-13 00:00",1,"Težje tovorno vozilo",4
"2026-07-13 00:00",0,"Osebni avtomobil",199
"2026-07-13 00:00",0,"Kombinirano vozilo",20
"2026-07-13 00:00",0,"Težje tovorno vozilo",17
"2026-07-13 12:00",0,"Osebni avtomobil",634
"2026-07-13 12:00",0,"Kombinirano vozilo",20
"2026-07-13 12:00",0,"Težje tovorno vozilo",8
"2026-07-13 12:00",1,"Osebni avtomobil",384
"2026-07-13 12:00",1,"Kombinirano vozilo",8
"2026-07-13 12:00",1,"Težje tovorno vozilo",1
"2026-07-14 00:00",1,"Osebni avtomobil",525
"2026-07-14 00:00",1,"Kombinirano vozilo",10
"2026-07-14 00:00",1,"Težje tovorno vozilo",2
"2026-07-14 00:00",0,"Osebni avtomobil",200
"2026-07-14 00:00",0,"Kombinirano vozilo",16
"2026-07-14 00:00",0,"Težje tovorno vozilo",8
"2026-07-14 12:00",0,"Osebni avtomobil",588
"2026-07-14 12:00",0,"Kombinirano vozilo",11
"2026-07-14 12:00",0,"Težje tovorno vozilo",11
"2026-07-14 12:00",1,"Osebni avtomobil",371
"2026-07-14 12:00",1,"Kombinirano vozilo",9
"2026-07-14 12:00",1,"Težje tovorno vozilo",3
"2026-07-15 00:00",1,"Osebni avtomobil",520
"2026-07-15 00:00",1,"Kombinirano vozilo",6
"2026-07-15 00:00",1,"Težje tovorno vozilo",2
"2026-07-15 00:00",0,"Osebni avtomobil",230
"2026-07-15 00:00",0,"Kombinirano vozilo",15
"2026-07-15 00:00",0,"Težje tovorno vozilo",4
"2026-07-15 12:00",0,"Osebni avtomobil",636
"2026-07-15 12:00",0,"Kombinirano vozilo",19
"2026-07-15 12:00",0,"Težje tovorno vozilo",7
"2026-07-15 12:00",1,"Osebni avtomobil",445
"2026-07-15 12:00",1,"Kombinirano vozilo",11
"2026-07-15 12:00",1,"Nerazpoznana vozila",1
"2026-07-15 12:00",1,"Težje tovorno vozilo",1
"2026-07-16 00:00",1,"Osebni avtomobil",529
"2026-07-16 00:00",1,"Kombinirano vozilo",9
"2026-07-16 00:00",1,"Težje tovorno vozilo",3
"2026-07-16 00:00",0,"Osebni avtomobil",213
"2026-07-16 00:00",0,"Kombinirano vozilo",16
"2026-07-16 00:00",0,"Težje tovorno vozilo",9
"2026-07-16 12:00",0,"Osebni avtomobil",660
"2026-07-16 12:00",0,"Kombinirano vozilo",15
"2026-07-16 12:00",0,"Težje tovorno vozilo",6
"2026-07-16 12:00",1,"Osebni avtomobil",420
"2026-07-16 12:00",1,"Kombinirano vozilo",4
"2026-07-16 12:00",1,"Težje tovorno vozilo",1
"2026-07-17 00:00",1,"Osebni avtomobil",482
"2026-07-17 00:00",1,"Kombinirano vozilo",15
"2026-07-17 00:00",1,"Težje tovorno vozilo",3
"2026-07-17 00:00",0,"Osebni avtomobil",195
"2026-07-17 00:00",0,"Kombinirano vozilo",18
"2026-07-17 00:00",0,"Težje tovorno vozilo",8
"2026-07-17 12:00",0,"Osebni avtomobil",606
"2026-07-17 12:00",0,"Težje tovorno vozilo",11
"2026-07-17 12:00",0,"Kombinirano vozilo",10
"2026-07-17 12:00",1,"Osebni avtomobil",398
"2026-07-17 12:00",1,"Kombinirano vozilo",9
"2026-07-17 12:00",1,"Težje tovorno vozilo",1
"2026-07-18 00:00",1,"Osebni avtomobil",299
"2026-07-18 00:00",1,"Kombinirano vozilo",3
"2026-07-18 00:00",0,"Osebni avtomobil",178
"2026-07-18 00:00",0,"Kombinirano vozilo",10
"2026-07-18 00:00",0,"Težje tovorno vozilo",3
"2026-07-18 12:00",0,"Osebni avtomobil",340
"2026-07-18 12:00",0,"Kombinirano vozilo",6
"2026-07-18 12:00",0,"Težje tovorno vozilo",2
"2026-07-18 12:00",1,"Osebni avtomobil",325
"2026-07-18 12:00",1,"Kombinirano vozilo",4
"2026-07-18 12:00",1,"Težje tovorno vozilo",2
"2026-07-18 12:00",1,"Nerazpoznana vozila",1
"2026-07-18 12:00",1,"Tovorno vozilo s prikolico",1
"2026-07-19 00:00",1,"Osebni avtomobil",208
"2026-07-19 00:00",1,"Kombinirano vozilo",2
"2026-07-19 00:00",0,"Osebni avtomobil",123
"2026-07-19 00:00",0,"Kombinirano vozilo",2
"2026-07-19 12:00",0,"Osebni avtomobil",373
"2026-07-19 12:00",0,"Težje tovorno vozilo",7
"2026-07-19 12:00",0,"Kombinirano vozilo",3
"2026-07-19 12:00",1,"Osebni avtomobil",308
"2026-07-19 12:00",1,"Kombinirano vozilo",1
"2026-07-20 00:00",1,"Osebni avtomobil",541
"2026-07-20 00:00",1,"Kombinirano vozilo",9
"2026-07-20 00:00",1,"Težje tovorno vozilo",1
"2026-07-20 00:00",0,"Osebni avtomobil",212
"2026-07-20 00:00",0,"Kombinirano vozilo",17
"2026-07-20 00:00",0,"Težje tovorno vozilo",8
"2026-07-20 12:00",0,"Osebni avtomobil",612
"2026-07-20 12:00",0,"Težje tovorno vozilo",12
"2026-07-20 12:00",0,"Kombinirano vozilo",11
"2026-07-20 12:00",1,"Osebni avtomobil",430
"2026-07-20 12:00",1,"Kombinirano vozilo",8
"2026-07-20 12:00",1,"Težje tovorno vozilo",2
"2026-07-21 00:00",1,"Osebni avtomobil",547
"2026-07-21 00:00",1,"Kombinirano vozilo",10
"2026-07-21 00:00",1,"Težje tovorno vozilo",3
"2026-07-21 00:00",0,"Osebni avtomobil",216
"2026-07-21 00:00",0,"Kombinirano vozilo",17
"2026-07-21 00:00",0,"Težje tovorno vozilo",10
"2026-07-21 12:00",0,"Osebni avtomobil",642
"2026-07-21 12:00",0,"Kombinirano vozilo",18
"2026-07-21 12:00",0,"Težje tovorno vozilo",10
"2026-07-21 12:00",1,"Osebni avtomobil",403
"2026-07-21 12:00",1,"Kombinirano vozilo",13
"2026-07-22 00:00",1,"Osebni avtomobil",504
"2026-07-22 00:00",1,"Kombinirano vozilo",7
"2026-07-22 00:00",1,"Težje tovorno vozilo",2
"2026-07-22 00:00",0,"Osebni avtomobil",211
"2026-07-22 00:00",0,"Kombinirano vozilo",10
"2026-07-22 00:00",0,"Težje tovorno vozilo",5
"2026-07-22 12:00",0,"Osebni avtomobil",679
"2026-07-22 12:00",0,"Težje tovorno vozilo",12
"2026-07-22 12:00",0,"Kombinirano vozilo",10
"2026-07-22 12:00",1,"Osebni avtomobil",457
"2026-07-22 12:00",1,"Kombinirano vozilo",7
"2026-07-22 12:00",1,"Težje tovorno vozilo",1
"2026-07-23 00:00",1,"Osebni avtomobil",487
"2026-07-23 00:00",1,"Kombinirano vozilo",17
"2026-07-23 00:00",1,"Težje tovorno vozilo",2
"2026-07-23 00:00",0,"Osebni avtomobil",195
"2026-07-23 00:00",0,"Kombinirano vozilo",18
"2026-07-23 00:00",0,"Težje tovorno vozilo",8
"2026-07-23 12:00",0,"Osebni avtomobil",581
"2026-07-23 12:00",0,"Kombinirano vozilo",12
"2026-07-23 12:00",0,"Težje tovorno vozilo",8
"2026-07-23 12:00",1,"Osebni avtomobil",386
"2026-07-23 12:00",1,"Kombinirano vozilo",9
"2026-07-23 12:00",1,"Težje tovorno vozilo",1
"2026-07-23 12:00",1,"Tovorno vozilo s prikolico",1
"2026-07-24 00:00",1,"Osebni avtomobil",496
"2026-07-24 00:00",1,"Kombinirano vozilo",13
"2026-07-24 00:00",1,"Težje tovorno vozilo",4
"2026-07-24 00:00",0,"Osebni avtomobil",229
"2026-07-24 00:00",0,"Kombinirano vozilo",18
"2026-07-24 00:00",0,"Težje tovorno vozilo",9
"2026-07-24 12:00",0,"Osebni avtomobil",664
"2026-07-24 12:00",0,"Kombinirano vozilo",13
"2026-07-24 12:00",0,"Težje tovorno vozilo",11
"2026-07-24 12:00",1,"Osebni avtomobil",485
"2026-07-24 12:00",1,"Kombinirano vozilo",6
"2026-07-24 12:00",1,"Težje tovorno vozilo",1
"2026-07-25 00:00",1,"Osebni avtomobil",306
"2026-07-25 00:00",1,"Kombinirano vozilo",6
"2026-07-25 00:00",0,"Osebni avtomobil",179
"2026-07-25 00:00",0,"Kombinirano vozilo",13
"2026-07-25 00:00",0,"Težje tovorno vozilo",6
"2026-07-25 12:00",0,"Osebni avtomobil",436
"2026-07-25 12:00",0,"Kombinirano vozilo",8
"2026-07-25 12:00",0,"Težje tovorno vozilo",5
"2026-07-25 12:00",1,"Osebni avtomobil",345
"2026-07-25 12:00",1,"Kombinirano vozilo",1
"2026-07-25 12:00",1,"Težje tovorno vozilo",1
"2026-07-26 00:00",1,"Osebni avtomobil",149
"2026-07-26 00:00",1,"Težje tovorno vozilo",1
"2026-07-26 00:00",0,"Osebni avtomobil",112
"2026-07-26 00:00",0,"Kombinirano vozilo",2
"2026-07-26 00:00",0,"Težje tovorno vozilo",1
"2026-07-27 00:00",1,"Osebni avtomobil",212
"2026-07-27 00:00",1,"Kombinirano vozilo",5
"2026-07-27 00:00",1,"Težje tovorno vozilo",4
"2026-07-27 00:00",0,"Osebni avtomobil",143
"2026-07-27 00:00",0,"Težje tovorno vozilo",6
"2026-07-27 00:00",0,"Kombinirano vozilo",5
"2026-07-27 00:00",0,"Tovorno vozilo s prikolico",1
"2026-07-27 12:00",0,"Osebni avtomobil",568
"2026-07-27 12:00",0,"Kombinirano vozilo",14
"2026-07-27 12:00",0,"Težje tovorno vozilo",7
"2026-07-27 12:00",1,"Osebni avtomobil",352
"2026-07-27 12:00",1,"Kombinirano vozilo",6
"2026-07-27 12:00",1,"Težje tovorno vozilo",1
"2026-07-28 00:00",1,"Osebni avtomobil",457
"2026-07-28 00:00",1,"Kombinirano vozilo",16
"2026-07-28 00:00",1,"Težje tovorno vozilo",1
"2026-07-28 00:00",0,"Osebni avtomobil",205
"2026-07-28 00:00",0,"Kombinirano vozilo",15
"2026-07-28 00:00",0,"Težje tovorno vozilo",13
"2026-07-28 12:00",0,"Osebni avtomobil",633
"2026-07-28 12:00",0,"Težje tovorno vozilo",13
"2026-07-28 12:00",0,"Kombinirano vozilo",9
"2026-07-28 12:00",1,"Osebni avtomobil",380
"2026-07-28 12:00",1,"Kombinirano vozilo",8
"2026-07-28 12:00",1,"Težje tovorno vozilo",3
"2026-07-29 00:00",1,"Osebni avtomobil",478
"2026-07-29 00:00",1,"Kombinirano vozilo",6
"2026-07-29 00:00",1,"Težje tovorno vozilo",2
"2026-07-29 00:00",0,"Osebni avtomobil",194
"2026-07-29 00:00",0,"Kombinirano vozilo",17
"2026-07-29 00:00",0,"Težje tovorno vozilo",6
"2026-07-29 00:00",0,"Tovorno vozilo s prikolico",2
"2026-07-29 12:00",0,"Osebni avtomobil",599
"2026-07-29 12:00",0,"Kombinirano vozilo",14
"2026-07-29 12:00",0,"Težje tovorno vozilo",5
"2026-07-29 12:00",1,"Osebni avtomobil",373
"2026-07-29 12:00",1,"Kombinirano vozilo",4
"2026-07-29 12:00",1,"Težje tovorno vozilo",1
"2026-07-30 00:00",1,"Osebni avtomobil",440
"2026-07-30 00:00",1,"Kombinirano vozilo",17
"2026-07-30 00:00",1,"Težje tovorno vozilo",2
"2026-07-30 00:00",0,"Osebni avtomobil",186
"2026-07-30 00:00",0,"Kombinirano vozilo",21
"2026-07-30 00:00",0,"Težje tovorno vozilo",8
"2026-07-30 00:00",0,"Tovorno vozilo s prikolico",1
"2026-07-30 12:00",0,"Osebni avtomobil",570
"2026-07-30 12:00",0,"Kombinirano vozilo",13
"2026-07-30 12:00",0,"Težje tovorno vozilo",13
"2026-07-30 12:00",1,"Osebni avtomobil",365
"2026-07-30 12:00",1,"Kombinirano vozilo",6
"2026-07-30 12:00",1,"Težje tovorno vozilo",1
"2026-07-31 00:00",1,"Osebni avtomobil",438
"2026-07-31 00:00",1,"Kombinirano vozilo",13
"2026-07-31 00:00",1,"Težje tovorno vozilo",1
"2026-07-31 00:00",0,"Osebni avtomobil",196
"2026-07-31 00:00",0,"Kombinirano vozilo",14
"2026-07-31 00:00",0,"Težje tovorno vozilo",9
"2026-07-31 12:00",0,"Osebni avtomobil",600
"2026-07-31 12:00",0,"Kombinirano vozilo",12
"2026-07-31 12:00",0,"Težje tovorno vozilo",6
"2026-07-31 12:00",1,"Osebni avtomobil",378
"2026-07-31 12:00",1,"Kombinirano vozilo",5
"2026-07-31 12:00",1,"Težje tovorno vozilo",2
"2026-08-01 00:00",1,"Osebni avtomobil",228
"2026-08-01 00:00",1,"Kombinirano vozilo",4
"2026-08-01 00:00",0,"Osebni avtomobil",131
"2026-08-01 00:00",0,"Težje tovorno vozilo",5
"2026-08-01 00:00",0,"Kombinirano vozilo",2
"2026-08-01 12:00",0,"Osebni avtomobil",416
"2026-08-01 12:00",0,"Kombinirano vozilo",7
"2026-08-01 12:00",0,"Težje tovorno vozilo",2
"2026-08-01 12:00",1,"Osebni avtomobil",327
"2026-08-01 12:00",1,"Kombinirano vozilo",4
"2026-08-01 12:00",1,"Težje tovorno vozilo",2
"2026-08-02 00:00",1,"Osebni avtomobil",194
"2026-08-02 00:00",1,"Kombinirano vozilo",2
"2026-08-02 00:00",0,"Osebni avtomobil",134
"2026-08-02 00:00",0,"Kombinirano vozilo",2
"2026-08-02 00:00",0,"Težje tovorno vozilo",1
"2026-08-02 12:00",0,"Osebni avtomobil",339
"2026-08-02 12:00",0,"Kombinirano vozilo",5
"2026-08-02 12:00",0,"Težje tovorno vozilo",2
"2026-08-02 12:00",1,"Osebni avtomobil",273
"2026-08-03 00:00",1,"Osebni avtomobil",477
"2026-08-03 00:00",1,"Kombinirano vozilo",9
"2026-08-03 00:00",1,"Težje tovorno vozilo",2
"2026-08-03 00:00",0,"Osebni avtomobil",200
"2026-08-03 00:00",0,"Kombinirano vozilo",13
"2026-08-03 00:00",0,"Težje tovorno vozilo",10
"2026-08-03 12:00",0,"Osebni avtomobil",602
"2026-08-03 12:00",0,"Težje tovorno vozilo",9
"2026-08-03 12:00",0,"Kombinirano vozilo",8
"2026-08-03 12:00",1,"Osebni avtomobil",399
"2026-08-03 12:00",1,"Kombinirano vozilo",3
"2026-08-03 12:00",1,"Težje tovorno vozilo",3
"2026-08-04 00:00",1,"Osebni avtomobil",505
"2026-08-04 00:00",1,"Kombinirano vozilo",12
"2026-08-04 00:00",1,"Težje tovorno vozilo",2
"2026-08-04 00:00",0,"Osebni avtomobil",208
"2026-08-04 00:00",0,"Kombinirano vozilo",19
"2026-08-04 00:00",0,"Težje tovorno vozilo",7
"2026-08-04 00:00",0,"Tovorno vozilo s prikolico",1
"2026-08-04 12:00",0,"Osebni avtomobil",617
"2026-08-04 12:00",0,"Kombinirano vozilo",9
"2026-08-04 12:00",0,"Težje tovorno vozilo",6
"2026-08-04 12:00",1,"Osebni avtomobil",388
"2026-08-04 12:00",1,"Kombinirano vozilo",6
"2026-08-04 12:00",1,"Težje tovorno vozilo",2
"2026-08-05 00:00",1,"Osebni avtomobil",456
"2026-08-05 00:00",1,"Kombinirano vozilo",8
"2026-08-05 00:00",1,"Težje tovorno vozilo",5
"2026-08-05 00:00",0,"Osebni avtomobil",210
"2026-08-05 00:00",0,"Težje tovorno vozilo",13
"2026-08-05 00:00",0,"Kombinirano vozilo",11
"2026-08-05 12:00",0,"Osebni avtomobil",91
"2026-08-05 12:00",0,"Kombinirano vozilo",3
"2026-08-05 12:00",0,"Težje tovorno vozilo",3
"2026-08-05 12:00",1,"Osebni avtomobil",82
"2026-08-05 12:00",1,"Kombinirano vozilo",2
